date_column,nc_5g,g4_avail_auto,s1_failure,rrc_ue,traffic_4g,eut_4g_bh,eut_4g_bh_count_less_31,dl_prb_util,dl_prb_util_count_gt_09,cqi_bh,cqi_less_than_7,dl_user_thp_bhv,traffic_5g,da_5g
2025-07-01,NC-SBY-BRT-15,0.999998097411576,1524,9382.614822300004,28712.1694996,13.882777593424644,23,0.5363563926027393,25,9.60451158456681,15,5.475048229020957,0.0,0.0
2025-07-01,NC-SBY-BRT-16,0.9999972693865872,723,10008.234385499998,35911.69968349997,12.562932533780163,28,0.58664655924933,35,9.56536125045694,3,5.450005641897252,0.0,0.0
2025-07-01,NC-SBY-BRT-17,0.9999979556656854,1155,9451.921400700005,32765.090806899967,12.98451920000001,25,0.5804750904891308,44,9.299279779825412,4,4.546392882481346,0.0,0.0
2025-07-01,NC-SBY-SEL-18,0.9976164717677752,2133,10457.069301499994,33653.08328249997,13.843266125790764,28,0.5485261557177615,34,9.505830847578162,9,5.332938191981982,0.0,0.0
2025-07-01,NC-SBY-SEL-19,0.9999558563662606,11705,8332.883599400004,26027.51178949997,14.249423326686218,23,0.5200993215116276,21,9.229879625414048,12,4.650705925327551,0.0,0.0
2025-07-01,NC-SBY-SEL-20,0.9999896164021164,564,8661.723310899999,26922.015553899997,15.735279597877987,18,0.4959053936339524,20,9.447828578694455,10,5.02248596402706,0.0,0.0
2025-07-01,NC-SBY-SEL-21,0.9997107329398996,1133,7352.335302899997,24568.4810795,12.766031330769234,13,0.5816163003663004,27,9.431640105016442,5,5.907065701383676,0.0,0.0
2025-07-01,NC-SBY-SEL-22,0.9995193157811468,1029,8908.501538500002,27758.33323240001,15.96023385425532,16,0.5059671984042559,22,9.669355253124522,6,5.924676843451564,0.0,0.0
2025-07-01,NC-SBY-SEL-23,0.9746817150916812,1741,6861.192773799996,22174.485329299983,10.87236483659575,41,0.631374299579832,38,9.335807318174416,16,4.224210456799293,0.0,0.0
2025-07-01,NC-SBY-TMR-10,0.999729144139258,1619,7097.112809700003,23222.4568132,13.753964195804205,9,0.5481043122377621,9,9.37003675871941,5,6.579729227325281,0.0,0.0
2025-07-01,NC-SBY-TMR-11,0.9999970296646368,3029,9607.916187899997,30433.8439352,13.320332016618076,18,0.5636474734693877,33,9.481055111039138,8,5.565540578020466,0.0,0.0
2025-07-01,NC-SBY-TMR-12,0.9998750802706854,1214,6681.575041399994,22209.053473999997,17.206973577887798,3,0.4645519801980198,13,9.707094725656727,10,7.572778971797563,0.0,0.0
2025-07-01,NC-SBY-TMR-13,0.9998708092662728,1679,9912.2995158,32756.649322099995,13.565854928042333,27,0.5471205910052909,33,9.306250371825476,2,5.288786657948086,0.0,0.0
2025-07-01,NC-SBY-TMR-14,0.9996411892521976,785,7894.424967499998,25852.117468899996,13.528770686503066,21,0.534375382262997,22,9.385697584360807,19,4.446354468364355,0.0,0.0
2025-07-01,NC-SBY-TMR-8,0.9998134732841968,570,8024.224018799998,27573.3317567,13.460049641390732,17,0.5817715231788082,21,9.684366019027289,8,5.911757596094476,0.0,0.0
2025-07-01,NC-SBY-TMR-9,0.987575705456508,732,7420.544346500003,27819.47738850001,14.067498128571431,25,0.5461356105590062,23,9.561576654412656,2,5.613854865449179,0.0,0.0
2025-07-01,NC-SBY-UTR-1,0.9993660632644132,3368,7598.583253599989,24113.13634680001,14.860017625698326,27,0.5142837522346372,22,9.261481432940052,21,5.440495061179398,0.0,0.0
2025-07-01,NC-SBY-UTR-2,0.999910582010582,4070,12345.092460699998,45665.93273500002,12.857431398666671,37,0.5668757142857147,31,9.420193635648475,10,5.146409405808353,0.0,0.0
2025-07-01,NC-SBY-UTR-3,0.9999971521205748,764,8159.202115600003,27423.8675511,14.449101722018344,17,0.5333205911314987,25,9.651380399815896,12,5.613260680801387,0.0,0.0
2025-07-01,NC-SBY-UTR-4,0.9830776963110583,2894,7570.845665000001,24252.16782329999,13.290467607142856,16,0.5934069548872187,21,9.797144776087723,4,5.75122221470903,0.0,0.0
2025-07-01,NC-SBY-UTR-5,0.9999376804559936,1533,8840.667327000006,28452.8619088,13.525529507200025,19,0.5135073333333336,23,9.508494368137985,29,5.680164102998887,0.0,0.0
2025-07-01,NC-SBY-UTR-6,0.999555719367219,1112,7667.703719199995,21767.9669795,15.62587367666667,11,0.5031391666666662,14,9.77288886316153,7,6.63078721130572,0.0,0.0
2025-07-01,NC-SBY-UTR-7,0.9999969526059004,1429,10567.009612000003,33316.93518109999,14.212961750000009,26,0.5489728361878448,31,9.4962138257826,21,4.86991620748495,0.0,0.0
2025-07-01,NC-SDA-UTR-24,0.998931036759849,4145,10721.535567799998,36355.72963470002,11.667450586933333,42,0.5913415554666669,57,9.338840557775644,6,3.822143819076087,0.0,0.0
2025-07-01,NC-SDA-UTR-25,0.9999975202748528,599,8552.885367600004,28431.5765327,11.602239518060204,40,0.6280621515050163,53,9.418323259482992,14,3.999062055119893,0.0,0.0
2025-07-01,NC-SDA-UTR-26,0.9973729555109524,2024,9248.477455699993,30891.72185699998,11.504174854574137,33,0.6093091485804413,45,9.629426416724243,17,4.320594235447239,0.0,0.0
2025-07-01,OA_CLUSTER,0.9979002500970948,46505,198803.6774762,653352.6689413,13.957591978883034,488,0.5441690647596328,587,9.494398319145462,238,5.47911971981137,0.0,0.0
2025-07-02,NC-SBY-BRT-15,0.9999906653331428,1582,9029.097601699996,28563.53653130001,14.223309713698628,20,0.5337579909589041,33,9.648653589640276,15,5.557903079798444,0.0,0.0
2025-07-02,NC-SBY-BRT-16,0.9989326673660318,774,9979.322634399998,35587.2699162,12.365888504825737,29,0.5915261394101875,33,9.525243680774452,8,5.381796419593923,0.0,0.0
2025-07-02,NC-SBY-BRT-17,0.9995979669874344,1204,9547.806188499992,32727.072423599995,12.876977991032613,28,0.5675690665760872,36,9.316688640445518,7,4.601214862406663,0.0,0.0
2025-07-02,NC-SBY-SEL-18,0.995914722210388,2206,10646.024304599983,33817.46020429999,13.83486262740386,49,0.5630891427884613,56,9.380012674150054,16,3.9191867399260514,0.0,0.0
2025-07-02,NC-SBY-SEL-19,0.9998196448357952,12247,8006.314717099995,26119.6583474,14.560546087573966,20,0.5010121124999994,23,9.24969851633752,13,5.050226584436413,0.0,0.0
2025-07-02,NC-SBY-SEL-20,0.9997053902116402,897,8432.092879700007,26846.190560899977,16.367605705570313,18,0.4954891687002651,21,9.431431840270577,12,5.473715900973356,0.0,0.0
2025-07-02,NC-SBY-SEL-21,0.9999980893423516,859,7307.891183799999,24493.717893400008,13.081530457875465,13,0.5791910868131864,23,9.40578406171905,8,5.838620967810098,0.0,0.0
2025-07-02,NC-SBY-SEL-22,0.997180522821449,832,9034.4071873,28043.079467400006,16.170732368716582,17,0.5044398395721924,26,9.685307576366789,11,6.068716796830063,0.0,0.0
2025-07-02,NC-SBY-SEL-23,0.9997655379620808,1757,7166.779003600008,22783.53488350001,9.51023052983193,57,0.6670728289915964,45,8.98005025908892,25,3.210852510484683,0.0,0.0
2025-07-02,NC-SBY-TMR-10,0.9999796651346924,4675,7171.993239600005,23206.682916199985,13.510544485211254,15,0.5459034623239436,23,9.270491658763458,10,5.726250090989076,0.0,0.0
2025-07-02,NC-SBY-TMR-11,0.999896345890176,2948,9448.204421100005,30447.564506200037,13.671753607580174,13,0.5454693877551016,22,9.55682215154402,5,5.718209730914589,0.0,0.0
2025-07-02,NC-SBY-TMR-12,0.9995417163402012,1163,6650.152008599997,22359.262697899994,17.183977603960393,5,0.4749691970297031,13,9.69134131415016,13,7.257850280379011,0.0,0.0
2025-07-02,NC-SBY-TMR-13,0.999941956955954,1386,9901.288942,32472.338130700013,13.916531423809523,30,0.5384790563492066,31,9.296606357461805,4,5.103843857308871,0.0,0.0
2025-07-02,NC-SBY-TMR-14,0.990338520077376,1218,7681.689901600002,25145.010724400014,13.445209714984706,20,0.5421014272171253,31,9.372725776542213,16,5.462478620187061,0.0,0.0
2025-07-02,NC-SBY-TMR-8,0.9987931563720638,1892,7952.194611099998,27369.842871899997,13.847629758940393,20,0.5713802430463578,17,9.701929396624031,7,5.643538778534589,0.0,0.0
2025-07-02,NC-SBY-TMR-9,0.9875760222567288,642,7401.994781000004,28143.991325899988,14.154083252795026,16,0.5495822984472047,21,9.64128614673939,2,5.76604268006093,0.0,0.0
2025-07-02,NC-SBY-UTR-1,0.9996525727061344,1463,7586.4730738,24603.840625600005,14.507331774860337,30,0.5170577282122908,31,9.234587974076064,24,4.742543648573099,0.0,0.0
2025-07-02,NC-SBY-UTR-2,0.9999961843257394,1135,12329.538143900005,45561.82692069999,13.824743267619043,35,0.5557641270476189,30,9.476980101695862,9,5.172227654817073,0.0,0.0
2025-07-02,NC-SBY-UTR-3,0.9999970953687268,820,8132.740613000005,27258.6505151,14.884327863302753,14,0.5121322629969414,20,9.688618671580157,11,5.958882563429975,0.0,0.0
2025-07-02,NC-SBY-UTR-4,0.9999969488153754,801,7518.676735299997,24104.60369530001,14.773801581578944,14,0.5632957394736843,17,9.866011788263904,2,5.919658174145926,0.0,0.0
2025-07-02,NC-SBY-UTR-5,0.9999978529554536,1669,8922.194946099995,28816.78714310002,13.020670322666662,23,0.5292091111999999,32,9.45272507064729,31,5.216684112740666,0.0,0.0
2025-07-02,NC-SBY-UTR-6,0.999946475991773,10084,7796.764562199997,21909.373942000017,15.591446145333332,10,0.5111328382838282,15,9.733597040343309,7,6.225432423931429,0.0,0.0
2025-07-02,NC-SBY-UTR-7,0.9999814878724462,1813,10604.151188199983,33431.9081421,14.223183930662984,29,0.5589210406077348,37,9.487181871052526,22,4.830018841822641,0.0,0.0
2025-07-02,NC-SDA-UTR-24,0.9999980837090886,4283,10604.885425999992,36379.0579183,11.967065237866668,47,0.5948651111999999,59,9.3646212360895,8,3.705825307709469,0.0,0.0
2025-07-02,NC-SDA-UTR-25,0.9996191448643488,1120,8606.2303493,28025.8235986,11.766967017725753,45,0.6130083612040133,53,9.372001270131584,16,3.70205269453978,0.0,0.0
2025-07-02,NC-SDA-UTR-26,0.9984956284976484,1711,9284.491710299995,30544.35403709999,11.718703193375395,53,0.6268911671924292,55,9.5278626920054,18,3.702925440146698,0.0,0.0
2025-07-02,OA_CLUSTER,0.9985513101630936,54067,198247.7928682,653813.2043851,14.110548957888629,525,0.542710180356165,636,9.481863786972893,278,5.364312332434609,0.0,0.0
2025-07-03,NC-SBY-BRT-15,0.9999105562288092,1945,9066.5029477,29027.396071299994,13.34198281726028,35,0.5524773972602739,36,9.587220250415823,19,4.809604242391712,0.0,0.0
2025-07-03,NC-SBY-BRT-16,0.999997328087686,739,9972.744193399987,36039.700873399976,11.66671976863271,33,0.6118880697050944,37,9.465366126786137,10,5.011879060739482,0.0,0.0
2025-07-03,NC-SBY-BRT-17,0.9999977339682502,1313,9469.318900599998,32809.22268199999,12.875142149453543,37,0.5817314312499999,41,9.291131849441069,10,4.549672663698395,0.0,0.0
2025-07-03,NC-SBY-SEL-18,0.9947686681125943,2053,10327.473203499994,33896.03164240003,13.631471866506008,37,0.550241766987952,36,9.401869864339575,12,4.61400225987908,0.0,0.0
2025-07-03,NC-SBY-SEL-19,0.9996395550710594,12660,7986.066011999991,26104.283542100035,14.338102604692088,29,0.5109404069767443,32,9.184946326643074,14,4.663387779171437,0.0,0.0
2025-07-03,NC-SBY-SEL-20,0.998365614248128,579,8716.125041000003,26770.2660133,14.403053991511944,33,0.5376408045092836,36,9.165282630371577,15,4.305957491444009,0.0,0.0
2025-07-03,NC-SBY-SEL-21,0.9999982617690952,867,7343.487049399998,25053.674638799985,12.853448731501826,17,0.5827600732600732,32,9.445749380968566,6,5.769805747315655,0.0,0.0
2025-07-03,NC-SBY-SEL-22,0.998010103533461,1454,8718.520306999997,27600.2003813,16.08815490461956,18,0.5049643172872339,22,9.64622898921458,10,6.030781432672948,0.0,0.0
2025-07-03,NC-SBY-SEL-23,0.9939349578499672,1420,7046.2141884,21937.04276750001,9.901086116525423,62,0.6887422970588237,60,9.180921721868636,22,2.3729771402402164,0.0,0.0
2025-07-03,NC-SBY-TMR-10,0.9998818309596734,13090,7087.048673499996,23047.0871968,13.726732124125872,24,0.553465909090909,26,9.273092643333795,14,5.566547324835515,0.0,0.0
2025-07-03,NC-SBY-TMR-11,0.999882483648344,2724,9322.506880299994,30405.249174,13.736342388921278,13,0.54212147696793,30,9.521347156842136,8,5.936790925103953,0.0,0.0
2025-07-03,NC-SBY-TMR-12,0.9978009593362166,1138,6686.163745200002,22277.89545370001,16.559829803630368,8,0.4914166666666669,19,9.64755172394694,10,6.665583306569806,0.0,0.0
2025-07-03,NC-SBY-TMR-13,0.9998946568176356,1149,9898.765845,32719.259167799977,13.485738527777766,28,0.5531009701058204,32,9.28016946396267,6,5.140372216865995,0.0,0.0
2025-07-03,NC-SBY-TMR-14,0.9998252559794611,12404,7701.446074600006,25419.85226349999,14.197302550458716,15,0.5232849131498474,16,9.489846083110557,11,6.085170880829716,0.0,0.0
2025-07-03,NC-SBY-TMR-8,0.9999544318739269,671,8052.624303300007,27802.935020199988,13.343241746026491,21,0.5839067327814564,28,9.65452324004206,5,5.418891993078086,0.0,0.0
2025-07-03,NC-SBY-TMR-9,0.9875754337496768,575,7442.874957100001,27982.434595099985,14.067583269875785,19,0.557729295962733,23,9.5593195386054,0,5.54390634421403,0.0,0.0
2025-07-03,NC-SBY-UTR-1,0.9999891682863622,2343,7740.804139400005,24120.1216196,14.174201777183084,32,0.525488497183099,30,9.19019333652931,24,5.0369769636747765,0.0,0.0
2025-07-03,NC-SBY-UTR-2,0.997298055749206,884,12522.11401,45227.743467400025,13.067985707619036,46,0.5686634921904762,38,9.435632785135605,13,5.102331224749402,0.0,0.0
2025-07-03,NC-SBY-UTR-3,0.9988923645675958,1242,8252.819553400008,27679.954931900014,13.552385869631893,31,0.5546799186544344,25,9.5628515372273,14,5.179903796140089,0.0,0.0
2025-07-03,NC-SBY-UTR-4,0.998852047605606,1489,7683.839261900007,24357.397716100004,13.921385708646614,22,0.5815288221804512,24,9.876807313690655,2,5.429744115094032,0.0,0.0
2025-07-03,NC-SBY-UTR-5,0.9999850034846676,1648,8976.6867429,29137.30907600001,13.374896016577525,26,0.5236326666666667,37,9.562213372591916,30,5.046611701278141,0.0,0.0
2025-07-03,NC-SBY-UTR-6,0.9999567654994906,10520,7706.208948900004,22078.288081400013,15.329909374917513,15,0.517979647854785,20,9.711221171857254,6,5.894736614678628,0.0,0.0
2025-07-03,NC-SBY-UTR-7,0.9999121392987296,1293,10554.0962733,33682.4558501,14.047543058563534,27,0.5590283149171271,31,9.464420547967665,20,4.582248809832151,0.0,0.0
2025-07-03,NC-SDA-UTR-24,0.9998379316335692,4446,10585.404641599993,36788.51149379997,11.403949302399996,52,0.6130773333333335,63,9.278834624344176,10,3.6461957737981394,0.0,0.0
2025-07-03,NC-SDA-UTR-25,0.9998972655766134,647,8493.484864,28469.732521300022,12.193425977926422,38,0.6124464882943139,46,9.466080175932262,13,3.9618276762102864,0.0,0.0
2025-07-03,NC-SDA-UTR-26,0.9983356784071652,1840,9118.796231300004,30812.563414399985,12.514334243533115,37,0.6057442167192428,49,9.691378374097384,12,4.477184997259204,0.0,0.0
2025-07-03,OA_CLUSTER,0.9984592342015152,74200,198274.4512518,655175.8022256999,13.74672992743066,628,0.552867526530553,711,9.455669235909117,281,5.163054174468858,0.0,0.0
2025-07-04,NC-SBY-BRT-15,0.9999979388619524,1463,9145.555723300002,28920.073756499984,13.660913954794522,25,0.5402616438356163,28,9.601851631711575,12,5.426081968506966,0.0,0.0
2025-07-04,NC-SBY-BRT-16,0.9994540393676852,847,10109.581258599996,35127.8230813,12.510580717260254,27,0.5854687222520106,27,9.607046997088943,8,5.236311002306513,0.0,0.0
2025-07-04,NC-SBY-BRT-17,0.9999978613113903,1020,9549.7514885,32777.11764940003,14.176926227989131,27,0.5518845108695651,32,9.385197966057158,7,4.864696364536402,0.0,0.0
2025-07-04,NC-SBY-SEL-18,0.9983099098066344,1445,10239.607482300002,33706.76483160003,14.163013039182706,24,0.5418583733173078,31,9.449169194763478,4,5.393285290274113,0.0,0.0
2025-07-04,NC-SBY-SEL-19,0.9998576215657304,12642,8102.209171100004,25776.189259899995,15.219425675000007,17,0.4989842537790697,24,9.341199770810448,11,4.842323147058164,0.0,0.0
2025-07-04,NC-SBY-SEL-20,0.9999974867699934,583,8542.609628999991,26952.78578700001,16.473675677984097,18,0.4906808135278513,24,9.385562568581747,11,4.949692087240623,0.0,0.0
2025-07-04,NC-SBY-SEL-21,0.9999874074639395,697,7353.385017899999,25104.38042479999,13.321496865934076,12,0.5751483516483515,25,9.430633718803865,5,5.9846854301951,0.0,0.0
2025-07-04,NC-SBY-SEL-22,0.9997384678874784,793,8669.149379499999,27467.048594799984,16.548409779255316,8,0.4907023494680846,14,9.72830800593179,8,6.556045719167855,0.0,0.0
2025-07-04,NC-SBY-SEL-23,0.9557305224966074,1081,6887.416073400002,21805.96481569999,11.262509281222709,28,0.6116079464135024,29,9.390151834151476,6,4.529922144289076,0.0,0.0
2025-07-04,NC-SBY-TMR-10,0.9993635187876382,6833,7112.331815000002,23085.524826999976,13.454080933684216,22,0.5594758157342656,26,9.212347850574726,14,5.254203729115498,0.0,0.0
2025-07-04,NC-SBY-TMR-11,0.9959791025164084,2878,9147.247737500003,29697.17370900001,15.036005254810496,12,0.5099506804664724,13,9.694203748053344,5,6.621976363923109,0.0,0.0
2025-07-04,NC-SBY-TMR-12,0.9948822916296152,2609,6613.147878399999,21577.110723799982,16.653006016831686,6,0.4555624313531353,9,9.776710390077543,7,7.337033485388034,0.0,0.0
2025-07-04,NC-SBY-TMR-13,0.9999979332018468,1770,9878.529849199997,32422.220213399996,14.516421699735446,30,0.5324481923280427,33,9.40451894877883,7,4.997485566946973,0.0,0.0
2025-07-04,NC-SBY-TMR-14,0.999992652525632,29246,7639.592298599997,25091.878779499995,13.656404405504588,27,0.5286483180428135,26,9.398519704051653,13,5.619087140218897,0.0,0.0
2025-07-04,NC-SBY-TMR-8,0.9995452292869572,1589,8123.696296500008,27572.476766600008,12.411877310264902,40,0.6034599890728477,40,9.630532675006275,4,4.243244823716952,0.0,0.0
2025-07-04,NC-SBY-TMR-9,0.987575669512198,648,7408.037582799997,27967.35292889999,14.531504226708082,14,0.5293925984472053,13,9.673439727746027,0,6.318130718160198,0.0,0.0
2025-07-04,NC-SBY-UTR-1,0.9999895732207916,1198,7606.812608399998,23829.25475250001,13.969956786197171,31,0.5227377935211269,22,9.11911499751475,23,5.00210487984164,0.0,0.0
2025-07-04,NC-SBY-UTR-2,0.9999865794953956,885,12535.17942209999,45394.98416839997,13.5696295790476,47,0.5675777775238097,39,9.44457428082598,7,4.7641714810081615,0.0,0.0
2025-07-04,NC-SBY-UTR-3,0.9994891724359848,868,8346.439358999995,27412.740039499997,12.958620144478534,30,0.5646493373088681,26,9.547228978498469,15,4.989844484759114,0.0,0.0
2025-07-04,NC-SBY-UTR-4,0.9999892526497114,800,7611.290561399997,24458.404154499985,14.368182736466164,18,0.5703496240601504,24,9.861617839687344,1,5.780866594234512,0.0,0.0
2025-07-04,NC-SBY-UTR-5,0.9999906660692952,1859,9176.872276499998,29114.557938499995,12.742818268,26,0.5388968887999995,37,9.448780632332522,32,5.04872984157819,0.0,0.0
2025-07-04,NC-SBY-UTR-6,0.9999725121494152,10548,7829.958195500001,22074.0314507,15.418130594966437,11,0.5099628716171615,20,9.755323772494664,5,5.856032142885997,0.0,0.0
2025-07-04,NC-SBY-UTR-7,0.9999698818697872,1217,10418.418887000003,32949.03124569999,14.932579171270712,20,0.5340220994475136,19,9.578174196797264,13,5.340046696922782,0.0,0.0
2025-07-04,NC-SDA-UTR-24,0.9999982407443244,3241,10623.6977649,36391.20210829996,12.124917745600005,51,0.5963000000000004,64,9.277183937874408,13,3.5605904509422066,0.0,0.0
2025-07-04,NC-SDA-UTR-25,0.9999974451876624,599,8416.411014100004,27954.86853620001,12.617856742140471,30,0.5933166110367895,38,9.515415824811448,13,4.474960755522664,0.0,0.0
2025-07-04,NC-SDA-UTR-26,0.998492015019906,1884,9244.677728400004,30969.82125769999,12.72741426340694,37,0.589885120504732,44,9.759184815849943,9,4.643854387573295,0.0,0.0
2025-07-04,OA_CLUSTER,0.9975833099879688,83519,198046.8199915,650284.8898989997,14.194412388794808,520,0.538568472882264,581,9.510846452844191,218,5.412051584385886,0.0,0.0
2025-07-05,NC-SBY-BRT-15,0.9999687037832165,1561,9170.140072899998,29070.153190700006,14.326740424175822,11,0.5325801369863016,17,9.837902604702386,14,6.589113412056263,0.0,0.0
2025-07-05,NC-SBY-BRT-16,0.9999971106051044,696,9909.493932399995,35907.94518930004,14.545935403485252,14,0.5417627345844499,20,9.775963527241748,3,6.779228888711778,0.0,0.0
2025-07-05,NC-SBY-BRT-17,0.9999909734777188,1105,9357.264963400006,32848.5546354,13.757078960597829,29,0.5547676630434781,33,9.295029014389405,11,4.901590694047217,0.0,0.0
2025-07-05,NC-SBY-SEL-18,0.9992188359979628,1622,10264.498738200002,34335.69041540001,15.01392211012049,29,0.526968072289156,34,9.426670624892948,12,4.767819459610534,0.0,0.0
2025-07-05,NC-SBY-SEL-19,0.9958257279037008,19392,7369.5345998,24368.794688799982,17.535096328739,14,0.4496250002906981,14,9.47783922762986,11,5.945948048977798,0.0,0.0
2025-07-05,NC-SBY-SEL-20,0.9999971891534392,675,7672.782958099997,25588.672747400007,18.231215390641715,11,0.4364950981283425,15,9.623713087321772,13,6.800657532843268,0.0,0.0
2025-07-05,NC-SBY-SEL-21,0.9995132105136016,948,6969.865988400003,24649.982053599997,14.339132606959708,8,0.5363873626373622,12,9.572253146705783,1,6.878922160583347,0.0,0.0
2025-07-05,NC-SBY-SEL-22,0.9997171431737588,821,8835.095840299999,27799.4148409,16.554659039466664,25,0.4936088887999997,31,9.675826648592665,10,4.838184519840632,0.0,0.0
2025-07-05,NC-SBY-SEL-23,0.9999973933723296,1026,6744.2899332000015,21901.60571800001,13.041180600840338,22,0.5828343840336132,16,9.557379808031603,5,5.494302431840655,0.0,0.0
2025-07-05,NC-SBY-TMR-10,0.9997391839351468,2000,7042.681731499998,22649.58038430002,14.194911818881115,35,0.533159673776224,28,9.120100645198791,24,4.344548478362578,0.0,0.0
2025-07-05,NC-SBY-TMR-11,0.9950015897925064,2064,8496.882848699996,28605.92713660001,16.522544487755116,4,0.4710505344023321,6,9.854441812816576,5,8.241381980365896,0.0,0.0
2025-07-05,NC-SBY-TMR-12,0.9996196020380216,1129,6054.489091999997,21117.17305749999,18.96118746601941,4,0.4090420711974115,9,9.886540572868576,11,8.81023720163478,0.0,0.0
2025-07-05,NC-SBY-TMR-13,0.9999978378101316,1279,9080.748172600002,30984.7508467,16.190689057936506,12,0.4772242063492061,15,9.51342661965709,3,6.738844646063559,0.0,0.0
2025-07-05,NC-SBY-TMR-14,0.9974053811946124,31671,7429.572417700004,24816.965618999995,15.428716343425066,10,0.481158766666667,11,9.516725936103477,10,6.80612889162144,0.0,0.0
2025-07-05,NC-SBY-TMR-8,0.9998822279437716,848,8107.971105700002,28437.05561310002,15.736644606953632,4,0.5219917218543049,4,9.998917463779332,0,7.542540372824309,0.0,0.0
2025-07-05,NC-SBY-TMR-9,0.987575597623578,656,7263.305089,28040.15046400001,16.692349914285725,7,0.4849378881987576,8,9.81754419141583,0,7.675731518826515,0.0,0.0
2025-07-05,NC-SBY-UTR-1,0.99992276073188,657,6353.1861634000015,21811.836465299995,17.704046322625697,9,0.427947625698324,6,9.623638919298507,11,7.28669785592689,0.0,0.0
2025-07-05,NC-SBY-UTR-2,0.9991776666063932,875,12621.042959400009,46167.00656079998,15.02174164419047,10,0.5215276188571434,12,9.642753167715966,6,6.682456782204829,0.0,0.0
2025-07-05,NC-SBY-UTR-3,0.9998212564264508,835,7557.050640499997,26540.858830699995,16.369189901223244,8,0.4740112131498468,8,9.863451779338908,10,7.491674340687113,0.0,0.0
2025-07-05,NC-SBY-UTR-4,0.9999969106782668,638,7197.805856500001,23568.351132000007,16.36717875187969,9,0.5235479323308272,4,10.069254083777508,1,7.306258954786145,0.0,0.0
2025-07-05,NC-SBY-UTR-5,0.9999827633412984,1991,9222.863556900007,29598.76439120001,12.600554038544464,40,0.5514433244623661,48,9.479312758000608,41,4.262461938636534,0.0,0.0
2025-07-05,NC-SBY-UTR-6,0.9999308403135552,9646,6984.787652299997,20820.83974260001,17.776273510033455,7,0.4508358089108911,14,10.082733148557706,5,6.578163570762468,0.0,0.0
2025-07-05,NC-SBY-UTR-7,0.9999969945801408,1056,9593.56309949999,32164.878621800024,16.779906555524867,11,0.4910789596685084,10,9.793501101794876,16,7.893022098531725,0.0,0.0
2025-07-05,NC-SDA-UTR-24,0.999997870366821,4816,10220.750903900002,36118.0693344,13.525850800000004,29,0.5461828888,40,9.436344614893926,7,5.168728541281403,0.0,0.0
2025-07-05,NC-SDA-UTR-25,0.9999976387351486,447,7917.373747899997,27194.371899499994,14.591898422073582,14,0.5411212374581937,17,9.611015954890188,7,5.530656866357037,0.0,0.0
2025-07-05,NC-SDA-UTR-26,0.998652016226324,1502,8881.340081799992,31151.63934369999,14.676923047318605,15,0.5574235015772872,18,9.837642942284637,9,5.529656271434567,0.0,0.0
2025-07-05,OA_CLUSTER,0.9988124608922234,83191,189298.91741240004,641794.9523451,15.813109375852518,333,0.4983741402510211,375,9.666956882123356,223,6.524234719860561,0.0,0.0
2025-07-06,NC-SBY-BRT-15,0.9999981608311902,1351,8910.233031699996,29797.22013729999,14.900669798904106,17,0.5147221460273973,24,10.037150529152418,17,6.591040495112235,0.0,0.0
2025-07-06,NC-SBY-BRT-16,0.999997141676531,718,9691.386303100002,37942.95210269999,13.333698783914196,21,0.5703739946380698,25,9.655806614534889,9,6.04767523382861,0.0,0.0
2025-07-06,NC-SBY-BRT-17,0.99942010131149,899,9068.760376200002,33678.19749450001,14.558714359782622,27,0.5424121374999998,35,9.46621328236252,7,4.612849600704112,0.0,0.0
2025-07-06,NC-SBY-SEL-18,0.99577705294279,1440,9532.779873800002,34545.67381539998,15.387911798533011,26,0.5145391198044013,26,9.61038792225368,11,5.996659446731647,0.0,0.0
2025-07-06,NC-SBY-SEL-19,0.9999973756459948,19381,7116.2426483999925,25456.909638600016,16.396684177810645,21,0.4712922777126096,22,9.3260913272592,13,5.050111740868371,0.0,0.0
2025-07-06,NC-SBY-SEL-20,0.9999973875661377,457,6985.564153200002,25289.0203433,19.522679688594167,12,0.4189288244031831,15,9.627993196458975,11,6.151257127855553,0.0,0.0
2025-07-06,NC-SBY-SEL-21,0.9864169326820764,790,6553.816930499998,24114.066393900004,14.777843410256422,20,0.5424340659340662,23,9.60865330733168,3,5.162259133848362,0.0,0.0
2025-07-06,NC-SBY-SEL-22,0.9995691282620768,765,8754.216187300008,28305.019634700013,16.552182797340432,32,0.5016334220744685,42,9.561858238310178,8,3.43874887722368,0.0,0.0
2025-07-06,NC-SBY-SEL-23,0.999997530425162,974,6348.518909100006,22437.12950630001,13.246450755462185,18,0.5616011903361343,25,9.55758543161192,15,5.365210177951497,0.0,0.0
2025-07-06,NC-SBY-TMR-10,0.9999791102153508,1323,6543.370179499999,22848.942144999997,15.06080188235294,30,0.5161340826989619,25,9.245643601538784,24,4.705546325943118,0.0,0.0
2025-07-06,NC-SBY-TMR-11,0.9999973710823152,1793,7831.583980300002,28767.017535299998,17.35850596734695,10,0.4669679297376093,12,9.811755659501856,9,7.566703753229873,0.0,0.0
2025-07-06,NC-SBY-TMR-12,0.9999971895622772,1124,5690.094089999997,20916.8001709,20.11499092491909,4,0.397735166990291,8,9.964455153692043,10,8.087949684437529,0.0,0.0
2025-07-06,NC-SBY-TMR-13,0.9998759652580188,1281,8298.684173000007,31080.306293800026,16.67737645396825,12,0.4701298499999998,15,9.530724074824086,6,6.46931247616743,0.0,0.0
2025-07-06,NC-SBY-TMR-14,0.999564892683203,25367,7153.972656000003,25512.1332265,14.99057870642203,14,0.4942943425076453,16,9.506429964048444,11,6.49572082175573,0.0,0.0
2025-07-06,NC-SBY-TMR-8,0.9999520557395144,401,7926.453065899997,29620.1863465,14.541376996026504,10,0.55491142384106,11,9.869759145145698,6,6.7517277579742725,0.0,0.0
2025-07-06,NC-SBY-TMR-9,0.9875452145824584,747,7253.852791599998,29497.025853400028,15.461177468012412,12,0.5177611282608695,16,9.662920159920898,0,5.883965449254534,0.0,0.0
2025-07-06,NC-SBY-UTR-1,0.9996393557777712,1784,5942.566954400001,22094.138782699996,18.734208572905025,8,0.4022257916201115,5,9.78930642297985,14,7.089529666506818,0.0,0.0
2025-07-06,NC-SBY-UTR-2,0.99972958542465,3092,13087.819038399995,51135.94380870001,14.039907151619046,44,0.5550936506666666,33,9.549968968510608,11,4.473657582424215,0.0,0.0
2025-07-06,NC-SBY-UTR-3,0.9999107396063752,1382,7080.5375465000025,27084.699004899987,17.775546645259933,6,0.4529954128440365,12,10.047353020408432,12,7.255882808619044,0.0,0.0
2025-07-06,NC-SBY-UTR-4,0.999943521999443,1142,6825.863404699996,23844.20373840001,17.192716642481205,10,0.5055939849624062,12,10.143055792669053,2,6.377359063750883,0.0,0.0
2025-07-06,NC-SBY-UTR-5,0.9999746624898732,1633,8637.523706900001,29485.286028900005,14.506622223262031,27,0.5062047684491977,38,9.887484904800836,19,5.445208328257392,0.0,0.0
2025-07-06,NC-SBY-UTR-6,0.9999969204003402,8140,6402.036401899999,20035.827136699987,19.50156447,10,0.4214213422442246,11,10.276042914486457,3,4.4751755672735865,0.0,0.0
2025-07-06,NC-SBY-UTR-7,0.9998786640344276,999,8977.986418099994,32422.651902300007,16.96661499721449,13,0.4920803155988859,6,9.844026413187796,13,8.061079407660877,0.0,0.0
2025-07-06,NC-SDA-UTR-24,0.9999983024713888,3877,9857.288327299992,37158.1917422,12.984725069066656,30,0.5636502221333332,40,9.43178022916438,7,4.915681112921613,0.0,0.0
2025-07-06,NC-SDA-UTR-25,0.9987782522127336,653,7272.035098600001,27334.373914100004,14.4780734153846,22,0.5276153846153846,24,9.610389699065523,11,4.632980619352326,0.0,0.0
2025-07-06,NC-SDA-UTR-26,0.9997309288028832,1639,8556.774995399992,31641.0167172,14.99269860031746,32,0.5531687697160884,36,9.83765430506058,15,5.037139020798731,0.0,0.0
2025-07-06,OA_CLUSTER,0.9986770220543628,76983,180613.8628205,655911.3510407,16.126347988241616,404,0.4956755679664395,457,9.71268850582205,234,5.953898211223663,0.0,0.0
2025-07-07,NC-SBY-BRT-15,0.9999980624402454,1289,9058.282356699996,28530.580123400003,13.909924222191783,35,0.5341662098630136,32,9.604323297118864,19,5.140995044144841,0.0,0.0
2025-07-07,NC-SBY-BRT-16,0.9992579961079128,877,10017.943219,35754.57378869998,11.801480349865953,36,0.6127102324396786,52,9.480899886105767,11,4.768614148536725,0.0,0.0
2025-07-07,NC-SBY-BRT-17,0.9999982240996026,1100,9192.306369400008,31839.913994999974,13.361077496739131,34,0.567930706521739,37,9.349398709769424,9,4.72068192590196,0.0,0.0
2025-07-07,NC-SBY-SEL-18,0.9944131456375904,1499,10361.779586700006,32336.380405300013,13.466882234855758,40,0.5506828925480768,40,9.423037953634758,19,4.264383372597703,0.0,0.0
2025-07-07,NC-SBY-SEL-19,0.9999869217654956,6968,8068.504332200001,25745.20372920002,14.335199743108504,19,0.5045489340116277,31,9.2905649860835,11,4.823241388594549,0.0,0.0
2025-07-07,NC-SBY-SEL-20,0.9999903226020268,1147,8553.963125699996,26547.26871300001,15.91572751511935,32,0.5122860299734744,28,9.375501942313145,10,4.942124708269322,0.0,0.0
2025-07-07,NC-SBY-SEL-21,0.993634845046156,827,7527.546569100002,24036.02285390001,12.889524756410257,21,0.5943595853479849,26,9.468421418860924,8,5.03558007806378,0.0,0.0
2025-07-07,NC-SBY-SEL-22,0.9988750908989203,661,8760.658494700001,27161.090898699997,15.808828344533335,19,0.5093973336000002,32,9.61481193301335,10,5.602336480442252,0.0,0.0
2025-07-07,NC-SBY-SEL-23,0.9999976101990852,1214,6759.187210799999,21882.637765899985,11.74559652605042,30,0.6136743697478996,30,9.411237105153551,11,4.521523920388648,0.0,0.0
2025-07-07,NC-SBY-TMR-10,0.9999962719840492,1443,7079.659313800003,22434.1457056,14.556517736585365,12,0.5329207317073172,15,9.437335964419804,9,6.364769434994357,0.0,0.0
2025-07-07,NC-SBY-TMR-11,0.9998040141566684,1933,9360.1160415,30163.54819490001,13.929688762682218,17,0.54384110787172,25,9.534556009405808,5,5.655089892699617,0.0,0.0
2025-07-07,NC-SBY-TMR-12,0.9999966057222184,1085,6392.732549200004,21181.359216000004,18.251855049514567,3,0.4531890508090616,14,9.817698463789444,7,7.486617599969484,0.0,0.0
2025-07-07,NC-SBY-TMR-13,0.999997994156692,1661,9837.801128900006,32002.6612576,13.455143789417985,32,0.5529107140211642,33,9.294720607448983,6,4.982422481307436,0.0,0.0
2025-07-07,NC-SBY-TMR-14,0.999997166526764,15467,7692.286392399999,25323.429053899992,13.52276228348624,18,0.5366498470948012,23,9.4248560536655,11,5.478218833051994,0.0,0.0
2025-07-07,NC-SBY-TMR-8,0.9997991560792624,509,8054.252544399997,27383.74631310001,14.226561082781458,29,0.5856078917218541,29,9.7174081071991,7,5.2600815010016175,0.0,0.0
2025-07-07,NC-SBY-TMR-9,0.9874900295228776,641,7387.73084539999,27670.9950076,14.34874703695653,20,0.5524301242236023,23,9.61270130255164,3,5.522219257398625,0.0,0.0
2025-07-07,NC-SBY-UTR-1,0.9983797218566508,2652,7600.802370199998,23498.05201,13.86181939096044,33,0.5327158661016951,32,9.138149458968815,19,4.708581618101622,0.0,0.0
2025-07-07,NC-SBY-UTR-2,0.9999965100380582,893,12548.319112899995,45792.531143699984,12.38656373657143,58,0.5957236506666673,56,9.337756980092191,20,4.311223846286505,0.0,0.0
2025-07-07,NC-SBY-UTR-3,0.9999976627561036,740,8056.113737300007,27160.693136599995,14.211041288990828,17,0.5318906727828742,24,9.666291069610372,12,5.818638414597945,0.0,0.0
2025-07-07,NC-SBY-UTR-4,0.9999967076198172,1016,7798.658585799997,23208.864642000008,12.671390305725192,44,0.619352130451128,46,9.640027938783527,5,3.3984925113118982,0.0,0.0
2025-07-07,NC-SBY-UTR-5,0.9999911180878271,1656,8868.696485099992,28703.6915999,13.266621821179635,32,0.5346776139410186,37,9.531584633669162,33,5.16673025841622,0.0,0.0
2025-07-07,NC-SBY-UTR-6,0.9988842298902444,9552,7620.163360399998,21492.817173299984,15.175069913861384,12,0.5179922990099012,21,9.7476742222414,7,5.8057086805680855,0.0,0.0
2025-07-07,NC-SBY-UTR-7,0.999997023635693,1095,10622.28851480001,32785.730701500004,14.301572004972366,28,0.5567831491712711,35,9.54010115181738,11,4.792743596773044,0.0,0.0
2025-07-07,NC-SDA-UTR-24,0.9999932403201384,4993,10714.76509509999,35625.55416950001,10.622551998930476,67,0.6311437775999998,75,9.21352682734848,17,2.8805697522595803,0.0,0.0
2025-07-07,NC-SDA-UTR-25,0.9999976774422508,670,8348.223542899997,27482.837136900016,11.503236778929772,48,0.6287968227424747,60,9.401585400362691,15,3.705587836578772,0.0,0.0
2025-07-07,NC-SDA-UTR-26,0.9984753347059908,2619,9130.607798300009,30373.171406300004,12.199946999999996,42,0.6160717662460565,53,9.639749151926829,12,4.19835762173154,0.0,0.0
2025-07-07,OA_CLUSTER,0.998749986514028,55925,197219.79224640003,642635.9374288,13.958812968145477,621,0.5493350969960956,721,9.488684862098804,263,5.126715453283321,0.0,0.0
2025-07-08,NC-SBY-BRT-15,0.999998065702689,1538,9060.221560899994,28297.8746834,12.958866348484856,27,0.5562603305785128,38,9.49456840331797,20,4.902626696549153,0.0,0.0
2025-07-08,NC-SBY-BRT-16,0.9999835852867696,783,10029.0477484,35607.69001509999,12.38875973941018,24,0.5914470509383377,35,9.562771099153652,3,5.33002402520156,0.0,0.0
2025-07-08,NC-SBY-BRT-17,0.9997591529276888,1641,9316.019228700005,31862.025888900007,12.63243763125,27,0.5706313404891309,36,9.298775319657477,12,4.718235945634346,0.0,0.0
2025-07-08,NC-SBY-SEL-18,0.9987163845766672,1432,10774.0411321,32237.3756187,12.495099824578311,42,0.5777433734939758,37,9.27850952853683,14,4.424938892365986,0.0,0.0
2025-07-08,NC-SBY-SEL-19,0.9999971064787556,761,8110.167626899999,25620.947513799987,14.74729454486803,12,0.4969777133720933,22,9.27486426921774,11,4.997985783653049,0.0,0.0
2025-07-08,NC-SBY-SEL-20,0.9999744708994708,621,8480.249843399995,26680.443134999987,16.043354302387257,24,0.5059005305039788,24,9.399960580747702,13,5.199513949277255,0.0,0.0
2025-07-08,NC-SBY-SEL-21,0.999210057475038,760,7430.663547099996,24315.8310961,12.891290977655672,16,0.5852689256410257,23,9.460996718205186,8,5.901956781589931,0.0,0.0
2025-07-08,NC-SBY-SEL-22,0.9997161145042878,739,8814.557459599997,27566.689648200016,16.26958315611701,18,0.5063874114361704,30,9.629327027556087,12,5.873655213486911,0.0,0.0
2025-07-08,NC-SBY-SEL-23,0.9999982419127988,1444,6917.7730185,22293.58064979999,11.031588053361345,30,0.6281782214285716,41,9.34755562718485,6,4.250504084190566,0.0,0.0
2025-07-08,NC-SBY-TMR-10,0.999937474691534,1661,7098.888224500001,22390.055952800005,14.231142206920412,9,0.5152995965397921,15,9.441087907719432,7,6.71687453915606,0.0,0.0
2025-07-08,NC-SBY-TMR-11,0.999982075511058,2167,9372.886916499996,30158.5475797,14.022612039358606,16,0.5408892128279883,20,9.56913091377497,6,6.118701360126721,0.0,0.0
2025-07-08,NC-SBY-TMR-12,0.992108492113308,1346,6522.8508275,21445.578717,18.031005507119744,6,0.4484336569579291,14,9.785527940058486,4,7.326275923993813,0.0,0.0
2025-07-08,NC-SBY-TMR-13,0.9999909060837886,1699,9938.840290699996,32404.149553199983,13.264557151322752,28,0.5568223105820108,35,9.245641060926662,2,4.937292043955367,0.0,0.0
2025-07-08,NC-SBY-TMR-14,0.9999971970324736,629,7729.791306600002,25420.145922199998,13.06484358165137,16,0.5467553516819567,22,9.390714772875503,12,5.628931859849226,0.0,0.0
2025-07-08,NC-SBY-TMR-8,0.9995709927642876,904,8065.920764500001,27394.066567299997,13.939890464900657,18,0.5715949228476823,19,9.71167590154574,6,5.614111959119816,0.0,0.0
2025-07-08,NC-SBY-TMR-9,0.9907615884518058,878,7559.701911200003,27807.99666629997,13.606762555214724,22,0.5639404395705523,25,9.518011191571352,0,5.399252746187739,0.0,0.0
2025-07-08,NC-SBY-UTR-1,0.9999962544568168,1290,7720.224682999996,24192.78824070001,13.053194163687165,32,0.5479927840782122,27,9.100346431752586,26,4.666930154757675,0.0,0.0
2025-07-08,NC-SBY-UTR-2,0.9999963624357068,956,12491.004736199997,45079.840367900026,13.750136847428577,43,0.5592723809523813,36,9.462206698155237,10,5.026052281409028,0.0,0.0
2025-07-08,NC-SBY-UTR-3,0.999731070902707,740,8053.690229399999,27041.697481000007,13.54639151314984,28,0.5508254333333334,34,9.551132491456723,12,5.148531058616607,0.0,0.0
2025-07-08,NC-SBY-UTR-4,0.9999591505568352,1016,7656.819067100004,23757.682044800003,13.664466431203005,24,0.598219298120301,29,9.7749381097535,2,5.237214433250801,0.0,0.0
2025-07-08,NC-SBY-UTR-5,0.9999685757666268,1686,8880.612594500008,28536.734036300008,12.96453492666666,22,0.5351595554666669,27,9.472797343181648,27,5.527892739879708,0.0,0.0
2025-07-08,NC-SBY-UTR-6,0.9986827553316858,10059,7508.758524600001,21089.59668689999,14.50689828851351,17,0.5208902640264025,19,9.554215823511289,10,5.5490957800366045,0.0,0.0
2025-07-08,NC-SBY-UTR-7,0.989060465549294,3499,10691.451927099994,31176.65604190002,13.818607764444453,26,0.5635844839779003,32,9.486862594673214,12,4.82891336918606,0.0,0.0
2025-07-08,NC-SDA-UTR-24,0.999271090443692,4149,10547.3826782,35894.41585120001,11.733397775200002,42,0.6001906666666668,55,9.341946098505373,10,3.531519588803109,0.0,0.0
2025-07-08,NC-SDA-UTR-25,0.999889639848879,684,8432.084409699997,27686.821288700008,12.240504194314386,46,0.6142207357859537,55,9.421030160431036,14,3.8641549716688632,0.0,0.0
2025-07-08,NC-SDA-UTR-26,0.9988041751738036,1763,9212.647560900004,30626.6445351,11.97673968233438,40,0.6169426921135648,50,9.625866392132435,14,4.354354070597414,0.0,0.0
2025-07-08,OA_CLUSTER,0.9986006012651676,38249,198224.18316900005,642377.9941070002,13.7940197705712,527,0.5486203359546302,640,9.46274597688579,235,5.332357889742173,0.0,0.0
2025-07-09,NC-SBY-BRT-15,0.9998294994523028,1277,8988.053775799995,28340.23418009997,13.459160275890415,29,0.5436716895890409,30,9.57936239453471,19,4.996292110090903,0.0,0.0
2025-07-09,NC-SBY-BRT-16,0.9999976107150432,679,10024.386709200013,35710.66290779999,12.662231209383377,24,0.5860466935656838,33,9.591253803583996,5,5.364115573581952,0.0,0.0
2025-07-09,NC-SBY-BRT-17,0.9999022788941386,1046,9311.731998700005,32194.754057599977,13.36263550853995,29,0.565305253804348,46,9.314400207473357,7,4.768501492672636,0.0,0.0
2025-07-09,NC-SBY-SEL-18,0.9994426482579576,1461,10223.287617400008,33559.2544998,14.016678759277116,26,0.5402222891566267,36,9.432662764940162,5,5.555826482547369,0.0,0.0
2025-07-09,NC-SBY-SEL-19,0.9999863062553832,670,8116.703538599993,26030.5805895,14.663630769501466,15,0.5040750968023254,23,9.245026396268177,13,5.365429414320452,0.0,0.0
2025-07-09,NC-SBY-SEL-20,0.9804606150793652,684,8612.6757718,25854.71577110002,14.5408676027174,23,0.5284141959568734,25,9.273363301164842,12,4.6927923551958,0.0,0.0
2025-07-09,NC-SBY-SEL-21,0.9999982617679896,710,7376.343850899999,24674.0378832,12.988155789743583,17,0.5701923076923079,30,9.42986699180628,2,5.663509058968818,0.0,0.0
2025-07-09,NC-SBY-SEL-22,0.99614069046349,683,8791.5257164,27673.9141142,16.40130428643617,16,0.5031507093085108,25,9.6743347782876,1,5.980918438574122,0.0,0.0
2025-07-09,NC-SBY-SEL-23,0.9991281026299408,1275,6906.794410799994,22440.966023500016,11.801411329831938,26,0.6074163168067231,30,9.446067359310508,6,4.508075049186989,0.0,0.0
2025-07-09,NC-SBY-TMR-10,0.999997409995104,1267,7176.249093099997,22844.839831300036,13.88514208858132,17,0.5392303920415223,30,9.330097907810542,11,5.665457896477025,0.0,0.0
2025-07-09,NC-SBY-TMR-11,0.9998081801518304,2325,9444.732996499986,30692.209269500025,13.40593291137026,17,0.554399659766764,26,9.496119401683677,5,5.699248475249663,0.0,0.0
2025-07-09,NC-SBY-TMR-12,0.9946991998696608,920,6733.678743900003,21774.332532300017,16.886012844805194,7,0.4679537337662338,18,9.714097145202055,9,6.931904574844011,0.0,0.0
2025-07-09,NC-SBY-TMR-13,0.9999976131815012,1571,9982.57716310001,32271.2610903,13.50630006031745,32,0.5516316137566132,39,9.256263169773153,5,4.739464853446983,0.0,0.0
2025-07-09,NC-SBY-TMR-14,0.9999970268386216,609,7849.236597099996,25751.0523919,12.780216764525996,24,0.5442130480122327,26,9.320933427981018,14,5.11333198099652,0.0,0.0
2025-07-09,NC-SBY-TMR-8,0.9998569337135148,466,8057.821928699999,27137.98487690001,13.238430551986754,19,0.5834867549668874,23,9.654439300756314,5,5.5636448500947,0.0,0.0
2025-07-09,NC-SBY-TMR-9,0.9999265312108222,907,7515.1022281,27453.134141599992,13.929310863496935,17,0.5461735684049082,25,9.526736350768374,1,5.584901420533441,0.0,0.0
2025-07-09,NC-SBY-UTR-1,0.9993954486556528,1931,7749.264121700011,23938.914982,12.50416552873239,43,0.5616124414084511,50,8.945670882519439,24,3.4461733977716538,0.0,0.0
2025-07-09,NC-SBY-UTR-2,0.9950592347081656,967,12609.5041237,44700.101970099975,12.363309523619057,51,0.5833798411428579,54,9.403985594568566,7,4.604813475382129,0.0,0.0
2025-07-09,NC-SBY-UTR-3,0.99958703632833,1091,8149.558848799999,27180.679764499997,13.760579502140663,18,0.5457191642201833,33,9.591821096620338,16,5.419845891736081,0.0,0.0
2025-07-09,NC-SBY-UTR-4,0.9999967801481688,666,7592.612188000004,23998.881520199997,14.031450662781957,16,0.5845463661654139,21,9.82434706217183,2,5.505824355425715,0.0,0.0
2025-07-09,NC-SBY-UTR-5,0.9999975731780169,1548,9009.783360100004,28771.961283999983,13.379060056533335,23,0.5214628888,34,9.5235939747379,28,5.493533457624976,0.0,0.0
2025-07-09,NC-SBY-UTR-6,0.9984829822474164,10601,7609.498029800002,21647.38425760001,15.519939531023098,8,0.5114183168316833,15,9.694249254253714,10,6.3220923708338885,0.0,0.0
2025-07-09,NC-SBY-UTR-7,0.9843217644567052,1032,10309.244504800006,31753.391659899997,13.960154071267612,23,0.5533347379213482,32,9.445027374639876,15,4.478370399877734,0.0,0.0
2025-07-09,NC-SDA-UTR-24,0.9999979012291268,5307,10551.580781899997,35815.4060713,11.739680826666667,46,0.5897980000000004,58,9.277339338811242,6,3.5079125516922955,0.0,0.0
2025-07-09,NC-SDA-UTR-25,0.9998976913786696,620,8401.494294999995,27600.412223200023,12.108392315384611,36,0.6084774247491641,44,9.452819903325366,15,4.073491841556024,0.0,0.0
2025-07-09,NC-SDA-UTR-26,0.9890436343944872,3129,9756.289515900002,29415.2679299,10.269919848387095,82,0.6802933753943213,81,9.253041124873809,28,2.29190795569996,0.0,0.0
2025-07-09,OA_CLUSTER,0.9974452776475872,34386,198140.36731700003,646395.2495989,13.772112132151609,520,0.5473196311194823,704,9.457612093699524,222,5.248345979755571,0.0,0.0
2025-07-10,NC-SBY-BRT-15,0.999997557095051,1301,9044.0954707,28446.833386900005,13.728328089589043,17,0.5329573057534244,36,9.577711547951406,19,5.371579910342967,0.0,0.0
2025-07-10,NC-SBY-BRT-16,0.9999970521781532,587,10013.830107700003,35240.8958718,12.30156029544235,24,0.5820212241286865,35,9.543799003620949,5,5.269957401565129,0.0,0.0
2025-07-10,NC-SBY-BRT-17,0.9999980153631056,1067,9196.827452600002,32030.864176699983,13.535379468749996,24,0.5552447918478264,29,9.313738743780712,8,4.752259798904964,0.0,0.0
2025-07-10,NC-SBY-SEL-18,0.9999731745671352,1362,10385.087674800008,33540.488196500024,13.725401053734938,32,0.5424704819277107,47,9.36670555880166,10,4.385975941508711,0.0,0.0
2025-07-10,NC-SBY-SEL-19,0.9999576226889948,696,8095.415628900004,25558.40128799998,14.525614843657822,23,0.4996915932551317,22,9.228076247002855,14,4.737912388633378,0.0,0.0
2025-07-10,NC-SBY-SEL-20,0.9705169789690068,1244,8763.768217900006,26351.937628400006,14.90557111679999,29,0.5285662224000001,29,9.360536216101844,13,4.95847554797194,0.0,0.0
2025-07-10,NC-SBY-SEL-21,0.9999927503052504,747,7272.892454100008,24319.848455000007,13.199363836630033,16,0.5545708179487181,26,9.387251816077788,2,5.699292336059074,0.0,0.0
2025-07-10,NC-SBY-SEL-22,0.996650413711584,645,8759.3716621,27645.25100460003,16.527880579787237,13,0.4957406914893609,21,9.726938849736085,4,6.300334401989818,0.0,0.0
2025-07-10,NC-SBY-SEL-23,0.9940726232282208,1315,6853.139429699998,22307.30389660001,10.667759376890755,34,0.6302552521008405,33,9.2926045104861,4,3.967363942533773,0.0,0.0
2025-07-10,NC-SBY-TMR-10,0.9999224617692208,1583,7073.954209,22671.617808800023,13.880926806920414,11,0.5250755477508654,18,9.309876906704815,8,6.177450899773416,0.0,0.0
2025-07-10,NC-SBY-TMR-11,0.9994651353923276,2392,9384.0606169,30193.153527900005,13.602107977551013,15,0.5357077259475218,26,9.517364136158667,7,5.548642585998247,0.0,0.0
2025-07-10,NC-SBY-TMR-12,0.9905001178990912,1111,6621.073477799997,21417.58656670001,17.894581280906138,7,0.453289644012945,17,9.861755027536685,8,6.996619438979144,0.0,0.0
2025-07-10,NC-SBY-TMR-13,0.999959153982384,1377,9899.767195599998,32114.8704999,13.17588228068783,29,0.5494250441798944,31,9.258691935033951,5,4.866988126326327,0.0,0.0
2025-07-10,NC-SBY-TMR-14,0.9999266621361422,568,7803.283079900002,25599.767466900008,13.459271108562698,18,0.5300122324159027,27,9.470202762447265,9,5.79986803665462,0.0,0.0
2025-07-10,NC-SBY-TMR-8,0.9980695449205466,1365,8121.454220800003,26951.882426800017,13.529974013576163,24,0.5619205298013246,21,9.65221841710193,3,5.489222075672467,0.0,0.0
2025-07-10,NC-SBY-TMR-9,0.9999981173628872,908,7463.964904200009,27729.61201950004,14.159783134969317,15,0.5379884969325155,19,9.484101288277538,0,5.751377753583538,0.0,0.0
2025-07-10,NC-SBY-UTR-1,0.999996303752844,1481,7676.125445099999,24063.98935540002,11.890903641899436,43,0.5547600094972066,42,9.056784167355415,27,3.9633113335849433,0.0,0.0
2025-07-10,NC-SBY-UTR-2,0.9978142345077744,1034,12528.183050499989,44208.09234239996,13.449613830651344,47,0.5615233076628354,52,9.485085239248267,8,4.60630891230141,0.0,0.0
2025-07-10,NC-SBY-UTR-3,0.9998833333707264,851,8078.540700599995,27033.546136000004,13.63974193076923,21,0.5398707951070334,39,9.53400593676385,15,5.110141649820597,0.0,0.0
2025-07-10,NC-SBY-UTR-4,0.999993125166867,1105,7600.292696100001,24059.102210999987,13.847375353759404,22,0.5778214285714285,29,9.794182093893252,2,4.911758465258092,0.0,0.0
2025-07-10,NC-SBY-UTR-5,0.9999977099425628,1698,9067.225001600002,29049.786066,13.002170423200004,22,0.5311144442666663,37,9.511853421860378,26,5.274151693376038,0.0,0.0
2025-07-10,NC-SBY-UTR-6,0.999969054246785,12450,7677.529569400001,21893.053508599995,14.712095930132447,14,0.5299229508196718,18,9.60204847131072,11,5.575751198429198,0.0,0.0
2025-07-10,NC-SBY-UTR-7,0.9839888245210012,1285,10163.583700400008,31689.738029900003,13.798432962921348,26,0.5489543542134829,38,9.454899400773678,15,4.808305631575787,0.0,0.0
2025-07-10,NC-SDA-UTR-24,0.999998395061134,4284,10512.990252300002,35563.563772899965,12.112150829333332,43,0.578313555466667,54,9.321515654670472,9,3.5918426785255937,0.0,0.0
2025-07-10,NC-SDA-UTR-25,0.99985440496348,716,8358.953880399993,27639.620523099984,11.737164886956524,45,0.6051872909699,59,9.349292775648902,13,3.821233805915417,0.0,0.0
2025-07-10,NC-SDA-UTR-26,0.9941356703235912,1773,9257.2933465,30287.63351980001,12.33666784102564,34,0.6041080146496812,51,9.645898929924869,13,4.275010222727502,0.0,0.0
2025-07-10,OA_CLUSTER,0.996879707133309,38172,197543.46596640005,644117.6218703,13.809898285499202,526,0.5408743771821029,692,9.465472078111336,223,5.204604052417324,0.0,0.0
2025-07-12,NC-SBY-BRT-15,0.9999972729578894,1225,9319.5073123,28801.909496500004,14.006188291506852,12,0.5333545663013698,23,9.848369173985096,20,6.590456910311734,0.0,0.0
2025-07-12,NC-SBY-BRT-16,0.9999970521767813,704,10075.216021000002,36038.46533149996,14.475008345844504,9,0.5361110367292224,15,9.79802186719172,3,6.840464210102156,0.0,0.0
2025-07-12,NC-SBY-BRT-17,0.999836850498258,883,9378.818617200008,31920.197208099995,14.985347895923928,23,0.5265063407608696,26,9.41217145509647,7,5.099655389670832,0.0,0.0
2025-07-12,NC-SBY-SEL-18,0.9999967883720076,1207,10112.0702575,33453.37673900001,15.248045791325294,27,0.5133718874698797,35,9.471220874058444,5,5.283766016002087,0.0,0.0
2025-07-12,NC-SBY-SEL-19,0.9988543337500138,687,7392.234044099996,24667.8707938,16.93123490203488,14,0.4503643412790701,16,9.441215996715936,10,5.509020559612996,0.0,0.0
2025-07-12,NC-SBY-SEL-20,0.9999298611111112,946,7817.694064499994,25591.308468299976,19.077831388188983,10,0.4272668417322831,13,9.657881628417476,10,6.974484492729613,0.0,0.0
2025-07-12,NC-SBY-SEL-21,0.9999980073938408,626,6913.969978799998,24123.17167090003,14.666588925641031,5,0.5169175824175825,16,9.52829830341661,2,7.094743990288345,0.0,0.0
2025-07-12,NC-SBY-SEL-22,0.9987842592665388,743,8996.493919699997,27546.230352600003,16.038567107712762,32,0.5186535904255322,39,9.575289742884886,15,4.461351431586952,0.0,0.0
2025-07-12,NC-SBY-SEL-23,0.9999975684718332,939,6843.736057199997,22194.0728562,12.984859602100853,20,0.5853883050420169,28,9.584850807616226,6,4.978537992967503,0.0,0.0
2025-07-12,NC-SBY-TMR-10,0.999986200129047,1821,6978.827412100007,22354.054824299998,14.70019186366783,32,0.5200247982698959,22,9.041506590795434,23,4.15753779657636,0.0,0.0
2025-07-12,NC-SBY-TMR-11,0.9999047309508844,2141,8468.373683,28565.516537200005,16.85479446530612,6,0.4612925169096213,8,9.80040475720228,3,7.599408257087229,0.0,0.0
2025-07-12,NC-SBY-TMR-12,0.9999962182282468,880,6325.3835851,20801.641734999983,19.35136461003235,5,0.4138643472491911,6,10.001589287350466,12,9.054580795294932,0.0,0.0
2025-07-12,NC-SBY-TMR-13,0.999953483518352,607,9329.751965200005,30894.860660699986,16.84056315476189,9,0.4712958552910053,18,9.652085931976533,2,6.83414426417658,0.0,0.0
2025-07-12,NC-SBY-TMR-14,0.9999155481874752,640,7561.109143599994,25387.188112499996,14.751589454740063,7,0.4963944954128438,13,9.503113345615033,11,6.447661827520804,0.0,0.0
2025-07-12,NC-SBY-TMR-8,0.9993294318739268,1094,8283.753970399997,27872.46370200001,14.402189653642386,17,0.5366247241721851,17,9.601972496844713,9,4.43066470736668,0.0,0.0
2025-07-12,NC-SBY-TMR-9,0.9994392254601226,776,7747.8257467999965,27275.6197373,17.404252031595096,5,0.4768241309815949,6,9.91880938372251,0,8.254125195336359,0.0,0.0
2025-07-12,NC-SBY-UTR-1,0.9999964231706332,976,6497.755400299995,21788.75530680001,16.062994010893867,5,0.4614858008379889,7,9.371525091466744,20,6.588046718662516,0.0,0.0
2025-07-12,NC-SBY-UTR-2,0.9997369708994708,934,12716.094696299991,45700.21196979998,15.410133594666672,23,0.5139644443809521,28,9.642867825638008,8,6.087945110432256,0.0,0.0
2025-07-12,NC-SBY-UTR-3,0.9998901346781076,554,7629.260180000002,26604.77474320001,16.163188360244654,7,0.4861977574923546,12,9.85054663979898,12,7.067068710455652,0.0,0.0
2025-07-12,NC-SBY-UTR-4,0.9999913847117794,594,7207.4239755000035,23329.56957600001,15.292558729323307,6,0.5379999999999999,13,9.99130622891871,1,6.881768850978975,0.0,0.0
2025-07-12,NC-SBY-UTR-5,0.9992315703842856,2085,9302.9495212,29589.31963560002,12.867235728311687,37,0.5312835498701295,43,9.477167605975202,38,4.666645896110049,0.0,0.0
2025-07-12,NC-SBY-UTR-6,0.993450367442918,9595,7601.351007600002,21609.55307190003,15.81035852833333,16,0.4852967213114753,18,9.828812592495172,5,5.058792933494932,0.0,0.0
2025-07-12,NC-SBY-UTR-7,0.9837460752878714,1061,9260.101155300004,31061.54202880002,16.091940396067407,11,0.4961507488764047,16,9.644914170416998,11,6.988925800276854,0.0,0.0
2025-07-12,NC-SDA-UTR-24,0.9999446516889996,3946,10315.1603468,35170.3632568,14.261981541066664,30,0.5288506666666667,39,9.567536764556468,7,4.777509814873098,0.0,0.0
2025-07-12,NC-SDA-UTR-25,0.9999975226050676,599,7978.688046000001,26966.63638809999,13.491052695652169,31,0.5583492197324416,39,9.421928716087027,15,4.11647062482673,0.0,0.0
2025-07-12,NC-SDA-UTR-26,0.998750563101856,1320,8974.573620799996,30337.392304400026,14.287802698422716,19,0.5545113041009466,26,9.854402919404336,9,5.552332223382176,0.0,0.0
2025-07-12,OA_CLUSTER,0.9987703455667588,31718,191759.70171470003,637171.674558,15.70391207215684,338,0.4987770875427125,438,9.633824857611684,233,6.211282822828512,0.0,0.0
2025-07-13,NC-SBY-BRT-15,0.9928141520063918,2366,9074.876061199995,28690.984735,14.660830701643826,12,0.5072851597260275,20,10.00507957992387,20,6.657379237054662,0.0,0.0
2025-07-13,NC-SBY-BRT-16,0.9999968659987644,1769,9881.131335099986,37070.858471800006,13.653578829222525,13,0.5456635388739945,19,9.734797714564706,4,6.446409625501162,0.0,0.0
2025-07-13,NC-SBY-BRT-17,0.9956240096215162,1753,9194.229522700003,32958.310417399975,15.208697884510864,21,0.5174128171195655,29,9.489844004562428,6,5.178203828659237,0.0,0.0
2025-07-13,NC-SBY-SEL-18,0.9993275026844344,2102,9458.322515399996,33201.49755439999,16.65375644818401,21,0.4759457129807689,28,9.654371144223273,6,6.121781023243787,0.0,0.0
2025-07-13,NC-SBY-SEL-19,0.9893698065590056,3294,7403.677452299999,24524.87422799999,16.017615813314453,36,0.4595649720338984,16,9.186738755865294,17,4.034879780689822,0.0,0.0
2025-07-13,NC-SBY-SEL-20,0.993279794973545,1754,7129.904782399999,24960.4828488,19.46293637060366,10,0.4064352582677163,14,9.656421050703775,9,6.784714682904979,0.0,0.0
2025-07-13,NC-SBY-SEL-21,0.993435096031382,1591,6513.112660200001,23925.146492199998,15.880101211355312,7,0.4924813798534797,14,9.70516357744544,1,7.229633770433843,0.0,0.0
2025-07-13,NC-SBY-SEL-22,0.9982550188587344,1424,8766.823572399993,27296.399481499982,17.245523280213906,27,0.4818680927807484,36,9.725403842823198,10,4.02721927003537,0.0,0.0
2025-07-13,NC-SBY-SEL-23,0.9960607885178332,1624,6434.406507,22096.9611418,14.732405706034475,15,0.5281540613445371,23,9.670777570846198,6,5.423596107790985,0.0,0.0
2025-07-13,NC-SBY-TMR-10,0.994646221833722,2123,6568.277594200002,22245.63650400002,15.162641237282214,24,0.5077711961672475,26,9.21072747554872,22,5.360594998511764,0.0,0.0
2025-07-13,NC-SBY-TMR-11,0.9981330984774862,2731,7931.013553599991,27676.58962090002,18.128044108746373,4,0.443868318367347,8,9.914195626371177,4,7.921243846299692,0.0,0.0
2025-07-13,NC-SBY-TMR-12,0.995017049584319,1666,6116.798542199997,20374.43222800001,18.200909045631057,13,0.4405563647249192,17,9.94919073203923,12,5.078233608849737,0.0,0.0
2025-07-13,NC-SBY-TMR-13,0.9999972322866344,3493,8711.8606607,30662.43228510001,16.97112637619047,17,0.4644922838624337,22,9.596760472834433,6,5.672587660188333,0.0,0.0
2025-07-13,NC-SBY-TMR-14,0.992109596217012,1345,7405.0819761999965,25405.176122999987,14.36411228501528,18,0.5042222223241594,23,9.373357900116918,14,5.663455931788335,0.0,0.0
2025-07-13,NC-SBY-TMR-8,0.986711276674025,2099,8160.436842200002,28502.83306969999,15.674024079139087,19,0.5253887966887415,15,9.713552315241436,12,4.783948398174448,0.0,0.0
2025-07-13,NC-SBY-TMR-9,0.992131471610574,1497,7758.644028800003,28532.4910101,16.356189281288326,5,0.493547034355828,10,9.875844111940518,2,7.62938387479824,0.0,0.0
2025-07-13,NC-SBY-UTR-1,0.9999935212147316,1261,5920.429014499999,21219.03607900001,18.43576427877093,7,0.4032555865921782,7,9.767531289023545,10,7.435382035297259,0.0,0.0
2025-07-13,NC-SBY-UTR-2,0.9878314319324986,2999,13366.141221600008,48697.11095410002,13.892315164571423,39,0.540105079428571,37,9.593102181201624,10,5.575589793317795,0.0,0.0
2025-07-13,NC-SBY-UTR-3,0.9982422979840792,1443,7188.698919000004,26356.07642180001,17.348960827217123,9,0.4532443935779819,15,9.867711392012971,9,6.375693699491986,0.0,0.0
2025-07-13,NC-SBY-UTR-4,0.9999968671691466,1351,6815.832079000001,22992.863834699976,17.057233734210506,9,0.4937055139097742,13,10.026350769321697,3,6.505674100871119,0.0,0.0
2025-07-13,NC-SBY-UTR-5,0.9972250901945224,2434,8604.128237199999,28742.43989219997,15.367334981038956,26,0.4748084415584412,34,9.88486237233633,29,5.387524017284698,0.0,0.0
2025-07-13,NC-SBY-UTR-6,0.9925969922358456,9389,6332.953846000001,19596.91814439998,18.341048350666668,14,0.415545081967213,17,10.131285052967169,2,5.194789369733953,0.0,0.0
2025-07-13,NC-SBY-UTR-7,0.9754398423295833,2334,8965.803860800006,30522.022119299992,15.7465452960674,14,0.4938850974930363,22,9.705460002426609,11,6.412089956701675,0.0,0.0
2025-07-13,NC-SDA-UTR-24,0.9925532573549988,4764,9944.616855099996,35944.87777680001,13.679370220000004,23,0.5350377778666662,34,9.545433288757794,3,5.139621884831776,0.0,0.0
2025-07-13,NC-SDA-UTR-25,0.989908723522854,3896,7338.682324100002,26773.34684130001,14.266994512040144,18,0.5201792083612045,31,9.437434090302684,16,3.4865407809928004,0.0,0.0
2025-07-13,NC-SDA-UTR-26,0.9984525784784636,2432,8593.134208000001,30494.490604899984,15.245665661146484,13,0.5292749468152869,22,10.015500237133178,12,5.838824680048507,0.0,0.0
2025-07-13,OA_CLUSTER,0.994174585872846,53842,183702.58478469995,636251.5736572,16.24821329484816,380,0.4815817222407852,465,9.709339189088166,225,5.942771226896435,0.0,0.0
2025-07-14,NC-SBY-BRT-15,0.9997979943337396,1889,8991.7480582,27322.91204350001,14.625186319999996,19,0.5105031964383561,23,9.684084342890383,16,5.667929209713783,0.0,0.0
2025-07-14,NC-SBY-BRT-16,0.9999969280633422,1280,10247.444512,34419.23636640001,12.444676992493296,22,0.5787035300268094,33,9.623406910183824,1,5.480609944328755,0.0,0.0
2025-07-14,NC-SBY-BRT-17,0.999992986360736,1370,9306.275146599995,31162.93458320001,15.115743658152171,24,0.5206997282608693,35,9.501865162955816,6,5.234592602846323,0.0,0.0
2025-07-14,NC-SBY-SEL-18,0.998946870548433,1942,10443.992548700002,32208.45779239997,15.314252813493969,25,0.5125403614457829,39,9.53613966032967,10,5.397886167811377,0.0,0.0
2025-07-14,NC-SBY-SEL-19,0.9994870859379856,1854,8343.922958000008,25367.25692300002,14.92246217329545,17,0.496290725141243,22,9.32038037574767,11,5.55133905796928,0.0,0.0
2025-07-14,NC-SBY-SEL-20,0.9999924933862434,1860,8658.946532899994,26235.70465340002,16.173958142257206,14,0.4861111110236218,22,9.47083260703069,8,6.038443474618214,0.0,0.0
2025-07-14,NC-SBY-SEL-21,0.999997964997965,1387,7638.973750199997,24456.62630190001,11.646236425641035,11,0.5934761904761908,32,9.33978596267018,2,5.352495562685991,0.0,0.0
2025-07-14,NC-SBY-SEL-22,0.9999784217335806,1401,8841.618294000005,26658.74439009999,16.96221255265958,6,0.4784140069148934,7,9.768048599548202,6,7.035892171371436,0.0,0.0
2025-07-14,NC-SBY-SEL-23,0.9999757333488952,1614,6972.319765599998,21977.0653867,11.76902048361345,23,0.5987142857142856,25,9.529919661459298,4,4.729927484367824,0.0,0.0
2025-07-14,NC-SBY-TMR-10,0.9999974909362094,2218,7069.027990099999,21957.986848799992,14.45015058823528,4,0.5138561131487894,19,9.487537427454397,5,6.70770360641051,0.0,0.0
2025-07-14,NC-SBY-TMR-11,0.9999972667638484,2890,9280.786483900005,28231.015990100022,15.321629512244902,12,0.502430758309038,17,9.657038204295118,3,6.373500380118545,0.0,0.0
2025-07-14,NC-SBY-TMR-12,0.9999966767485964,1480,6785.816505500001,20776.52543799998,18.37369176763755,4,0.4395353291262134,7,10.048450126770152,5,7.68034127402878,0.0,0.0
2025-07-14,NC-SBY-TMR-13,0.9999337635869564,2857,10243.3914902,30980.512756800013,14.026771583333344,27,0.5351565253968256,26,9.37484641606575,6,5.27466077049679,0.0,0.0
2025-07-14,NC-SBY-TMR-14,0.9999973807905764,5125,7793.153655300001,24081.923468999987,14.473059862996946,13,0.5111684504587156,15,9.49491683073136,5,6.104319413095748,0.0,0.0
2025-07-14,NC-SBY-TMR-8,0.9991844116128982,1034,8163.423805899997,26171.067757699995,13.722771059136214,31,0.5650154526490067,33,9.577931638331034,9,4.626710649728603,0.0,0.0
2025-07-14,NC-SBY-TMR-9,0.9876457311438116,1547,7893.187767500001,25946.184773199995,14.487680607975468,10,0.533566973312884,16,9.603510179765042,4,6.592183805842842,0.0,0.0
2025-07-14,NC-SBY-UTR-1,0.9998555295278851,1875,7768.886118400004,23488.87045100001,13.055025181971828,41,0.5379669014084505,31,9.08590522669104,22,4.500268525646011,0.0,0.0
2025-07-14,NC-SBY-UTR-2,0.9919537410920012,1586,13016.143858199996,43377.15128870001,13.390588185333328,49,0.5577936508571428,42,9.561850896836969,4,4.795793220000239,0.0,0.0
2025-07-14,NC-SBY-UTR-3,0.999997310007131,1174,8241.5269911,26937.324030699987,13.737592618348623,23,0.5330293070336395,32,9.617244714422345,11,5.028500160968632,0.0,0.0
2025-07-14,NC-SBY-UTR-4,0.9998585440277472,1493,7674.868844399999,23365.291242699983,14.701838309398488,15,0.5549464285714285,20,9.902758911432263,2,6.074520064378319,0.0,0.0
2025-07-14,NC-SBY-UTR-5,0.999997129630427,2088,8749.883323599994,28437.64507340001,13.572722225130892,26,0.5121321989528799,29,9.52944799040412,32,5.720948439630272,0.0,0.0
2025-07-14,NC-SBY-UTR-6,0.997754435432062,9817,8031.162827399999,22062.9716912,12.957463915614618,33,0.5636713422442244,41,9.459043067561462,11,4.414901098699785,0.0,0.0
2025-07-14,NC-SBY-UTR-7,0.9856535881732732,2136,10584.463011000003,31382.04971710001,14.248510399441342,23,0.5508176795580109,38,9.508772355474282,16,4.9321713688916375,0.0,0.0
2025-07-14,NC-SDA-UTR-24,0.9999977469144148,4555,10685.265168399994,34516.6598179,13.06808313413335,39,0.5619342221333333,49,9.40162206765488,16,3.728680116848997,0.0,0.0
2025-07-14,NC-SDA-UTR-25,0.9999978709897188,1187,8522.1824861,26874.71304550002,12.175651604013384,42,0.6012633779264219,50,9.334355614042211,13,3.698360195418573,0.0,0.0
2025-07-14,NC-SDA-UTR-26,0.999992478680711,1941,9102.8338969,29112.218419100016,14.447266801592354,24,0.5615504245222934,34,9.874700475528876,11,5.197948069555279,0.0,0.0
2025-07-14,OA_CLUSTER,0.9980872622698044,51917,200740.9642387,627005.458969,14.371554422663566,472,0.5283441886587782,604,9.547993468381136,199,5.607312676914058,0.0,0.0
2025-07-15,NC-SBY-BRT-15,0.9957096394116502,1782,9198.349231599996,27490.63816219998,14.001165545205474,28,0.5272417808219176,32,9.609496385088825,22,5.084630793310027,0.0,0.0
2025-07-15,NC-SBY-BRT-16,0.9999655430154868,715,10276.692930199995,35000.8637614,12.979839964075069,25,0.5704394549597857,30,9.625721042362333,4,5.22285158208369,0.0,0.0
2025-07-15,NC-SBY-BRT-17,0.9999967812174572,869,9380.189323000002,31304.259160899976,14.285243568478272,21,0.5396370019021739,35,9.380310609855398,6,5.108406431908382,0.0,0.0
2025-07-15,NC-SBY-SEL-18,0.985485804038018,1496,10598.779761199994,32653.955156700027,13.519111320731698,27,0.5339605692682926,36,9.463455254735267,5,5.082859309169353,0.0,0.0
2025-07-15,NC-SBY-SEL-19,0.997662523975645,8815,8850.398667000005,26356.90304680002,13.853297900854695,32,0.539269943019943,38,9.121703359176676,22,3.5490315149109124,0.0,0.0
2025-07-15,NC-SBY-SEL-20,0.9999883173317182,1365,8818.777048700007,26726.614032499994,14.978747223359584,17,0.5032377517060368,18,9.359467787247144,7,5.506200031168143,0.0,0.0
2025-07-15,NC-SBY-SEL-21,0.9997991133543596,995,7681.474400900001,24501.718459099982,12.398260577655671,23,0.5852692307692313,33,9.358244615816574,7,4.886335686683751,0.0,0.0
2025-07-15,NC-SBY-SEL-22,0.9999823760536558,710,8852.223803300003,27115.93317910001,16.56235128850268,7,0.4888607398395718,15,9.703998851069256,5,6.895995336455782,0.0,0.0
2025-07-15,NC-SBY-SEL-23,0.9987013075622224,2342,7053.064531699997,21923.376772799988,11.932272689915957,33,0.6082850138655462,34,9.557652956309235,3,4.277644525580344,0.0,0.0
2025-07-15,NC-SBY-TMR-10,0.999415360566808,1776,7130.5199945,22422.22817040001,13.586704182006926,15,0.5310470013840831,19,9.410216885212376,6,5.979846078578077,0.0,0.0
2025-07-15,NC-SBY-TMR-11,0.9998837721398968,2504,9425.618638900009,28927.55060240002,13.152700193586002,20,0.5391525752186589,26,9.427504677583867,6,5.093968585181206,0.0,0.0
2025-07-15,NC-SBY-TMR-12,0.9997230827928534,1091,6943.744005699996,21446.44820799999,17.54541800097087,7,0.446007281553398,17,9.934920023433293,8,7.219162832540437,0.0,0.0
2025-07-15,NC-SBY-TMR-13,0.9987269515036714,3331,10454.8130276,30810.295134500007,11.755219862299466,63,0.5865848764550263,51,9.036339779048546,21,2.9070100939624397,0.0,0.0
2025-07-15,NC-SBY-TMR-14,0.9999974036136008,5778,7848.2030045000065,24561.745572699994,13.452528112538234,20,0.5337535678899081,35,9.392990206985054,11,5.447962980808836,0.0,0.0
2025-07-15,NC-SBY-TMR-8,0.9993302047973855,637,8212.672212599997,26276.66771340001,13.791444189403972,30,0.5611410043046358,27,9.537106137438926,10,4.358035072854536,0.0,0.0
2025-07-15,NC-SBY-TMR-9,0.9976764029757228,623,7988.525149199996,26541.62122240001,14.766381319692297,23,0.5352466763803678,20,9.66313668705202,2,5.881402292324681,0.0,0.0
2025-07-15,NC-SBY-UTR-1,0.9999283437702556,1186,7657.2927684000015,23706.14025060001,13.72569141843575,30,0.5180605212290502,32,9.09052322027477,17,5.1106725219044105,0.0,0.0
2025-07-15,NC-SBY-UTR-2,0.9988932972648032,1088,12881.799336300004,44009.21745400002,13.851606269523806,45,0.5523214283809526,45,9.565824477532884,12,5.065376584792164,0.0,0.0
2025-07-15,NC-SBY-UTR-3,0.9999975810600128,621,8079.456380399996,26896.792275099982,14.19629180611621,22,0.5264510700305814,29,9.5888927555189,13,5.468912137110478,0.0,0.0
2025-07-15,NC-SBY-UTR-4,0.999997078540814,659,7625.070680100002,23691.44736030002,14.04191690225564,17,0.5653016917293233,27,9.830004926785293,0,5.333465975856476,0.0,0.0
2025-07-15,NC-SBY-UTR-5,0.9999972169646044,1034,8838.960652599993,28325.778878999976,13.539083115324669,24,0.5012549784415588,31,9.481714386047544,36,5.651129053703783,0.0,0.0
2025-07-15,NC-SBY-UTR-6,0.998995598185376,9253,8347.315868399999,22018.51003019999,12.38031119273927,38,0.580847540983607,43,9.142442239688144,19,3.2726797101335974,0.0,0.0
2025-07-15,NC-SBY-UTR-7,0.9945918715690036,1287,10675.235772700002,31901.31340490002,13.246088277900556,39,0.5689633980662984,44,9.384820377459045,19,3.944109312428112,0.0,0.0
2025-07-15,NC-SDA-UTR-24,0.9998838592727454,4645,10671.937632400011,34705.26728080001,12.269861045866651,39,0.5751328887999998,52,9.375507877436911,12,3.5751561876036284,0.0,0.0
2025-07-15,NC-SDA-UTR-25,0.9999954680167484,826,8533.038945900003,27448.702107700003,11.504430055852843,46,0.6135774806020061,53,9.303282204853076,17,3.49733656228408,0.0,0.0
2025-07-15,NC-SDA-UTR-26,0.9999398694273984,1405,9203.979094600005,29508.5241017,13.947715792113568,33,0.5754424290220822,43,9.79114759834084,18,4.397638050492647,0.0,0.0
2025-07-15,OA_CLUSTER,0.9983109049729594,49957,202819.1771895,634610.0180094,13.836612996952232,606,0.5395000739831073,717,9.459660655225308,261,5.062673454891947,0.0,0.0
2025-07-16,NC-SBY-BRT-15,0.9993370856185836,1880,9200.852177,27870.939161399983,13.625719648484848,34,0.5364341140495867,31,9.626597680890908,19,5.003976404727002,0.0,0.0
2025-07-16,NC-SBY-BRT-16,0.9999897291802028,723,10300.3386906,35122.54033020004,12.630910632439676,30,0.5793487487935657,44,9.608690697890824,1,5.061552402615785,0.0,0.0
2025-07-16,NC-SBY-BRT-17,0.9999974455021536,871,9365.697155699996,31433.10156910001,14.300834179076087,22,0.5428328804347821,38,9.413476640548623,5,4.863564290006456,0.0,0.0
2025-07-16,NC-SBY-SEL-18,0.9981924618411242,1467,10580.5154997,32618.39173579999,13.931671519902912,27,0.529819174757282,32,9.3967378145126,12,5.187622937119508,0.0,0.0
2025-07-16,NC-SBY-SEL-19,0.9944753285444938,8381,8844.9535856,26315.0563902,13.939799855932211,33,0.5272116288135592,39,9.249389908116555,10,3.7276263821407865,0.0,0.0
2025-07-16,NC-SBY-SEL-20,0.989892824074074,2803,8883.082888399997,26892.718316600025,14.376435527368422,20,0.5182331139473683,26,9.224958377615309,8,4.990474091093824,0.0,0.0
2025-07-16,NC-SBY-SEL-21,0.9999932166598832,967,7556.846883099997,24695.52068080001,11.991408566300365,15,0.5815430402930405,32,9.339655272544269,5,4.907805187364783,0.0,0.0
2025-07-16,NC-SBY-SEL-22,0.9998460886657082,595,8936.964120900002,27339.612359099978,15.966782785790889,14,0.5001957104557638,24,9.599343575238333,8,5.984188443852862,0.0,0.0
2025-07-16,NC-SBY-SEL-23,0.9999978116246498,1783,7217.211867399998,22423.37629300001,10.365965863025211,44,0.6493900558823528,40,9.158280688006265,21,3.334393871496736,0.0,0.0
2025-07-16,NC-SBY-TMR-10,0.9975872900093676,1407,7177.4883950999965,22620.33518600001,13.417796733564012,20,0.5404976930795845,17,9.36574669847992,5,5.644934932804504,0.0,0.0
2025-07-16,NC-SBY-TMR-11,0.9999347396940512,1911,9392.982651099996,28849.804562399982,13.480076268513113,17,0.5346688533527696,27,9.467799211607536,4,6.027718798913835,0.0,0.0
2025-07-16,NC-SBY-TMR-12,0.9999244437380304,1132,7097.180840399995,21546.048692600023,17.051858195145634,4,0.4594886731391586,12,9.89332483985652,6,7.369959165579286,0.0,0.0
2025-07-16,NC-SBY-TMR-13,0.9999971693801408,1660,10290.639854400002,31458.383573599986,13.40569435952382,31,0.5492817460317458,40,9.283244779440295,5,4.724946409973102,0.0,0.0
2025-07-16,NC-SBY-TMR-14,0.9999973100011328,5853,7770.021571199996,24558.22795029999,13.62129643700306,16,0.5234319571865441,28,9.482302266537182,15,5.471636763850518,0.0,0.0
2025-07-16,NC-SBY-TMR-8,0.9996395557395144,542,7988.7632801999935,26553.506645400004,13.938648507284771,25,0.5578841056291389,23,9.561552304542747,8,4.359813226400129,0.0,0.0
2025-07-16,NC-SBY-TMR-9,0.9999963076573506,526,7789.301626999997,26795.810993099967,14.451260452147247,12,0.5304557773006132,16,9.62405428002789,4,6.487524424837493,0.0,0.0
2025-07-16,NC-SBY-UTR-1,0.9987502910694565,1629,7717.578988200003,24323.5285779,13.123989081843568,36,0.5341752796089387,34,9.046087556619469,27,4.832319576730328,0.0,0.0
2025-07-16,NC-SBY-UTR-2,0.9990492120671992,1426,12686.273193900011,43847.89064799999,14.264226882633578,36,0.5438338095238096,41,9.610323411084904,8,5.274274367516603,0.0,0.0
2025-07-16,NC-SBY-UTR-3,0.9999978409167652,703,8025.445641500002,27124.957747199995,13.930133026911326,26,0.5320316003058106,31,9.518380020101148,13,5.525177038698874,0.0,0.0
2025-07-16,NC-SBY-UTR-4,0.9999873381535372,1509,7532.844786000004,23962.782116900027,14.141898031954897,16,0.5703016917293232,26,9.831673780434354,3,5.577101925792618,0.0,0.0
2025-07-16,NC-SBY-UTR-5,0.9999973765419952,1420,9119.926492200011,29115.55337719998,13.157993462077918,25,0.5254770563636364,34,9.432018068594289,29,5.24079155442977,0.0,0.0
2025-07-16,NC-SBY-UTR-6,0.9999112962250212,1025,8305.6532046,23667.2929729,12.00713362885246,37,0.5980005465573764,46,9.331558834244662,14,3.884392488375015,0.0,0.0
2025-07-16,NC-SBY-UTR-7,0.999933752642021,1192,10524.500374599997,32742.90103850001,13.544802909944757,33,0.5619868784530393,46,9.361880963137292,16,4.301216558343347,0.0,0.0
2025-07-16,NC-SDA-UTR-24,0.9999199028822447,4482,10629.79035529999,34647.201045999995,12.238030002673796,44,0.5783351111999995,54,9.360658876505823,5,3.4248890331974224,0.0,0.0
2025-07-16,NC-SDA-UTR-25,0.9938391652179324,2103,8541.996798299997,27479.80542760001,11.248231616722412,51,0.6193068561872911,65,9.294352322922071,12,3.382777418184459,0.0,0.0
2025-07-16,NC-SDA-UTR-26,0.9982154234138572,2081,9070.267112600002,28952.698635300032,13.037093631329125,40,0.5879516299684545,50,9.673592038091533,11,4.262460531481992,0.0,0.0
2025-07-16,OA_CLUSTER,0.9989029644501022,41405,202305.0637688,641878.2809182002,13.75118798732581,573,0.5423323562891446,727,9.454497763077594,246,5.136147978389163,0.0,0.0
2025-07-17,NC-SBY-BRT-15,0.9954853293367656,987,8582.325453299998,28400.8356131,13.594450655068494,28,0.5423461186301368,39,9.445195528436177,17,4.731407616744166,0.0,0.0
2025-07-17,NC-SBY-BRT-16,0.9999974555624848,434,9878.0273403,35498.14587619998,12.797920825737265,39,0.5860346292225203,57,9.507541549507948,7,3.91673751779688,0.0,0.0
2025-07-17,NC-SBY-BRT-17,0.9999899041364736,730,8918.101175400001,32039.663371899984,13.494102673913032,30,0.5643346918478258,45,9.209681352455052,8,4.423884971673249,0.0,0.0
2025-07-17,NC-SBY-SEL-18,0.9995944306901572,811,9738.841005899998,33073.3819286,14.184345399518088,28,0.5279829318072291,44,9.37516871855276,12,5.066436944518084,0.0,0.0
2025-07-17,NC-SBY-SEL-19,0.999534453970661,666,7893.506205800003,26577.466380300008,14.18757937259886,29,0.5121280601694916,31,9.07798058449688,22,4.620976454687447,0.0,0.0
2025-07-17,NC-SBY-SEL-20,0.995183414602368,3463,8280.507777599998,27258.0131324,14.3752464464567,28,0.5281065178477687,29,9.146364610834986,15,4.444446790107116,0.0,0.0
2025-07-17,NC-SBY-SEL-21,0.9996215322580474,828,7219.071597400001,24760.894656300003,12.4022330124542,16,0.5823699633699634,46,9.278596118359502,5,4.468644552866302,0.0,0.0
2025-07-17,NC-SBY-SEL-22,0.9998877068869017,546,8355.208470200001,27375.011139600007,16.24607784069148,12,0.501146276595745,21,9.59363250919099,13,6.047892319470117,0.0,0.0
2025-07-17,NC-SBY-SEL-23,0.9999976171041348,578,6592.906835499999,22405.571059200007,10.760710956722692,38,0.6482692575630252,51,9.202911959198154,9,3.5609772101112256,0.0,0.0
2025-07-17,NC-SBY-TMR-10,0.998910903910904,899,6653.562506000004,22899.5157008,13.25634090588237,12,0.5420279702422146,23,9.237468973484908,10,5.798046347873057,0.0,0.0
2025-07-17,NC-SBY-TMR-11,0.9998069187992658,2243,8732.687292499999,29263.85533139998,14.20217459125363,19,0.5256421282798837,31,9.38185640012796,5,5.457372284424358,0.0,0.0
2025-07-17,NC-SBY-TMR-12,0.9999979372937292,446,6402.556257600007,22002.266455499976,17.582219923300975,11,0.4531963323624597,16,9.79433855274472,4,6.215337087427001,0.0,0.0
2025-07-17,NC-SBY-TMR-13,0.9999425070667872,1442,9683.337664500006,32082.97315439999,13.284167525661369,42,0.5607709436507936,53,9.137712111405609,7,4.145905385257394,0.0,0.0
2025-07-17,NC-SBY-TMR-14,0.9999970943005768,6408,7336.652915300001,24972.44795950001,13.95710772048929,21,0.5257841489296632,29,9.38961017722339,13,5.378686662334511,0.0,0.0
2025-07-17,NC-SBY-TMR-8,0.9997849215109148,392,7501.562452,26645.562568799996,13.782995431456945,19,0.5612251655629138,27,9.577011617461256,6,5.368362978359815,0.0,0.0
2025-07-17,NC-SBY-TMR-9,0.9994750482844807,413,7329.904813299999,26966.609314400008,14.74581979294479,24,0.5364197340490799,24,9.536092715166188,9,5.522173576223837,0.0,0.0
2025-07-17,NC-SBY-UTR-1,0.9996829113121464,1780,7069.504157800005,24868.1044084,13.147449946927372,33,0.5422770016759777,39,8.879943073435332,21,4.226102317964604,0.0,0.0
2025-07-17,NC-SBY-UTR-2,0.9999965828927176,1053,11655.932088799991,44243.20865249999,13.74177504552382,46,0.5587485716190472,58,9.408382906065638,15,4.480785883988237,0.0,0.0
2025-07-17,NC-SBY-UTR-3,0.9997593159028872,857,7769.922391000001,27417.11214600001,13.519734396941905,24,0.5445499489296632,41,9.38504960699381,10,4.491986874352904,0.0,0.0
2025-07-17,NC-SBY-UTR-4,0.9999974328124596,500,7056.192988800001,24354.166345499987,14.100033580827064,31,0.5803486842105259,36,9.689761230083866,2,4.600008991788307,0.0,0.0
2025-07-17,NC-SBY-UTR-5,0.9996112386962664,1215,8465.359991599995,29122.529226,13.233457188311691,34,0.5303084415584416,41,9.350514814846846,31,4.8532992055265,0.0,0.0
2025-07-17,NC-SBY-UTR-6,0.9999894677740992,999,7517.978251700002,23464.8887688,12.63336219636965,26,0.5685598360655741,33,9.386949072354705,10,4.776497117366652,0.0,0.0
2025-07-17,NC-SBY-UTR-7,0.9999977299467976,681,9882.60086169999,32725.27557570001,14.111450280110487,32,0.5555262430939224,54,9.343982405343134,17,4.236567607363116,0.0,0.0
2025-07-17,NC-SDA-UTR-24,0.9999979629633402,3145,10148.812010700009,34960.701916200014,12.190199270133336,43,0.5849437778666671,58,9.256309729416424,11,3.4230404974541653,0.0,0.0
2025-07-17,NC-SDA-UTR-25,0.9951592827703164,1269,8149.5096478,27585.680822700004,10.774044052013425,44,0.6347725752508363,58,9.187870128853888,15,3.607754406714125,0.0,0.0
2025-07-17,NC-SDA-UTR-26,0.9999946693435812,1099,8539.753255500002,29511.7023067,13.887592123028382,30,0.5805021031545744,43,9.658601287446473,17,4.3390220691558765,0.0,0.0
2025-07-17,OA_CLUSTER,0.999376751676944,28371,188516.250494,648417.4987652999,13.845809125129788,622,0.5450998378931063,868,9.358723461106983,268,4.811844204400899,0.0,0.0
2025-07-18,NC-SBY-BRT-15,0.999998469016726,1160,8488.458575299997,29270.184494099973,12.585799403561644,23,0.5542913241095888,44,9.428345592879785,18,4.705739152497306,0.0,0.0
2025-07-18,NC-SBY-BRT-16,0.999924309285556,472,9280.7635898,35846.338960900044,9.968104449597863,42,0.6271293565683645,53,9.18542962321367,10,3.932276355614104,0.0,0.0
2025-07-18,NC-SBY-BRT-17,0.9998912371068944,754,8687.902035799993,33029.23707060001,12.175711301358705,34,0.5808349184782607,54,9.033511529690308,8,4.181482490454851,0.0,0.0
2025-07-18,NC-SBY-SEL-18,0.9999978533322432,853,9349.377745799997,33416.50790540003,13.729874002644236,30,0.5259501201923077,49,9.20385352318532,13,4.670001152962814,0.0,0.0
2025-07-18,NC-SBY-SEL-19,0.9998742219350428,938,7603.055735100002,27033.1438474,13.5810918257703,30,0.526107142857143,35,9.026189864282028,20,4.4445039224708855,0.0,0.0
2025-07-18,NC-SBY-SEL-20,0.9999969769615212,654,8134.823399799992,28132.65055370002,14.20869236797902,22,0.5217618110236223,29,9.10242274185694,15,4.699444568846065,0.0,0.0
2025-07-18,NC-SBY-SEL-21,0.999998512739449,428,7008.181033600002,25440.20167650001,11.084515229670334,23,0.6087380952380949,43,9.177969929263211,4,4.354482403101859,0.0,0.0
2025-07-18,NC-SBY-SEL-22,0.9999978374665166,573,8116.974912900005,28151.04791270001,15.631019157446806,12,0.5151781914893615,21,9.50416453414962,7,5.619638225963702,0.0,0.0
2025-07-18,NC-SBY-SEL-23,0.9999984862235356,572,6340.756364399997,22623.46502970001,9.941425102100837,30,0.6432394957983193,39,9.161487196560932,5,3.66120445233419,0.0,0.0
2025-07-18,NC-SBY-TMR-10,0.9479068757558786,911,6546.395579599996,22238.34918729998,12.918635287543252,25,0.557379757785467,36,9.127490838020112,14,5.233174878814662,0.0,0.0
2025-07-18,NC-SBY-TMR-11,0.9999657828359672,1933,8440.181154400001,29821.368497099997,13.53052537696794,14,0.5327419825072885,24,9.342054292144605,9,5.741810384789891,0.0,0.0
2025-07-18,NC-SBY-TMR-12,0.9999979744474636,647,6191.179029600006,22620.5813279,17.30241812459547,8,0.4594085760517798,18,9.717137826743992,7,6.576511693692187,0.0,0.0
2025-07-18,NC-SBY-TMR-13,0.9999984874690592,1549,9178.100222799998,32443.641357900007,12.64687457936508,33,0.5669007936507938,43,8.988405932545339,9,4.27671691660846,0.0,0.0
2025-07-18,NC-SBY-TMR-14,0.9974890306574518,5703,7082.876488999999,25593.547981199976,13.049097155351676,25,0.5407813455657493,39,9.18687907970867,12,4.922411918183902,0.0,0.0
2025-07-18,NC-SBY-TMR-8,0.9999320949289874,1332,7256.9445716,27337.663694199997,11.6010988205298,45,0.6194503311258279,46,9.08151411366016,15,3.4134137234617543,0.0,0.0
2025-07-18,NC-SBY-TMR-9,0.9967601349305578,752,7160.054691300003,27715.885730499984,12.219102908282212,25,0.5764486196319023,36,9.248821086052676,14,4.884143335961434,0.0,0.0
2025-07-18,NC-SBY-UTR-1,0.9887253942056696,2874,6735.978163599996,24091.746009,13.00234948184357,41,0.5367097298882689,35,8.818618961054336,27,3.8115677329223945,0.0,0.0
2025-07-18,NC-SBY-UTR-2,0.9999840992127852,1944,11286.838747500002,45345.25081390004,12.156375973534985,59,0.5774319470699432,71,9.152622871343429,13,4.154006858391124,0.0,0.0
2025-07-18,NC-SBY-UTR-3,0.9967891586235008,591,7461.140805999999,27827.971837499997,12.92960392874618,24,0.548987767584098,38,9.34178109735586,12,4.684809083102651,0.0,0.0
2025-07-18,NC-SBY-UTR-4,0.9999337847932596,1508,6737.571132899995,24910.161145600006,13.384561662406012,14,0.5847490601503762,33,9.619010421864086,3,4.993970480130338,0.0,0.0
2025-07-18,NC-SBY-UTR-5,0.9999981406302318,1186,8421.765730299996,30107.5082778,12.915299180519488,30,0.5366831168831165,48,9.273595592048355,36,4.735692165392462,0.0,0.0
2025-07-18,NC-SBY-UTR-6,0.9999930786510212,1150,7505.066357899999,24308.06115480001,12.578342078688529,23,0.5714696721311474,38,9.378510547478472,5,4.806893908953226,0.0,0.0
2025-07-18,NC-SBY-UTR-7,0.9921099317925912,1082,9585.080261,33149.752705600025,13.289563897783928,31,0.5604714549723754,54,9.365893839388942,13,4.255644886463338,0.0,0.0
2025-07-18,NC-SDA-UTR-24,0.9989880786585704,2094,9917.2712819,35593.26643069999,10.984069294133327,59,0.6060686666666667,73,9.062025706323343,15,3.1506355476766674,0.0,0.0
2025-07-18,NC-SDA-UTR-25,0.9999723882101152,569,7837.068260299999,28287.99378939999,11.057605955518389,41,0.6326814381270899,58,9.181408540486286,13,3.739042843657376,0.0,0.0
2025-07-18,NC-SDA-UTR-26,0.9988627459595628,1309,8243.748687599997,30134.718576900013,12.308150785804418,40,0.5964376971608838,56,9.50696890918618,17,4.424252074358758,0.0,0.0
2025-07-18,OA_CLUSTER,0.9968520790314546,29566,182599.46633,660454.2671713001,12.92728489765616,643,0.5577959586325306,926,9.230630575389949,289,4.63263057362985,0.0,0.0
2025-07-19,NC-SBY-BRT-15,0.9999983193797992,789,8384.284444899993,29755.0556891,12.880347152876718,17,0.5467520547945198,31,9.584789690811265,15,5.587880541249749,0.0,0.0
2025-07-19,NC-SBY-BRT-16,0.9999918701946876,423,9122.212889899993,36874.00922630003,12.665760238337786,14,0.5592004021447718,24,9.376341883477638,3,5.737772379033264,0.0,0.0
2025-07-19,NC-SBY-BRT-17,0.9994402328114708,2011,8792.1760988,33564.078889200006,12.596013823913044,46,0.5673770380434783,56,9.112868534693336,11,3.923806224202142,0.0,0.0
2025-07-19,NC-SBY-SEL-18,0.999997802039735,963,8959.534010399992,34170.677548199994,15.344383756867463,20,0.5025212850602407,36,9.325966423675776,11,5.334704890069958,0.0,0.0
2025-07-19,NC-SBY-SEL-19,0.9999965345141196,623,7172.9577490999945,26554.831838099995,15.135647364705882,22,0.4876064425770308,32,8.922706000163284,28,4.195968772021309,0.0,0.0
2025-07-19,NC-SBY-SEL-20,0.9996385825992228,449,7169.4327236,26532.02763860003,16.52059209366756,20,0.4611726034300799,23,9.215771364251454,14,5.96770642015413,0.0,0.0
2025-07-19,NC-SBY-SEL-21,0.999978462908826,407,6453.153298499999,24857.9265373,13.41934825311355,6,0.5474807692307692,20,9.369607841658402,7,6.273668416155556,0.0,0.0
2025-07-19,NC-SBY-SEL-22,0.9998825609774676,914,7716.601643199997,27932.037726599992,16.679009099734042,17,0.4831582446808509,22,9.620374428487846,10,5.352140960874657,0.0,0.0
2025-07-19,NC-SBY-SEL-23,0.99999815204075,568,6163.229323900001,22547.373577699986,11.778846354621848,21,0.599689075630253,27,9.22810676267394,5,4.256220487580437,0.0,0.0
2025-07-19,NC-SBY-TMR-10,0.999998097966848,557,6201.218365499999,23013.31279400001,13.259939364013828,33,0.5337128027681657,30,8.88421175465334,30,4.475368932961612,0.0,0.0
2025-07-19,NC-SBY-TMR-11,0.9999976379440664,1756,7700.064061399997,28981.11892479999,15.577683967638492,8,0.4914348880466475,21,9.464482560058116,8,6.365043800930497,0.0,0.0
2025-07-19,NC-SBY-TMR-12,0.9999978226989366,495,5582.793805400004,21591.791562499973,19.911542799352763,6,0.398881067961165,10,9.878063466596393,11,8.10121936448325,0.0,0.0
2025-07-19,NC-SBY-TMR-13,0.9999985217931718,751,8359.9449746,31755.836371999994,16.167360391798944,12,0.4863880071428569,25,9.32849220232664,6,6.121105749171767,0.0,0.0
2025-07-19,NC-SBY-TMR-14,0.9999978013271402,5973,6828.953429000001,25587.656351799986,13.874094824159018,17,0.5027828746177369,23,9.195892000354224,8,5.424040463372149,0.0,0.0
2025-07-19,NC-SBY-TMR-8,0.9994918904831984,1029,7502.973749400005,28631.48751470001,12.921410542384104,23,0.5622408940397352,17,9.101546024107746,16,3.538515035420372,0.0,0.0
2025-07-19,NC-SBY-TMR-9,0.9998376788271096,571,6879.893026500002,28288.520047,15.657052843251536,6,0.494865797546012,9,9.546904352072149,0,7.138801846458227,0.0,0.0
2025-07-19,NC-SBY-UTR-1,0.996496508166564,1386,5527.938170899995,22075.480835300023,16.85706679720669,10,0.4268002793296086,4,9.195541626268112,20,6.48959984345086,0.0,0.0
2025-07-19,NC-SBY-UTR-2,0.9999975749581536,903,11328.378660199996,47023.0285539,13.58387461134216,26,0.5403119092627601,41,9.338871107301872,8,5.056946899815344,0.0,0.0
2025-07-19,NC-SBY-UTR-3,0.9999982656566606,429,6869.351867599999,27132.89398390001,15.67274834495412,7,0.4820305810397555,16,9.489772046831575,14,6.625323272216258,0.0,0.0
2025-07-19,NC-SBY-UTR-4,0.9999979549522094,583,6259.508570600008,23814.522378600017,15.097949191353386,11,0.5360432330827066,18,9.707106171980223,3,5.670622744558109,0.0,0.0
2025-07-19,NC-SBY-UTR-5,0.999998496872819,1197,8294.8466603,30042.796253900007,12.654443202337648,43,0.5472422077922076,46,9.346468580158378,32,4.195932625343826,0.0,0.0
2025-07-19,NC-SBY-UTR-6,0.9999856193211824,924,6478.337366599999,21642.206818399973,15.700507906270628,11,0.4720292350819673,14,9.475379132582775,6,3.5664407928721404,0.0,0.0
2025-07-19,NC-SBY-UTR-7,0.9943746795683014,829,8746.5358031,32604.3222813,14.889724138375348,17,0.5246422651933698,33,9.435064076955737,13,5.862299206762437,0.0,0.0
2025-07-19,NC-SDA-UTR-24,0.9998178217547252,514,9597.237679400005,36266.17422890001,12.257799595733337,39,0.5759704445333336,59,9.17036763513716,5,4.028343812296859,0.0,0.0
2025-07-19,NC-SDA-UTR-25,0.9999953161904356,361,7424.123650999997,27809.99341160001,12.985691691973235,12,0.5687817725752505,26,9.409108723366955,5,4.938987897553851,0.0,0.0
2025-07-19,NC-SDA-UTR-26,0.9999209897342882,1540,7959.9888704999985,30456.27991340001,14.711597384227131,11,0.5474794952681392,22,9.716056638122694,8,6.199729126907993,0.0,0.0
2025-07-19,OA_CLUSTER,0.9995090297383544,24530,172494.32069340002,654972.9933432,14.749915516741387,413,0.5102245134941183,578,9.352688188898885,279,5.448314121662318,0.0,0.0
2025-07-20,NC-SBY-BRT-15,0.999998379609772,952,8326.571782500001,30368.201317599985,13.328229834246573,14,0.5410684931506856,35,9.744679511540518,17,5.592098162887628,0.0,0.0
2025-07-20,NC-SBY-BRT-16,0.9999878053378176,533,9051.155115100002,38308.74539259997,11.731880236729234,13,0.5832144772117958,24,9.279651544269552,5,5.616740415958361,0.0,0.0
2025-07-20,NC-SBY-BRT-17,0.9999984588861488,696,8378.691274500003,33937.51943000002,13.517184406521748,23,0.5463885869565214,33,9.1680319677309,6,4.924699890333966,0.0,0.0
2025-07-20,NC-SBY-SEL-18,0.9989113136574074,786,8516.693907799998,34147.245803000005,16.47482216057692,18,0.4698966346153844,29,9.4998408146249,5,6.008909446889561,0.0,0.0
2025-07-20,NC-SBY-SEL-19,0.9999444174344878,492,7043.1074566,26958.64453439998,14.64706720280113,28,0.5056580299719892,37,8.960109567996923,31,3.84972846644929,0.0,0.0
2025-07-20,NC-SBY-SEL-20,0.9999975700801668,432,6536.871934400002,25621.138862299988,18.063870666141742,17,0.4305188102362207,21,9.30437365875161,13,5.5176508358560366,0.0,0.0
2025-07-20,NC-SBY-SEL-21,0.9999988129154797,373,6070.582521400001,24618.076216,13.861012284981683,9,0.540444139194139,18,9.37711179233886,5,6.536432458649638,0.0,0.0
2025-07-20,NC-SBY-SEL-22,0.9999977221247712,466,7753.442319100003,28426.720193599995,16.63734998723405,30,0.4909454787234044,39,9.557012520652998,9,3.888949431983674,0.0,0.0
2025-07-20,NC-SBY-SEL-23,0.9999876478405167,442,5777.511430699999,22857.47994370001,13.306730483193276,18,0.5468665966386552,22,9.36319822323726,5,4.952359171601526,0.0,0.0
2025-07-20,NC-SBY-TMR-10,0.9998118322113064,681,5901.390849999998,23043.77054380002,13.182403250519036,29,0.5438267013840828,32,8.988168462229352,28,5.096481572739769,0.0,0.0
2025-07-20,NC-SBY-TMR-11,0.9999649065975597,1797,7189.9307707000025,28547.230486900007,16.06443606588922,11,0.4744256559766761,23,9.51530962464619,7,6.301003127011326,0.0,0.0
2025-07-20,NC-SBY-TMR-12,0.9999978990954652,454,5446.736986200001,21743.62894619999,19.29963986763753,6,0.4096917475728155,11,9.847043631102506,11,7.907294015995409,0.0,0.0
2025-07-20,NC-SBY-TMR-13,0.9999981758226426,568,7585.834525899994,30598.63397740001,16.32776639021164,17,0.4723399470899469,27,9.282414164776728,7,5.697707843345841,0.0,0.0
2025-07-20,NC-SBY-TMR-14,0.9999981594744592,5296,6700.425023000001,26289.022966100005,13.274660083792051,24,0.5187408256880736,28,9.078757121116762,16,4.638974136380162,0.0,0.0
2025-07-20,NC-SBY-TMR-8,0.9999986203090508,741,7491.067478899998,29798.96738369998,11.510406118874174,26,0.5878211920529798,26,8.986344361749916,18,3.3655926589671714,0.0,0.0
2025-07-20,NC-SBY-TMR-9,0.999997692285844,397,6898.866774199998,29084.71149520001,14.831955751226996,9,0.5128645193251535,16,9.391600817683448,1,6.621858053273186,0.0,0.0
2025-07-20,NC-SBY-UTR-1,0.9999974307997752,547,5083.210374099999,21355.4065761,19.028316474301675,12,0.3788498603351952,13,9.532276194594411,10,6.730850502900687,0.0,0.0
2025-07-20,NC-SBY-UTR-2,0.9999547839506172,1112,11971.9575103,50358.94818399999,12.494566902457452,39,0.5550489916824196,53,9.199304927484093,14,4.599262757944094,0.0,0.0
2025-07-20,NC-SBY-UTR-3,0.9993085567347172,395,6541.741124899996,27097.41712419999,17.421865571559632,11,0.4580474006116211,19,9.619715096110744,11,5.9084356084261,0.0,0.0
2025-07-20,NC-SBY-UTR-4,0.99999843358396,530,6163.626853799995,23946.3222353,16.356856283458658,9,0.5068712406015037,15,9.890154220299822,3,5.794641855543943,0.0,0.0
2025-07-20,NC-SBY-UTR-5,0.9999984668109668,1217,7842.439354900002,29677.08450200002,14.32137807948052,28,0.4910019480519483,42,9.633783309299876,25,5.001614143379244,0.0,0.0
2025-07-20,NC-SBY-UTR-6,0.9999921187547586,710,5741.555370999999,20302.585985300004,17.906187558745877,10,0.431989344262295,13,9.626754505758898,4,3.9162124018004794,0.0,0.0
2025-07-20,NC-SBY-UTR-7,0.982457043002386,2330,8234.126067499998,31898.6528417,15.814055555801104,17,0.5135538674033149,27,9.568078500552833,16,5.918517458769539,0.0,0.0
2025-07-20,NC-SDA-UTR-24,0.99982091123594,555,9282.089494900009,36806.74827679999,12.139835317647051,36,0.566462221866667,50,9.221921971940466,8,4.490021337135997,0.0,0.0
2025-07-20,NC-SDA-UTR-25,0.999998451627508,359,6834.042833400004,27471.6951189,13.927685714046817,17,0.5388586956521738,31,9.307093564547804,14,3.225357694252676,0.0,0.0
2025-07-20,NC-SDA-UTR-26,0.99978889902918,1063,7872.132827200004,31335.587760700004,15.189466933132548,10,0.5224794177710839,20,9.766958185288212,11,6.3878381723415165,0.0,0.0
2025-07-20,OA_CLUSTER,0.9991006493656858,21947,166247.53680750003,658986.1549411,15.175197880528124,418,0.5001643925726141,603,9.40443061451259,267,5.390059220736823,0.0,0.0
2025-07-21,NC-SBY-BRT-15,0.9999978110896796,2319,8215.92044390001,28028.083550799976,13.500038710410957,29,0.5280445205479454,41,9.389599792302915,14,4.602919836738488,0.0,0.0
2025-07-21,NC-SBY-BRT-16,0.9999685979691388,2694,9423.8294241,35312.860986199994,10.149039573190358,45,0.6271809651474534,58,9.199764671935428,5,4.0773764385492495,0.0,0.0
2025-07-21,NC-SBY-BRT-17,0.9999243598064051,1932,8578.201061000003,32117.6986394,12.260981110326098,41,0.5778342391304345,55,9.05044763617788,9,4.028697328339343,0.0,0.0
2025-07-21,NC-SBY-SEL-18,0.9999914307116838,2904,9344.812030400006,32515.711546300012,14.713728162740384,19,0.5082201524038458,36,9.338016540326633,8,5.292528370412282,0.0,0.0
2025-07-21,NC-SBY-SEL-19,0.9947369005440584,2458,7564.352075999994,26312.2490189,14.25730545482955,19,0.5105578899159664,32,9.092019438094876,13,4.80584456631686,0.0,0.0
2025-07-21,NC-SBY-SEL-20,0.9999833379423164,3279,8135.606856200007,27267.221965399996,13.894874020734898,33,0.5373950131233596,40,9.119326992878255,14,4.292705496022426,0.0,0.0
2025-07-21,NC-SBY-SEL-21,0.9979140958524092,3223,7107.566644700002,22948.6863268,10.780395683516485,38,0.6138550062271064,55,9.029366452801142,11,3.290155827215875,0.0,0.0
2025-07-21,NC-SBY-SEL-22,0.999998028904696,2642,8096.984219600004,27184.58464089999,15.964436124734046,20,0.4987859042553194,29,9.433531062269724,8,4.982932984385136,0.0,0.0
2025-07-21,NC-SBY-SEL-23,0.9997812594069884,2087,6293.066800000001,21817.586593000007,11.060341214705884,26,0.6128728991596644,32,9.263572071572602,5,4.074377037317347,0.0,0.0
2025-07-21,NC-SBY-TMR-10,0.999956674698044,3079,6356.119583599994,22305.302307699996,13.983950983391006,11,0.5315769896193772,21,9.257467531264366,12,6.005936328369413,0.0,0.0
2025-07-21,NC-SBY-TMR-11,0.99909477377083,4810,8681.688717700003,28862.9103669,12.647631071428574,26,0.5655612244897964,40,9.293747873934722,11,4.549952130799254,0.0,0.0
2025-07-21,NC-SBY-TMR-12,0.999997436750479,1614,6205.850777,21616.321270300003,17.336095411003228,7,0.4542152103559872,24,9.73882825838854,4,6.247806155339797,0.0,0.0
2025-07-21,NC-SBY-TMR-13,0.9996893390538152,3207,8891.623961799998,30908.99248650001,12.664062967460318,26,0.5609021164021166,33,9.04252576386146,6,4.760092534786114,0.0,0.0
2025-07-21,NC-SBY-TMR-14,0.9999974161814574,6907,7082.5958074,24652.708926799995,13.442371484403672,18,0.5219918449541286,31,9.312518612282714,16,5.2952562711380144,0.0,0.0
2025-07-21,NC-SBY-TMR-8,0.9999562106893158,2874,7291.112970599998,26819.709162500003,12.73611810596026,20,0.5873932119205297,21,9.399437398563252,2,5.253464835761334,0.0,0.0
2025-07-21,NC-SBY-TMR-9,0.999998082825285,2006,6954.063547999999,25945.56004620001,14.0942657898773,17,0.5397147239263804,30,9.406954260663344,2,5.5731899588448055,0.0,0.0
2025-07-21,NC-SBY-UTR-1,0.9997006928302976,2550,6803.657821000004,23901.988193099987,13.157222289385468,41,0.5354909217877096,38,8.807767758709478,28,4.492761694370727,0.0,0.0
2025-07-21,NC-SBY-UTR-2,0.9995792329089886,4451,11470.919508100003,44210.53547940001,12.285931979584124,53,0.5775118147448015,66,9.22172723143624,13,4.310633063184273,0.0,0.0
2025-07-21,NC-SBY-UTR-3,0.999998618945937,2392,7538.345074099996,27118.091922100008,12.994645938226304,29,0.5585619266055047,47,9.294971334643227,12,4.588135020343287,0.0,0.0
2025-07-21,NC-SBY-UTR-4,0.9999979114452798,2068,6817.328668599998,24060.26469530001,13.358713174060156,24,0.5882546992481201,36,9.569839301625212,4,4.79572541501379,0.0,0.0
2025-07-21,NC-SBY-UTR-5,0.99988015000183,2879,8160.648716799999,28734.919836100024,13.258843982506528,29,0.516920779220779,38,9.283118237133202,27,4.92186872606555,0.0,0.0
2025-07-21,NC-SBY-UTR-6,0.9998014629049112,2443,7102.5689990999945,22966.308243300016,13.247232678360657,16,0.5453852459016394,34,9.423644873619605,9,5.239797636531741,0.0,0.0
2025-07-21,NC-SBY-UTR-7,0.994262051612348,4005,9677.326690299991,33097.659694900016,12.952864436464072,42,0.5844861878453038,60,9.300750691680218,18,4.424188204508145,0.0,0.0
2025-07-21,NC-SDA-UTR-24,0.9996310087875124,3607,10093.114818999997,35424.632173499995,11.177722447999995,42,0.6089546666666671,58,9.113426889412152,11,3.3131140021302588,0.0,0.0
2025-07-21,NC-SDA-UTR-25,0.9999813297342846,2535,7813.935663200005,26907.3190813,11.080281143143816,39,0.6278717949832775,58,9.221376660898567,11,3.807471926419714,0.0,0.0
2025-07-21,NC-SDA-UTR-26,0.999822076359166,3214,8463.823833600001,29961.51243000002,13.385704463554225,34,0.5878908132530114,51,9.5837975382289,17,4.5345028675382775,0.0,0.0
2025-07-21,OA_CLUSTER,0.9993061988004388,68823,181794.1904,638705.9558988002,13.270283629237989,629,0.5501649442595975,897,9.265236412148946,251,4.766414463520892,0.0,0.0
2025-07-22,NC-SBY-BRT-15,0.9999812445742662,1311,8308.753813699997,28282.57617419999,12.796984278356163,25,0.5478043378082191,46,9.393566136399103,19,4.586458171011204,0.0,0.0
2025-07-22,NC-SBY-BRT-16,0.9999987867949914,1298,9623.390295300003,35678.96804600001,9.457439904557637,61,0.6438987935656842,84,9.138215351542616,5,3.762044667407669,0.0,0.0
2025-07-22,NC-SBY-BRT-17,0.9628326157445156,3878,8885.4585489,31778.328919200005,11.04966425326086,42,0.6119884510869568,68,8.976933265256111,7,3.717308997497206,0.0,0.0
2025-07-22,NC-SBY-SEL-18,0.996419131513989,1514,9531.1810022,32808.41362490001,12.766850860096149,43,0.5441850961538465,58,9.24312742363058,14,3.924491575533296,0.0,0.0
2025-07-22,NC-SBY-SEL-19,0.9921736050549796,1079,7775.144303400006,26771.31491109997,13.779190112359547,29,0.5134964985994399,37,9.022691695059718,16,4.152868986468123,0.0,0.0
2025-07-22,NC-SBY-SEL-20,0.9993290252744472,2158,8345.511311600001,27656.3132998,13.006210007611545,31,0.5445352144356959,35,9.032781314022326,12,4.378291745966382,0.0,0.0
2025-07-22,NC-SBY-SEL-21,0.9371713655941482,3898,7329.3833571999985,23232.2807413,12.39761021318682,29,0.5671547619047621,35,9.248469770071964,10,4.456826469416944,0.0,0.0
2025-07-22,NC-SBY-SEL-22,0.9999981822967224,1216,8314.153347399999,27851.7984909,15.062227210106371,23,0.5229767287234044,31,9.362820126283616,12,4.764482949765276,0.0,0.0
2025-07-22,NC-SBY-SEL-23,0.9667036250688056,994,6419.0797315999935,22105.317712899978,9.13864583886463,34,0.6766244541484724,50,9.159231351269414,5,3.607561537674438,0.0,0.0
2025-07-22,NC-SBY-TMR-10,0.9998942955192957,1181,6413.736240700002,22637.76624830001,13.837607513494806,13,0.5262854671280277,17,9.259313237212965,16,5.750609332700162,0.0,0.0
2025-07-22,NC-SBY-TMR-11,0.9750343847856604,3434,8800.493304700005,29619.772621100004,12.506396611078715,15,0.5619431486880465,37,9.296387635477474,10,5.6172500965758365,0.0,0.0
2025-07-22,NC-SBY-TMR-12,0.9998726754951046,870,6403.865250099999,22409.516755499983,16.444011176699046,13,0.4676642394822005,26,9.603891110341312,5,5.7785727680277965,0.0,0.0
2025-07-22,NC-SBY-TMR-13,0.9991297428542673,2889,9353.681238099996,31951.658930299986,11.936182617195763,38,0.5784098325396827,46,8.986295338236362,10,4.191304124321536,0.0,0.0
2025-07-22,NC-SBY-TMR-14,0.9999983364480688,5701,7313.086960499999,25410.40111129999,11.89294551620796,26,0.5590519877675844,42,9.093492792430483,14,4.522826953363599,0.0,0.0
2025-07-22,NC-SBY-TMR-8,0.9981526616894336,1720,7377.428750999998,27068.986978300003,11.483885279801328,22,0.5989290841059608,30,9.302509990550243,7,4.893286661710871,0.0,0.0
2025-07-22,NC-SBY-TMR-9,0.9999977987920552,1862,7092.913658799999,26438.88628250001,13.642288772699388,25,0.5447177914110434,26,9.400030197958648,4,5.301410628692746,0.0,0.0
2025-07-22,NC-SBY-UTR-1,0.9999232901502796,1640,6898.267376899996,24308.688155800013,12.785068110335205,35,0.5437548882681565,39,8.8050449850181,28,4.395746343410542,0.0,0.0
2025-07-22,NC-SBY-UTR-2,0.9999545414081256,2130,11568.574902299995,44240.53257589998,11.75853003913044,76,0.5926316950850656,91,9.142984197081676,19,3.608269220848558,0.0,0.0
2025-07-22,NC-SBY-UTR-3,0.9998333459064194,1136,7674.490886700005,27169.2385917,12.521138972445812,34,0.5684217636085623,47,9.2624915395331,17,4.33454281153528,0.0,0.0
2025-07-22,NC-SBY-UTR-4,0.9999980832441824,1003,6858.716127299994,24135.64226140001,13.19473300225564,22,0.5917500000000001,38,9.63809847172968,3,4.68218251004976,0.0,0.0
2025-07-22,NC-SBY-UTR-5,0.9993768935647508,2366,8279.496193100003,28899.73627530003,12.30377650052082,38,0.5337099566233765,42,9.18340966847836,36,4.50947858614208,0.0,0.0
2025-07-22,NC-SBY-UTR-6,0.986183955935497,2984,7283.926280000006,22435.72774160001,12.635743335197366,23,0.5674237704918036,37,9.308869107152082,8,4.586395287515393,0.0,0.0
2025-07-22,NC-SBY-UTR-7,0.993978382604078,1583,9827.977824199992,32925.382715299995,12.583902047790048,35,0.5836061234806634,53,9.243798682930231,17,4.1490582215875165,0.0,0.0
2025-07-22,NC-SDA-UTR-24,0.9982921459633126,1672,10024.19318440001,35027.92540920001,11.453569656064683,39,0.5991133333333329,66,9.151272230159936,12,3.2521734755607907,0.0,0.0
2025-07-22,NC-SDA-UTR-25,0.9990646260485754,1228,8014.278155799999,27438.8841123,10.504886905351176,49,0.6404673913043477,65,9.196851259418208,12,3.4979529835205176,0.0,0.0
2025-07-22,NC-SDA-UTR-26,0.9999842271247305,1955,8519.312926700002,30304.6851351,12.946437231325302,31,0.5967078313253013,52,9.468238555509672,13,4.355914830554119,0.0,0.0
2025-07-22,OA_CLUSTER,0.992516177112593,47845,185678.71070570004,645817.2491645999,12.565154241242343,732,0.5639308253579884,1015,9.21096533859215,294,4.4673690170372735,0.0,0.0
2025-07-23,NC-SBY-BRT-15,0.999290297939768,10326,8318.7702304,28739.83653379999,12.71067525392953,24,0.548016034417344,44,9.38327043498214,20,4.517098924120761,0.0,0.0
2025-07-23,NC-SBY-BRT-16,0.9999201465075436,2180,9641.4198477,36064.0775132,9.564406868900807,52,0.6474698391420909,83,9.08540026977615,8,3.423492587107376,0.0,0.0
2025-07-23,NC-SBY-BRT-17,0.988639239804438,3994,8836.003413200002,32108.926858799987,11.765578933152172,42,0.6038627717391306,61,9.007917899391796,10,3.921165965981144,0.0,0.0
2025-07-23,NC-SBY-SEL-18,0.9999560129173451,2445,9428.0333195,33580.76770829999,13.749287819230776,41,0.5399921875,50,9.278443593469518,13,4.682166429234343,0.0,0.0
2025-07-23,NC-SBY-SEL-19,0.9950726856835624,20688,7691.079488900004,26685.6554182,13.806622628291306,26,0.5185445845938382,38,9.014102012211792,16,4.571727620008158,0.0,0.0
2025-07-23,NC-SBY-SEL-20,0.9976612461126696,6458,8361.588237600003,27773.4157504,13.365565968503924,42,0.5475708661417321,54,9.022722131765516,15,4.091610417907057,0.0,0.0
2025-07-23,NC-SBY-SEL-21,0.9952875056817436,19664,6996.707384500001,23880.057707900003,11.20523438571428,20,0.6118208179487185,49,9.175341186891815,7,4.3836402082292825,0.0,0.0
2025-07-23,NC-SBY-SEL-22,0.9998727465182984,4919,8237.539673099996,28047.618698699986,15.453372115159574,22,0.5225784574468085,30,9.41966198719524,11,5.14903512030639,0.0,0.0
2025-07-23,NC-SBY-SEL-23,0.9823448034066922,3775,6380.690049000001,22338.69134089999,9.935912249579829,35,0.6476607142857144,49,9.15187525493494,6,3.527955248385485,0.0,0.0
2025-07-23,NC-SBY-TMR-10,0.9999426961926962,1626,6391.731338100004,22824.87528769999,13.025491957439453,19,0.5455536332179934,25,9.186742318997013,20,5.38850073541997,0.0,0.0
2025-07-23,NC-SBY-TMR-11,0.9999372367994817,6281,8599.7820025,29891.978727199992,12.634027455685125,22,0.556933673469388,36,9.190792303082466,12,5.029655463084449,0.0,0.0
2025-07-23,NC-SBY-TMR-12,0.9980872437971952,2165,6344.3351014,22419.670137399982,16.086355254368918,14,0.4788567961165054,25,9.58359659101066,9,5.273403952797424,0.0,0.0
2025-07-23,NC-SBY-TMR-13,0.9999985532407408,2776,9373.644736199996,32752.771367399968,11.901651346560843,45,0.5896402116402124,52,8.959383275260963,7,3.82535142051785,0.0,0.0
2025-07-23,NC-SBY-TMR-14,0.999994230660324,8277,7156.9962337,25257.786564299968,11.934747353211012,32,0.5556253822629968,39,9.114951379632824,11,4.556037821062305,0.0,0.0
2025-07-23,NC-SBY-TMR-8,0.998789559648754,15008,7268.701190899998,27004.557592199995,11.555530618874169,21,0.6006299668874177,37,9.284019844276152,3,4.640922225221191,0.0,0.0
2025-07-23,NC-SBY-TMR-9,0.9999876803567372,5378,7010.532348299999,26672.23827370001,12.659063986196324,28,0.5581526073619636,32,9.312802127574365,4,5.038968202583216,0.0,0.0
2025-07-23,NC-SBY-UTR-1,0.9998565894611812,2225,6790.972317100004,24696.46947630003,13.20821278463687,30,0.53397625698324,29,8.874318896782285,27,4.659791679117323,0.0,0.0
2025-07-23,NC-SBY-UTR-2,0.9999978395061728,3456,11575.316341199989,45363.95284440002,11.210010488279776,75,0.6011127914933841,83,9.085920593297065,17,3.776242544557397,0.0,0.0
2025-07-23,NC-SBY-UTR-3,0.9994804751312952,4414,7651.238242800001,27898.12195729998,12.220895473700306,36,0.5738868501529052,49,9.276893720537457,14,4.293740965189048,0.0,0.0
2025-07-23,NC-SBY-UTR-4,0.9999748856327844,1570,6800.167007499999,24538.3169916,12.498770705263157,18,0.60587969924812,32,9.579090490253494,2,4.930868274048672,0.0,0.0
2025-07-23,NC-SBY-UTR-5,0.9981300892654392,4348,8394.25944700001,29424.2974494,12.505130801298698,43,0.5409863636363638,48,9.180563928951065,35,4.290528915979731,0.0,0.0
2025-07-23,NC-SBY-UTR-6,0.9999867039712284,4446,7138.928551699996,23119.227877799996,12.640379968852455,24,0.5590942622950816,40,9.380759026925048,10,4.915729898127495,0.0,0.0
2025-07-23,NC-SBY-UTR-7,0.9993834732660062,17795,9640.084111300004,33335.41092559998,12.718137955801108,37,0.5862133977900548,67,9.235533616041096,21,3.951788966136315,0.0,0.0
2025-07-23,NC-SDA-UTR-24,0.9997064196171696,14016,10069.308911800006,35621.3910283,10.234336551199998,57,0.6301073333333331,77,9.049242895935526,17,2.962385364615717,0.0,0.0
2025-07-23,NC-SDA-UTR-25,0.9996024870755904,17678,8009.586038800003,27621.44554209998,10.401413449832772,49,0.6455794314381275,71,9.206434390405516,13,3.425314442345501,0.0,0.0
2025-07-23,NC-SDA-UTR-26,0.9994698713782684,3189,8658.5691248,30741.0861281,12.876025348024315,53,0.6145055219879516,70,9.409397486899692,15,3.0634060793699223,0.0,0.0
2025-07-23,OA_CLUSTER,0.998133122287014,154214,184028.5206136,654418.7230024997,12.557973073091324,748,0.567428321509067,1052,9.198003926697682,298,4.443654173280904,0.0,0.0
2025-07-24,NC-SBY-BRT-15,0.9999298386097368,1562,8433.0386907,29270.19627550001,12.931284936856365,34,0.5564627371273714,42,9.405670774823925,19,4.580123490881471,0.0,0.0
2025-07-24,NC-SBY-BRT-16,0.9999988824630516,1414,9518.078723700006,36065.08120070002,9.794204279624669,51,0.6389101876675606,76,9.129557813638709,10,3.5989657562245387,0.0,0.0
2025-07-24,NC-SBY-BRT-17,0.9806380644977604,1876,8849.586870499992,31998.223159199995,12.116177980434772,51,0.6001270380434783,67,8.998138087064497,8,3.5183561756291795,0.0,0.0
2025-07-24,NC-SBY-SEL-18,0.999974351707307,3198,9337.6072966,33267.832865400014,13.494322383373502,37,0.5370805288461539,48,9.22382301039332,16,4.616261214164893,0.0,0.0
2025-07-24,NC-SBY-SEL-19,0.992144151349678,28873,7647.274158099998,26549.773068200004,13.454294889355747,32,0.5283242296918768,36,8.974021471791003,24,4.502489428781722,0.0,0.0
2025-07-24,NC-SBY-SEL-20,0.9950642842683916,4650,8483.850730099999,28107.281677099985,12.13629054406332,46,0.5811450128608925,51,8.942841255457488,16,3.9211942116460015,0.0,0.0
2025-07-24,NC-SBY-SEL-21,0.9900786171792842,3149,7045.460962399998,24580.998116399995,10.911121665925927,23,0.6135388888888884,45,9.136502496654016,7,4.505774145448442,0.0,0.0
2025-07-24,NC-SBY-SEL-22,0.999997875036109,1287,8208.387457199997,28100.138014100008,15.404256078191487,24,0.5166050531914894,30,9.440138883761607,9,5.050323214282793,0.0,0.0
2025-07-24,NC-SBY-SEL-23,0.9999790807483117,1477,6491.8568615,21849.4269033,9.42387229789916,42,0.6599495798319326,56,9.068653922290611,9,2.8605073722899634,0.0,0.0
2025-07-24,NC-SBY-TMR-10,0.9995409744051442,1535,6397.367186200001,22812.0892372,12.851029128027688,24,0.5508762975778546,28,9.165056869830066,15,5.189921829199008,0.0,0.0
2025-07-24,NC-SBY-TMR-11,0.9998784769930688,2611,8596.941070599998,29967.912537699995,12.538360844247784,23,0.5616690962099118,37,9.225183234795722,8,4.9039250278310575,0.0,0.0
2025-07-24,NC-SBY-TMR-12,0.9732315564552406,1725,6426.107016700002,22375.0299003,15.57442075469256,18,0.483662621359223,34,9.529279693900664,13,4.678164355348164,0.0,0.0
2025-07-24,NC-SBY-TMR-13,0.9998722838670262,2620,9274.621997400009,32349.845164999984,11.714619536604774,50,0.5962039240740744,61,8.91719271831084,15,3.726303856225775,0.0,0.0
2025-07-24,NC-SBY-TMR-14,0.9999642951789538,6932,7147.968831899996,24852.149039000004,11.241132124159014,46,0.5850198776758408,58,8.961306160579538,19,3.501010990658813,0.0,0.0
2025-07-24,NC-SBY-TMR-8,0.9971212366212366,1275,7263.125846699999,27268.6245146,10.9680412076923,23,0.620317604966887,33,9.211230061047338,6,4.69624161463683,0.0,0.0
2025-07-24,NC-SBY-TMR-9,0.9999979745000214,1010,6983.968427699999,27168.49908700001,12.735045506441711,21,0.5635966257668715,31,9.299732748159595,4,5.235537991593836,0.0,0.0
2025-07-24,NC-SBY-UTR-1,0.991169873256132,2017,6891.187266900007,24751.40489009998,12.424710156145244,48,0.5555446927374305,49,8.761650341653993,34,3.735687811711103,0.0,0.0
2025-07-24,NC-SBY-UTR-2,0.9998610121236212,2067,11416.1198651,44762.76354239997,11.512331169216075,78,0.5944577822306237,83,9.112218518807833,17,3.88860614500897,0.0,0.0
2025-07-24,NC-SBY-UTR-3,0.9943247534699384,1840,7623.088352700004,27712.71168370004,13.156759429969425,30,0.5597958715596331,57,9.300164562031984,15,4.343236982962563,0.0,0.0
2025-07-24,NC-SBY-UTR-4,0.9999766067961832,997,6797.4392779,24555.967271999994,12.69830549172932,19,0.6018515037593986,42,9.567718804163205,3,4.603791870759228,0.0,0.0
2025-07-24,NC-SBY-UTR-5,0.9972663057815891,2581,8306.196417199997,29588.586985399976,12.223788738541671,36,0.5483000000000001,42,9.1901312263843,32,4.320746860427347,0.0,0.0
2025-07-24,NC-SBY-UTR-6,0.9956976666504448,2356,7267.027442500001,22934.47319970001,12.216452189473689,31,0.5688549180327866,43,9.343702383072555,13,4.492081078750361,0.0,0.0
2025-07-24,NC-SBY-UTR-7,0.9967838596639296,2795,9602.5964036,33118.27289719998,11.91992686991644,43,0.6022444751381217,65,9.19318362982852,23,3.682898385506196,0.0,0.0
2025-07-24,NC-SDA-UTR-24,0.999998824319811,1495,9843.3104269,35596.363117200024,11.182909619199997,49,0.6036900000000001,64,9.171077730770955,8,3.176877534247648,0.0,0.0
2025-07-24,NC-SDA-UTR-25,0.9999986438986812,1050,7916.386255800008,27869.4597641,10.191087729096996,48,0.6448269230769235,66,9.152335611298374,18,3.3409109451634382,0.0,0.0
2025-07-24,NC-SDA-UTR-26,0.9997516845362756,1963,8519.461624600006,30952.071418700005,13.088860916566269,36,0.5999066265060236,54,9.564336547686212,13,4.407377779030171,0.0,0.0
2025-07-24,OA_CLUSTER,0.9958905445513008,79847,184008.8971539,654007.2812312,12.3561181148546,830,0.5736290668208993,1114,9.17064728723014,335,4.257041146843363,0.0,0.0
2025-07-25,NC-SBY-BRT-15,0.9998522407387476,1650,8592.5660764,29700.307817800007,12.370940369376696,30,0.5589378951219509,49,9.44898035412054,19,4.663651964590593,0.0,0.0
2025-07-25,NC-SBY-BRT-16,0.9999988042436386,987,9385.109848300008,35843.983819100016,9.950979730562995,35,0.6296409739946383,62,9.157451822431891,8,4.2512210450827865,0.0,0.0
2025-07-25,NC-SBY-BRT-17,0.9986227334451634,2896,8741.193168199996,32470.13101429998,11.883526946467397,41,0.5933365038043473,67,8.969891249342819,10,3.889401855697624,0.0,0.0
2025-07-25,NC-SBY-SEL-18,0.9938728008029952,6617,9295.960643000006,32818.400733800016,13.461063826442302,29,0.5320951521634618,42,9.227930878994092,12,4.531526732229664,0.0,0.0
2025-07-25,NC-SBY-SEL-19,0.9995221851985908,31711,7663.963376699997,26423.585965899994,13.60795980000001,34,0.5195737627450979,29,9.028963409204463,22,4.439676781119178,0.0,0.0
2025-07-25,NC-SBY-SEL-20,0.9999709566701817,1092,8314.7276251,28556.52502180001,13.757272551706036,25,0.5365509624671919,35,9.110789867262689,13,4.716127639173463,0.0,0.0
2025-07-25,NC-SBY-SEL-21,0.999951625530141,1155,7058.859340399997,25242.784382500016,10.486038949816852,25,0.6243531743589742,43,9.156837595276173,10,4.33049299882914,0.0,0.0
2025-07-25,NC-SBY-SEL-22,0.999195924099192,1467,8315.528495799996,28185.20086199998,14.375129569866669,28,0.5380609484042556,42,9.359308477593116,9,4.664238141492596,0.0,0.0
2025-07-25,NC-SBY-SEL-23,0.9523313308339733,7494,6782.063042599998,21372.6672098,8.806066499579837,46,0.6613858550420167,47,9.036594861065314,11,3.07061980278932,0.0,0.0
2025-07-25,NC-SBY-TMR-10,0.9999835342239926,973,6331.015873499998,23052.309989,13.346564181660913,12,0.5418546712802768,27,9.119366195746572,14,5.584697409144663,0.0,0.0
2025-07-25,NC-SBY-TMR-11,0.9999430470172946,2232,8582.428861000004,30077.710771100003,13.337473631195335,20,0.5492492711370264,32,9.310383495442183,9,5.4535966759839845,0.0,0.0
2025-07-25,NC-SBY-TMR-12,0.999979718322626,800,6275.5977071,22377.69472970002,16.0464304644013,15,0.4714196333333331,23,9.602315946648517,10,5.196666621964738,0.0,0.0
2025-07-25,NC-SBY-TMR-13,0.999998317796758,1695,9286.982331400004,33048.403973500004,12.213698258994706,37,0.5777070105820109,45,9.009071890026586,9,4.295672839675821,0.0,0.0
2025-07-25,NC-SBY-TMR-14,0.9999349513861396,7043,7314.715139600001,25697.999669700013,11.522429510703368,40,0.5642737003058103,55,9.057333590114206,13,4.068110019552675,0.0,0.0
2025-07-25,NC-SBY-TMR-8,0.9918380583743068,1571,7329.5191059,27168.619914800005,11.328393074172189,25,0.6114564016556285,34,9.19859322367417,6,4.762294610450694,0.0,0.0
2025-07-25,NC-SBY-TMR-9,0.9997855958687109,780,7018.573737400003,27194.631258399982,13.60091458190183,21,0.5424785279141101,27,9.371990401283304,5,5.429081062423566,0.0,0.0
2025-07-25,NC-SBY-UTR-1,0.9991971807475992,1987,6785.567087600007,24533.669887400018,13.07488146173184,37,0.5334553072625703,37,8.817424238718102,26,4.424278134134597,0.0,0.0
2025-07-25,NC-SBY-UTR-2,0.99998950980129,1523,11409.228498699997,44764.74901100007,12.001908759962046,59,0.5842333018903597,74,9.152546043734729,17,3.953988932951432,0.0,0.0
2025-07-25,NC-SBY-UTR-3,0.9999667388544754,981,7566.684264600009,27852.042121099992,13.158125862079505,26,0.5574734963302748,39,9.304713044400616,14,4.695845597195776,0.0,0.0
2025-07-25,NC-SBY-UTR-4,0.9999768812996804,992,6762.118827599997,24427.6987006,13.405183413533836,13,0.5821948620300759,30,9.655128260015958,3,5.074675253185605,0.0,0.0
2025-07-25,NC-SBY-UTR-5,0.9999914996298226,1910,8544.744699899995,30094.708298499994,12.11235126597404,34,0.5569731599999999,43,9.299787180170412,32,4.465441172529547,0.0,0.0
2025-07-25,NC-SBY-UTR-6,0.9989775804491564,1220,7263.7049801,23185.841944600023,12.72189309026846,20,0.5620415298360651,33,9.41791509659649,7,5.262567784092927,0.0,0.0
2025-07-25,NC-SBY-UTR-7,0.9904305578419058,2176,9951.097686900002,33027.2517783,12.519222103314918,38,0.5882575966850823,52,9.211671842268355,15,4.348560841755704,0.0,0.0
2025-07-25,NC-SDA-UTR-24,0.9999987508240268,1111,9896.0830073,35553.30634430001,11.265110763999996,56,0.6052433333333341,66,9.11230619043173,8,3.145830007018089,0.0,0.0
2025-07-25,NC-SDA-UTR-25,0.9998782478360838,894,7966.729457700001,28177.50938929998,10.683882522033894,45,0.6235289856187289,64,9.188806550961688,10,3.5133908016449023,0.0,0.0
2025-07-25,NC-SDA-UTR-26,0.9992454653666328,2668,8504.388881399997,30151.42597809999,12.688348990740742,49,0.6149836852409636,63,9.399753193238306,16,3.1790853914637744,0.0,0.0
2025-07-25,OA_CLUSTER,0.99728372850596,80952,184571.9504178,657116.9188747001,12.609894788522933,690,0.5644570431244506,967,9.212253695700747,294,4.572982257136178,0.0,0.0
2025-07-26,NC-SBY-BRT-15,0.9999005580923388,1201,8630.125179399993,30157.9923354,12.813953691280648,16,0.5427005420054201,27,9.604204101636237,18,5.550094152413009,0.0,0.0
2025-07-26,NC-SBY-BRT-16,0.997427651212748,495,9215.123642499992,37093.232209,11.967477590322591,15,0.5788652815013405,25,9.332328270238504,3,5.584813554967904,0.0,0.0
2025-07-26,NC-SBY-BRT-17,0.999872024708132,1238,8636.478746599994,33434.229306700014,13.258577655978256,27,0.5495047554347828,37,9.10171875368495,7,4.7513620256952525,0.0,0.0
2025-07-26,NC-SBY-SEL-18,0.99940604712487,1964,9118.004962100003,34115.56316439998,15.08017699491526,32,0.5040476762019228,41,9.32479250212229,12,4.854339407820096,0.0,0.0
2025-07-26,NC-SBY-SEL-19,0.999719309653472,32441,7040.7424078999975,26285.04675669998,15.110039874647889,22,0.4813237627450976,24,9.134567058476266,17,5.421102585139535,0.0,0.0
2025-07-26,NC-SBY-SEL-20,0.999997236958444,347,7288.240235500004,26985.32429799999,15.86131423569556,18,0.4811587926509192,24,9.23593257411652,13,5.2734033045356,0.0,0.0
2025-07-26,NC-SBY-SEL-21,0.9999989401031968,354,6497.395603800001,25017.4857435,12.88272812279412,9,0.5621739926739926,24,9.268596264269046,10,5.983215605563259,0.0,0.0
2025-07-26,NC-SBY-SEL-22,0.999882196857762,712,8158.012664400001,28482.0240814,15.366652358399998,24,0.5062666223404256,36,9.460033913164976,11,4.353073342722725,0.0,0.0
2025-07-26,NC-SBY-SEL-23,0.9925753978721532,2673,6251.757984700001,22517.5169299,9.653313117543856,34,0.6464495798319327,44,9.018043475987865,4,3.331865375189336,0.0,0.0
2025-07-26,NC-SBY-TMR-10,0.9999963173400672,649,6360.7956993,23359.847611600017,13.136000344982708,26,0.5417820069204149,30,8.895124850882933,24,5.313406770852224,0.0,0.0
2025-07-26,NC-SBY-TMR-11,0.9999978066623476,1526,7799.290451099995,29111.60855519997,15.223254437900868,15,0.4970364431486881,26,9.438680121570748,6,6.114563518196659,0.0,0.0
2025-07-26,NC-SBY-TMR-12,0.9999469989811818,383,5680.430898700001,21581.9566147,19.513232385760517,7,0.4097071197411004,18,9.801242152640016,11,7.721948740264146,0.0,0.0
2025-07-26,NC-SBY-TMR-13,0.9999986790458936,1217,8593.877991499998,32651.90179889999,14.745289938095246,11,0.5110945767195763,18,9.209337109413331,7,5.975837471403818,0.0,0.0
2025-07-26,NC-SBY-TMR-14,0.9995370781198112,6289,7491.552622700003,26832.307063699995,12.017302367177908,29,0.5553154944954128,40,8.930640755582917,15,3.954329580576853,0.0,0.0
2025-07-26,NC-SBY-TMR-8,0.9982145356547696,744,7370.334287100001,28689.919053500005,10.771432416610171,32,0.601280904966887,24,9.24485929637591,9,4.451257050385878,0.0,0.0
2025-07-26,NC-SBY-TMR-9,0.9994562980570324,1058,7047.243331199999,28522.934829900005,13.938700662229094,14,0.5250388549079751,14,9.380911461275227,7,6.337927327317735,0.0,0.0
2025-07-26,NC-SBY-UTR-1,0.9997268788467768,891,5696.992859199995,22407.45689549998,16.65239168207283,14,0.4425509776536316,10,9.191978029754878,19,6.472568914720496,0.0,0.0
2025-07-26,NC-SBY-UTR-2,0.9999911596119928,1456,11467.8656497,47331.56764070002,14.47263749523809,33,0.5245053559546307,51,9.325769739252436,18,5.098823370726135,0.0,0.0
2025-07-26,NC-SBY-UTR-3,0.9999983364438294,448,6972.090022599999,27335.05134390001,15.40920161284402,13,0.4903409785932719,20,9.490337911460731,11,5.974591290156526,0.0,0.0
2025-07-26,NC-SBY-UTR-4,0.9999981290015164,390,6422.805858299999,24283.510235400005,14.708324069083965,8,0.5391127819548875,20,9.761234779899452,4,5.823098339555499,0.0,0.0
2025-07-26,NC-SBY-UTR-5,0.9999216884829852,1022,8403.392415899998,29930.19118760001,12.356032713350784,47,0.5500448051948049,59,9.34737891733362,46,3.871115350216415,0.0,0.0
2025-07-26,NC-SBY-UTR-6,0.999803910527708,476,6050.131856800003,21411.7274908,16.336728152083325,11,0.4774538252459017,8,9.714288405415628,7,7.134973974075533,0.0,0.0
2025-07-26,NC-SBY-UTR-7,0.993927609068196,970,8846.2581332,32638.1855435,14.68465023519553,19,0.5280296958563534,27,9.41009902872461,14,6.048908376077421,0.0,0.0
2025-07-26,NC-SDA-UTR-24,0.9999987654317558,426,9540.090520899992,36037.17637910002,13.11232731893333,35,0.5563653333333336,52,9.32632135832336,3,4.5424211647492,0.0,0.0
2025-07-26,NC-SDA-UTR-25,0.999027274557166,482,7627.246032,28324.5651844,12.41162129966555,19,0.579554347826087,33,9.32785238203768,8,4.342120196711145,0.0,0.0
2025-07-26,NC-SDA-UTR-26,0.9923998960487712,1426,8297.868921699997,31042.442376399995,14.694629422188456,22,0.5436345382530118,27,9.653368987892796,5,4.996236082354003,0.0,0.0
2025-07-26,OA_CLUSTER,0.9991860153974754,58944,175038.94350419994,660176.5806898999,14.24888176676552,476,0.5215045618383078,647,9.331413761192834,293,5.438614632207539,0.0,0.0
2025-07-27,NC-SBY-BRT-15,0.9999979705742784,800,8145.4934576,29951.048985599995,13.648567777777776,18,0.5275503612466124,34,9.769730889166196,19,5.593701062196836,0.0,0.0
2025-07-27,NC-SBY-BRT-16,0.9964023650395848,487,9023.783011900005,38523.68572720003,11.23261550080429,14,0.5925140750670244,27,9.26679022536296,4,5.463407762184802,0.0,0.0
2025-07-27,NC-SBY-BRT-17,0.9999662527677132,567,8320.115608900005,34043.5704355,12.711134364945668,32,0.5612072010869568,42,9.087181651950916,9,4.55643686773631,0.0,0.0
2025-07-27,NC-SBY-SEL-18,0.9999977185719372,795,8576.833775499998,34548.35084410002,15.236473362980757,21,0.4931346153846151,39,9.310865478748203,12,5.255901676503424,0.0,0.0
2025-07-27,NC-SBY-SEL-19,0.9998384674290312,9834,6593.301891699994,26183.60816100001,16.183596224089634,15,0.4717577030812324,28,9.098227452694294,15,4.91127782079676,0.0,0.0
2025-07-27,NC-SBY-SEL-20,0.9960192841969148,310,6529.115709599999,26087.60043800001,17.766801126246715,13,0.4343849519685042,16,9.328411925236193,12,5.742142636485543,0.0,0.0
2025-07-27,NC-SBY-SEL-21,0.9999986433319766,279,6129.494806299997,24952.73017269999,13.429578907692298,14,0.5496913919413919,31,9.27337856421659,5,5.559444192735291,0.0,0.0
2025-07-27,NC-SBY-SEL-22,0.9996388330363882,1080,7745.999318000005,28413.251053300013,15.673959781648938,29,0.5075811170212763,40,9.491917569642714,12,4.016484554355738,0.0,0.0
2025-07-27,NC-SBY-SEL-23,0.9999479652491507,2816,6103.291140900001,23851.9850888,11.86509676638656,20,0.5859891457983193,25,9.279824628931689,6,4.694387638379789,0.0,0.0
2025-07-27,NC-SBY-TMR-10,0.999998624061124,573,6058.186921300002,23538.788086299995,12.558225173010374,24,0.5499602076124567,28,8.955287316108313,22,4.941165615537902,0.0,0.0
2025-07-27,NC-SBY-TMR-11,0.9999562682215744,1454,7101.999376700003,28079.0859855,15.996828379591824,5,0.4715413023323612,16,9.497686778627113,8,7.03567388457773,0.0,0.0
2025-07-27,NC-SBY-TMR-12,0.999997378041472,432,5498.293029000001,21870.610396099997,18.344423341423955,9,0.4244822006472492,22,9.711090024240256,17,7.013239663848959,0.0,0.0
2025-07-27,NC-SBY-TMR-13,0.999998710497182,1277,7829.961496399998,31648.24534740001,15.191554580687828,14,0.5006521164021164,23,9.189121440604284,9,5.245689266453352,0.0,0.0
2025-07-27,NC-SBY-TMR-14,0.9999980532902932,6133,6857.210633199999,26533.64041279999,12.659175746177366,26,0.5394663608562693,36,8.976773198225754,12,4.194458432355242,0.0,0.0
2025-07-27,NC-SBY-TMR-8,0.963496730199112,1112,7451.988325500001,29655.40778460001,11.446943728903651,18,0.5995656731788084,30,9.28048155860446,10,4.6066459719591615,0.0,0.0
2025-07-27,NC-SBY-TMR-9,0.9998498166437252,1179,6947.2900488000005,28477.93959629999,13.917502137116571,14,0.5305636503067487,29,9.35034471076476,4,5.719573513325276,0.0,0.0
2025-07-27,NC-SBY-UTR-1,0.999691516013271,1053,5077.765780799998,21560.499462100008,19.616994909776537,10,0.3805621508379886,12,9.476379892925005,10,7.029011135182503,0.0,0.0
2025-07-27,NC-SBY-UTR-2,0.999742967372134,4733,12100.027522900013,50911.68919129998,12.341427230245737,56,0.5645070888468806,64,9.047999924800544,19,3.23537051300215,0.0,0.0
2025-07-27,NC-SBY-UTR-3,0.99999858421453,634,6470.993837499995,27124.645059400016,16.739398962385327,11,0.4663440366972478,24,9.535510413592933,8,5.873031276904428,0.0,0.0
2025-07-27,NC-SBY-UTR-4,0.9999854236627648,1209,6036.815699399994,24088.89908840001,16.24102688233082,7,0.5127932330827065,20,9.842912904853575,0,5.879495895844123,0.0,0.0
2025-07-27,NC-SBY-UTR-5,0.9999985870623612,819,7832.0086409,29661.613652799977,14.119360960259757,31,0.504788311688312,44,9.67757017423476,22,4.6751667027164325,0.0,0.0
2025-07-27,NC-SBY-UTR-6,0.9999903885281176,512,5526.724023600004,20514.7112236,17.90996913486842,3,0.4157584698360658,8,9.92270622683212,6,8.736504264634235,0.0,0.0
2025-07-27,NC-SBY-UTR-7,0.9971558151729076,839,8271.4702667,32773.4664771,14.949928417955803,17,0.516360267127072,26,9.481316271426904,16,6.200132130807734,0.0,0.0
2025-07-27,NC-SDA-UTR-24,0.9998391666666666,587,9141.442054100004,36776.54466600003,12.75373833519999,29,0.5586133333333336,47,9.309401419932858,1,4.413327930513864,0.0,0.0
2025-07-27,NC-SDA-UTR-25,0.9999988387216648,282,7022.540796399998,28105.883171200006,13.298901653846151,26,0.5549841137123742,37,9.270372556042656,14,2.9692511875923024,0.0,0.0
2025-07-27,NC-SDA-UTR-26,0.999966847762589,1874,7956.716605799993,32028.9839077,15.3069182623494,15,0.5365376506024099,26,9.752914455689387,9,5.9681243731449545,0.0,0.0
2025-07-27,OA_CLUSTER,0.9980593970830374,38927,166228.16432309998,662995.0726699,14.768173714732177,421,0.508294714291584,664,9.375198757936552,257,5.416729728510357,0.0,0.0
2025-07-28,NC-SBY-BRT-15,0.999998065701769,941,8182.580000299997,28174.655570700004,13.780260995934963,19,0.5252811653116533,41,9.420169018735416,14,4.956913818677344,0.0,0.0
2025-07-28,NC-SBY-BRT-16,0.9999988208682246,490,9374.539980799997,35143.10508299999,9.890457784450406,41,0.6336856568364607,66,9.129711577401094,6,3.7474294463890185,0.0,0.0
2025-07-28,NC-SBY-BRT-17,0.9999908476751208,816,8409.078295999996,31003.736754000016,13.210971535326086,28,0.5616800271739131,46,9.104372871533323,4,4.441938499613251,0.0,0.0
2025-07-28,NC-SBY-SEL-18,0.9999919593332568,1060,9168.2216968,31804.878236199987,14.449786530288463,32,0.5149044471153842,44,9.293536075055124,11,4.679057441050031,0.0,0.0
2025-07-28,NC-SBY-SEL-19,0.9999148320693566,576,7551.324845399996,25923.431197800004,14.13091506358544,20,0.498717086834734,34,9.051141241961083,18,4.263382815580259,0.0,0.0
2025-07-28,NC-SBY-SEL-20,0.97974507212157,1900,8151.128880100005,26910.36484100001,13.718469998670203,22,0.5298698047745363,35,9.14214719635759,13,4.874582002007972,0.0,0.0
2025-07-28,NC-SBY-SEL-21,0.999974223317392,819,6953.105100000002,24252.685457799987,11.206148717216116,13,0.600828754578754,33,9.206773694795906,9,4.938124389672379,0.0,0.0
2025-07-28,NC-SBY-SEL-22,0.999998060725816,550,8173.1413822,27032.207274199995,15.348237939627651,21,0.5130660460106388,31,9.358367488780829,18,5.165452705279315,0.0,0.0
2025-07-28,NC-SBY-SEL-23,0.9999780676404668,2151,6219.003386699999,21862.58963290001,10.629289015966387,26,0.6157447478991598,29,9.210993502305016,3,4.191627478940281,0.0,0.0
2025-07-28,NC-SBY-TMR-10,0.9999953865578866,644,6347.349091499999,22131.42590420002,13.738370652249138,8,0.5254930795847752,17,9.243398208118448,15,6.144375549289191,0.0,0.0
2025-07-28,NC-SBY-TMR-11,0.999996524403412,1737,8409.967441399998,28809.838418800005,13.616613261516047,13,0.5356362973760933,23,9.294896529278212,7,6.008648757572511,0.0,0.0
2025-07-28,NC-SBY-TMR-12,0.999997939889728,385,6214.853955800006,21513.0813337,17.15723049482201,9,0.4599069579288025,18,9.716640504065795,1,6.518932614000428,0.0,0.0
2025-07-28,NC-SBY-TMR-13,0.9999983645344,1600,9041.0353253,31097.16261669999,12.41209875,34,0.5682645502645505,39,9.039689621223436,7,4.390637146015711,0.0,0.0
2025-07-28,NC-SBY-TMR-14,0.9999979468445124,5612,7071.7116442,24481.572424299982,12.822675277064222,16,0.5296422018348621,36,9.224818446347662,11,5.381225660245323,0.0,0.0
2025-07-28,NC-SBY-TMR-8,0.9824421159145236,999,7334.4755383999955,25334.923297700003,11.674589493355478,37,0.6017417215231788,51,9.32819683771696,7,3.918353252827679,0.0,0.0
2025-07-28,NC-SBY-TMR-9,0.9988683313964491,869,6905.025822199997,25820.609440600023,13.558204425460117,28,0.5462533230061352,31,9.338459289446655,8,4.934649521013791,0.0,0.0
2025-07-28,NC-SBY-UTR-1,0.9998555436320656,1318,6852.7073979000015,24116.61082980002,12.950404826815648,40,0.5358896648044691,34,8.784510782453523,29,4.549622699872549,0.0,0.0
2025-07-28,NC-SBY-UTR-2,0.999969700002236,1257,11270.751712600002,43599.07593900002,12.30381184676808,47,0.5671315376181469,60,9.226437113068997,12,4.34033428138956,0.0,0.0
2025-07-28,NC-SBY-UTR-3,0.9999982302596436,491,7418.605059799998,26786.280254499983,13.405221473088687,24,0.5486269113149845,47,9.347535545202565,14,4.890646378829882,0.0,0.0
2025-07-28,NC-SBY-UTR-4,0.9999979984636904,497,6678.633578,23810.40191000002,13.631604896240598,13,0.5757669172932331,24,9.680257502331193,2,5.630468182856315,0.0,0.0
2025-07-28,NC-SBY-UTR-5,0.9999981661840124,852,8178.990344900008,28423.62320079997,12.81729636571428,39,0.5320045454545458,41,9.225286647755228,32,4.537142186126975,0.0,0.0
2025-07-28,NC-SBY-UTR-6,0.9993695531903368,648,7114.2113916,22584.984545700005,12.952154718211911,17,0.5459008196721313,30,9.443201732976627,7,4.884628846899219,0.0,0.0
2025-07-28,NC-SBY-UTR-7,0.999883012328627,723,9608.370811299998,32550.830596499967,13.488732038121537,28,0.5604848066298339,46,9.301556923628084,13,4.755444805790687,0.0,0.0
2025-07-28,NC-SDA-UTR-24,0.9999989189117396,439,9777.46509719999,34319.049169300015,12.157126078133333,42,0.5833580000000003,50,9.239952516554364,7,3.481053906722718,0.0,0.0
2025-07-28,NC-SDA-UTR-25,0.9999982580835086,375,7789.879922399999,26914.737352500008,11.256057964214047,35,0.6175903010033444,60,9.252582720094942,7,3.854631031302209,0.0,0.0
2025-07-28,NC-SDA-UTR-26,0.9999411439584456,1301,8247.392467200001,29192.39780940003,14.776300130421694,19,0.5570715361445785,32,9.6616533195504,8,5.257063009472876,0.0,0.0
2025-07-28,OA_CLUSTER,0.998273458364682,26935,180628.8126832,633168.0747598999,13.195608850100538,575,0.5477077530160329,856,9.256346276800308,261,4.841960025404591,0.0,0.0
2025-07-29,NC-SBY-BRT-15,0.9999907724549216,903,8255.641786299997,28698.302130300024,13.383789452303528,20,0.5312346430894307,36,9.515971776732991,17,5.208250850724685,0.0,0.0
2025-07-29,NC-SBY-BRT-16,0.9999912386171927,986,9406.60987870001,35404.66689909999,10.839754025469167,33,0.6174865951742627,50,9.269700983432973,7,4.207580967219845,0.0,0.0
2025-07-29,NC-SBY-BRT-17,0.9999601197665056,812,8429.5311327,31444.175369600038,12.63947063641304,30,0.5762853260869563,46,9.039694236254874,10,4.48467178621922,0.0,0.0
2025-07-29,NC-SBY-SEL-18,0.999997635105057,790,9242.1923962,32723.041847399996,13.999610412019234,33,0.5243521634615385,45,9.265553730744069,11,4.602605358349762,0.0,0.0
2025-07-29,NC-SBY-SEL-19,0.9998930071059432,579,7744.4671788999985,26982.56556859999,13.642953912605057,28,0.528678804761905,38,9.049614255962734,23,4.5182094940410655,0.0,0.0
2025-07-29,NC-SBY-SEL-20,0.9785136678455644,575,8130.013294200003,27429.7156474,13.377555089999994,22,0.5426346492105262,41,9.116468947513248,7,4.818110297334465,0.0,0.0
2025-07-29,NC-SBY-SEL-21,0.9997995520955965,875,7024.336412800001,24734.53398049998,10.708791199267395,28,0.6196666666666666,57,9.121490369015746,4,4.073151540874203,0.0,0.0
2025-07-29,NC-SBY-SEL-22,0.9999977221237196,577,8291.713057500003,27787.0290364,14.857786942021274,24,0.533059618882979,39,9.304978864873146,17,4.579352551004701,0.0,0.0
2025-07-29,NC-SBY-SEL-23,0.9999264706061142,2326,6270.700029600003,22534.838347800003,9.811041994117652,24,0.637629201680672,42,9.163631421972983,5,3.983522268852083,0.0,0.0
2025-07-29,NC-SBY-TMR-10,0.999998117038347,842,6567.904013399995,23178.740045999988,11.787795579151942,23,0.5746427335640137,25,9.04040383681674,10,4.957873564212792,0.0,0.0
2025-07-29,NC-SBY-TMR-11,0.9999211073318216,2119,8546.310807399997,29297.54424849999,13.178863520991248,18,0.5541246355685129,28,9.266127983956274,11,5.46989549171488,0.0,0.0
2025-07-29,NC-SBY-TMR-12,0.9999731231640472,658,6348.119492899999,22379.539619599986,15.956913284142392,19,0.4818834951456307,29,9.590652227648045,8,5.339936202568066,0.0,0.0
2025-07-29,NC-SBY-TMR-13,0.9999981464990472,1156,9183.2106663,32262.105461799987,11.904368498412689,43,0.5844517195767193,44,8.980361853851504,11,4.052183603673323,0.0,0.0
2025-07-29,NC-SBY-TMR-14,0.9990421265682417,7014,7114.2023495000085,25313.2490193,12.456712315290526,28,0.5489495412844033,44,9.1588829245644,15,4.671390690592505,0.0,0.0
2025-07-29,NC-SBY-TMR-8,0.9990287272978384,1627,7149.308514799999,26756.00172350001,12.043149009634554,19,0.5870836092715231,21,9.40739484323875,4,5.173189708070513,0.0,0.0
2025-07-29,NC-SBY-TMR-9,0.9999913726993864,640,6929.1804575,26349.122715499994,13.9140388785276,16,0.5408980061349693,35,9.395239020327413,4,5.411875268633759,0.0,0.0
2025-07-29,NC-SBY-UTR-1,0.999997590374694,1537,6828.935297199999,24349.9230333,13.10712266536313,42,0.5320153631284918,39,8.834691384774159,28,4.051049556102487,0.0,0.0
2025-07-29,NC-SBY-UTR-2,0.9999972883605056,1230,11249.826096100009,43828.86319309994,12.73508310415879,59,0.5676012916824195,67,9.239459548579836,17,4.2585282326296525,0.0,0.0
2025-07-29,NC-SBY-UTR-3,0.9999986550014708,671,7464.815702699993,27341.264588700025,13.04839639266054,28,0.5545152905198775,42,9.316234376479992,11,4.664766706913546,0.0,0.0
2025-07-29,NC-SBY-UTR-4,0.999978809871902,594,6717.239719800005,24405.948673800016,13.254882968421052,14,0.5915949248120298,29,9.657521535714569,2,5.446956330504366,0.0,0.0
2025-07-29,NC-SBY-UTR-5,0.9988986592111592,1033,8246.343136600006,29004.35013380002,12.437115540259732,47,0.5429023810389614,49,9.2023975729708,28,4.034486137379689,0.0,0.0
2025-07-29,NC-SBY-UTR-6,0.999989467594218,790,7157.604194299996,23401.703948600025,12.899535211475406,16,0.5438434426229507,27,9.435564028533053,9,5.073282501980286,0.0,0.0
2025-07-29,NC-SBY-UTR-7,0.9994256127599206,1226,9811.5369418,33696.205720499995,12.71117556740332,42,0.5882810776243094,56,9.216930619530958,18,3.9622714249614193,0.0,0.0
2025-07-29,NC-SDA-UTR-24,0.999949351851852,675,9708.675409799996,34873.442052700004,12.40895896693334,39,0.5799784445333332,60,9.308175479484468,8,3.550474060209805,0.0,0.0
2025-07-29,NC-SDA-UTR-25,0.9999984495791112,454,7878.588756000002,27758.47195540001,10.914869717114094,52,0.6322015050167223,64,9.21641491480703,9,3.50695357207468,0.0,0.0
2025-07-29,NC-SDA-UTR-26,0.9990705758296728,1896,8296.677938199995,29816.671126599995,13.324799476204811,32,0.5794234436746982,44,9.589490949380494,11,4.583107055976575,0.0,0.0
2025-07-29,OA_CLUSTER,0.9987932232365392,29560,182109.7425572,649303.4309531,12.87392062500055,656,0.5591662295265709,929,9.236778692534676,277,4.630930869467986,0.0,0.0
2025-07-30,NC-SBY-BRT-15,0.9940835606097752,919,8435.119831900005,28449.571520399997,12.583910379619557,39,0.5540704607046071,46,9.37459118605249,20,3.765388285977346,0.0,0.0
2025-07-30,NC-SBY-BRT-16,0.999998014100507,514,9436.698674200004,35458.81363470006,10.60738019597855,49,0.6191950402144774,66,9.232856966339911,4,3.871881591790896,0.0,0.0
2025-07-30,NC-SBY-BRT-17,0.9999732702588362,619,8590.154535800002,31021.803499099995,12.50109255000001,38,0.5791895380434785,57,9.044824984255031,9,3.935700611534968,0.0,0.0
2025-07-30,NC-SBY-SEL-18,0.9999977742202398,741,9280.389966500004,32297.030073199967,13.576596615624997,29,0.5286959134615385,43,9.21870786410225,11,4.518381407210966,0.0,0.0
2025-07-30,NC-SBY-SEL-19,0.99983012444957,673,7726.7193472,26547.36135530001,13.978639966386554,23,0.5152745098039219,33,9.025689270734858,26,4.564733886332561,0.0,0.0
2025-07-30,NC-SBY-SEL-20,0.9897024346507036,597,8224.408181399995,27501.08119070001,14.345953204986872,16,0.5257338146981629,32,9.1991753761157,13,5.038129848835961,0.0,0.0
2025-07-30,NC-SBY-SEL-21,0.9965235467464304,1823,7162.2340749,25108.73642700001,10.199606735897431,41,0.6388800366300365,65,9.069700716771113,8,3.648251475174507,0.0,0.0
2025-07-30,NC-SBY-SEL-22,0.9999885798463284,575,8408.8664553,28068.81261030001,14.232522706382976,21,0.5482812500000002,43,9.293373534396284,12,4.897825436943174,0.0,0.0
2025-07-30,NC-SBY-SEL-23,0.9999984924504838,1943,6358.447839600003,22311.83665589999,9.180590477731087,46,0.6592605042016801,54,9.027920645853598,5,2.7958147855179973,0.0,0.0
2025-07-30,NC-SBY-TMR-10,0.9949474145486416,813,6634.4084083,23260.8877286,11.807352329411762,27,0.5964134948096883,37,8.997818743962828,13,4.55324480907017,0.0,0.0
2025-07-30,NC-SBY-TMR-11,0.9999979416369722,1717,8791.138850399999,30078.78921649999,11.4304259819242,46,0.596247084548105,61,9.065990149474937,9,3.9924341523571103,0.0,0.0
2025-07-30,NC-SBY-TMR-12,0.999997452953428,474,6446.523531399999,22670.274013400005,15.637486742071184,19,0.4915177993527508,29,9.566277044044853,11,5.157020571314518,0.0,0.0
2025-07-30,NC-SBY-TMR-13,0.9999982853223592,1673,9352.506044599995,32414.94069899996,10.65919027460318,57,0.6127579365079356,65,8.882366122600839,13,3.613521296989342,0.0,0.0
2025-07-30,NC-SBY-TMR-14,0.9992958216331592,6181,7318.267274899997,25630.659082500017,10.602569300305817,53,0.60185626911315,63,8.99772788959854,26,3.76496531318002,0.0,0.0
2025-07-30,NC-SBY-TMR-8,0.9968414175963208,940,7269.553307,26692.01353230001,11.188334446464642,34,0.6166556291390728,42,9.23570566040378,6,4.292801378103223,0.0,0.0
2025-07-30,NC-SBY-TMR-9,0.9999977632924336,346,7097.593067900007,26991.38302469998,12.281506638036804,39,0.5812661042944788,48,9.27466654201658,5,3.945079000019444,0.0,0.0
2025-07-30,NC-SBY-UTR-1,0.999919892195276,1496,6825.997128900003,24180.9334876,13.589680057262573,32,0.5290472533519549,34,8.862685991668812,24,4.63586227957511,0.0,0.0
2025-07-30,NC-SBY-UTR-2,0.9999718253564516,1127,11232.407630599995,43659.2609627,12.952310392249537,48,0.563791115311909,59,9.25424242084374,12,4.366638459287447,0.0,0.0
2025-07-30,NC-SBY-UTR-3,0.9999981594732216,567,7460.291878699998,27112.793301199992,13.455691850458706,25,0.543768348623853,39,9.386185118185148,11,4.733002670036396,0.0,0.0
2025-07-30,NC-SBY-UTR-4,0.9987229355054188,975,6962.688132099996,24268.019315299985,11.589302236821707,21,0.6073330203007518,38,9.566523129397176,4,4.824157662291625,0.0,0.0
2025-07-30,NC-SBY-UTR-5,0.9952360583589558,974,8447.205162999997,28703.0085012,12.197623541361253,52,0.5412926407792209,47,9.203795477274118,37,3.979644094518476,0.0,0.0
2025-07-30,NC-SBY-UTR-6,0.9998488810620656,1097,7213.950639399996,23167.65985300001,12.392783879016392,28,0.5657434426229508,39,9.338991872128148,9,4.764346301686845,0.0,0.0
2025-07-30,NC-SBY-UTR-7,0.9994074839711018,805,10068.703387499996,33710.39511060002,11.55930610939226,43,0.6095170350828722,66,9.10958170916,21,3.6973061288989753,0.0,0.0
2025-07-30,NC-SDA-UTR-24,0.9999983940364396,713,9832.64673520001,34698.47295299998,11.80903866239999,47,0.596890666666667,60,9.243169647866916,8,3.233181564998083,0.0,0.0
2025-07-30,NC-SDA-UTR-25,0.9999843352310192,413,8048.336685699997,27965.32270610001,9.92714712575251,69,0.6624506688963212,90,9.101082462495096,11,2.936194573859684,0.0,0.0
2025-07-30,NC-SDA-UTR-26,0.9999726530133276,2124,8609.757376899996,30505.944781999988,11.931946106927713,51,0.6216370481927712,74,9.431131201427398,15,3.62331996053973,0.0,0.0
2025-07-30,OA_CLUSTER,0.9984606007175691,27589,184744.2733515,649306.0647952001,12.385155607155973,826,0.571980286788411,1106,9.182510335520986,309,4.248056423307698,0.0,0.0
2025-07-31,NC-SBY-BRT-15,0.9999977803145612,950,8510.8916697,28458.31240310003,12.803598782655817,23,0.54614972899729,38,9.447081371306307,18,5.036117220727236,0.0,0.0
2025-07-31,NC-SBY-BRT-16,0.9999981071878424,428,9477.359213299997,35238.25417820001,10.402941080428954,36,0.6182124664879348,49,9.227779145369311,4,4.204042615797177,0.0,0.0
2025-07-31,NC-SBY-BRT-17,0.9998302630308944,610,8615.4821001,31822.8897177,12.214149557493185,34,0.5798349184782607,48,9.030401887010443,7,4.318664794528913,0.0,0.0
2025-07-31,NC-SBY-SEL-18,0.999997409607848,755,9381.98248849999,32130.111357200018,13.805033505314006,34,0.5184332932692313,43,9.257791614519594,14,4.387761677609316,0.0,0.0
2025-07-31,NC-SBY-SEL-19,0.9988380711430314,426,7776.278439200006,25982.30652469998,13.197760403380272,29,0.5207710084033615,31,9.088778760415988,15,4.542223016633445,0.0,0.0
2025-07-31,NC-SBY-SEL-20,0.99999714485776,455,8329.791699199995,27873.26900960001,14.153947306824136,23,0.5295459317585302,37,9.156441491616093,13,4.936971348781007,0.0,0.0
2025-07-31,NC-SBY-SEL-21,0.9996907643775488,952,7113.3662001,25042.9722564,10.893387135164842,22,0.6161272893772891,44,9.156335468868416,8,4.39618694178987,0.0,0.0
2025-07-31,NC-SBY-SEL-22,0.9999980299448384,792,8355.132687000005,27410.757965899986,15.196659847074468,25,0.5228051861702123,36,9.391322783469803,16,4.831906627364417,0.0,0.0
2025-07-31,NC-SBY-SEL-23,0.9999982979302832,1977,6330.9508713,21991.22388500001,9.81161728781513,36,0.6482457983193279,49,9.14090298414362,7,3.5792812178672886,0.0,0.0
2025-07-31,NC-SBY-TMR-10,0.9901647484459984,1051,7540.223002200007,23694.306560399986,10.726231642560554,38,0.59454757750865,40,8.842640563237815,18,2.5226071909211503,0.0,0.0
2025-07-31,NC-SBY-TMR-11,0.9968745779500452,1632,8619.454574399995,28850.71750940001,12.601461985714288,26,0.5706348396501456,44,9.150606621242064,12,4.768006174165156,0.0,0.0
2025-07-31,NC-SBY-TMR-12,0.9999936460671413,485,6650.829230600004,23344.200732499983,15.173095317475726,18,0.4973017799352752,26,9.45274507757364,9,4.63866195003459,0.0,0.0
2025-07-31,NC-SBY-TMR-13,0.9999226251714678,2037,9322.820422799998,32187.70134050001,12.293705994179891,35,0.5761567460317462,38,9.013309171264346,9,4.055119840297001,0.0,0.0
2025-07-31,NC-SBY-TMR-14,0.9998401113377527,6410,7208.138899700006,25036.35857290002,12.295657542507644,28,0.5503188073394502,42,9.13250749978632,14,4.635126605855468,0.0,0.0
2025-07-31,NC-SBY-TMR-8,0.9916614878731524,673,7240.020943799997,26244.9965571,11.588349861129563,21,0.5908791390728476,34,9.281539655552386,3,4.792507268850432,0.0,0.0
2025-07-31,NC-SBY-TMR-9,0.999994453513779,783,7012.566244200004,26431.8846336,13.516822891104296,22,0.5424194785276076,33,9.406049195879254,4,5.250100838079998,0.0,0.0
2025-07-31,NC-SBY-UTR-1,0.9996337800993412,1405,6961.572273500001,24373.05498870004,13.482292056145257,42,0.5306592178770956,35,8.913083144460314,23,4.413307536822305,0.0,0.0
2025-07-31,NC-SBY-UTR-2,0.9999975088183422,880,11286.480320500004,43444.92256330002,12.657367773913048,48,0.5676528039697546,62,9.202344595058584,15,4.237383478656709,0.0,0.0
2025-07-31,NC-SBY-UTR-3,0.9999980178955714,574,7526.053855800002,27173.539858799988,13.435694001834865,24,0.5443019877675842,46,9.336137436943677,13,4.560446681190044,0.0,0.0
2025-07-31,NC-SBY-UTR-4,0.9999746762310452,537,6831.241056799996,24353.4506847,12.823673045112784,21,0.5899003759398495,36,9.558861822528568,5,4.627295518063648,0.0,0.0
2025-07-31,NC-SBY-UTR-5,0.9973547305517532,1026,8638.788987099995,29367.66578580001,12.281068089610397,39,0.5487220779220779,55,9.203595943020089,32,4.286162070779368,0.0,0.0
2025-07-31,NC-SBY-UTR-6,0.999975694462261,623,7411.931436899999,23578.851515900005,12.084356520327864,19,0.5679885245901641,47,9.374018972633657,11,4.516283861922678,0.0,0.0
2025-07-31,NC-SBY-UTR-7,0.9988540344876424,1473,9833.209250099988,32799.2458648,11.74877121709402,43,0.5901892265193367,55,9.139832765793798,18,4.152866561059251,0.0,0.0
2025-07-31,NC-SDA-UTR-24,0.9999985185185184,631,9843.684136999991,34361.82421289999,11.515476319200005,41,0.604108,60,9.052787906152023,17,3.4273369818566755,0.0,0.0
2025-07-31,NC-SDA-UTR-25,0.9999938271604938,696,8043.884998199993,27658.556537199987,9.369548153511715,50,0.6574501117056852,73,9.046265554700827,17,3.4348596575392505,0.0,0.0
2025-07-31,NC-SDA-UTR-26,0.9934747026678448,4061,8635.1251361,29600.859654699983,11.100117085185175,65,0.6092961846385541,47,9.227907525057864,22,3.337084668783655,0.0,0.0
2025-07-31,OA_CLUSTER,0.998911842423967,26934,185974.5658668,646830.9944662,12.650926847473178,686,0.5611487685394465,968,9.21036614269612,288,4.435523093005405,0.0,0.0
2025-08-01,NC-SBY-BRT-15,0.9999981584697136,1159,8541.0815419,28354.46443470004,12.074609394836957,26,0.5533139113821138,30,9.248468112021827,27,4.946389277598772,0.0,0.0
2025-08-01,NC-SBY-BRT-16,0.9999989139630344,506,9336.7958846,34937.063267500016,10.232853641554968,40,0.6255569705093831,53,9.136175677403427,8,4.210684555600907,0.0,0.0
2025-08-01,NC-SBY-BRT-17,0.9993988107055624,1185,8759.1968689,31866.346511000007,11.951714712021866,35,0.5771200179347834,48,8.990954952688496,10,4.508700084738911,0.0,0.0
2025-08-01,NC-SBY-SEL-18,0.998772650228796,1678,9366.070484500002,32409.20540050002,13.494995155048075,28,0.5342542067307693,46,9.177688326945509,6,4.2639978002195935,0.0,0.0
2025-08-01,NC-SBY-SEL-19,0.9999977121020984,543,7862.162749799994,26949.747803299997,13.733280147338933,25,0.5314495798319329,39,8.938428412652037,24,4.141344713171638,0.0,0.0
2025-08-01,NC-SBY-SEL-20,0.9988722847746636,612,8317.586081800002,27915.302801899998,14.24119220000001,20,0.522017279002625,31,9.109698427697715,14,4.870098646421373,0.0,0.0
2025-08-01,NC-SBY-SEL-21,0.9990479164242154,2121,7069.3060221000005,24923.885378299987,10.78156386373626,18,0.6103571428571426,41,9.121827851618228,11,4.914738278430914,0.0,0.0
2025-08-01,NC-SBY-SEL-22,0.9999976913465112,842,8428.434339600008,27571.719649200008,14.760380157180837,27,0.5252799202127656,35,9.299303541173725,16,4.991680663549667,0.0,0.0
2025-08-01,NC-SBY-SEL-23,0.995126488095238,1229,6476.973460900002,22590.9312026,9.234949483193274,41,0.6562468487394956,47,8.943242901447967,4,3.456022104063437,0.0,0.0
2025-08-01,NC-SBY-TMR-10,0.9999969568626764,717,6749.702729800001,23611.8895793,11.746067137370238,17,0.5690285467128022,29,9.012314606373204,23,5.323982226228018,0.0,0.0
2025-08-01,NC-SBY-TMR-11,0.9999160364253744,1821,8753.628524600004,29377.487992300004,13.153696257101451,22,0.5424871794871795,29,9.13752327923109,13,5.357026502528393,0.0,0.0
2025-08-01,NC-SBY-TMR-12,0.9999976402365292,725,6886.6658623999965,23490.329864400028,15.133983875728154,24,0.5030037757281561,30,9.44863666765053,16,4.220215478975769,0.0,0.0
2025-08-01,NC-SBY-TMR-13,0.986468333305204,661,9453.7421468,31264.176162100008,12.255609085294116,43,0.5820574866310161,50,8.963069745186118,8,3.7208135168088847,0.0,0.0
2025-08-01,NC-SBY-TMR-14,0.9999942660550458,7781,7234.984806900001,25179.6021648,12.469533876146803,25,0.5469227828746178,40,9.070782163219915,20,4.748819222986384,0.0,0.0
2025-08-01,NC-SBY-TMR-8,0.99420969498565,1042,7439.416144300002,26761.381452100017,11.60027844466666,31,0.5950910596026495,35,9.069948835821007,16,3.4204179816309344,0.0,0.0
2025-08-01,NC-SBY-TMR-9,0.9997253467364317,1673,6995.324586500004,27029.160803599996,13.24163109263804,20,0.5467914110429452,22,9.28917299756688,6,5.150836237490437,0.0,0.0
2025-08-01,NC-SBY-UTR-1,0.9993570146312494,1416,6758.819864800001,23972.921011599992,13.749214858379892,29,0.5153114525139673,29,8.796861316413434,25,4.912101911646685,0.0,0.0
2025-08-01,NC-SBY-UTR-2,0.9996621253619844,5007,11314.105615300005,44456.86992389996,12.455732980340269,64,0.566451480718337,69,9.191087409544014,17,4.272890060898845,0.0,0.0
2025-08-01,NC-SBY-UTR-3,0.9999309096470556,492,7428.3807433,27079.4916866,13.99771300366972,23,0.5283929663608565,41,9.3755125888062,15,4.788600072902141,0.0,0.0
2025-08-01,NC-SBY-UTR-4,0.986967952592984,1863,6908.9629651000005,24360.845759599983,12.583222824436094,22,0.5980877191729322,32,9.482385613832491,4,4.73792525774773,0.0,0.0
2025-08-01,NC-SBY-UTR-5,0.9987999942345688,1143,8812.075407900003,29704.485777799968,11.76408681984334,42,0.5491610389610387,51,9.160126424656193,36,4.31143807930326,0.0,0.0
2025-08-01,NC-SBY-UTR-6,0.9999827160467154,16491,8373.649245899998,24769.2470528,10.630899319016375,43,0.6095991803278688,52,9.142115808748963,17,2.98709280266636,0.0,0.0
2025-08-01,NC-SBY-UTR-7,0.9984086718660568,902,10198.280005000002,33834.907825,12.45894123473388,46,0.5925835635359119,66,9.12101868009264,21,3.759703989543063,0.0,0.0
2025-08-01,NC-SDA-UTR-24,0.9999986728395062,580,9957.954406100003,34762.094770300006,11.343496067466669,65,0.6084440000000003,75,8.964826176877828,21,3.0655912175407725,0.0,0.0
2025-08-01,NC-SDA-UTR-25,0.9999984478957638,341,7944.778114400002,27771.84923370001,11.201228762207354,32,0.6200301003344482,62,9.214605352521447,11,4.083926807654154,0.0,0.0
2025-08-01,NC-SDA-UTR-26,0.9999042308076238,987,8439.607075000005,30079.798532900008,13.781888078313251,25,0.5687138554216868,38,9.606176138520578,16,5.228507335474578,0.0,0.0
2025-08-01,OA_CLUSTER,0.9981794526317688,51609,187465.34608270004,652411.4635049,12.586978076472178,711,0.5619235565300332,945,9.139402054288285,357,4.441191926388725,0.0,0.0
2025-08-02,NC-SBY-BRT-15,0.99999841450844,1160,8427.071320400002,28904.803661000005,12.40206809539295,13,0.554521680216802,25,9.331402704733918,29,5.452314310710177,0.0,0.0
2025-08-02,NC-SBY-BRT-16,0.9999988208707123,497,9150.285151600005,35979.6262113,12.750759927882042,16,0.5598693029490616,22,9.34659347550302,8,5.756974758761975,0.0,0.0
2025-08-02,NC-SBY-BRT-17,0.999998710496817,764,8593.439642900004,32707.810895500003,13.687911211413024,19,0.5369605978260867,32,9.187256469428664,8,5.451952475957156,0.0,0.0
2025-08-02,NC-SBY-SEL-18,0.9999975227925108,764,9086.023737,33500.6437281,15.916910999532709,18,0.472344236682243,29,9.375847902182118,10,6.138295553079257,0.0,0.0
2025-08-02,NC-SBY-SEL-19,0.9999977121027912,400,6982.711558899995,25835.818524100017,16.164181524929973,23,0.462207983193277,23,9.028677503206138,18,4.916608669256375,0.0,0.0
2025-08-02,NC-SBY-SEL-20,0.996688651857026,966,7141.277072199998,25873.5048839,16.855916353805778,8,0.4303552057742782,12,9.289427693103171,10,7.159420851240156,0.0,0.0
2025-08-02,NC-SBY-SEL-21,0.9950661340101528,3321,6419.453666300001,24209.57849590001,13.045090195970698,10,0.5435164835164836,14,9.205160658180011,8,6.269377697350491,0.0,0.0
2025-08-02,NC-SBY-SEL-22,0.9999698334950524,774,8136.0838879999965,27930.37296880002,16.26311443563829,27,0.4918969414893621,32,9.553929667615115,11,4.812357823540158,0.0,0.0
2025-08-02,NC-SBY-SEL-23,0.9995396630874572,585,6277.8735224,22578.182284600007,10.310846409663858,32,0.6272314424369746,43,8.985004039632214,9,4.009525988722017,0.0,0.0
2025-08-02,NC-SBY-TMR-10,0.9999978956213628,607,6800.375952499994,24039.8970248,11.647127555709348,32,0.5768408304498267,45,8.791249926202168,28,3.866761427372104,0.0,0.0
2025-08-02,NC-SBY-TMR-11,0.9999508692365836,2027,7887.8037755,29127.2491511,15.383624256980042,7,0.4859430199430202,18,9.35083022252158,10,7.334061308223295,0.0,0.0
2025-08-02,NC-SBY-TMR-12,0.9999976402373248,692,6379.799330899996,23244.251758200007,17.340736206472485,9,0.450809061488673,17,9.559786654121393,14,7.177130546952042,0.0,0.0
2025-08-02,NC-SBY-TMR-13,0.9833281719639816,1808,8396.099805700005,30246.257166900024,15.64812991223404,10,0.4836684396276598,16,9.254928362119108,6,5.9914023076758,0.0,0.0
2025-08-02,NC-SBY-TMR-14,0.999992460924227,7132,7099.624974199998,25847.0224109,13.289575520183496,17,0.5140068807339451,25,9.142092092543118,13,5.583029951487007,0.0,0.0
2025-08-02,NC-SBY-TMR-8,0.995190584170176,1004,7475.762044499997,28110.740117200003,12.799111866333334,24,0.5632872519867551,23,9.173789969884815,13,4.3366193583070025,0.0,0.0
2025-08-02,NC-SBY-TMR-9,0.9999977987927584,301,6939.196447000006,27750.565267400005,15.86404031963191,6,0.4819961656441712,12,9.582596280300036,3,7.52810285925387,0.0,0.0
2025-08-02,NC-SBY-UTR-1,0.9992940152251376,649,5733.043129199995,22316.1864662,16.70975244525138,10,0.4353710430167595,10,9.164917466840352,23,6.788916893819614,0.0,0.0
2025-08-02,NC-SBY-UTR-2,0.9999974206338402,865,11514.456020799997,46620.82015530001,13.954259154253323,33,0.527125236294896,41,9.2420132240226,12,4.864836263895131,0.0,0.0
2025-08-02,NC-SBY-UTR-3,0.9999980886820388,429,6844.331129499999,26573.4383305,16.360705548623862,4,0.4669648318042816,13,9.541187643491268,12,6.796590346611148,0.0,0.0
2025-08-02,NC-SBY-UTR-4,0.9999886469837678,566,6379.437379600003,23582.750610299987,14.898594340996167,16,0.5400244360902254,23,9.611652460749228,2,5.019207081191665,0.0,0.0
2025-08-02,NC-SBY-UTR-5,0.9999986171248644,1136,8628.493317700008,30068.66055540001,11.854136303125005,47,0.549769480519481,56,9.210573802055672,39,3.99345492277372,0.0,0.0
2025-08-02,NC-SBY-UTR-6,0.9999976003575932,725,7424.813376899993,22879.26054710001,13.361650270394726,20,0.5244696721311478,30,9.292640192904798,16,3.0732971277695507,0.0,0.0
2025-08-02,NC-SBY-UTR-7,0.9999145372518308,874,9294.661228199995,33792.5262339,14.501072281215462,22,0.5328024861878449,22,9.344061018252363,21,5.953506047417343,0.0,0.0
2025-08-02,NC-SDA-UTR-24,0.9999987345682528,652,9512.1770021,35070.97274689999,13.3252792648,34,0.5466446666666666,46,9.16450205101327,14,4.4762738592213625,0.0,0.0
2025-08-02,NC-SDA-UTR-25,0.999696674098848,757,7438.529668199999,27159.854855399997,13.50135433678929,15,0.5511599775919733,28,9.392702428505793,10,5.164357761525387,0.0,0.0
2025-08-02,NC-SDA-UTR-26,0.9991969345133778,1399,8039.290579499999,30293.821411200013,15.938537449999986,10,0.4991119478915664,10,9.766130138451397,6,6.76449457841182,0.0,0.0
2025-08-02,OA_CLUSTER,0.998647253431052,28046,177012.1174719,651719.9674484,14.480273983536822,423,0.5108087007451068,583,9.289184578886736,323,5.60557232955161,0.0,0.0
2025-08-03,NC-SBY-BRT-15,0.9999979071527336,949,7950.084166299997,28805.1692652,13.654731040650402,15,0.5156029810298107,24,9.582732974839788,23,6.092396043843911,0.0,0.0
2025-08-03,NC-SBY-BRT-16,0.99999888293001,514,9013.876528899997,37057.91649210001,11.900483881501351,21,0.5785254691689014,24,9.259135782515656,7,5.432519539800333,0.0,0.0
2025-08-03,NC-SBY-BRT-17,0.998749496779388,1159,8417.917722600001,33196.05381959998,13.351300808695653,22,0.5408050271739127,35,9.160346953235043,8,4.823049047628243,0.0,0.0
2025-08-03,NC-SBY-SEL-18,0.9997920940595152,5557,8430.019258500004,33595.07287810002,17.28906686651055,6,0.4518343091334894,18,9.48457350406823,10,7.172108369789708,0.0,0.0
2025-08-03,NC-SBY-SEL-19,0.9976994509043928,1348,6881.335175700003,26213.0410565,15.228838187675072,19,0.4728480392156863,23,8.792168465960431,24,3.84368417120303,0.0,0.0
2025-08-03,NC-SBY-SEL-20,0.9909648757410936,437,6575.108878599994,25012.946606699967,18.08815753937008,17,0.4261734472440945,22,9.25953683236649,15,5.982600352104274,0.0,0.0
2025-08-03,NC-SBY-SEL-21,0.9999253408628408,1871,6004.756586900004,24367.4260201,13.81104575238095,7,0.5244148351648351,21,9.334536589541443,7,6.4104017270548335,0.0,0.0
2025-08-03,NC-SBY-SEL-22,0.9999978144716024,699,7995.5953838,27885.4950546,16.786107394414902,29,0.4888690159574469,32,9.51774672694401,16,3.9161195306326415,0.0,0.0
2025-08-03,NC-SBY-SEL-23,0.9999065806878308,432,5755.211681899998,22292.14431080001,12.015949539075637,19,0.5602563025210082,26,9.123144590773354,6,4.610282403735774,0.0,0.0
2025-08-03,NC-SBY-TMR-10,0.9999978956228956,572,5964.7522061999925,23070.332797600004,13.364052291003466,12,0.5270692041522493,24,8.941155590793295,23,5.7848643129592165,0.0,0.0
2025-08-03,NC-SBY-TMR-11,0.9999979416369722,1385,7313.566404300004,28394.772211199983,15.838115609401711,6,0.4773406931623932,12,9.4023175773105,11,7.291805210004868,0.0,0.0
2025-08-03,NC-SBY-TMR-12,0.9999978275200768,952,5941.320326200001,22635.313749299985,18.15796108252427,11,0.4261003236245956,18,9.6269916946643,13,6.990526520837597,0.0,0.0
2025-08-03,NC-SBY-TMR-13,0.9999855135448356,290,7630.852735599998,30530.242539999985,17.089419546153856,9,0.4538519230769234,13,9.337099636306297,7,6.781164369968956,0.0,0.0
2025-08-03,NC-SBY-TMR-14,0.9999976632039598,5794,6755.145306999996,25636.052417100003,13.562029266666674,9,0.505350152905199,16,9.12101247167241,12,6.008490046398708,0.0,0.0
2025-08-03,NC-SBY-TMR-8,0.9980412264346384,1211,7483.0397035,29612.6851928,11.3503100205298,26,0.5932872516556292,31,9.13166833551173,13,4.39236413727228,0.0,0.0
2025-08-03,NC-SBY-TMR-9,0.9999977632924336,481,6812.035989099997,28484.89998469999,14.613566534969332,11,0.5090797546012271,15,9.376752365770043,5,6.0397525617717065,0.0,0.0
2025-08-03,NC-SBY-UTR-1,0.9999975029694418,544,5223.067653499998,21787.514861600008,19.341629835195548,6,0.3809015363128492,4,9.41042504990924,17,7.967548315392216,0.0,0.0
2025-08-03,NC-SBY-UTR-2,0.9999976631393298,981,12007.297446500012,50314.69883740002,12.558477255765585,48,0.5603125393194709,63,9.096211532241416,21,4.371463939668078,0.0,0.0
2025-08-03,NC-SBY-UTR-3,0.9999853111888356,456,6469.257297600002,26472.483117,17.107783720183484,11,0.4524426605504585,17,9.547219443486895,13,6.276455928792998,0.0,0.0
2025-08-03,NC-SBY-UTR-4,0.9969244243107452,582,6213.779179699998,24110.5183587,15.28195040037594,13,0.5274411026315788,28,9.61261714105292,2,5.025272848830188,0.0,0.0
2025-08-03,NC-SBY-UTR-5,0.999998256371212,895,8064.952327999998,29621.976015799988,14.29046501792209,25,0.4948045454545458,35,9.611546593431722,22,5.32701547914476,0.0,0.0
2025-08-03,NC-SBY-UTR-6,0.9999910493854786,761,6456.579072900003,21522.529835800025,15.83798593026316,13,0.4599762295081968,16,9.411790501362733,15,3.4379128372252805,0.0,0.0
2025-08-03,NC-SBY-UTR-7,0.9998892789543689,521,8400.73654189999,32773.796215799965,14.775958008011044,14,0.5142642723756907,25,9.426949044329309,22,6.468677514413398,0.0,0.0
2025-08-03,NC-SDA-UTR-24,0.9999855555515432,400,9105.535629100004,35614.62688319999,13.002238156266658,37,0.5577106666666666,48,9.145097030205584,11,4.486482804502346,0.0,0.0
2025-08-03,NC-SDA-UTR-25,0.9999980202401332,254,6782.1495584,26696.392643800013,14.191233483277598,21,0.5280234113712376,30,9.341996008363749,9,3.8690976259890175,0.0,0.0
2025-08-03,NC-SDA-UTR-26,0.9930916861967428,2592,8078.152095399999,30396.053446800004,14.205092376506022,22,0.5594026108433727,39,9.598662082796428,18,4.38722014565394,0.0,0.0
2025-08-03,OA_CLUSTER,0.9992086679045256,28391,167760.2875752,653393.0816385,15.059594895358591,369,0.4964848888243754,542,9.3287986923126,312,5.681496825078322,0.0,0.0
2025-08-04,NC-SBY-BRT-15,0.9998675322340372,3384,8131.454640899998,26644.6331302,12.952679914905149,26,0.5355311653116535,40,9.216334595187908,15,4.814432158694246,0.0,0.0
2025-08-04,NC-SBY-BRT-16,0.9999981692515748,1781,9351.9710264,34305.610741500044,10.484600594101872,46,0.6198632707774796,60,9.145141713469634,7,4.059784129060396,0.0,0.0
2025-08-04,NC-SBY-BRT-17,0.9999935524859098,1927,8406.386009299998,30418.02642459999,12.477545080163049,35,0.5715794836956521,51,9.01386659193136,13,4.408294026699838,0.0,0.0
2025-08-04,NC-SBY-SEL-18,0.9996191401269694,10059,9095.07019299999,31536.493781800007,15.897034377570105,18,0.4805572429906541,38,9.417876538727436,5,5.716184589664177,0.0,0.0
2025-08-04,NC-SBY-SEL-19,0.9998498977460069,2527,7672.788332000001,25653.563769400003,14.236102377528088,27,0.5076125117647058,35,9.081772180825926,22,4.79432100099541,0.0,0.0
2025-08-04,NC-SBY-SEL-20,0.9994942401120396,1791,8032.244060699997,26612.1069171,14.88177176587926,17,0.5018108049868766,26,9.187573623355028,6,5.290079897982277,0.0,0.0
2025-08-04,NC-SBY-SEL-21,0.9999983815462196,1606,6983.0673082,24030.595663800003,10.91435501941392,17,0.6014908424908426,43,9.158386499223807,5,4.849122180444232,0.0,0.0
2025-08-04,NC-SBY-SEL-22,0.9958938480582183,2385,8192.786116099998,26544.021584300022,16.01631745478723,13,0.4952466755319151,27,9.408850463031266,10,5.393932448326143,0.0,0.0
2025-08-04,NC-SBY-SEL-23,0.9997230975723624,1666,6248.7600677,21403.71307530001,10.151667905462189,35,0.6322535012605046,44,9.09027997298902,4,3.658803594102361,0.0,0.0
2025-08-04,NC-SBY-TMR-10,0.9999109281921782,2019,7376.0906741,23081.3038446,11.146142836332183,25,0.5792771048442906,32,8.744056916095623,20,2.5259751777772355,0.0,0.0
2025-08-04,NC-SBY-TMR-11,0.9990780220818486,3923,8562.911454999998,28921.643434399983,13.29162232307693,12,0.5309529914529912,28,9.183091379720366,10,6.233322494013687,0.0,0.0
2025-08-04,NC-SBY-TMR-12,0.998374535538775,2669,6898.043899299998,22533.523294899976,15.51077412038836,14,0.489378640776699,26,9.47318626192578,11,4.517571941927138,0.0,0.0
2025-08-04,NC-SBY-TMR-13,0.996085745741856,1911,9105.67532270001,30141.819978300016,12.758521628791769,32,0.5637519230769229,31,8.99969060455933,10,4.724223448736268,0.0,0.0
2025-08-04,NC-SBY-TMR-14,0.9999528392071888,7382,7176.915973400001,24235.769353399995,13.000229049847093,18,0.5242759938837916,26,9.17449382621141,16,5.560983063204888,0.0,0.0
2025-08-04,NC-SBY-TMR-8,0.9999773500735836,1433,7163.5605172,25921.733451400007,12.361069564238411,22,0.5782947019867553,24,9.262544202908554,8,5.152773313757871,0.0,0.0
2025-08-04,NC-SBY-TMR-9,0.9999229933537832,2458,6919.9357018,25804.909344200005,12.99813416441718,21,0.5492246932515338,28,9.242485796200915,9,5.09468341252199,0.0,0.0
2025-08-04,NC-SBY-UTR-1,0.9999254265198144,2314,6895.450161499996,24105.064840200004,13.443201373463674,27,0.522136173184358,34,8.867428431563926,25,4.850668109488155,0.0,0.0
2025-08-04,NC-SBY-UTR-2,0.9982555409653416,4905,11389.0888656,43693.99723100007,11.880640583175811,71,0.5849773156899806,83,9.053006771725157,27,3.76751648629294,0.0,0.0
2025-08-04,NC-SBY-UTR-3,0.99968601429964,1675,7380.307068599996,26547.52188110001,13.74405952171255,25,0.5334480122324162,42,9.275056052840512,14,4.923655710543751,0.0,0.0
2025-08-04,NC-SBY-UTR-4,0.9999228106328136,1818,6816.5072871,23791.9690703,13.768503401127829,20,0.5718101503759397,27,9.574637203299442,5,4.763140485015273,0.0,0.0
2025-08-04,NC-SBY-UTR-5,0.999881824290246,2358,8155.798090599988,28140.970478200023,12.791424557031265,37,0.5286883116883118,33,9.13416800521477,33,4.574603078907877,0.0,0.0
2025-08-04,NC-SBY-UTR-6,0.9999976847041716,2459,7197.723233599999,22836.321079800004,12.544621904918026,21,0.5561967213114751,33,9.305457903828405,12,5.015767262745193,0.0,0.0
2025-08-04,NC-SBY-UTR-7,0.9974157144191048,2482,9716.412861500005,32429.698845200008,12.654903171587732,33,0.5762140883977902,45,9.21437411736089,20,4.613160247038624,0.0,0.0
2025-08-04,NC-SDA-UTR-24,0.9991749074074074,2982,9778.761062600002,33803.030164400014,12.458128015200003,40,0.5747066666666668,54,9.135432926314593,14,3.6222868355778335,0.0,0.0
2025-08-04,NC-SDA-UTR-25,0.998794437830962,2422,7754.627242900002,26279.7993896,11.192618779264215,42,0.6231095317725753,62,9.19256376909335,14,3.8391378706100383,0.0,0.0
2025-08-04,NC-SDA-UTR-26,0.995780060300856,7194,8446.014723599996,28692.942948499996,13.499277155120474,22,0.56444578313253,33,9.59332234806993,12,5.396158619166334,0.0,0.0
2025-08-04,OA_CLUSTER,0.999179334275236,66932,182868.9488663,629335.0112150002,13.10969557289562,612,0.5473118538892633,856,9.179794849375256,307,4.764957339182295,0.0,0.0
2025-08-05,NC-SBY-BRT-15,0.9984293425966696,3021,7952.314109800007,27058.95859460001,13.164186016338038,21,0.547266898055555,43,9.117954030015396,29,5.574199750522028,0.0,0.0
2025-08-05,NC-SBY-BRT-16,0.9996223251765872,628,9480.974663099998,34922.18067960002,10.556681339142097,36,0.6357578195710456,69,9.069478535698474,11,4.787707249540647,0.0,0.0
2025-08-05,NC-SBY-BRT-17,0.9996069029107784,828,8569.878034899999,31434.534681199995,13.159777376358692,26,0.5814245923913048,51,8.961845968978473,10,5.242407306941083,0.0,0.0
2025-08-05,NC-SBY-SEL-18,0.9998324818313316,840,9379.483473799995,32864.907728900005,15.625612563785038,14,0.5082050233644861,36,9.339442305043653,6,6.760340630273497,0.0,0.0
2025-08-05,NC-SBY-SEL-19,0.9999821963341244,711,7751.980741699999,26478.154123899963,15.428045320277771,21,0.5028160202216069,31,8.994430156048377,25,5.717320398011832,0.0,0.0
2025-08-05,NC-SBY-SEL-20,0.996797349811308,1002,8180.415247399994,27464.3728368,14.232211744094489,19,0.5472823708661414,36,8.939766680557595,13,5.367484500691269,0.0,0.0
2025-08-05,NC-SBY-SEL-21,0.999959469501563,396,7058.002951000004,24901.20309019999,12.34355616336996,9,0.6000723443223439,39,9.125491699349553,8,5.77478978426834,0.0,0.0
2025-08-05,NC-SBY-SEL-22,0.9999982454164352,748,8242.727860099996,27729.149442699996,16.528697502925528,12,0.5109494680851061,24,9.355530092508488,16,6.755870163080283,0.0,0.0
2025-08-05,NC-SBY-SEL-23,0.9996306027259244,579,6419.988387300007,22163.802497300017,10.941831793277316,26,0.6415430672268906,41,9.03904139885882,5,4.34720586827162,0.0,0.0
2025-08-05,NC-SBY-TMR-10,0.9943524304921082,812,7532.733694099991,23975.930890699987,12.254597754671282,22,0.5836660899653979,34,8.752885116685981,21,2.797191166885075,0.0,0.0
2025-08-05,NC-SBY-TMR-11,0.999997772926582,1623,8629.4683997,29655.217021,14.018203279487183,11,0.5459501424501426,32,9.185832831520289,14,6.789048783223903,0.0,0.0
2025-08-05,NC-SBY-TMR-12,0.9999976402452796,590,7008.6669105,23568.00690820002,15.470705836569584,14,0.5128608414239484,27,9.33797750793166,16,5.540676798568998,0.0,0.0
2025-08-05,NC-SBY-TMR-13,0.9894245147919684,521,9434.876701699995,32053.203210700005,12.987118298974371,24,0.5749478633333335,42,8.926898179704969,9,5.337407124708603,0.0,0.0
2025-08-05,NC-SBY-TMR-14,0.9996726003864732,7087,7250.834986799996,25013.981966999992,13.876640279510696,12,0.535703618654434,33,9.055515018785044,20,6.281054351344221,0.0,0.0
2025-08-05,NC-SBY-TMR-8,0.9999900738901152,465,7236.995155700002,26569.5903101,12.88794023576158,15,0.5843752758278149,31,9.22679096301025,5,5.983041722396305,0.0,0.0
2025-08-05,NC-SBY-TMR-9,0.9999834555022598,576,7046.2198322,26817.25929230001,14.46900769509202,17,0.5503243865030673,35,9.28444252388518,4,5.998160496583195,0.0,0.0
2025-08-05,NC-SBY-UTR-1,0.9999978404081898,1183,6947.571242599996,25077.507945099995,14.263938251117317,21,0.5310642458100564,34,8.754256656592702,23,5.493204482209181,0.0,0.0
2025-08-05,NC-SBY-UTR-2,0.9970325315419368,1500,11399.385359300006,44303.00010759998,13.555029046124764,33,0.5664223378071837,62,9.140572433286827,18,5.221030834382747,0.0,0.0
2025-08-05,NC-SBY-UTR-3,0.9999979470995152,550,7497.135816100001,27506.31384649997,13.994124587461782,20,0.549885321100917,45,9.195310593068909,16,5.409821130638685,0.0,0.0
2025-08-05,NC-SBY-UTR-4,0.9999030560070856,513,6830.9583293,24347.699868199987,14.125569087218048,8,0.5920936718045117,32,9.477881634614231,4,5.805435796514194,0.0,0.0
2025-08-05,NC-SBY-UTR-5,0.9999979858088508,988,8339.760976700001,28960.763784899995,13.273390679220771,39,0.5445077922077923,50,9.050572875443294,37,4.982474807164839,0.0,0.0
2025-08-05,NC-SBY-UTR-6,0.9999974151234567,739,7212.3853835,23230.746976299983,13.23767873803278,21,0.5625672131147542,45,9.23051784788714,16,5.483828358514391,0.0,0.0
2025-08-05,NC-SBY-UTR-7,0.9963697142920412,783,9851.416291099998,33331.091172100016,13.603773084487528,24,0.5914578729281766,49,9.168087553538948,19,5.154708967553451,0.0,0.0
2025-08-05,NC-SDA-UTR-24,0.9934958222555764,963,9841.559323900005,34717.235764400015,12.22734150586667,36,0.5989066666666667,65,9.06638766050386,18,4.0875821611106655,0.0,0.0
2025-08-05,NC-SDA-UTR-25,0.9920544055482828,1111,7980.745615300004,27491.713732500004,11.526031826086957,40,0.6397734113712372,70,9.112098936886328,15,4.401323316715103,0.0,0.0
2025-08-05,NC-SDA-UTR-26,0.9987427526206204,1358,8493.072625500006,29694.6285991,13.90936221355422,24,0.5700067771084337,38,9.510843504162986,17,5.771760150754011,0.0,0.0
2025-08-05,OA_CLUSTER,0.9986188664379448,26683,185254.17454839995,649427.5769759001,13.719382918786714,465,0.5586770961637727,921,9.116523555380928,345,5.532977161418362,0.0,0.0
2025-08-06,NC-SBY-BRT-15,0.999027972846442,7450,8001.261928699995,27140.8960332,13.165939075277766,17,0.5557458333333332,45,9.150697759568136,25,5.718436805026227,0.0,0.0
2025-08-06,NC-SBY-BRT-16,0.9999917771458832,572,9382.420517999994,35359.802759299986,11.157997187935658,26,0.6283731010723858,55,9.066496470156697,9,4.868836689760819,0.0,0.0
2025-08-06,NC-SBY-BRT-17,0.999917814039239,754,8691.942146899992,31633.632514600013,12.754364590217394,47,0.6009981885869565,67,8.910011786266342,9,4.598966290373108,0.0,0.0
2025-08-06,NC-SBY-SEL-18,0.992834532266014,865,9336.112043200004,32469.38399100001,15.78379590794392,13,0.501542056074766,35,9.328314356972006,7,6.639778323982244,0.0,0.0
2025-08-06,NC-SBY-SEL-19,0.9999856333513504,948,7740.138043300002,27149.4641617,15.012409331855965,23,0.511292243767313,46,8.888742924895489,29,5.177732486185703,0.0,0.0
2025-08-06,NC-SBY-SEL-20,0.9989584507879704,487,8154.747161400005,27846.618923899976,14.680500554473683,19,0.532647587631579,36,9.050308053445596,11,5.820357565880982,0.0,0.0
2025-08-06,NC-SBY-SEL-21,0.9996379835296711,954,7033.766032399993,25023.415998600005,11.448468006227111,19,0.6165421245421245,50,8.980336990176669,14,5.299735247337976,0.0,0.0
2025-08-06,NC-SBY-SEL-22,0.9598238555711944,4118,8376.206064699998,26880.6128235,15.1673898784,14,0.5339499117021277,41,9.246760153687989,18,5.611673889177726,0.0,0.0
2025-08-06,NC-SBY-SEL-23,0.9997209945102578,600,6376.935326699998,22313.7487174,10.378660053361347,29,0.6615556722689078,44,8.961121331675633,9,4.370765616479752,0.0,0.0
2025-08-06,NC-SBY-TMR-10,0.9999885397028756,795,6999.848864499997,23353.725331500005,12.464507258131496,28,0.5815207612456744,34,8.870804689396367,18,4.176417496010153,0.0,0.0
2025-08-06,NC-SBY-TMR-11,0.9999978741445668,1699,8642.945599,29847.4607887,13.79408684643874,9,0.5473126780626784,33,9.135511762088475,12,6.790414290388251,0.0,0.0
2025-08-06,NC-SBY-TMR-12,0.9999899990673288,518,7056.688888099997,24348.879212599997,15.352934760517805,15,0.5266820388349509,25,9.417417102840234,12,6.234306500871179,0.0,0.0
2025-08-06,NC-SBY-TMR-13,0.9999973667438424,405,9276.7970375,32225.121657299987,13.927572364102572,24,0.5545801282051286,34,9.012101943644176,11,5.507746399867861,0.0,0.0
2025-08-06,NC-SBY-TMR-14,0.9998701925431246,6248,7252.915757800002,25052.479829100008,12.86373378623854,19,0.5615581039755352,45,8.980760813715294,21,5.584107412766939,0.0,0.0
2025-08-06,NC-SBY-TMR-8,0.9999891157776576,406,7149.404695300002,26529.493123100016,12.737431655960272,19,0.5937524834437089,31,9.224249134444372,12,5.800586141542131,0.0,0.0
2025-08-06,NC-SBY-TMR-9,0.9999977632873512,696,7021.264961899997,26905.4788464,14.351886707668704,16,0.5492630368098155,29,9.276882079477868,3,6.035487302259799,0.0,0.0
2025-08-06,NC-SBY-UTR-1,0.9992506201246696,1695,7016.621897200003,25507.028574999986,13.47495363715084,30,0.5578414804469277,41,8.706123766166316,30,5.327646333712486,0.0,0.0
2025-08-06,NC-SBY-UTR-2,0.9924564268391668,882,11544.170321100004,43778.34197650005,12.59761186086956,35,0.5898292374291114,68,9.043558989468258,28,4.945836027998904,0.0,0.0
2025-08-06,NC-SBY-UTR-3,0.9999046466697212,547,7475.82978340001,27584.767345800006,14.252919643119265,16,0.5477744648318046,42,9.250613828109412,19,5.874960357893742,0.0,0.0
2025-08-06,NC-SBY-UTR-4,0.999995387784024,742,6899.005846299994,24617.07982420001,13.702951509398495,13,0.5999464285714281,26,9.476636812817596,11,5.882247641630317,0.0,0.0
2025-08-06,NC-SBY-UTR-5,0.9998884670869416,1007,8316.458999500006,29066.44265570002,12.996315137239582,45,0.551447402597402,46,9.006305746388804,40,5.0309271473763655,0.0,0.0
2025-08-06,NC-SBY-UTR-6,0.9999923091981988,698,7354.705873800007,23466.0607127,12.809378167595815,22,0.577878333333333,42,9.283925803732128,9,4.876885581041991,0.0,0.0
2025-08-06,NC-SBY-UTR-7,0.9946346326849091,1629,9996.727008600006,34104.20721760002,13.03828675220994,30,0.6052421732044199,57,9.091262474211568,20,4.855713212055747,0.0,0.0
2025-08-06,NC-SDA-UTR-24,0.997349711538518,1807,9767.280933699996,34735.217691199985,12.17140191893333,36,0.5999893333333336,62,9.04986594343641,21,4.131850934686112,0.0,0.0
2025-08-06,NC-SDA-UTR-25,0.9998911263792136,471,7986.373720899993,27685.64646169999,11.269147456521743,49,0.6513528428093652,81,9.060825157494364,16,4.059596803989783,0.0,0.0
2025-08-06,NC-SDA-UTR-26,0.9981975305992844,1884,8477.933553200002,30367.225269699997,13.541774066566251,33,0.5789598394578315,47,9.444385305375116,17,5.530853991208537,0.0,0.0
2025-08-06,OA_CLUSTER,0.9968138891904336,34715,185096.9147993,652204.1430194003,13.45806010894242,528,0.566555471212429,972,9.09892160874321,377,5.448296813800063,0.0,0.0
2025-08-07,NC-SBY-BRT-15,0.9999162377636492,8724,7817.096803900003,27439.89400280002,12.673879591340778,32,0.5513166666666669,43,9.075954119693062,31,5.234495137450796,0.0,0.0
2025-08-07,NC-SBY-BRT-16,0.9999995345538965,614,9119.7145316,35379.07252600002,10.375254190348542,37,0.6363109919571044,67,8.972768000023938,9,4.799556144445775,0.0,0.0
2025-08-07,NC-SBY-BRT-17,0.9999922147800352,793,8450.473024400007,32050.57118030001,11.831720734510869,32,0.6005978260869567,63,8.810624027421547,12,4.970292019653408,0.0,0.0
2025-08-07,NC-SBY-SEL-18,0.9953571547809827,1205,8914.619344899997,33046.0091926,14.806688463700242,17,0.5174309133489458,31,9.23477847896628,9,6.584708509787284,0.0,0.0
2025-08-07,NC-SBY-SEL-19,0.999998183138618,556,7427.792455499995,27354.410860899978,14.28476737451524,24,0.525869806094183,40,8.82072934231354,29,5.308682074568696,0.0,0.0
2025-08-07,NC-SBY-SEL-20,0.996042894685136,987,7862.016926800004,28430.15833120004,14.074720180577426,22,0.5428707349081369,41,8.95186378071336,16,5.608280863420205,0.0,0.0
2025-08-07,NC-SBY-SEL-21,0.9999806674806676,990,6878.204277500002,25264.7405875,11.940805712087917,24,0.6045173992673997,48,9.03612515327519,13,5.296200868053897,0.0,0.0
2025-08-07,NC-SBY-SEL-22,0.9999910424054372,756,7905.9911972,28023.327743199967,15.81639202845744,15,0.5242087765957447,28,9.28073883916338,14,6.42170022838492,0.0,0.0
2025-08-07,NC-SBY-SEL-23,0.9992111024702705,754,6185.825528099998,22671.8232485,9.558348312184874,29,0.6837930672268903,55,8.871973413078889,9,4.11967898799556,0.0,0.0
2025-08-07,NC-SBY-TMR-10,0.9961574003049992,937,6821.212941700004,23294.78282300001,10.942111179211464,37,0.6122058303886925,42,8.696998248005904,26,3.9552678016654528,0.0,0.0
2025-08-07,NC-SBY-TMR-11,0.999952792570826,1643,8249.744133599997,30029.81117229998,13.65604526353277,12,0.5503361823361823,29,9.083974498594248,13,6.898861493843664,0.0,0.0
2025-08-07,NC-SBY-TMR-12,0.9999978606494618,613,6654.0814861,24139.719056299997,14.140568424271846,12,0.5321197411003237,32,9.27929339404008,20,6.118014157835713,0.0,0.0
2025-08-07,NC-SBY-TMR-13,0.9999984690371178,414,8905.660375600006,32796.14710060003,12.548011805641025,24,0.5774128205128205,35,8.851904644355962,8,5.504925381722702,0.0,0.0
2025-08-07,NC-SBY-TMR-14,0.9999176494715222,6147,6985.8585016,25588.3585342,12.40825007125382,20,0.5664271152905199,41,8.88465499257118,18,5.501144955357698,0.0,0.0
2025-08-07,NC-SBY-TMR-8,0.9890247429333736,571,6994.094413399999,26648.76304470002,11.753950511960138,19,0.6215935430463574,34,9.070718024099234,12,5.093970886158955,0.0,0.0
2025-08-07,NC-SBY-TMR-9,0.9999575025562372,836,6816.708312399996,27749.395481200016,12.386372507975462,15,0.5878987730061347,35,9.096689073804075,10,6.042913452659628,0.0,0.0
2025-08-07,NC-SBY-UTR-1,0.9904963537269796,2376,6728.717105399996,25568.9168337,12.181308492458102,38,0.5774844041899436,52,8.49632974005711,40,3.987622631901568,0.0,0.0
2025-08-07,NC-SBY-UTR-2,0.9842995591793444,2670,10925.14860409998,43822.69109059998,11.447527843100184,55,0.6056650914933838,76,8.914871507083495,33,4.51934680191417,0.0,0.0
2025-08-07,NC-SBY-UTR-3,0.9983972942620616,610,7174.2064536000025,27296.499663700022,13.75506436360856,19,0.5463386850152896,39,9.186173471832436,20,5.55778879577401,0.0,0.0
2025-08-07,NC-SBY-UTR-4,0.9999981725141428,527,6597.906044399998,24936.751061899995,12.240915101127818,28,0.6336015037593983,39,9.279646681676688,10,5.026156256442787,0.0,0.0
2025-08-07,NC-SBY-UTR-5,0.9999980459354284,1030,8112.897048700003,29626.849408499987,12.522964134895853,38,0.5603019480519481,52,9.029862013382765,38,5.192007266040021,0.0,0.0
2025-08-07,NC-SBY-UTR-6,0.999993016977464,984,7185.453229400004,23993.581041600024,12.566856372333342,22,0.5793466666666668,42,9.263655829562053,13,4.640410270481818,0.0,0.0
2025-08-07,NC-SBY-UTR-7,0.9994419117839156,1225,9519.163049799992,34201.21592360002,12.42329643435754,43,0.6186975138121548,72,9.000836434033511,29,4.17761973762036,0.0,0.0
2025-08-07,NC-SDA-UTR-24,0.9991492904452158,534,9459.184707400003,35121.62399760003,12.0204521248,37,0.6019299999999996,63,9.015734735394012,14,4.140827086820375,0.0,0.0
2025-08-07,NC-SDA-UTR-25,0.999893626855085,387,7638.765426199999,27947.166747999985,11.51306561939799,33,0.6431262541806018,72,9.064888875363874,16,4.645530283178167,0.0,0.0
2025-08-07,NC-SDA-UTR-26,0.9998726486739103,1194,8126.763756199994,30336.598477000025,13.430497453614455,23,0.5910368975903619,50,9.364254359825471,17,5.408665363530663,0.0,0.0
2025-08-07,OA_CLUSTER,0.9974160163678466,35962,178232.5857897,659353.4899089,12.690320625723414,614,0.5779805111984501,1036,9.004917867334019,432,5.26422853863135,0.0,0.0
2025-08-08,NC-SBY-BRT-15,0.9999978867551076,11473,8118.094054400001,28275.565740700004,12.30654540305556,27,0.5633868055555553,51,9.088706276488734,31,5.241824233592465,0.0,0.0
2025-08-08,NC-SBY-BRT-16,0.999863221066314,767,9133.26775760001,35729.93028520002,10.266544627613944,30,0.6378726541554957,64,8.996995711272126,11,4.855965072447173,0.0,0.0
2025-08-08,NC-SBY-BRT-17,0.9963909332226248,3601,8484.5875124,32750.79511489999,12.029499703260871,26,0.5990353260869565,51,8.846025491002877,10,5.185973021550301,0.0,0.0
2025-08-08,NC-SBY-SEL-18,0.9975909207431928,793,9074.644921600006,33805.68174060003,15.374254861826694,19,0.5090035128805618,37,9.287149046724922,8,6.681587828356004,0.0,0.0
2025-08-08,NC-SBY-SEL-19,0.9969929982748396,833,7446.820748999996,27715.474316500015,14.404589155955694,24,0.5228206371191135,41,8.861202474122592,23,4.979709500031682,0.0,0.0
2025-08-08,NC-SBY-SEL-20,0.9941515333364108,1257,7935.742879700001,28773.618350500008,14.389093164566926,27,0.5384914698162732,36,8.955659567805574,20,5.434771860417373,0.0,0.0
2025-08-08,NC-SBY-SEL-21,0.9990344339302673,918,6921.908567300001,25714.4514435,11.486447498901091,16,0.6166758241758236,43,9.05390786075352,10,5.448773270259943,0.0,0.0
2025-08-08,NC-SBY-SEL-22,0.999422081086317,645,7999.543346900004,28409.589144099977,15.582928639361686,9,0.5286733156914896,19,9.310266135536835,17,6.6405408932056345,0.0,0.0
2025-08-08,NC-SBY-SEL-23,0.999815544138712,629,6243.995690699999,22909.521517300003,9.796699770168066,28,0.6650357142857144,49,8.891268636632127,8,4.360111910306265,0.0,0.0
2025-08-08,NC-SBY-TMR-10,0.9918953650342498,1158,6584.501009900002,24282.9367852,11.682847134507046,14,0.5992479816608997,25,8.798888668259735,21,6.2400818624885135,0.0,0.0
2025-08-08,NC-SBY-TMR-11,0.99999618000622,1764,8262.638272900005,30595.905449600006,13.861592706552695,14,0.5465954415954419,30,9.123771432775364,12,6.891654399677626,0.0,0.0
2025-08-08,NC-SBY-TMR-12,0.9999858732515152,599,6565.015136099994,24275.616867999983,15.494466380258904,14,0.5153907766990289,26,9.33712060479756,12,6.689401603522176,0.0,0.0
2025-08-08,NC-SBY-TMR-13,0.9999989283264746,436,8955.750281,33257.60691139999,13.012987028461538,27,0.5651,32,8.886340827803181,8,5.6678255593463165,0.0,0.0
2025-08-08,NC-SBY-TMR-14,0.99994241754192,6681,7024.904791899999,26023.239865100004,12.909410130275232,21,0.5592125382262997,41,8.955168105813215,17,5.76738390044543,0.0,0.0
2025-08-08,NC-SBY-TMR-8,0.9811163232769192,997,7088.598787800007,27341.3879012,11.896607019867549,12,0.602586920529801,27,9.154152767520472,6,6.265324240930767,0.0,0.0
2025-08-08,NC-SBY-TMR-9,0.9785914402624692,1795,6859.342475100002,26842.951473100016,12.321942859815955,29,0.5812704499999997,36,9.05581959845438,7,5.3161493734458825,0.0,0.0
2025-08-08,NC-SBY-UTR-1,0.9986442144561868,1567,6498.360853199999,25189.42937140001,13.522161558100564,33,0.5495628491620117,38,8.652138161320952,35,5.554425914439243,0.0,0.0
2025-08-08,NC-SBY-UTR-2,0.9999795762071813,1049,10954.458185999987,46106.77403859997,11.398189415311911,47,0.6033605860113427,68,8.935757707809435,25,5.040553849968704,0.0,0.0
2025-08-08,NC-SBY-UTR-3,0.9999273712138392,533,7163.035397700002,27951.666791099997,14.245108935384598,18,0.5380214067278285,42,9.234789670116484,15,5.744489455582126,0.0,0.0
2025-08-08,NC-SBY-UTR-4,0.9999471334034392,545,6555.596742099999,25052.295473100014,13.116915187969918,14,0.6085413533834589,26,9.39526575638538,6,5.864652376764107,0.0,0.0
2025-08-08,NC-SBY-UTR-5,0.9999198570353116,978,8269.543722899996,30336.55635260001,12.533255809350656,31,0.5665922077922078,46,9.05363646931207,41,5.492540551823455,0.0,0.0
2025-08-08,NC-SBY-UTR-6,0.9999936728338918,837,7186.5197228000025,24337.140506500004,12.675393500666658,22,0.5835183333333335,43,9.292452664845277,14,5.603429312545685,0.0,0.0
2025-08-08,NC-SBY-UTR-7,0.9992492996610758,1013,9777.08602509999,35098.118119700026,11.868814445027628,40,0.6185559392265195,73,8.954609321661959,31,3.952503658010885,0.0,0.0
2025-08-08,NC-SDA-UTR-24,0.99835512345679,625,9585.005405800011,35684.12183849999,11.837176656799995,50,0.6140853333333337,69,8.880479013468891,23,3.99034153089537,0.0,0.0
2025-08-08,NC-SDA-UTR-25,0.9999989935587762,504,7693.108426699998,28741.381281800008,11.628002597324414,32,0.6340133779264205,64,9.079563291954653,13,4.499070604755109,0.0,0.0
2025-08-08,NC-SDA-UTR-26,0.9988183281806412,872,8236.105215200007,31013.0915461,13.094374786706956,27,0.5972502506024089,57,9.34845499321475,20,5.263405754747617,0.0,0.0
2025-08-08,OA_CLUSTER,0.9972293545469136,40868,179103.9568841,670776.2535599,12.9299169557184,542,0.5724940162627963,944,9.0437602949656,388,5.601481362092488,0.0,0.0
2025-08-09,NC-SBY-BRT-15,0.9986563813649147,10413,8438.532229800001,27559.365689299997,12.489922826558274,22,0.5589324750677513,33,9.20817810546894,32,6.49631483807202,0.0,0.0
2025-08-09,NC-SBY-BRT-16,0.9964855116068534,765,9009.0346301,34692.35166819999,12.005690382305618,8,0.5865857908847185,25,9.179242399344425,8,6.398088858016298,0.0,0.0
2025-08-09,NC-SBY-BRT-17,0.999999179531611,712,8364.839452100003,31557.5376349,12.889435249456524,25,0.5796514945652173,42,8.89831769493019,10,5.53342638088291,0.0,0.0
2025-08-09,NC-SBY-SEL-18,0.9976849068281184,726,8994.323536700002,32971.909443299985,15.890505680841107,11,0.492181658878505,25,9.279228631849673,13,7.317984915777818,0.0,0.0
2025-08-09,NC-SBY-SEL-19,0.9986963576194592,466,6869.212807900002,25578.2250611,16.612234943943676,10,0.4609499077562325,17,9.024076553241082,17,6.742585723431823,0.0,0.0
2025-08-09,NC-SBY-SEL-20,0.9932224433230284,1046,7007.421277299994,25455.2322666,16.623592346719157,16,0.470439632545932,28,9.07491069048886,14,6.871411988905898,0.0,0.0
2025-08-09,NC-SBY-SEL-21,0.9987407077014572,459,6507.4316121,23745.93230250002,13.539782326739928,10,0.5657329062271064,19,9.180770908944432,12,6.777295947100971,0.0,0.0
2025-08-09,NC-SBY-SEL-22,0.9881150460917292,1241,7886.029773299995,26865.730287600003,15.830762496276606,14,0.518247340425532,40,9.32359891264009,17,5.779297347020167,0.0,0.0
2025-08-09,NC-SBY-SEL-23,0.9996846709698372,587,6111.805677599999,21618.040662800013,10.980780823529402,30,0.6361614147058821,43,8.90112472025698,8,4.870039855274418,0.0,0.0
2025-08-09,NC-SBY-TMR-10,0.9999987314189346,2128,6913.735308299993,23803.514551799995,10.854796609342568,32,0.6149186851211078,38,8.500696734359673,37,2.613627348845287,0.0,0.0
2025-08-09,NC-SBY-TMR-11,0.9999983826130054,1574,7796.597304199999,28880.013777599983,15.621665330199432,3,0.4998896011396014,18,9.20617941368529,12,8.426258748590884,0.0,0.0
2025-08-09,NC-SBY-TMR-12,0.9999983975136916,468,6207.685486700004,22711.14034880001,17.616841305177996,9,0.4703883495145629,14,9.399998680489963,12,8.061988771607638,0.0,0.0
2025-08-09,NC-SBY-TMR-13,0.999999488085674,396,8284.7536223,30762.635229899992,15.967110601794866,3,0.4939506410256409,14,9.128884202986988,9,7.963068313402178,0.0,0.0
2025-08-09,NC-SBY-TMR-14,0.9999050059218888,6435,6957.045308300001,25247.921048200013,13.259469141590214,7,0.534350152905199,20,8.952397357793865,17,7.009298952849738,0.0,0.0
2025-08-09,NC-SBY-TMR-8,0.9998658051291904,606,7082.836364500003,27345.22104440001,12.755041107284756,7,0.5758849337748342,20,9.194240844338148,8,6.79338809188115,0.0,0.0
2025-08-09,NC-SBY-TMR-9,0.9973709199201248,1024,6696.582965800002,26482.800614000003,14.482019976073628,3,0.5251012269938651,9,9.340418119188117,1,8.076729791899103,0.0,0.0
2025-08-09,NC-SBY-UTR-1,0.9999980669007684,1783,5628.9342895,21927.552707799998,16.8187586329609,19,0.461299581005587,16,8.882039256437183,33,6.906330771942493,0.0,0.0
2025-08-09,NC-SBY-UTR-2,0.9999866114561766,1341,11020.629342500008,45019.46878650003,13.243310297542545,21,0.5564390359168234,43,9.068862087447911,15,6.034749020389553,0.0,0.0
2025-08-09,NC-SBY-UTR-3,0.992592928106768,1161,6744.288632000001,25541.795486699983,15.603969638837912,13,0.5003103975535169,25,9.214530868491243,15,6.754538060626455,0.0,0.0
2025-08-09,NC-SBY-UTR-4,0.9999983672802972,467,6135.726664899999,23103.513139500003,14.897127244736838,4,0.5478204887218043,13,9.51220613148351,4,7.135261065791729,0.0,0.0
2025-08-09,NC-SBY-UTR-5,0.9999703870850298,1028,8196.533726699998,28948.82445130002,12.47805579428572,38,0.5594636363636364,59,9.024522677299478,45,4.673691459803893,0.0,0.0
2025-08-09,NC-SBY-UTR-6,0.9998930195239368,833,6103.555223000001,20571.154383400004,16.673930308996532,5,0.4790119439999999,17,9.541346198524,7,8.80209366137519,0.0,0.0
2025-08-09,NC-SBY-UTR-7,0.9991507192996504,788,8610.450239400001,32232.962929199985,14.845573844198915,17,0.5364958563535911,28,9.236964098771312,24,6.918344853974762,0.0,0.0
2025-08-09,NC-SDA-UTR-24,0.9988086320456916,866,9374.268649700009,34260.38762380001,12.600136799466677,29,0.5834193333333332,57,8.97860090876433,12,5.1585374050677935,0.0,0.0
2025-08-09,NC-SDA-UTR-25,0.9994757886318306,470,7320.476397999998,26526.8213905,13.802580565886286,15,0.5665585284280928,22,9.256975174083196,11,5.763163723800837,0.0,0.0
2025-08-09,NC-SDA-UTR-26,0.9999991999272162,945,7965.575946299999,29654.37851469999,15.22287327921686,9,0.5436046686746986,18,9.502171562334103,15,7.066492413708045,0.0,0.0
2025-08-09,OA_CLUSTER,0.9981934738301984,36447,171567.98547500002,632622.8435154001,14.48749794897346,327,0.5292794690732703,606,9.141245771152551,370,6.660975499890701,0.0,0.0
2025-08-10,NC-SBY-BRT-15,0.9999991855218362,8289,8937.030368000003,25731.10070900001,13.27730876639566,22,0.5470542005420056,42,9.290417721575082,32,5.946925023877327,0.0,0.0
2025-08-10,NC-SBY-BRT-16,0.9986276754908248,535,9151.130070399991,32327.0566083,11.878978685254706,17,0.5934613493297584,23,9.137965065036648,9,6.329814866877672,0.0,0.0
2025-08-10,NC-SBY-BRT-17,0.9999991224711212,529,8472.304203300002,27946.288997000007,13.101568924728255,25,0.5703756793478261,44,8.894860135034474,12,5.476016453309336,0.0,0.0
2025-08-10,NC-SBY-SEL-18,0.9999992287011328,664,8954.338860899994,28926.28409040004,16.404052287149526,7,0.4814797507009344,25,9.268920016368098,10,7.859566012752726,0.0,0.0
2025-08-10,NC-SBY-SEL-19,0.999997770511296,453,7000.525194999999,23510.656705600028,16.29523147950139,20,0.4837599260387815,29,8.80999397753306,23,5.384828381531073,0.0,0.0
2025-08-10,NC-SBY-SEL-20,0.9956828061522898,1088,6782.204338699997,22253.461183500018,17.38891321443569,13,0.4461345144356953,22,8.99962076072478,25,6.783892626103304,0.0,0.0
2025-08-10,NC-SBY-SEL-21,0.9841464579659024,333,6537.167021800001,21592.887626699983,14.1283929959707,12,0.5609725274725276,34,9.210135408685217,7,5.809206906036104,0.0,0.0
2025-08-10,NC-SBY-SEL-22,0.9999984796837742,477,8332.040553099996,24311.60517449999,16.192533155851066,18,0.5133583776595748,36,9.3685667196022,15,5.179547058202026,0.0,0.0
2025-08-10,NC-SBY-SEL-23,0.9999995725556288,468,5941.388381600001,19621.2916162,12.334804963865547,18,0.5796901260504199,26,9.022885222155535,6,5.445241874475965,0.0,0.0
2025-08-10,NC-SBY-TMR-10,0.9999990128721472,556,6204.794052799999,21239.254892,12.75661480519032,15,0.5730588235294121,27,8.707077816061458,32,6.347647326739182,0.0,0.0
2025-08-10,NC-SBY-TMR-11,0.9999989409920786,1125,7406.439918300002,25213.68682009999,16.053403898005683,4,0.4916303418803417,18,9.238368062470244,10,8.334396964502888,0.0,0.0
2025-08-10,NC-SBY-TMR-12,0.999998996847234,372,6112.560323199999,20337.221031800014,16.92229024433657,6,0.4789870550161811,21,9.385665545250408,15,7.620043077937943,0.0,0.0
2025-08-10,NC-SBY-TMR-13,0.9999632659752028,347,7784.657913100004,27681.79551520001,15.790339390231363,9,0.4929743589743589,15,9.07214712368402,16,7.181590951107732,0.0,0.0
2025-08-10,NC-SBY-TMR-14,0.983030901117388,6074,7094.842370399993,22386.5795651,11.629159590536275,19,0.563024464831804,27,8.806806500252303,21,5.2972131261588125,0.0,0.0
2025-08-10,NC-SBY-TMR-8,0.9999996636491189,386,7374.750640599997,25536.6491671,11.69886246754966,23,0.6109536423841057,28,9.1043769490603,16,5.590255404681387,0.0,0.0
2025-08-10,NC-SBY-TMR-9,0.9999920258472538,609,7019.398208599997,24563.278795099985,13.563357298466268,9,0.5501993865030674,16,9.15511358726432,7,7.139240610055017,0.0,0.0
2025-08-10,NC-SBY-UTR-1,0.9982307648409344,982,5339.188378399998,18654.813731099992,18.053511234357543,18,0.4257902701117316,14,9.068774889881087,25,6.936804213691542,0.0,0.0
2025-08-10,NC-SBY-UTR-2,0.9962429975983408,2615,12139.969964700003,41389.816219499975,11.464706379773157,41,0.5980968809073723,66,8.905084721505549,37,4.734402531346055,0.0,0.0
2025-08-10,NC-SBY-UTR-3,0.9980823310035356,384,6389.653064699996,22936.63752499999,16.512962326934986,10,0.4778814984709484,32,9.385373130912654,17,6.602906318353559,0.0,0.0
2025-08-10,NC-SBY-UTR-4,0.9999992908613852,309,5897.951533000006,19983.79652,16.41503759548873,8,0.5193684210526317,21,9.535169728579667,7,6.644693807429267,0.0,0.0
2025-08-10,NC-SBY-UTR-5,0.9999977459201154,844,8036.281463599995,25080.21191710001,13.929651693506504,28,0.5170582251948053,44,9.343517451444557,45,5.696952040606921,0.0,0.0
2025-08-10,NC-SBY-UTR-6,0.9999830433221863,543,5546.056716600003,17450.832167999997,18.816367675000013,1,0.4234299999999999,8,9.748354209695446,5,9.623096368380205,0.0,0.0
2025-08-10,NC-SBY-UTR-7,0.999347646882494,512,8855.017663699999,28349.059320599965,14.411611670165742,15,0.5449765193370164,34,9.212837200130537,21,6.938659152958556,0.0,0.0
2025-08-10,NC-SDA-UTR-24,0.9970537612760088,1564,9316.568516999998,31193.51757950004,12.942306754812837,30,0.5769162221333335,53,9.02685124692434,13,5.052560499425905,0.0,0.0
2025-08-10,NC-SDA-UTR-25,0.9999987636737682,374,7010.5915482,23085.7851788,14.047738141471568,21,0.557089464882943,44,9.202926774301028,10,4.231984803070306,0.0,0.0
2025-08-10,NC-SDA-UTR-26,0.9998670564974912,760,8107.535804800001,26642.7495596,15.14870912349398,14,0.5540918674698793,38,9.481587427322484,17,6.613406630032418,0.0,0.0
2025-08-10,OA_CLUSTER,0.9980567107506764,28494,171309.6912045,567024.2658989001,14.71959279591754,358,0.523313464886873,652,9.151965431108833,413,6.445302724426252,0.0,0.0
2025-08-11,NC-SBY-BRT-15,0.9871354118259728,11025,7957.999233599994,27491.5555004,12.836072764769646,31,0.5541558265582652,38,9.074955499527974,26,5.195891948949985,0.0,0.0
2025-08-11,NC-SBY-BRT-16,0.99962851493969,645,9163.506249099995,35230.93492680002,10.530314275603216,24,0.6270180965147455,50,9.085058072958498,7,5.056308878853156,0.0,0.0
2025-08-11,NC-SBY-BRT-17,0.9999647118721212,670,8049.247979299996,30780.932077199985,12.790045803260872,20,0.5752873641304346,48,8.872503645646907,9,5.583935255746791,0.0,0.0
2025-08-11,NC-SBY-SEL-18,0.9999846747138352,766,8853.305192500002,32652.79405379997,15.138639689953278,11,0.5115798287383174,31,9.217441681793389,9,6.941883357684024,0.0,0.0
2025-08-11,NC-SBY-SEL-19,0.9999979139750216,946,7660.2188011000035,27192.0226939,14.44466282160664,29,0.5278344875346259,31,8.747972069022138,34,5.51446790950083,0.0,0.0
2025-08-11,NC-SBY-SEL-20,0.9986337840081848,1083,8063.296016199992,28053.710353899987,13.55171886010499,29,0.5573637356955379,53,8.832501007152409,23,4.76211425385994,0.0,0.0
2025-08-11,NC-SBY-SEL-21,0.9838985748723752,749,6984.815528999998,24827.915521100007,11.469488013553114,19,0.6146501831501829,40,9.033778571474183,8,5.13303934117375,0.0,0.0
2025-08-11,NC-SBY-SEL-22,0.9998408567460148,816,8006.570785599997,27891.343307800023,15.672866108244676,14,0.524342420212766,24,9.29150227352712,12,6.12273312409245,0.0,0.0
2025-08-11,NC-SBY-SEL-23,0.9996075767420796,602,6078.5559157,21734.294249499995,10.39251460882353,22,0.6383855042016803,44,8.949315651038793,7,4.557804077647664,0.0,0.0
2025-08-11,NC-SBY-TMR-10,0.999998624061124,846,6729.060658099998,23893.344406899985,11.255897012110731,13,0.6002915224913495,34,8.74227261859231,22,5.532608280675279,0.0,0.0
2025-08-11,NC-SBY-TMR-11,0.9968433147068352,1690,8241.070952100003,29323.536901199976,13.658117265242158,16,0.5495574549857549,29,9.15129061256693,14,6.575488028250594,0.0,0.0
2025-08-11,NC-SBY-TMR-12,0.9999979024331777,583,6386.326249100003,23384.01318520002,15.384830958576046,19,0.5062338187702269,30,9.351512993878016,13,5.563134710494958,0.0,0.0
2025-08-11,NC-SBY-TMR-13,0.999561829589152,877,8743.072616300004,31721.698255500018,12.614935715384611,24,0.5694551282051281,31,8.847181431547906,11,5.611555778169357,0.0,0.0
2025-08-11,NC-SBY-TMR-14,0.9998638666072798,7225,7068.488366399999,25157.4294947,12.516162218960243,17,0.5556355758409784,38,8.946252920842738,18,5.800294460647148,0.0,0.0
2025-08-11,NC-SBY-TMR-8,0.9999661594791456,613,7014.047221300003,26963.155619900004,11.464189127814574,17,0.6102003311258285,32,9.091497487413264,10,5.712427888319994,0.0,0.0
2025-08-11,NC-SBY-TMR-9,0.9984446048930248,970,6672.832875100005,26139.2350769,12.48501473251534,19,0.5710339978527605,38,9.078170197700954,8,6.069001528021137,0.0,0.0
2025-08-11,NC-SBY-UTR-1,0.998083259827032,1580,6481.015909299999,24627.7603698,13.18842279189944,33,0.556759078212291,38,8.59452675852309,35,5.298673997383228,0.0,0.0
2025-08-11,NC-SBY-UTR-2,0.9857177681906354,6985,11168.812746099997,44202.09247640005,11.212731266162567,48,0.6111625708884689,72,8.962384030192506,19,4.678341309656287,0.0,0.0
2025-08-11,NC-SBY-UTR-3,0.99634241251196,480,7107.6836524,26543.73778000003,13.5428177737003,13,0.5486185015290522,37,9.133693602825453,12,5.814468312408083,0.0,0.0
2025-08-11,NC-SBY-UTR-4,0.9999448273245372,445,6509.130748899996,24181.470064199995,13.706413011278189,10,0.5976710526315793,29,9.403908100339564,5,6.156240484961148,0.0,0.0
2025-08-11,NC-SBY-UTR-5,0.9998074496107204,1125,7790.494767899997,28602.9202882,13.230317303645847,37,0.5327876623376631,48,9.000497732569041,43,5.293926607253745,0.0,0.0
2025-08-11,NC-SBY-UTR-6,0.9999897762393012,683,6869.902366299999,23186.78102020001,13.257712349508193,23,0.5663434426229509,38,9.212636094440054,15,5.244894511825988,0.0,0.0
2025-08-11,NC-SBY-UTR-7,0.9928828872153452,790,9815.582728899995,34101.2943599,11.687675970441983,43,0.6218496779005523,79,8.931303710432822,34,4.242119286953461,0.0,0.0
2025-08-11,NC-SDA-UTR-24,0.991469394859025,840,9724.648151,34703.07979090001,10.008459209066666,64,0.6442346666666668,77,8.783654151968028,28,3.1886727750707693,0.0,0.0
2025-08-11,NC-SDA-UTR-25,0.9998470595307712,349,7587.094873800001,27415.0176811,11.740655687959876,33,0.6393319397993312,67,9.059929969793618,11,4.487970111217823,0.0,0.0
2025-08-11,NC-SDA-UTR-26,0.9985916059127702,1292,8087.864295000003,29966.723865499986,13.023451246686744,21,0.5924513051204818,46,9.350047709362924,17,5.617895958816785,0.0,0.0
2025-08-11,OA_CLUSTER,0.9970092600965434,42194,177415.0375603,647883.9719834002,12.909038990893247,531,0.569176968322618,932,9.01863485431611,394,5.495053605910189,0.0,0.0
2025-08-12,NC-SBY-BRT-15,0.996993572895982,9482,8009.591130299997,27765.65727100001,12.76557775528456,20,0.5526124661246614,38,9.113492285429368,27,5.964932001845383,0.0,0.0
2025-08-12,NC-SBY-BRT-16,0.9998595283179988,838,9288.750550599998,35517.0391632,10.320155859517437,26,0.640617962466488,67,9.063755699909892,6,4.847575119889981,0.0,0.0
2025-08-12,NC-SBY-BRT-17,0.999999181566691,899,8133.570513799997,31105.283166700006,12.873963701086964,22,0.5728220108695653,43,8.859240255088835,10,5.418173586658109,0.0,0.0
2025-08-12,NC-SBY-SEL-18,0.999454548467768,1124,9009.691828200002,33080.35420160001,14.636066754800945,20,0.522594042056075,42,9.228343160645874,7,6.262130910333949,0.0,0.0
2025-08-12,NC-SBY-SEL-19,0.9999910042388224,725,7828.3149718,27725.91405309999,13.525042400554016,28,0.5475609418282541,40,8.610970353274238,34,4.007618077963171,0.0,0.0
2025-08-12,NC-SBY-SEL-20,0.9997914520067304,902,8101.204175400003,28588.68514659999,13.419585945669295,25,0.5564586614173224,34,8.780325615481345,26,4.96075164132304,0.0,0.0
2025-08-12,NC-SBY-SEL-21,0.9999986433254195,544,6879.059881600004,25073.42617690002,11.466263147985352,18,0.6165897435897435,47,9.026820282472766,11,5.044039210141326,0.0,0.0
2025-08-12,NC-SBY-SEL-22,0.9985483760052754,555,8042.753522899996,28196.08241960001,15.010298999468093,13,0.5350019944148934,23,9.26511318368417,16,6.114133301846459,0.0,0.0
2025-08-12,NC-SBY-SEL-23,0.9998156428390516,734,6209.751643400005,22243.107022499986,9.806530372689076,24,0.6611460084033614,47,8.835680144993708,7,4.288838809239032,0.0,0.0
2025-08-12,NC-SBY-TMR-10,0.9999982525882825,1015,6751.809406700002,23977.678946599997,11.03516570905923,21,0.6178088235294119,39,8.72720814137115,25,5.154940133900557,0.0,0.0
2025-08-12,NC-SBY-TMR-11,0.999990496103081,1873,8413.793054399994,30190.88801610001,13.424482520512818,15,0.5593304843304845,36,9.070051547496607,14,6.587277698638223,0.0,0.0
2025-08-12,NC-SBY-TMR-12,0.9999981271735322,498,6538.091223400001,23935.14155279999,14.683746836893205,19,0.5302799352750809,28,9.28275712068124,18,5.530330176314337,0.0,0.0
2025-08-12,NC-SBY-TMR-13,0.999999264409212,519,8935.931085999995,32478.347982500007,12.595549145128194,26,0.5773153846153847,35,8.861582887905438,13,5.434229218964489,0.0,0.0
2025-08-12,NC-SBY-TMR-14,0.998459988822328,7727,7190.412549500002,25515.701905199985,11.923062870336397,23,0.5772168706422015,46,8.860698615691858,24,4.976411790519836,0.0,0.0
2025-08-12,NC-SBY-TMR-8,0.9999196152027084,518,7056.478123700004,26899.37432150002,11.970186556187288,16,0.6087433774834436,27,9.124234402435494,5,5.9381799007662135,0.0,0.0
2025-08-12,NC-SBY-TMR-9,0.9835068355138538,2127,6820.060055500005,26394.35527140002,12.6929993809816,22,0.5841850714723925,38,9.074318330624672,14,5.446589532655126,0.0,0.0
2025-08-12,NC-SBY-UTR-1,0.97870906898235,2281,6610.8474214000025,24998.07764450001,12.561907623743013,39,0.5686508379888265,54,8.586878997480746,39,4.784846932283128,0.0,0.0
2025-08-12,NC-SBY-UTR-2,0.9433957155081274,8615,11325.510325499996,43462.31947529993,10.73880429848772,69,0.6298846880907369,92,8.817771079542116,26,4.253638092640562,0.0,0.0
2025-08-12,NC-SBY-UTR-3,0.998400937252237,680,7152.914306899997,27113.062949499985,13.915209684923088,15,0.5474015384615386,40,9.167973111838618,18,5.598843148011726,0.0,0.0
2025-08-12,NC-SBY-UTR-4,0.9999150654413812,737,6507.232231,24347.1713774,13.522970910150372,13,0.599933270676692,35,9.4057161964971,6,5.720672770881603,0.0,0.0
2025-08-12,NC-SBY-UTR-5,0.9999286315107212,1639,7912.890181599994,28906.212421600023,12.611705847532477,41,0.557819480519481,48,8.979508736001799,39,5.215733206800647,0.0,0.0
2025-08-12,NC-SBY-UTR-6,0.9999118337015268,1176,7074.2630995,23599.422313100004,12.68233097934426,28,0.5852163934426238,50,9.168322787943918,18,5.170857660105712,0.0,0.0
2025-08-12,NC-SBY-UTR-7,0.9698743556111106,998,9927.034716400009,34209.838480700004,11.123692409887008,46,0.6355054141242941,80,8.9616892312551,26,4.067963802756364,0.0,0.0
2025-08-12,NC-SDA-UTR-24,0.9999987037063844,625,9616.890555900003,35329.80090149997,11.81954214453333,39,0.6036079999999997,65,8.968845769306284,11,4.041914975233942,0.0,0.0
2025-08-12,NC-SDA-UTR-25,0.9999664888999238,564,7795.059748799999,27620.44617230001,10.314591969932431,47,0.656151337792642,73,8.942112301372019,22,3.746903458477772,0.0,0.0
2025-08-12,NC-SDA-UTR-26,0.9862103006587216,2407,8322.896050500003,29532.507603200007,11.528934488181816,54,0.6201528614457834,45,9.124242555236584,24,4.203379093025263,0.0,0.0
2025-08-12,OA_CLUSTER,0.9928680097289092,46206,179719.9559995,655323.1412793999,12.605527633505664,589,0.5804008866735301,1029,8.98756291200489,429,5.2443712006078,0.0,0.0
2025-08-13,NC-SBY-BRT-15,0.999998033992897,9876,8185.5192924,28938.569179900016,12.483426276151762,26,0.5619891598915987,47,9.15097043682528,34,5.412406050779111,0.0,0.0
2025-08-13,NC-SBY-BRT-16,0.9999995035254348,655,9269.530615400008,36283.12588960001,9.952001205898128,38,0.64894638069705,75,8.961308074141265,12,4.458057647957789,0.0,0.0
2025-08-13,NC-SBY-BRT-17,0.999987576731766,1527,8237.772940900002,32132.50010670002,12.217569253532606,28,0.5949510869565219,58,8.778343696654403,12,5.056142413250628,0.0,0.0
2025-08-13,NC-SBY-SEL-18,0.9998993475692144,1447,9164.100817400004,33823.821935,14.187512688551395,16,0.5313802570093459,38,9.149570967044744,9,6.168293091563864,0.0,0.0
2025-08-13,NC-SBY-SEL-19,0.9999407032561402,716,7898.363804999999,28459.497134900004,12.529580326592798,41,0.5665459371191137,46,8.609127900561024,41,4.260379772803207,0.0,0.0
2025-08-13,NC-SBY-SEL-20,0.999997603377468,719,8032.672757099999,28802.87232539999,12.986823994986809,25,0.5694783464566927,48,8.768749619176345,33,4.524468015928463,0.0,0.0
2025-08-13,NC-SBY-SEL-21,0.999998897707932,587,6955.955956999998,25624.11488519997,10.597446756410264,22,0.6425924908424909,53,8.9407839317648,11,4.741461632313515,0.0,0.0
2025-08-13,NC-SBY-SEL-22,0.9961285326540006,1535,8145.787363599999,28634.231673099977,14.209398086436162,30,0.5642719414893623,33,9.137517299584268,22,5.2472616739599,0.0,0.0
2025-08-13,NC-SBY-SEL-23,0.9976391806722688,1079,6261.8320821,22898.961374999995,9.188715062184874,30,0.6750567226890758,45,8.820336153834802,9,4.071376202865957,0.0,0.0
2025-08-13,NC-SBY-TMR-10,0.9998157053519504,1768,6727.504075199999,24456.62259470001,10.51196960103806,23,0.6223935986159167,50,8.729131354645634,24,5.064019627858335,0.0,0.0
2025-08-13,NC-SBY-TMR-11,0.999998245336154,2974,8469.02942869999,30801.581222899986,13.287362113390325,26,0.5723383190883184,41,9.058190918422437,12,6.324406681929982,0.0,0.0
2025-08-13,NC-SBY-TMR-12,0.999948422447944,2053,6501.043909600001,24657.93723849999,14.237439253398058,16,0.5406828478964396,32,9.2063591194216,21,5.501257319296619,0.0,0.0
2025-08-13,NC-SBY-TMR-13,0.9999754068163502,717,9028.211343600002,33206.22310589998,12.127461364871804,28,0.588620512820513,41,8.804679710293328,14,5.195960384249049,0.0,0.0
2025-08-13,NC-SBY-TMR-14,0.9998169107418734,6050,7419.723689799995,26198.62645539999,11.226852430886847,28,0.5914227828746181,46,8.760004876066319,26,4.357451417455906,0.0,0.0
2025-08-13,NC-SBY-TMR-8,0.9998987632495486,686,7058.020581200004,27076.651372700013,11.270481094701989,21,0.6220761589403976,31,9.065518121898268,10,5.615393127622713,0.0,0.0
2025-08-13,NC-SBY-TMR-9,0.9844407576352388,1382,6894.576791800004,26969.50813480001,12.34855444141104,32,0.5862295499999993,37,9.08246514272753,9,5.217010180582122,0.0,0.0
2025-08-13,NC-SBY-UTR-1,0.9997215265093036,1791,6664.477518399996,25257.575230599985,12.377443872905031,37,0.5739665969273746,46,8.559466644656368,35,4.783254868782301,0.0,0.0
2025-08-13,NC-SBY-UTR-2,0.9896834899483924,2526,11201.006547400002,45256.774720100046,10.394798981285444,58,0.6347079395085068,88,8.834729696220354,29,4.441271767069581,0.0,0.0
2025-08-13,NC-SBY-UTR-3,0.9985835740174424,1430,7144.176470000004,27460.593910200016,13.368492107033628,17,0.5576100917431189,37,9.144146655303627,13,5.5023214602537776,0.0,0.0
2025-08-13,NC-SBY-UTR-4,0.9999783312532642,681,6536.568992900004,24815.2041559,13.177028624060156,14,0.6060413533834588,37,9.400097776509805,8,5.7979872522025735,0.0,0.0
2025-08-13,NC-SBY-UTR-5,0.9999863215488216,1441,7964.810704699989,29460.2341686,12.348318174285708,43,0.567191991428571,49,8.954264804818944,44,5.075742864144795,0.0,0.0
2025-08-13,NC-SBY-UTR-6,0.9999912194127566,942,7125.761781200003,24202.2332062,12.250088627392742,38,0.607144462828947,54,9.167556365826536,21,4.724459553122782,0.0,0.0
2025-08-13,NC-SBY-UTR-7,0.9576568161411688,1484,9869.564019899995,34368.048123500004,11.170636573428576,51,0.642474285714286,80,8.906941085616037,25,3.794122644425443,0.0,0.0
2025-08-13,NC-SDA-UTR-24,0.9999989506166038,1363,9598.049748500003,35655.6081683,10.97460712426667,40,0.629070666666667,66,8.883529863838326,17,3.838448353027512,0.0,0.0
2025-08-13,NC-SDA-UTR-25,0.9999392263185188,469,7723.551913300002,28005.259313300045,10.93631470468227,36,0.6520744147157186,75,8.931652531781463,16,4.048863770267668,0.0,0.0
2025-08-13,NC-SDA-UTR-26,0.9872311924776566,1283,8173.4682389,30614.4643141,11.836216901219514,27,0.6206897865853662,56,9.210520748582914,20,5.175719129347782,0.0,0.0
2025-08-13,OA_CLUSTER,0.9964031838201016,44066,180756.0114853,669785.5081447999,12.14355501440984,688,0.5925213002437454,1112,8.949319119306502,474,5.012202571376126,0.0,0.0
2025-08-14,NC-SBY-BRT-15,0.9985991512125082,10638,8247.332858800002,29334.87034390001,11.963164005962057,47,0.5832811653116533,53,9.009528080903513,41,4.722596054446162,0.0,0.0
2025-08-14,NC-SBY-BRT-16,0.9999440369051568,726,9256.354965500002,36588.861213,9.661707795967748,35,0.6597935656836461,70,8.928723441838674,15,4.368433457636932,0.0,0.0
2025-08-14,NC-SBY-BRT-17,0.99810042304542,892,8151.241856400002,31699.027271500025,12.426241778804352,22,0.5926306611413039,51,8.7521113038293,13,5.4153854517287465,0.0,0.0
2025-08-14,NC-SBY-SEL-18,0.9960701475912004,1166,9208.889164100005,34163.42126630001,14.09876955000001,20,0.5474661214953267,48,9.148342850502376,10,5.90802106075321,0.0,0.0
2025-08-14,NC-SBY-SEL-19,0.999968875515298,736,7832.438009599998,28694.7514022,12.563358895555549,36,0.5632222991689754,58,8.639489218015974,37,4.0145319502890535,0.0,0.0
2025-08-14,NC-SBY-SEL-20,0.9997846363006,1100,7973.6572475999965,28952.040450500008,12.309698539895018,32,0.5861751968503942,60,8.654711223175903,29,4.272441925324819,0.0,0.0
2025-08-14,NC-SBY-SEL-21,0.9999709388470612,743,6997.656394900001,26140.6596911,10.074201535897435,37,0.6584844322344319,60,8.839764586272311,14,4.21630595367207,0.0,0.0
2025-08-14,NC-SBY-SEL-22,0.987947814557608,1244,8274.032636100004,29399.65264979999,13.807253155319156,18,0.5698490691489361,36,9.122136692932088,20,5.680809788047137,0.0,0.0
2025-08-14,NC-SBY-SEL-23,0.9984113419230431,1246,6375.378030500002,23511.57338090001,7.90023521932773,55,0.7253361344537816,69,8.653921696290176,22,3.5885332364673848,0.0,0.0
2025-08-14,NC-SBY-TMR-10,0.9999985820426478,870,6722.558060499998,24885.29279589999,9.903344256055368,25,0.647431660899654,50,8.61767316723807,32,4.821933614924491,0.0,0.0
2025-08-14,NC-SBY-TMR-11,0.9990789237824894,1888,8435.095860199992,31549.49547940001,12.414688405714283,24,0.5931837603988606,46,8.986573435550524,17,6.029410523109689,0.0,0.0
2025-08-14,NC-SBY-TMR-12,0.9999138772959452,751,6665.6156729999975,25488.140613800024,13.826376002589004,19,0.5617912621359226,39,9.207647882853395,16,5.416396065385394,0.0,0.0
2025-08-14,NC-SBY-TMR-13,0.9989843647789456,518,9063.651445699998,32822.7418355,11.023397470951153,41,0.6284147435897439,60,8.6794874871218,25,4.645074394791088,0.0,0.0
2025-08-14,NC-SBY-TMR-14,0.9997281981798428,6897,7442.4718895,26725.648998599994,10.487700943730896,39,0.6136169724770643,63,8.626543974791483,27,4.286178753789136,0.0,0.0
2025-08-14,NC-SBY-TMR-8,0.9999723392136226,771,7082.202592400002,27690.034105300016,10.79323295430464,20,0.6375000000000003,39,9.011756243009405,8,5.472623149783104,0.0,0.0
2025-08-14,NC-SBY-TMR-9,0.9995087318853773,495,6724.315269899998,27523.852397300016,12.366310475766875,25,0.5788673312883438,35,9.071117137335817,9,5.535075586304064,0.0,0.0
2025-08-14,NC-SBY-UTR-1,0.9991505494996176,1571,6712.536517800001,26012.4458048,12.474893479551817,47,0.5799378491620119,59,8.520277297074523,53,4.416787036992724,0.0,0.0
2025-08-14,NC-SBY-UTR-2,0.9998609355676824,2034,10938.730531599997,45707.05984860001,10.912219459735349,48,0.6208903591682413,81,8.839906503289196,27,4.900019782328553,0.0,0.0
2025-08-14,NC-SBY-UTR-3,0.9981438877527836,1007,7078.634213600002,27789.687105099994,13.279014362691129,24,0.5698906727828745,51,9.083636258969577,16,5.228890867737913,0.0,0.0
2025-08-14,NC-SBY-UTR-4,0.9999131794357152,424,6589.601767600001,25374.3693409,12.41744172556391,26,0.6249332706766912,55,9.315776931239776,4,4.961030510785546,0.0,0.0
2025-08-14,NC-SBY-UTR-5,0.9999914321789322,1162,8171.149597099999,30302.63560689997,11.375095633766229,44,0.5829363636363636,61,8.906306011762762,49,4.815083940633678,0.0,0.0
2025-08-14,NC-SBY-UTR-6,0.9999837726313836,1208,7277.504805999997,25020.6544292,12.11483861901639,38,0.6145188524590163,63,9.175962415463507,18,4.375796082853367,0.0,0.0
2025-08-14,NC-SBY-UTR-7,0.9766347773254968,1743,10636.877049300008,34262.82936839998,10.018744863911854,78,0.677779761813186,114,8.76548322136098,36,2.530280477121518,0.0,0.0
2025-08-14,NC-SDA-UTR-24,0.9998576394687846,586,9545.9008166,35872.312156999964,11.369755373866676,43,0.620068,72,8.892373180991315,26,3.852488686887736,0.0,0.0
2025-08-14,NC-SDA-UTR-25,0.9999991096866097,360,7727.233232700001,28315.97556770003,10.581457228762543,46,0.667619565217391,83,8.91280198307649,22,3.779651423163938,0.0,0.0
2025-08-14,NC-SDA-UTR-26,0.987291600910978,1364,8103.294468700004,30818.8838002,11.926491801219514,35,0.6201249999999999,56,9.178175936480011,23,5.014820183703913,0.0,0.0
2025-08-14,OA_CLUSTER,0.9976934165006932,39830,181857.9264377,679639.7453989,11.732581426762556,800,0.6066152248559951,1321,8.890548273283152,538,4.788190681804462,0.0,0.0
2025-08-15,NC-SBY-BRT-15,0.9971390623052064,12805,8549.805043199998,29702.98932779999,11.934344867750688,46,0.5887974254742552,46,9.073093833821478,45,4.95204505188297,0.0,0.0
2025-08-15,NC-SBY-BRT-16,0.9999995928732144,542,9201.503665800004,36106.12884329998,9.644285422043,29,0.649717828418231,51,8.911818982413934,16,4.933624469890465,0.0,0.0
2025-08-15,NC-SBY-BRT-17,0.9999594049096192,798,8222.528667499995,32260.814347400017,12.226658789041094,26,0.5899911684782612,48,8.757762957347223,10,5.415038807306711,0.0,0.0
2025-08-15,NC-SBY-SEL-18,0.9999891509788746,931,9116.854729800005,34118.83054359999,14.499697019014086,17,0.5210184967289718,35,9.154576760017036,9,6.032880020626864,0.0,0.0
2025-08-15,NC-SBY-SEL-19,0.9946419166489042,2885,7533.205734699994,28084.713541099994,12.8017804770083,14,0.5494660664819945,36,8.751872855523683,37,5.701362963108233,0.0,0.0
2025-08-15,NC-SBY-SEL-20,0.9937085159856028,2274,8028.733585500003,28859.798327200013,13.2373314657754,25,0.5690809272965882,37,8.797880229893307,26,4.8567036284878125,0.0,0.0
2025-08-15,NC-SBY-SEL-21,0.999871733392088,940,6993.199736200001,25550.922815499987,10.149418572426466,33,0.6468418802197796,50,8.85229290913045,17,4.389432787287032,0.0,0.0
2025-08-15,NC-SBY-SEL-22,0.9999905211266992,853,8325.755844299994,29460.678572199977,13.609240405319149,20,0.5766976949468087,47,9.096019700443955,22,5.403454993116733,0.0,0.0
2025-08-15,NC-SBY-SEL-23,0.99990650955963,584,6360.789476499996,23278.2867277,9.433134936974788,35,0.6698897058823526,47,8.760373932056135,17,4.028586765381176,0.0,0.0
2025-08-15,NC-SBY-TMR-10,0.9972690558847384,980,6670.814733199997,24534.89038270001,11.072993299999997,25,0.6212517301038056,37,8.688538345176998,31,5.584265773618785,0.0,0.0
2025-08-15,NC-SBY-TMR-11,0.9983019615227464,1895,8372.791706199996,30604.825170799973,13.398708288603991,11,0.5622571225071226,32,9.082906621649652,11,6.853248324620957,0.0,0.0
2025-08-15,NC-SBY-TMR-12,0.9999971299896564,809,6959.307891999998,25034.077090699982,12.924211629641684,29,0.5726108414239481,53,9.03057462799378,20,4.3913710189715065,0.0,0.0
2025-08-15,NC-SBY-TMR-13,0.9992178796628524,1148,8917.000346900004,32676.78221449998,12.296241623575131,21,0.5744151712820517,33,8.772792159606816,10,5.648560454567698,0.0,0.0
2025-08-15,NC-SBY-TMR-14,0.99947721284477,7081,7346.050477800006,26273.579385400004,11.988259402752291,17,0.573670234556575,48,8.88381838128911,25,4.505469889889828,0.0,0.0
2025-08-15,NC-SBY-TMR-8,0.9999994585982336,429,7052.882583500001,27428.515040900013,12.00754962857143,12,0.6045066221854305,27,9.097188259722316,8,6.014979328688686,0.0,0.0
2025-08-15,NC-SBY-TMR-9,0.9999989611757714,340,6729.511529799999,27323.03763729999,13.625583171076917,15,0.54682080797546,26,9.21549466088234,6,5.866583863399332,0.0,0.0
2025-08-15,NC-SBY-UTR-1,0.9999978207033184,1022,6539.364816299993,25401.3644658,13.316039581564242,31,0.5564720670391062,38,8.667443933247814,36,5.2077871628898285,0.0,0.0
2025-08-15,NC-SBY-UTR-2,0.9920618350819382,1911,10919.924984899984,45087.70860170002,11.555234811195431,46,0.5990311909262752,77,8.892914766559878,20,5.070247712578893,0.0,0.0
2025-08-15,NC-SBY-UTR-3,0.9999823207971712,493,7145.850138700005,27584.66011490002,13.902085618042811,17,0.5490287969418962,35,9.162251286416613,17,5.366794620685412,0.0,0.0
2025-08-15,NC-SBY-UTR-4,0.9995412956816464,534,6526.486466399997,24863.500440999996,13.41995156905661,11,0.5912421680451133,27,9.49379302071547,4,6.154807394446497,0.0,0.0
2025-08-15,NC-SBY-UTR-5,0.9999975782893642,1112,8455.753851599999,30490.89702869999,11.39995468733509,43,0.5903478355844156,63,8.908590984561107,44,3.99916441298852,0.0,0.0
2025-08-15,NC-SBY-UTR-6,0.999993827807474,889,7238.219362300001,24811.59074350001,11.989226310526313,32,0.6076393442622947,51,9.175726896834632,13,4.918960759807977,0.0,0.0
2025-08-15,NC-SBY-UTR-7,0.9965696945946938,1046,9926.22624289999,35010.047488200005,12.00723584957984,37,0.5998021980769233,68,8.996246121154421,30,4.32877437029966,0.0,0.0
2025-08-15,NC-SDA-UTR-24,0.9996312380912524,731,9651.274353100003,35400.62857910003,11.241423742318052,49,0.6250284439999992,77,8.864377824644933,25,3.754112826927563,0.0,0.0
2025-08-15,NC-SDA-UTR-25,0.9983255532097896,1461,7589.841544999997,27877.563913000016,11.604346191836736,35,0.6331867337792642,50,9.063595302621254,16,4.55692099838962,0.0,0.0
2025-08-15,NC-SDA-UTR-26,0.986484385423496,2632,8161.810826300001,30154.892632100004,12.171883990625002,35,0.614240461445783,47,9.187279352916129,22,4.699301273581722,0.0,0.0
2025-08-15,OA_CLUSTER,0.998386510920083,42301,181132.561616,674548.6388519,12.332727748989395,592,0.585090988432514,1012,8.961344934082158,474,5.212092775297733,0.0,0.0
2025-08-16,NC-SBY-BRT-15,0.9994720920783656,11689,8234.8591192,29830.96629050001,12.386507111382114,24,0.5695772357723573,41,9.245097986588824,31,5.922222388832582,0.0,0.0
2025-08-16,NC-SBY-BRT-16,0.9999498165284736,508,9252.469126500002,37485.1295756,11.15394236729222,20,0.6136373994638071,44,9.006752611431116,10,5.770602631998111,0.0,0.0
2025-08-16,NC-SBY-BRT-17,0.9998197526670692,736,8098.757934900002,33204.903751999984,13.390323315489132,21,0.5712404891304349,43,8.895872527776373,12,5.747960407639082,0.0,0.0
2025-08-16,NC-SBY-SEL-18,0.99997170479999,746,8978.309189000005,35181.7409735,14.83271887336449,18,0.5197161214953271,40,9.112403827855864,12,6.392381874948075,0.0,0.0
2025-08-16,NC-SBY-SEL-19,0.9999965525866642,785,6967.552977500003,27847.291727599983,14.519350036011083,17,0.5091426592797782,36,8.885662058217568,23,5.823855062797537,0.0,0.0
2025-08-16,NC-SBY-SEL-20,0.9955325518879118,1685,6984.1075164,27210.580589599995,15.49341640866142,21,0.4974875328083989,33,8.982037313411931,21,5.677210678266398,0.0,0.0
2025-08-16,NC-SBY-SEL-21,0.990354720158425,591,6500.471950499999,25429.4309401,11.276534612454205,22,0.6173333333333336,56,8.780035629234494,12,4.734142624712407,0.0,0.0
2025-08-16,NC-SBY-SEL-22,0.9999843318862336,545,7688.6902777,28705.305372099992,15.930186707446811,23,0.5159082446808515,40,9.308141798178472,19,5.953646050402127,0.0,0.0
2025-08-16,NC-SBY-SEL-23,0.9995495637252426,1853,6143.2464407,23283.8216797,9.922380354201684,29,0.6528130252100847,41,8.779908812725184,14,4.407802817931605,0.0,0.0
2025-08-16,NC-SBY-TMR-10,0.9952872081502828,1052,6141.248066300003,24119.88605939999,12.424647997923865,15,0.5810700692041524,36,8.706244078663135,33,5.91556379309329,0.0,0.0
2025-08-16,NC-SBY-TMR-11,0.9987067425965266,1360,7559.566227700006,29731.411065299977,14.64290280997151,9,0.525829297150997,35,9.18361440850161,10,6.750098703455921,0.0,0.0
2025-08-16,NC-SBY-TMR-12,0.9956516794877636,528,6202.668363100004,24199.881916,15.834777984789648,13,0.4997742718446601,30,9.36811987647372,16,7.199283252177164,0.0,0.0
2025-08-16,NC-SBY-TMR-13,0.9999957425176356,897,8037.857786799999,32295.393994599995,13.83763077307692,12,0.5343634615384614,25,8.9208174863057,11,6.60165632255427,0.0,0.0
2025-08-16,NC-SBY-TMR-14,0.9989471746785198,7043,7379.426111400001,27116.6441244,11.003717206811142,39,0.5975359324159022,54,8.740956694916902,34,3.427427802114332,0.0,0.0
2025-08-16,NC-SBY-TMR-8,0.999994864483689,500,7155.071140600004,29082.276424400014,12.3406576307947,14,0.5995720198675493,33,9.144915695982228,11,5.852326757645667,0.0,0.0
2025-08-16,NC-SBY-TMR-9,0.9978167970613228,414,6830.7523111,28983.841502000003,13.024411793558292,18,0.5691288343558278,36,9.108488240941854,7,5.940248109329518,0.0,0.0
2025-08-16,NC-SBY-UTR-1,0.999495181006112,941,5406.640980199997,23027.345035799997,17.31218012290503,5,0.4499734636871509,10,9.091791894978636,19,7.975716056273376,0.0,0.0
2025-08-16,NC-SBY-UTR-2,0.9999512851585484,1752,11417.351703600014,48945.075916400034,11.063326863516068,68,0.6213416824196594,103,8.787967971026443,29,4.365289249667918,0.0,0.0
2025-08-16,NC-SBY-UTR-3,0.9999984426322348,455,6569.212862699997,26979.77499429998,15.925624556574906,15,0.4953539755351683,27,9.296245219866286,13,6.432748694669921,0.0,0.0
2025-08-16,NC-SBY-UTR-4,0.9999987816764132,372,5866.560959,23747.38535559999,16.046707080451128,2,0.5309125939849624,11,9.637447214743402,5,7.667161853989604,0.0,0.0
2025-08-16,NC-SBY-UTR-5,0.999997594997595,844,7876.427324700004,30173.847891300025,12.866496859114584,26,0.5435837662337664,46,9.110146506548029,43,5.239127478579412,0.0,0.0
2025-08-16,NC-SBY-UTR-6,0.9999972222222222,566,5651.078867800001,21213.188319,18.78038098065573,3,0.4364262295081967,8,9.72060237589072,4,10.003809437653835,0.0,0.0
2025-08-16,NC-SBY-UTR-7,0.9822188306955324,562,8768.241239800003,33877.767302899985,14.426585614560452,15,0.549791437637363,36,9.219318235756695,26,6.594043368770875,0.0,0.0
2025-08-16,NC-SDA-UTR-24,0.9998837038006172,503,9425.5827951,36466.74307039999,12.101491674933332,44,0.5955060000000001,64,8.978738832484632,15,4.326652438162924,0.0,0.0
2025-08-16,NC-SDA-UTR-25,0.9997257834757834,1619,7292.911100999995,28282.499473300013,12.57660493478261,22,0.6109063545150504,49,9.167031454223846,9,5.177087821366957,0.0,0.0
2025-08-16,NC-SDA-UTR-26,0.9996086363962412,2469,7878.174669099997,31105.425670399974,14.367169737349403,24,0.5634006024096386,43,9.3714993832783,14,5.844263121501797,0.0,0.0
2025-08-16,OA_CLUSTER,0.9980417617165488,36424,169710.56847720005,671672.8908021,13.839102104386338,449,0.5472774105900599,864,9.080773073468867,415,6.068788000569634,0.0,0.0
2025-08-17,NC-SBY-BRT-15,0.9906965392340716,5213,8097.174142000001,30828.3814029,12.70048193604336,30,0.5585792682926832,41,9.416600032674513,33,5.885208754156932,0.0,0.0
2025-08-17,NC-SBY-BRT-16,0.996345715006205,1340,8893.0753758,39367.6104311,11.625567790080437,18,0.6038793565683644,36,9.078363429220383,10,6.044452994034194,0.0,0.0
2025-08-17,NC-SBY-BRT-17,0.9999295176630436,621,7907.178434700001,34410.98326290002,13.436663707880452,23,0.5622629076086959,42,8.875993101129495,11,5.686560303781367,0.0,0.0
2025-08-17,NC-SBY-SEL-18,0.9999982750162704,822,8380.6078035,35889.71585060001,16.303001480841132,8,0.4840887850467289,33,9.307542190782907,12,7.334391130914533,0.0,0.0
2025-08-17,NC-SBY-SEL-19,0.9999978278265278,422,6729.945261599999,28539.660724799985,15.586277634626043,10,0.4922770083102491,21,8.917856620995476,32,6.690054223876522,0.0,0.0
2025-08-17,NC-SBY-SEL-20,0.9952163033006248,366,6637.185858600002,27570.204134899985,17.00141261076113,19,0.4761922572178474,28,9.099428099663395,19,6.010179082805807,0.0,0.0
2025-08-17,NC-SBY-SEL-21,0.9999380168561036,382,6060.568065,25634.061210399985,13.582111711355312,10,0.556313186813187,28,9.064583689140614,11,6.531149485308474,0.0,0.0
2025-08-17,NC-SBY-SEL-22,0.9999982762017336,563,8009.95131420001,30550.28499249998,15.279828596010637,25,0.5375970744680852,43,9.393862636105846,19,5.070586781925436,0.0,0.0
2025-08-17,NC-SBY-SEL-23,0.9997958495702144,484,5824.7671985,24002.580159700014,11.780000852521017,19,0.5991869747899156,32,8.962870134235533,12,5.677362220076563,0.0,0.0
2025-08-17,NC-SBY-TMR-10,0.9948908611938416,1158,5806.491762499997,24311.13532989997,13.251074870934254,21,0.5680377737024223,33,8.789378637182216,37,5.840143048339592,0.0,0.0
2025-08-17,NC-SBY-TMR-11,0.9989360609046924,1389,7068.230876900007,30017.47027530001,16.2044555997151,4,0.4924586894586895,10,9.262690397559506,10,8.52613807398502,0.0,0.0
2025-08-17,NC-SBY-TMR-12,0.9832397266923808,2977,5772.9339397999975,23831.50288769997,17.30403172427185,21,0.4729937970873785,23,9.35355215217583,23,6.177306501448738,0.0,0.0
2025-08-17,NC-SBY-TMR-13,0.9999991426605496,300,7273.207608899998,31711.716708400007,15.150036040616955,11,0.5007679487179489,18,8.981932736176203,12,7.285011362552806,0.0,0.0
2025-08-17,NC-SBY-TMR-14,0.9999934068771376,6254,6920.4501643,27593.015294099994,12.14565997767584,18,0.5646842507645262,30,8.833146502551282,28,4.610455365725124,0.0,0.0
2025-08-17,NC-SBY-TMR-8,0.999400130084409,1305,6989.772720300001,30584.868194600003,12.243112670234112,15,0.5919569536423845,21,9.13252856563486,11,6.325821932808507,0.0,0.0
2025-08-17,NC-SBY-TMR-9,0.9999978698011832,434,6436.419026599995,29609.40564129999,14.996315534969312,3,0.5189118098159511,13,9.303216466492907,5,8.40442632727402,0.0,0.0
2025-08-17,NC-SBY-UTR-1,0.9999972549019608,599,4892.944736700004,22074.9246686,20.70843837709497,10,0.3935458567039104,5,9.355653077135845,21,8.3756231440067,0.0,0.0
2025-08-17,NC-SBY-UTR-2,0.9953163905638978,1064,11533.334183500012,51851.22992379992,12.001902253308128,41,0.5982252678638945,67,8.927236037729935,20,5.21251465226486,0.0,0.0
2025-08-17,NC-SBY-UTR-3,0.9999990797393142,356,6143.999251299995,27492.917720100017,17.924172691743106,8,0.4539594801223242,15,9.502067688524942,15,7.496376001052151,0.0,0.0
2025-08-17,NC-SBY-UTR-4,0.9999326008479936,332,5516.804885899998,23973.868935700004,17.420627162406007,7,0.4986776315789474,20,9.680491464673247,3,7.323116779391485,0.0,0.0
2025-08-17,NC-SBY-UTR-5,0.9999975348772036,1033,8443.759798700003,32186.63872360001,12.658986206493504,39,0.5606207792207791,60,9.222252642979608,48,3.987590491161765,0.0,0.0
2025-08-17,NC-SBY-UTR-6,0.9999723090053736,504,5542.110979700002,21671.832003900014,17.294538077814572,4,0.4612396173770491,12,9.686325374733716,7,8.625811707286609,0.0,0.0
2025-08-17,NC-SBY-UTR-7,0.9999948171010608,563,7959.644288599994,34016.37564359998,15.482567711538453,15,0.532626373626374,32,9.33495582062292,28,7.3289396874168755,0.0,0.0
2025-08-17,NC-SDA-UTR-24,0.999998641974177,355,8889.051644600007,37471.65626840002,13.336076076000005,16,0.567441333333333,48,9.128306669871463,8,5.850534065536329,0.0,0.0
2025-08-17,NC-SDA-UTR-25,0.99996469713861,329,6438.507552799997,27581.928787199995,15.299622872575249,12,0.5373152173913041,32,9.275200742332188,8,5.242612607449284,0.0,0.0
2025-08-17,NC-SDA-UTR-26,0.9996097720106096,2175,7488.126599400001,32101.426713000023,16.418193371686755,9,0.5271137048192769,17,9.647842886949462,18,8.07854215478726,0.0,0.0
2025-08-17,OA_CLUSTER,0.9979334871886392,28481,162840.55767759998,687720.3841203997,14.8459596880053,379,0.5254288688142138,663,9.18808538098678,427,6.50144597546657,0.0,0.0
2025-08-18,NC-SBY-BRT-15,0.9923542189337288,3472,7713.017808600002,29624.2044783,13.507545675880756,21,0.5446686991869916,33,9.2605897007085,33,6.166286567184816,0.0,0.0
2025-08-18,NC-SBY-BRT-16,0.9999996276428051,475,8784.011652499996,37971.435758,10.500260434048268,12,0.6372278820375336,32,8.960250377623566,12,5.768468392966595,0.0,0.0
2025-08-18,NC-SBY-BRT-17,0.9999148613868208,674,7636.738648900002,32471.789775999998,13.50098279782608,13,0.5638267663043482,33,8.940678755940306,11,6.172682472213864,0.0,0.0
2025-08-18,NC-SBY-SEL-18,0.9999978298604468,685,8547.072485299996,34991.70201059999,15.062326733723657,17,0.5069777517564404,34,9.158705730319486,11,6.273059249392668,0.0,0.0
2025-08-18,NC-SBY-SEL-19,0.9999975684786916,423,6539.5900618000005,27039.27109640001,15.339579875346244,11,0.4885138504155127,30,8.868483630033234,29,6.195474178013376,0.0,0.0
2025-08-18,NC-SBY-SEL-20,0.987001941692626,513,7063.523647900007,27334.054587399987,15.04143144540684,18,0.5175231845144356,37,8.904387536162284,20,5.705097588285367,0.0,0.0
2025-08-18,NC-SBY-SEL-21,0.9999969474969476,400,6139.830342200001,24863.37889340002,12.223919449084246,17,0.5896739926739928,40,8.934847202103004,11,5.448932708115412,0.0,0.0
2025-08-18,NC-SBY-SEL-22,0.999998183855398,524,7509.5064986,28357.86180730002,15.776806384042564,19,0.5177573138297871,29,9.330981046956188,12,5.985433834973589,0.0,0.0
2025-08-18,NC-SBY-SEL-23,0.999981812109167,760,5939.061974900002,23775.240949999978,10.121475834873948,24,0.6448046218487393,40,8.803686028111171,11,4.981342800356152,0.0,0.0
2025-08-18,NC-SBY-TMR-10,0.9999983003156152,818,5780.636628200002,23490.425284499983,13.405083009342569,10,0.5483529411764706,22,8.905397194054109,18,6.405431119999759,0.0,0.0
2025-08-18,NC-SBY-TMR-11,0.999983465620182,1295,7272.591830200001,29887.713539100027,15.13425465840456,6,0.5104487179487183,17,9.168482585731546,10,7.938439183800017,0.0,0.0
2025-08-18,NC-SBY-TMR-12,0.9999983144584518,856,5527.681744599999,23085.36112999999,17.48464096278318,6,0.4615380258899677,19,9.420218005405449,14,7.477402103843084,0.0,0.0
2025-08-18,NC-SBY-TMR-13,0.9999798831625102,470,8257.904914299996,32620.623595300003,12.774679556041123,16,0.5569993589743591,28,8.802970079363787,17,6.225696135625923,0.0,0.0
2025-08-18,NC-SBY-TMR-14,0.9999805571802174,6559,7029.4601330000005,26875.88024190003,11.245995392966362,32,0.5930481651376142,50,8.63030047318194,34,4.028360962813764,0.0,0.0
2025-08-18,NC-SBY-TMR-8,0.9999994251281102,510,6860.321182199997,29140.437105699988,12.047238880794708,15,0.6050157284768216,30,9.129834620132272,8,5.890062179511587,0.0,0.0
2025-08-18,NC-SBY-TMR-9,0.9998426142186568,511,6476.818264000005,28551.538004900005,14.352601771165643,10,0.5354516871165647,19,9.298553448301224,5,7.796068469563551,0.0,0.0
2025-08-18,NC-SBY-UTR-1,0.9999973706632586,632,5496.792750599998,23766.8652032,16.406886688826813,13,0.4689401768156423,17,8.983237358628815,26,7.170619815389973,0.0,0.0
2025-08-18,NC-SBY-UTR-2,0.9879967821995238,8562,11051.965372800005,48567.29912429999,11.35943474272212,44,0.6121041272211724,79,8.886455441535624,23,4.858135374918979,0.0,0.0
2025-08-18,NC-SBY-UTR-3,0.9999987257871238,463,6392.883497600006,27556.20081269999,15.616912108256887,15,0.5075313455657492,28,9.284511567696264,15,6.233739884716028,0.0,0.0
2025-08-18,NC-SBY-UTR-4,0.9999979549492728,399,5634.968557100001,23917.38113549999,16.183534538345853,3,0.5348026315789473,15,9.58057162621678,4,7.115129916958336,0.0,0.0
2025-08-18,NC-SBY-UTR-5,0.9999891215048652,1106,8056.443607800003,29892.424522499976,13.58588072408376,28,0.5280231602597404,41,9.120184143087672,41,3.539240312486684,0.0,0.0
2025-08-18,NC-SBY-UTR-6,0.999995100302215,564,5465.5791051000015,20464.40799449999,19.024806537049184,10,0.434989344262295,10,9.711309096255896,4,6.666916128461187,0.0,0.0
2025-08-18,NC-SBY-UTR-7,0.9980887838700953,647,8221.827766399998,33936.70044570001,14.358540312362631,14,0.5514505494505493,39,9.258071353475811,22,6.7718717265801045,0.0,0.0
2025-08-18,NC-SDA-UTR-24,0.9999987962962964,414,8969.576032800001,36225.96031829999,12.305112149866677,35,0.5866286666666667,57,8.932105525687673,18,4.808950994421223,0.0,0.0
2025-08-18,NC-SDA-UTR-25,0.99987779480986,605,7096.276479499997,27914.3263598,12.126977311036788,31,0.6158494983277589,58,8.95420702383393,20,3.883576082855336,0.0,0.0
2025-08-18,NC-SDA-UTR-26,0.9999032216160042,2163,7840.826318400003,32341.251520899987,12.986712207530118,16,0.5967394578313255,52,9.327431664067946,14,5.9309013634097765,0.0,0.0
2025-08-18,OA_CLUSTER,0.9981329640314528,31318,163398.2284746,668182.1974972,14.059122972945724,374,0.5416624950015119,722,9.093112210371975,391,6.087350575162997,0.0,0.0
2025-08-19,NC-SBY-BRT-15,0.9998498275067168,3248,8025.595382599996,29024.7257409,12.198091218428186,39,0.5744573170731706,62,9.039044258541375,38,4.840933976760822,0.0,0.0
2025-08-19,NC-SBY-BRT-16,0.9968398599070536,3446,9101.5855726,35913.7280645,8.88476841313672,42,0.678912198391421,74,8.955451160863856,17,4.505132235392884,0.0,0.0
2025-08-19,NC-SBY-BRT-17,0.999999119364954,724,7833.662411199999,31430.317608400004,13.705085589673914,29,0.5770224184782606,53,8.951760949730946,11,5.516405817218866,0.0,0.0
2025-08-19,NC-SBY-SEL-18,0.9999862001236368,830,9041.955218400002,34471.9138791,13.641442522429903,24,0.5524772196261679,45,9.142392593139666,15,5.504582625184875,0.0,0.0
2025-08-19,NC-SBY-SEL-19,0.9956242095687518,2572,8017.069140500002,28967.8290393,11.144518446537404,46,0.6097950138504155,63,8.483892559033068,47,3.790512104341035,0.0,0.0
2025-08-19,NC-SBY-SEL-20,0.993190099619906,1672,8176.213721299998,29349.160251099976,11.845787000263847,34,0.6067624671916018,58,8.707287678943135,27,4.07970774456061,0.0,0.0
2025-08-19,NC-SBY-SEL-21,0.99928203320772,1374,6925.615979699998,25587.479158499988,9.139557089010992,51,0.6839145300366305,74,8.696447344018965,26,3.676538624388008,0.0,0.0
2025-08-19,NC-SBY-SEL-22,0.9999609007993632,792,8189.4951455,28736.271313100024,13.658565857808217,36,0.5832267287234048,54,8.929659359814382,30,4.323219874266759,0.0,0.0
2025-08-19,NC-SBY-SEL-23,0.9995410275678144,556,6120.357896600004,22716.298835700007,8.642646289915966,36,0.6939201680672271,54,8.686557860508731,20,3.714496582934344,0.0,0.0
2025-08-19,NC-SBY-TMR-10,0.9990607859921644,1055,6551.058831999997,24322.750241599995,11.39808681695502,26,0.6158633217993081,43,8.777219190958919,16,5.098887039025855,0.0,0.0
2025-08-19,NC-SBY-TMR-11,0.9988343650214936,1512,8276.199351300002,30417.089046599984,11.834967934293944,39,0.6166483854700858,46,8.900565250845307,21,5.094943803865519,0.0,0.0
2025-08-19,NC-SBY-TMR-12,0.9986864847822222,2179,6810.945019599999,24574.641499599995,13.027286807119724,31,0.5724237323624595,49,9.158114033690977,20,3.578225654887945,0.0,0.0
2025-08-19,NC-SBY-TMR-13,0.9999985915144072,499,8838.389747700008,33091.96475629999,11.4965240774359,41,0.6084365384615386,50,8.713227837435278,18,4.9418872049272204,0.0,0.0
2025-08-19,NC-SBY-TMR-14,0.9999980516735152,6481,7337.014696899998,26190.973874500018,10.850656528134564,40,0.6102810908256877,60,8.722872798131707,34,4.135877696049158,0.0,0.0
2025-08-19,NC-SBY-TMR-8,0.9962246750324414,2106,6952.1310854,27101.4511941,10.043659070588236,46,0.6673857615894042,49,8.97263496922338,21,4.020828202638166,0.0,0.0
2025-08-19,NC-SBY-TMR-9,0.9945000224852494,970,6669.722179,27053.67476489999,10.97100371380368,43,0.6355948365030678,59,9.004888922853402,22,4.163362270819664,0.0,0.0
2025-08-19,NC-SBY-UTR-1,0.999964685327683,1366,6715.358736299999,24765.74246929999,11.038672022857146,64,0.6157942270949723,54,8.436706944845284,54,3.7935003109157854,0.0,0.0
2025-08-19,NC-SBY-UTR-2,0.99623987080774,1574,11208.129869000011,46027.95059549992,9.420943281060609,126,0.6801761185255206,147,8.728096018802827,40,3.008429396130196,0.0,0.0
2025-08-19,NC-SBY-UTR-3,0.9947866255736492,681,7190.303189200004,27413.50133009997,12.96246439415385,40,0.5831350663608562,67,9.107702629056098,19,4.065162115057985,0.0,0.0
2025-08-19,NC-SBY-UTR-4,0.9999982160261766,527,6423.482321000003,24937.0087629,12.060982738721808,37,0.6412669172932338,53,9.270389700612158,13,4.547791374799312,0.0,0.0
2025-08-19,NC-SBY-UTR-5,0.9961665741742268,1112,7733.0833946999965,29613.94620339999,12.178907845454535,44,0.5770370129870129,61,8.847693055348161,48,4.912770165325647,0.0,0.0
2025-08-19,NC-SBY-UTR-6,0.9999970293209876,784,6837.584290900001,23657.8619331,12.82208831934426,27,0.5885237704918032,49,9.212528855752913,20,5.285372779209595,0.0,0.0
2025-08-19,NC-SBY-UTR-7,0.9976123377884312,1271,9622.955572699995,35367.99279939999,11.556675074725277,47,0.6306215659340655,75,8.926076704093775,39,4.200479105079927,0.0,0.0
2025-08-19,NC-SDA-UTR-24,0.99488412090275,969,9644.569167899996,35757.130910299966,10.611704716266676,63,0.645995777866667,80,8.888675397895765,28,3.4287437970300982,0.0,0.0
2025-08-19,NC-SDA-UTR-25,0.9957204183698748,702,7590.845553499999,27877.906236100007,11.168955401337785,51,0.6580852842809357,74,9.013908869006816,20,4.019912667065082,0.0,0.0
2025-08-19,NC-SDA-UTR-26,0.9893404118746432,2789,7966.327139300001,30197.537304600013,12.481476437349396,25,0.6125753012048193,43,9.354606945352698,25,5.47393409080071,0.0,0.0
2025-08-19,OA_CLUSTER,0.998023236014884,37331,178597.90875410003,670734.2733619,11.536455865515084,988,0.6161184821640014,1399,8.880207116251189,616,4.3807122133840215,0.0,0.0
2025-08-20,NC-SBY-BRT-15,0.9995529243516548,5215,7983.282337399999,28598.26905090001,13.005580712737132,30,0.5472235772357722,39,9.117464895157768,33,5.483536474287829,0.0,0.0
2025-08-20,NC-SBY-BRT-16,0.9887348067842074,1584,9115.350444500007,35081.95102229999,9.447521141778967,36,0.6613288409703502,65,8.924278224899572,12,4.570450113361002,0.0,0.0
2025-08-20,NC-SBY-BRT-17,0.9999991193675576,819,7838.084689400004,30668.23813029997,13.421513649999994,15,0.5643641304347827,31,8.909821204321384,9,6.117267200593376,0.0,0.0
2025-08-20,NC-SBY-SEL-18,0.999983167523704,1378,9147.7047646,33586.187399300004,13.62240538387851,22,0.5380782710280368,36,9.149150822143548,17,5.577214538294226,0.0,0.0
2025-08-20,NC-SBY-SEL-19,0.9963877999466906,3838,8012.722401200001,28822.304288100004,10.433654170083091,46,0.6088711911357342,49,8.452830286746895,52,4.30669267589609,0.0,0.0
2025-08-20,NC-SBY-SEL-20,0.9999862329363414,1015,8216.8709973,29213.737360900017,12.512515818897644,33,0.5889232283464563,52,8.700867904349453,25,4.38270566094163,0.0,0.0
2025-08-20,NC-SBY-SEL-21,0.9848022706721978,1883,6992.390378699999,24641.51480110001,10.19451956,31,0.6551574074074074,55,8.815710180894316,17,4.307608134672759,0.0,0.0
2025-08-20,NC-SBY-SEL-22,0.999964631353428,711,8191.315020000005,28677.62815420001,14.721989698138298,13,0.5496482712765959,25,9.187843618683257,17,5.747406801102324,0.0,0.0
2025-08-20,NC-SBY-SEL-23,0.9995317347362012,2368,6245.1641189,22880.25207160001,9.138222601234563,32,0.6825240516260165,45,8.72560848203247,19,4.325096573466272,0.0,0.0
2025-08-20,NC-SBY-TMR-10,0.9999909576699336,829,6574.709182499998,23957.091227799992,11.816179509722229,17,0.5997508650519028,34,8.794266065232387,19,5.527176243781108,0.0,0.0
2025-08-20,NC-SBY-TMR-11,0.9936345866151036,1586,8300.785165399997,29776.833819199983,12.969949334670494,23,0.5752996199430199,41,8.994555990726418,14,5.39092561271644,0.0,0.0
2025-08-20,NC-SBY-TMR-12,0.9999977423294232,977,7045.340426899998,24732.39974960001,13.771401295792888,30,0.5656699029126219,46,9.153165043185265,14,3.5058289968127547,0.0,0.0
2025-08-20,NC-SBY-TMR-13,0.9999988648356772,559,8863.042240099992,32352.87195539996,11.530782092820514,27,0.5952762820512824,41,8.743156603292453,14,5.513186890652765,0.0,0.0
2025-08-20,NC-SBY-TMR-14,0.999966870540265,7582,7346.004825800002,25775.624063000003,11.43632780397554,33,0.5885581039755348,46,8.616863356723199,30,4.006943441679011,0.0,0.0
2025-08-20,NC-SBY-TMR-8,0.9996976192401544,591,6908.787388499997,26701.99137519997,11.07176296324504,23,0.633109271523179,41,9.015506582332522,12,5.408317229168181,0.0,0.0
2025-08-20,NC-SBY-TMR-9,0.999998544366674,506,6648.284921399997,26584.492450200007,13.02100740092024,9,0.5641648773006133,28,9.17459835680813,6,6.823429062634291,0.0,0.0
2025-08-20,NC-SBY-UTR-1,0.9992712262785184,1268,6579.949163900003,25291.934180000004,13.08562573603352,33,0.5568044692737435,41,8.694593438930232,34,5.298285159357054,0.0,0.0
2025-08-20,NC-SBY-UTR-2,0.9999960398725758,1141,10865.937309300009,44561.52935279998,11.779207647069944,42,0.6018563327032135,66,8.935430349813798,19,5.123034131810397,0.0,0.0
2025-08-20,NC-SBY-UTR-3,0.9998565165297176,531,7028.956413100004,26803.305646999997,13.59110232324159,30,0.5566804281345566,44,9.141080818134377,19,4.553729920532078,0.0,0.0
2025-08-20,NC-SBY-UTR-4,0.9999982160268752,550,6339.887951200001,24074.984648300007,13.68317789022556,11,0.6000770676691727,30,9.423159720034882,6,6.25832945603499,0.0,0.0
2025-08-20,NC-SBY-UTR-5,0.9998825548197268,1388,7894.5514272,29147.6793579,12.444337591145826,46,0.5643324675324674,54,8.885330324717543,44,4.870794556382854,0.0,0.0
2025-08-20,NC-SBY-UTR-6,0.9988763825440672,1577,6914.548671299998,23489.2666398,12.074316449158252,30,0.5896579236065577,39,9.20023626462718,15,5.273901732068063,0.0,0.0
2025-08-20,NC-SBY-UTR-7,0.9999752938034188,2765,9892.6371543,35245.3069076,11.520122063736263,47,0.62888804945055,83,8.88362151078914,37,4.120733417919555,0.0,0.0
2025-08-20,NC-SDA-UTR-24,0.9989549966807156,2111,9478.811976199991,35091.86478859999,11.018339658399992,39,0.6358026666666662,63,8.914438645931817,18,3.78585588700158,0.0,0.0
2025-08-20,NC-SDA-UTR-25,0.9999916387959866,897,7669.203095900006,27776.28430890002,10.555061308361203,45,0.6630292642140464,76,8.961838242254132,21,4.119366664646862,0.0,0.0
2025-08-20,NC-SDA-UTR-26,0.9992591530243312,2480,8065.100048599998,30348.248197000023,12.159699760542164,23,0.6178569277108437,54,9.298559826640457,24,5.351507839151394,0.0,0.0
2025-08-20,OA_CLUSTER,0.9983756905761336,40661,178946.30739290005,660665.3936525001,12.235028056162504,659,0.5896831875791783,1031,8.937552904875728,484,5.07533712560936,0.0,0.0
2025-08-21,NC-SBY-BRT-15,0.9999647386554076,3982,8265.164647600004,29609.4659574,12.459913589159893,40,0.5856239837398378,60,8.954427496409538,47,4.398562843742284,0.0,0.0
2025-08-21,NC-SBY-BRT-16,0.9881230274547204,1208,9392.677201199996,36066.94962390002,9.043155078706194,28,0.6732803234501357,67,8.90383679827285,16,4.678038019747352,0.0,0.0
2025-08-21,NC-SBY-BRT-17,0.993406920374012,755,8257.319200699998,31340.9827431,11.392755096195655,51,0.6203618660326091,61,8.753152353453991,16,3.868912146657229,0.0,0.0
2025-08-21,NC-SBY-SEL-18,0.9997517681437604,1675,9372.182160299995,34148.37588040001,12.71419199649532,34,0.5673212616822428,50,8.988899292191984,19,4.960202769945397,0.0,0.0
2025-08-21,NC-SBY-SEL-19,0.9982408047259852,1716,8419.675834799998,29736.097516399983,10.552769825761768,47,0.6073608033240997,58,8.415309122939675,55,3.594844509719446,0.0,0.0
2025-08-21,NC-SBY-SEL-20,0.9978410354347168,1192,8461.989792300003,29513.455766999992,11.740171698918928,36,0.6082917763779523,58,8.692583128752092,28,4.278858998585965,0.0,0.0
2025-08-21,NC-SBY-SEL-21,0.9554884098840069,646,7105.580656,25233.248998499985,9.627077222846442,34,0.6557593632958801,65,8.825154551816375,25,3.635906832672155,0.0,0.0
2025-08-21,NC-SBY-SEL-22,0.9999722653171788,674,8443.924805100003,29519.946947099983,13.98650206329787,20,0.5642519946808514,32,9.07002705341454,20,4.981167451823857,0.0,0.0
2025-08-21,NC-SBY-SEL-23,0.9844318456205424,2233,6824.753186799998,22939.86642839999,6.633424273877548,70,0.7489308943089433,84,8.57512528853201,32,2.154918352902776,0.0,0.0
2025-08-21,NC-SBY-TMR-10,0.999788429086371,1431,6687.035294700002,24647.8460554,11.401427689619378,17,0.6166559975778548,40,8.741568847578682,17,5.339609075138664,0.0,0.0
2025-08-21,NC-SBY-TMR-11,0.9857526613055833,1601,8510.259968700004,30497.7642258,12.627280256125363,20,0.5757678062678062,46,8.972688309858327,11,5.74145330064683,0.0,0.0
2025-08-21,NC-SBY-TMR-12,0.9999741924309734,584,7190.163386299994,25126.2804079,13.869075508090624,24,0.5614644012944986,41,9.144855235121144,16,3.2978003861900085,0.0,0.0
2025-08-21,NC-SBY-TMR-13,0.9998206705686098,697,8934.525427299995,32760.001448500017,11.08853034897436,27,0.6090762820512827,49,8.684810471282395,13,5.159761126087125,0.0,0.0
2025-08-21,NC-SBY-TMR-14,0.9999936240637468,7058,7435.1477239,26328.960574800003,10.767984301834868,37,0.6078147299694194,53,8.641997809642254,35,3.693794655725059,0.0,0.0
2025-08-21,NC-SBY-TMR-8,0.999867970335368,792,7051.219321500001,27529.829888099997,11.227285945033106,21,0.6305827814569532,41,9.08254643828724,9,5.637019294090296,0.0,0.0
2025-08-21,NC-SBY-TMR-9,0.9957854704031794,1129,6770.2139598000085,27271.156154800025,12.076585190184044,17,0.5922898773006133,37,9.033698771702928,9,5.811550750647503,0.0,0.0
2025-08-21,NC-SBY-UTR-1,0.9999979087427624,1007,6679.800943999992,25753.35331149998,12.69780627541899,34,0.5736368715083802,54,8.622854574277241,36,4.937248229160865,0.0,0.0
2025-08-21,NC-SBY-UTR-2,0.9999936607216928,1279,11035.904872899995,45352.56323170001,10.745599396030252,40,0.623902173913044,72,8.867245541262436,25,4.891904989074656,0.0,0.0
2025-08-21,NC-SBY-UTR-3,0.9999345904705113,647,7230.333915799996,28085.67752160001,13.352977697859329,27,0.5636360856269113,48,9.16010785150218,15,5.2527320983216805,0.0,0.0
2025-08-21,NC-SBY-UTR-4,0.9999984770949202,471,6576.720529299999,24807.562516699996,12.328985390601495,25,0.6291287593984966,47,9.261214400464295,6,4.83133063505855,0.0,0.0
2025-08-21,NC-SBY-UTR-5,0.9999931119427512,1055,8095.0615664000015,30215.451898899977,11.940943690885408,43,0.5695837662337656,54,8.885877229012781,48,5.077539468188997,0.0,0.0
2025-08-21,NC-SBY-UTR-6,0.9999972450138048,994,7099.726244200003,23926.92687989999,12.59945082274248,23,0.5894224042622955,40,9.23260851942224,15,5.141424004305325,0.0,0.0
2025-08-21,NC-SBY-UTR-7,0.9999988235144484,1110,10124.506419899988,36589.98735510002,10.861561462087908,57,0.6523619505494503,98,8.842472520038472,39,3.986155681080675,0.0,0.0
2025-08-21,NC-SDA-UTR-24,0.998771419184299,973,9633.161389900008,35555.961091799974,11.230047894133348,44,0.6306159999999997,68,8.95834304398367,14,3.956477021409564,0.0,0.0
2025-08-21,NC-SDA-UTR-25,0.9996681646021546,715,7754.184583300002,28132.44043430002,10.182920529096988,45,0.6729021739130437,77,8.926042459473384,22,4.206015206552733,0.0,0.0
2025-08-21,NC-SDA-UTR-26,0.9993413938649612,2977,8156.874115899998,30673.65570599999,12.24730270903615,28,0.6164194277108437,49,9.294754324382682,17,5.157587952399538,0.0,0.0
2025-08-21,OA_CLUSTER,0.9961279996387932,33936,183963.88705949995,677001.7513329,11.605143450097684,772,0.6074845573772562,1255,8.880277790765481,552,4.617895475781367,0.0,0.0
2025-08-22,NC-SBY-BRT-15,0.9997091171020231,2772,8417.038079799993,30064.78914230001,12.377688383468834,36,0.5809613821138208,49,9.053645291356757,45,5.0633559629807525,0.0,0.0
2025-08-22,NC-SBY-BRT-16,0.9945235101835554,3036,9362.2033689,37000.10563070001,9.039335595148248,33,0.6724811320754721,77,8.89778113422383,13,4.560133076100232,0.0,0.0
2025-08-22,NC-SBY-BRT-17,0.9999312698223044,993,8470.5503684,33100.66059800002,11.971020291032607,30,0.6026528532608694,55,8.811209705788846,12,5.118659426024542,0.0,0.0
2025-08-22,NC-SBY-SEL-18,0.9983057823942189,2103,9639.528549500004,35144.03624059998,13.426714396261689,32,0.5542307242990652,56,9.017630708986616,18,4.5864296657155466,0.0,0.0
2025-08-22,NC-SBY-SEL-19,0.9974373724373724,2706,8610.492833700004,30062.79963649999,10.847476567590029,53,0.6108005540166205,60,8.43164164154119,52,3.027702961503283,0.0,0.0
2025-08-22,NC-SBY-SEL-20,0.993240084372984,6964,8260.74373600001,29899.927283800014,12.514929457217857,41,0.5842598425196854,50,8.760737841053878,32,4.414979787540049,0.0,0.0
2025-08-22,NC-SBY-SEL-21,0.9786918809322556,581,7255.065238299997,26194.76491470001,9.987515583516489,36,0.6545952380952383,63,8.809672549947425,21,4.079157041980843,0.0,0.0
2025-08-22,NC-SBY-SEL-22,0.998949162392894,1014,8427.498393900003,29689.3679989,13.552916975265957,20,0.5760771276595745,42,9.030468986294451,23,5.039173345290498,0.0,0.0
2025-08-22,NC-SBY-SEL-23,0.9979281507319654,1357,6570.817416899999,23447.33596759998,8.002704791056916,48,0.7048861788617885,62,8.60913823281342,24,3.38029903803544,0.0,0.0
2025-08-22,NC-SBY-TMR-10,0.9998017553251894,1533,6662.722730500006,24669.9001995,11.376482313840832,21,0.6083148788927335,36,8.7797019980166,18,5.5749965282331,0.0,0.0
2025-08-22,NC-SBY-TMR-11,0.9991533521462262,2169,8442.156309199994,31324.008365599995,13.263062778062675,10,0.5657571225071226,28,9.074208602719608,10,6.841387984937343,0.0,0.0
2025-08-22,NC-SBY-TMR-12,0.9993354105269472,1037,6746.061345999999,25687.8821732,14.37333784045307,19,0.5403495145631068,36,9.332157651836326,14,4.680527998469579,0.0,0.0
2025-08-22,NC-SBY-TMR-13,0.9999533104912468,661,9098.785275300004,33658.61688379999,11.308392555128211,30,0.5965128205128207,41,8.688921346582639,12,5.167615156120824,0.0,0.0
2025-08-22,NC-SBY-TMR-14,0.9992037933109632,6942,7571.131711800001,27067.460240300003,10.554903529969415,42,0.6198315495412847,62,8.673021738592212,25,3.7255221880743945,0.0,0.0
2025-08-22,NC-SBY-TMR-8,0.998856912535268,1369,7146.965105200003,28188.42865809998,10.963917073178807,26,0.6336249999999999,36,9.02924442781715,9,5.432655803000309,0.0,0.0
2025-08-22,NC-SBY-TMR-9,0.9901068725661856,645,6904.978957099998,27785.17041699999,12.125566963157896,14,0.5856615539877297,35,9.13550505470106,11,5.999918357128053,0.0,0.0
2025-08-22,NC-SBY-UTR-1,0.9999936599442468,1183,6522.442681499997,25713.307673800005,12.988381999720664,26,0.5614664804469275,39,8.649145062685008,32,5.264390898318725,0.0,0.0
2025-08-22,NC-SBY-UTR-2,0.9999039366906224,1736,11142.662950000004,46807.48126990005,10.792608431758037,61,0.6236942344045373,87,8.83908084380479,32,4.660645353628227,0.0,0.0
2025-08-22,NC-SBY-UTR-3,0.9999983327835066,519,7187.134778399999,27877.313795999995,13.347659890214077,22,0.5566559633027522,48,9.192228780078024,16,5.289217443059557,0.0,0.0
2025-08-22,NC-SBY-UTR-4,0.9998030943106404,642,6493.387372900002,25163.256506200007,13.33641721917293,11,0.6053937969924812,21,9.404278659074803,8,6.021169929096525,0.0,0.0
2025-08-22,NC-SBY-UTR-5,0.9987076971927616,1451,8277.655951500006,30584.9540851,11.74020727428572,46,0.58426948051948,60,8.881763986031116,50,4.844920787750264,0.0,0.0
2025-08-22,NC-SBY-UTR-6,0.9995981861305536,1276,7234.032637100003,25072.067172200004,12.534614829508204,20,0.5955450819672133,51,9.357976265093228,18,5.585180098195571,0.0,0.0
2025-08-22,NC-SBY-UTR-7,0.999309988391139,1820,10062.207642800004,36474.39774260003,11.625109725824172,48,0.6263111263736265,82,8.908272984450313,30,4.2766939716741925,0.0,0.0
2025-08-22,NC-SDA-UTR-24,0.9962845657224344,1903,9745.052760299994,35926.300165199995,11.313740833155082,43,0.628602444533333,74,8.90275714124085,15,3.818663309457638,0.0,0.0
2025-08-22,NC-SDA-UTR-25,0.9961731416097632,4308,7769.232302499998,28533.61028030001,10.5141543819398,34,0.6508478260869561,60,8.961441029747801,16,4.22523556226604,0.0,0.0
2025-08-22,NC-SDA-UTR-26,0.9980961734950856,4208,8174.477749199999,31069.03645720002,12.833184139457828,27,0.5974342370481931,49,9.317107919870478,15,5.448435495855721,0.0,0.0
2025-08-22,OA_CLUSTER,0.9976884701327452,44509,184506.26343470003,690678.0325964001,11.862738584570172,725,0.6001713875204805,1176,8.921146190798327,525,4.888864466855887,0.0,0.0
2025-08-23,NC-SBY-BRT-15,0.9991882065341188,2585,8293.119814799997,30851.222591,12.451432352032516,18,0.5695494579945807,37,9.19643806908226,40,5.985540454310454,0.0,0.0
2025-08-23,NC-SBY-BRT-16,0.9980927018812394,1007,9236.682062200009,39203.899499200015,11.020613804289535,16,0.6193009383378014,41,9.051463220467085,9,5.77302949691205,0.0,0.0
2025-08-23,NC-SBY-BRT-17,0.9942384699577296,908,8687.613133399998,34947.42980940003,11.672905304891296,39,0.6083824728260868,50,8.77912295141869,17,4.674279349060162,0.0,0.0
2025-08-23,NC-SBY-SEL-18,0.9999867844216432,2530,9073.782516000005,36390.25866800002,14.075004132243,16,0.5276261682242986,43,9.07325745448128,15,6.083896593539404,0.0,0.0
2025-08-23,NC-SBY-SEL-19,0.9781549823891034,1593,7069.317794099995,28641.6350253,14.131399768975074,10,0.5152936288088641,28,8.826180579572373,31,6.150354178554579,0.0,0.0
2025-08-23,NC-SBY-SEL-20,0.982091999724414,4340,7260.546217500001,28543.669086899998,15.40812660603673,21,0.50980883648294,29,9.00988535695782,18,6.159609390734033,0.0,0.0
2025-08-23,NC-SBY-SEL-21,0.9399763939313576,954,6745.155196000001,26080.07075289999,11.801544430711605,14,0.6135730337078648,37,8.989607889321437,12,5.758824531869834,0.0,0.0
2025-08-23,NC-SBY-SEL-22,0.9886825256107172,755,7955.146853900003,30298.97513210001,14.78741875345744,21,0.5491589095744679,41,9.214573568427694,20,5.68700882251354,0.0,0.0
2025-08-23,NC-SBY-SEL-23,0.978217232976352,736,6553.094698399996,22678.7790941,9.412000732113825,31,0.6626124662601627,52,8.77655814510367,20,3.415814746788817,0.0,0.0
2025-08-23,NC-SBY-TMR-10,0.999989113895364,961,6358.941316200001,25381.653699999977,11.83277172802768,28,0.6032629757785464,47,8.713767608313692,35,5.356620831377279,0.0,0.0
2025-08-23,NC-SBY-TMR-11,0.9868385372052296,1620,7993.859183800001,31492.652602299982,14.937400188034188,11,0.5326246438746436,33,9.166096878469084,18,6.894818056191395,0.0,0.0
2025-08-23,NC-SBY-TMR-12,0.9804378296176436,799,6370.053263499999,25733.20153479998,16.108439422330108,9,0.5086933656957929,23,9.472969971618967,13,7.340239081073567,0.0,0.0
2025-08-23,NC-SBY-TMR-13,0.9988996660877278,564,8510.230159399996,34057.66001220001,13.49391836794872,9,0.5423173076923072,21,8.910545860881259,11,6.92636024692437,0.0,0.0
2025-08-23,NC-SBY-TMR-14,0.986549809521032,3866,7549.269473900002,28363.247364399984,11.183565063914363,35,0.5960252293577982,48,8.794199204493342,32,4.713346973351275,0.0,0.0
2025-08-23,NC-SBY-TMR-8,0.9640120708761356,1253,7402.819104399993,29684.474001700004,12.491029564451829,11,0.5945435983443702,29,9.270677200988404,6,6.629891770428479,0.0,0.0
2025-08-23,NC-SBY-TMR-9,0.9627336345690736,977,6983.832844099997,29596.90856430001,13.182679161128531,6,0.560834375,21,9.197542961971925,6,7.280839987281549,0.0,0.0
2025-08-23,NC-SBY-UTR-1,0.999998140972956,549,5469.337610599997,23503.649894400005,17.060906370949713,11,0.450400139664805,10,9.033269137973011,20,8.000635026975578,0.0,0.0
2025-08-23,NC-SBY-UTR-2,0.9999987966463628,1101,11299.75471150001,49975.61864420004,12.134446021550104,33,0.5920137051039698,54,8.967479141610523,27,5.714300039385717,0.0,0.0
2025-08-23,NC-SBY-UTR-3,0.987002509730084,553,6751.1576504,27749.4986406,15.67882790061163,14,0.5084373088685012,31,9.29205307796003,13,6.121443073690676,0.0,0.0
2025-08-23,NC-SBY-UTR-4,0.9999991297728804,412,6132.801036900003,25310.362704399988,14.277126854135336,8,0.5776729323308264,28,9.48727977508299,5,6.0306695188123145,0.0,0.0
2025-08-23,NC-SBY-UTR-5,0.989657912252232,1221,8224.257825799998,31502.6627718,11.75470903020832,48,0.5798506493506491,68,8.997966765459791,48,4.118299585336525,0.0,0.0
2025-08-23,NC-SBY-UTR-6,0.9887878849373368,762,5907.261733200002,22252.488057499984,17.38387922105264,4,0.4789327868852459,16,9.583223373967448,5,8.694606421721602,0.0,0.0
2025-08-23,NC-SBY-UTR-7,0.978610506969882,1430,9094.204118199998,35978.31239209999,13.793957411538472,16,0.5786806318681317,38,9.183960852630149,20,6.467291076083575,0.0,0.0
2025-08-23,NC-SDA-UTR-24,0.9985046285219472,604,9636.1965926,37934.4759891,11.613676742933336,42,0.6113979999999996,72,8.91469927510285,14,4.34545932216136,0.0,0.0
2025-08-23,NC-SDA-UTR-25,0.998339022825633,1850,7378.549566999998,29039.098025700016,12.520761853511706,16,0.5981479933110372,43,9.161522302719662,12,5.288957967895784,0.0,0.0
2025-08-23,NC-SDA-UTR-26,0.9999309730572256,2543,8009.9121664,32605.72015450001,13.343787124397585,17,0.5797751003012046,39,9.397807903017938,13,6.002340160367706,0.0,0.0
2025-08-23,OA_CLUSTER,0.987274994260694,31476,174922.23831819996,698218.3305435999,13.49991184164838,429,0.5584639598884283,825,9.079667486953635,441,6.091522426630974,0.0,0.0
2025-08-24,NC-SBY-BRT-15,0.9999979388625408,2130,7879.5423146,30965.761201299996,13.738850853387548,23,0.5498848238482383,32,9.376784809628669,42,6.290145373164511,0.0,0.0
2025-08-24,NC-SBY-BRT-16,0.99968560144705,519,9091.295574399996,40155.89917220003,10.867915042349734,19,0.6192560321715815,37,9.046422408844698,12,5.77761783745131,0.0,0.0
2025-08-24,NC-SBY-BRT-17,0.9999186740178296,670,8406.052036099998,35548.72681019997,12.446655829891297,30,0.5870991847826084,51,8.880578018893287,14,5.017323239478027,0.0,0.0
2025-08-24,NC-SBY-SEL-18,0.999998409787407,714,8492.944301399997,36698.69238159998,15.900011214018702,16,0.4975410824766354,37,9.262209206175092,12,6.816835043237138,0.0,0.0
2025-08-24,NC-SBY-SEL-19,0.9999982485320672,735,6692.343341700004,28549.408194999996,14.32220993878116,11,0.5019688365650969,23,8.792669568404497,32,6.151178417957874,0.0,0.0
2025-08-24,NC-SBY-SEL-20,0.9958412646068256,698,6673.260389399997,27741.91792599999,16.864196700262454,22,0.4756152669291341,34,9.015664202742652,20,5.513975561257454,0.0,0.0
2025-08-24,NC-SBY-SEL-21,0.9998461492767828,422,6318.170490400005,26553.689585999997,12.832490404395594,15,0.5793049450549449,35,9.052456383566083,16,5.660137385775633,0.0,0.0
2025-08-24,NC-SBY-SEL-22,0.9999985840228528,642,7738.9025667,30575.412821000005,14.829971065425534,27,0.541442819148936,45,9.203853384701008,14,5.10174480927273,0.0,0.0
2025-08-24,NC-SBY-SEL-23,0.96718050307928,707,6239.577251000001,23742.708908599976,10.804598561885244,28,0.6261867346938776,37,8.961604249594652,17,4.438495725966638,0.0,0.0
2025-08-24,NC-SBY-TMR-10,0.9999987038657204,744,6036.324450400001,24912.10333200001,12.467178274740467,26,0.5805025951557091,33,8.733148097043415,33,5.728243575832973,0.0,0.0
2025-08-24,NC-SBY-TMR-11,0.9999457442308088,1301,7338.871368199999,31173.89587800001,15.71644905641026,7,0.5128411680911682,25,9.28199998046275,13,7.598956528188854,0.0,0.0
2025-08-24,NC-SBY-TMR-12,0.999982844899916,607,6010.751372399997,25409.52842989998,16.645570860841417,11,0.481957928802589,27,9.378318603531966,23,6.853158962256057,0.0,0.0
2025-08-24,NC-SBY-TMR-13,0.996273417737082,405,7806.289163399999,33535.405978600014,14.15132016923076,24,0.5261237179487177,36,8.870879102250191,20,5.672715674923099,0.0,0.0
2025-08-24,NC-SBY-TMR-14,0.999998298940027,497,7039.215490200005,28609.85026829999,11.43783456941896,34,0.5917714067278291,45,8.647318009162115,28,5.104419139968466,0.0,0.0
2025-08-24,NC-SBY-TMR-8,0.9999883815899968,1365,7159.242473300002,31586.767598100025,12.2180836178808,11,0.6017086092715235,30,9.237456815291983,6,6.481011407998217,0.0,0.0
2025-08-24,NC-SBY-TMR-9,0.9946155879555092,1276,6970.0676123999965,31157.7320434,13.662984837730066,6,0.5442622699386505,15,9.213040033842844,9,7.410030390506019,0.0,0.0
2025-08-24,NC-SBY-UTR-1,0.9992555589380392,507,4988.519361399999,22790.56964449997,20.362323412290515,7,0.4000069832402235,13,9.311145278559392,13,8.372667240137007,0.0,0.0
2025-08-24,NC-SBY-UTR-2,0.9998629010506096,5707,11846.6269133,53468.49124289997,11.416509761436664,47,0.6065723062381853,69,8.867600141546644,27,5.127985203839352,0.0,0.0
2025-08-24,NC-SBY-UTR-3,0.9999887444589024,810,6414.895918600002,28195.323357099995,17.11491637737002,13,0.4775764525993882,36,9.482050899098528,15,6.475016272406885,0.0,0.0
2025-08-24,NC-SBY-UTR-4,0.9999986027019728,336,5814.925082399999,24864.343013100013,16.02418076203007,6,0.5325206766917293,19,9.725198457874638,5,6.746914486639142,0.0,0.0
2025-08-24,NC-SBY-UTR-5,0.999997953036332,952,7508.316929200001,30625.662002400004,13.812894575324682,22,0.5261844155844155,47,9.310960738251834,37,5.440007256857465,0.0,0.0
2025-08-24,NC-SBY-UTR-6,0.9999954861111112,567,5213.472890899999,21078.65089529998,19.26445852871288,4,0.4343344262295078,12,9.710051682955218,4,9.424196696548702,0.0,0.0
2025-08-24,NC-SBY-UTR-7,0.9999509654083244,2621,8396.729474200003,35729.80774869999,14.445485544230769,15,0.5565089285714289,41,9.23562971139494,22,6.786721308381448,0.0,0.0
2025-08-24,NC-SDA-UTR-24,0.9986192573595004,551,9286.420976199985,38936.68125959999,12.167942438666651,35,0.6052599999999998,69,9.06941405033833,15,4.645857013661127,0.0,0.0
2025-08-24,NC-SDA-UTR-25,0.9945251533348576,2567,7024.995867400002,28395.59737849999,11.694676435472976,47,0.6126794872909701,71,9.03616829095543,19,3.006808875512776,0.0,0.0
2025-08-24,NC-SDA-UTR-26,0.9990709569554252,6463,8028.7202626000035,33674.691993699984,13.751657507228918,31,0.5815243469879521,47,9.48101235796886,20,3.4449875437175,0.0,0.0
2025-08-24,OA_CLUSTER,0.9983205701485356,24932,166076.33676600002,703670.3484342,14.389767714351692,424,0.5366508533284441,779,9.145801357591653,434,6.232238449488785,0.0,0.0
2025-08-25,NC-SBY-BRT-15,0.999912742929411,2027,8179.962618399999,28323.3184268,12.718250878861795,36,0.5564674796747967,49,8.984623784251584,43,4.752024256462762,0.0,0.0
2025-08-25,NC-SBY-BRT-16,0.9999488321959228,552,9156.8353877,35901.774469800024,9.733653605630028,24,0.6450603217158178,52,8.956252010026061,14,5.053950274380732,0.0,0.0
2025-08-25,NC-SBY-BRT-17,0.9999989786411196,566,8001.424776600001,31078.643101999973,12.67178263070652,18,0.583091711956522,43,8.837327726419039,8,5.622500899501453,0.0,0.0
2025-08-25,NC-SBY-SEL-18,0.999475518649796,1724,9242.453992,33775.6257032,13.362469948364488,27,0.5512219626168227,47,9.074102007308834,21,5.398179068911845,0.0,0.0
2025-08-25,NC-SBY-SEL-19,0.9943323777090862,2203,7879.302274099994,28297.484198100006,11.851654063157891,32,0.5749965373961218,48,8.577776815144896,50,4.613175655603159,0.0,0.0
2025-08-25,NC-SBY-SEL-20,0.9959402149841337,2028,8125.495722800005,28399.3048004,13.335262117585303,29,0.5622388448818904,55,8.879827303561107,26,4.697773729914354,0.0,0.0
2025-08-25,NC-SBY-SEL-21,0.9999989276645392,509,7012.089843500003,25083.563334199986,10.49336963626373,21,0.6365119047619048,58,8.80831850263716,16,4.568167206867265,0.0,0.0
2025-08-25,NC-SBY-SEL-22,0.9970397765560952,1111,8150.192275600004,28638.41887529998,14.182443810106394,14,0.5505285904255313,30,9.136487761166425,19,5.856749371288441,0.0,0.0
2025-08-25,NC-SBY-SEL-23,0.9865354094975156,1896,6965.2881742000045,22923.5384966,8.575263345934955,57,0.687018631300813,50,8.4536716731078,33,2.649736189191975,0.0,0.0
2025-08-25,NC-SBY-TMR-10,0.999966730438762,723,6721.413168099998,24168.963702299992,11.77101032387543,13,0.6005155709342566,35,8.826852655089718,17,5.802798413557956,0.0,0.0
2025-08-25,NC-SBY-TMR-11,0.99517004394611,1647,8439.661475900006,29985.276510600022,12.768665653295134,19,0.5820940170940171,40,8.99410447040017,11,5.975311981252908,0.0,0.0
2025-08-25,NC-SBY-TMR-12,0.9987119861389,1870,7032.308886699997,24919.922607200013,13.633695332038831,16,0.5580372168284785,35,9.115759858870987,11,5.618907968653683,0.0,0.0
2025-08-25,NC-SBY-TMR-13,0.9999987874039252,562,8847.218019000005,32225.60216549999,11.416608396153851,28,0.6012519230769231,43,8.746584339231326,15,5.159406669346784,0.0,0.0
2025-08-25,NC-SBY-TMR-14,0.999998437465195,1095,7956.119829400004,26050.72305099999,10.371676695107038,57,0.6241047400611625,69,8.570949875612957,43,3.1850811837095745,0.0,0.0
2025-08-25,NC-SBY-TMR-8,0.9989840491752257,2116,7056.307765699997,27126.802050999988,11.659724439403968,27,0.6086448675496693,32,9.093355621405298,7,5.590391512512677,0.0,0.0
2025-08-25,NC-SBY-TMR-9,0.9861902682914548,883,6759.258138100002,26153.5504402,12.238008104012344,27,0.5840513803680986,41,9.097619317374846,8,5.161839959365837,0.0,0.0
2025-08-25,NC-SBY-UTR-1,0.9999625707200648,1347,6594.4891804,24877.7470769,12.780624623463696,25,0.5595111731843572,36,8.668195151405222,34,5.235560234291223,0.0,0.0
2025-08-25,NC-SBY-UTR-2,0.9991753355964744,16479,10979.7062353,43681.96866889997,10.326002424574668,77,0.6147689035916828,73,8.833983060720765,30,3.993045380369781,0.0,0.0
2025-08-25,NC-SBY-UTR-3,0.9997916846880396,1033,7096.958313999995,26924.892872499982,13.83313389908257,19,0.5426506116207951,32,9.19633556695325,13,5.85415529543281,0.0,0.0
2025-08-25,NC-SBY-UTR-4,0.9999986412414004,745,6571.4199952,24560.1843737,13.234875134210522,13,0.6031428571428575,37,9.493120652064151,9,5.671272065844492,0.0,0.0
2025-08-25,NC-SBY-UTR-5,0.9998425375277172,1174,7836.113303599997,28957.084513900016,12.987130411428568,32,0.5470779220779225,55,8.949824607049408,49,5.3680626980714505,0.0,0.0
2025-08-25,NC-SBY-UTR-6,0.999681413857678,1160,6948.566824200001,23371.3701759,13.284028726229508,20,0.5668008196721311,40,9.25249502720724,15,6.022403618977084,0.0,0.0
2025-08-25,NC-SBY-UTR-7,0.9996594311598306,2736,9897.354020900004,35194.050504100014,11.38426792967033,42,0.6379004120879124,78,8.890392228719449,31,4.493662964743838,0.0,0.0
2025-08-25,NC-SDA-UTR-24,0.9928629544313724,1898,9574.358557600004,35240.01707580002,11.089090346933338,43,0.6267215554666665,73,8.927112796798937,14,3.8643168273539503,0.0,0.0
2025-08-25,NC-SDA-UTR-25,0.9830546894100468,2325,7512.235461899999,26027.508279799986,10.36749320353356,41,0.6568280328621909,65,9.028949610062051,23,3.841733375269022,0.0,0.0
2025-08-25,NC-SDA-UTR-26,0.9958473356754236,3696,8014.3414471000015,29765.77276689999,12.033007865662656,36,0.6021438253012045,41,9.310873767240611,23,4.799263185079991,0.0,0.0
2025-08-25,OA_CLUSTER,0.9980003911779992,46186,181449.94022140003,660619.8101200999,12.134159653378306,673,0.588528880821697,1078,8.928586071503222,523,5.05583828736668,0.0,0.0
2025-08-26,NC-SBY-BRT-15,0.9999133371797292,2178,8196.597139900003,28948.528277199992,12.87447078780487,36,0.5669132791327912,59,8.99666414977798,36,4.813388045447884,0.0,0.0
2025-08-26,NC-SBY-BRT-16,0.9995289686167176,580,9216.312666599995,36249.774040900025,9.547201579356564,30,0.6567647453083109,63,8.940986518696686,18,4.730966269706564,0.0,0.0
2025-08-26,NC-SBY-BRT-17,0.9997929561108784,1093,8100.41331,31777.958676,11.921861784782616,28,0.5986480978260872,52,8.729785595603646,13,5.112537725014355,0.0,0.0
2025-08-26,NC-SBY-SEL-18,0.9995276077282672,1201,9871.8056649,35368.82686360003,12.735910529620847,36,0.5685730137850465,64,8.98063178666121,14,3.952120114479284,0.0,0.0
2025-08-26,NC-SBY-SEL-19,0.9991661120057372,3116,8491.302294800003,29868.7587587,10.070176437950142,57,0.6359369806094184,72,8.248786235712979,61,3.077134993733107,0.0,0.0
2025-08-26,NC-SBY-SEL-20,0.9986432447937414,13395,8247.818280899994,29486.6107373,12.501076884776891,37,0.5863129921259843,68,8.765171645734233,29,4.55819812957595,0.0,0.0
2025-08-26,NC-SBY-SEL-21,0.999335402252069,1446,7078.337542699998,25537.361714399995,10.262688510989005,26,0.6499249084249082,57,8.788272534672656,15,4.286578686513741,0.0,0.0
2025-08-26,NC-SBY-SEL-22,0.9995431009865025,1085,8503.122154500003,29931.214344999964,13.471928835372353,30,0.573425531914894,43,8.970912721432429,27,4.878896946999926,0.0,0.0
2025-08-26,NC-SBY-SEL-23,0.978479857220666,697,6668.863653499999,23606.376072899988,9.474721983739837,32,0.6746504065040649,50,8.828109872001942,15,4.572922573950135,0.0,0.0
2025-08-26,NC-SBY-TMR-10,0.999998664523213,760,6958.445807200004,24912.3429667,10.472613684083054,22,0.6289835640138407,44,8.669896703062122,25,4.102792007029554,0.0,0.0
2025-08-26,NC-SBY-TMR-11,0.9881787209350744,1775,8680.8444187,31203.2811291,12.407360652421652,19,0.5860384615384612,42,8.9619112407829,15,5.9661985457407205,0.0,0.0
2025-08-26,NC-SBY-TMR-12,0.9874110365065548,611,7301.554598199996,25213.662705200004,12.44645627263844,34,0.5881235168284794,48,9.069861009247443,24,4.414044274713765,0.0,0.0
2025-08-26,NC-SBY-TMR-13,0.9999991426617836,490,9148.1801181,33345.3657011,11.067874341794871,34,0.6063750000000007,55,8.750002467317518,12,4.721223047252198,0.0,0.0
2025-08-26,NC-SBY-TMR-14,0.9998378740502016,874,7854.7163863,26785.0692267,10.56747503027523,52,0.6202813455657494,72,8.619138144130838,42,3.191625790875097,0.0,0.0
2025-08-26,NC-SBY-TMR-8,0.9997393533848418,640,7104.3916157,27662.522815,11.04946277748344,23,0.6329321192052976,39,9.067957578808148,11,5.409725790941272,0.0,0.0
2025-08-26,NC-SBY-TMR-9,0.9754588883577584,356,6751.234738500001,27043.604390200013,12.490941118867926,17,0.5888584905660379,43,9.111971085511389,11,5.535248866472782,0.0,0.0
2025-08-26,NC-SBY-UTR-1,0.999997912431798,963,6630.140082299998,25508.43800739999,12.99261204022348,35,0.5633191340782122,52,8.68410369055759,32,4.87383693611894,0.0,0.0
2025-08-26,NC-SBY-UTR-2,0.9999984028236676,1496,10917.520167699984,44864.68025840004,11.427578188846883,43,0.607061436672968,70,8.885120577520649,26,4.845426695011213,0.0,0.0
2025-08-26,NC-SBY-UTR-3,0.9999985842133774,495,7120.357331800003,27506.195195600016,13.609974207645264,22,0.5571750764525993,37,9.142996920727182,18,5.482744175143011,0.0,0.0
2025-08-26,NC-SBY-UTR-4,0.9999982160280396,483,6503.337077099996,24564.79830170001,12.78200394849624,11,0.6108298872180448,37,9.387358019650168,9,5.494571913282215,0.0,0.0
2025-08-26,NC-SBY-UTR-5,0.9997312313941016,1156,7935.737424399997,29612.496565599984,12.347952455844156,41,0.5635287877922084,56,8.903201854025255,47,4.964618595751974,0.0,0.0
2025-08-26,NC-SBY-UTR-6,0.9991322198710784,1368,7205.043653700003,24192.48373750001,12.701959179016384,24,0.5905729508196721,48,9.216713443842442,17,5.374757782608432,0.0,0.0
2025-08-26,NC-SBY-UTR-7,0.9996819037444038,5673,9939.670613399994,35761.823497499994,11.595689552197795,47,0.6384464285714282,76,8.88640372368449,31,4.083788542528669,0.0,0.0
2025-08-26,NC-SDA-UTR-24,0.9986533198731397,1466,9518.678884199991,35323.38000100003,11.064340855466666,40,0.6211088890666664,66,8.94611023815765,13,3.96922940536678,0.0,0.0
2025-08-26,NC-SDA-UTR-25,0.9598476710338528,2217,7854.294753400001,27226.276643099995,10.015687032986111,50,0.6699532871972318,81,8.973573916417799,20,3.236713988684961,0.0,0.0
2025-08-26,NC-SDA-UTR-26,0.9996953957118462,3008,8135.133269500003,30696.57714070001,12.30104131114458,23,0.6093320783132523,46,9.345303470178871,25,5.200148500290489,0.0,0.0
2025-08-26,OA_CLUSTER,0.9970426642230767,41931,184425.7467409,678952.1739837,11.814872886254184,736,0.6020602895399549,1247,8.888748395526108,548,4.705201761143515,0.0,0.0
2025-08-27,NC-SBY-BRT-15,0.9978130343688631,4711,8222.352819499998,28888.58804669997,12.31297804281844,39,0.5765426829268291,52,9.00471021006124,46,4.715057273209685,0.0,0.0
2025-08-27,NC-SBY-BRT-16,0.9999346705495028,531,9224.323418899992,35477.10065290004,9.959606326005352,22,0.6435174262734583,51,8.965462095534708,14,5.1027764056556535,0.0,0.0
2025-08-27,NC-SBY-BRT-17,0.999767779945675,864,8142.323973599995,31685.69832379998,11.998691572010872,27,0.5941745923913047,45,8.783674531668918,11,5.306533265100995,0.0,0.0
2025-08-27,NC-SBY-SEL-18,0.9999980755080092,849,9932.326996200003,35111.347580300004,12.583753865420569,41,0.5702739485981309,62,8.971518364510628,18,3.119494608450017,0.0,0.0
2025-08-27,NC-SBY-SEL-19,0.999659511031604,1446,8407.279628099996,29437.048697200007,10.885087931301934,39,0.606328254847645,56,8.400608384751798,58,4.016336567546482,0.0,0.0
2025-08-27,NC-SBY-SEL-20,0.9890100789245824,17026,8211.343486999996,28474.952241199982,12.43143107559055,48,0.5851102362204729,58,8.711600181155005,42,4.289272728295912,0.0,0.0
2025-08-27,NC-SBY-SEL-21,0.9999703404709096,581,7061.410384899996,25412.0546453,10.130322731135534,32,0.6568452380952382,63,8.787452547023062,24,4.190504230199179,0.0,0.0
2025-08-27,NC-SBY-SEL-22,0.9999983157421962,842,8420.200790799998,29567.669020899983,13.32018741117022,28,0.5756097074468084,49,8.997092573582663,23,4.858964925962404,0.0,0.0
2025-08-27,NC-SBY-SEL-23,0.9998841922117628,625,6493.140015600001,22900.45311659999,8.867257721311473,36,0.6833943085365854,65,8.746399438072016,15,4.234549032202274,0.0,0.0
2025-08-27,NC-SBY-TMR-10,0.9999987287996588,664,6772.8511179,24525.24095999999,11.276151352595155,20,0.6151946366782005,46,8.788058429568986,19,5.501413215160997,0.0,0.0
2025-08-27,NC-SBY-TMR-11,0.9999983288998022,1548,8552.072735800004,30971.09969440001,12.416013514245014,21,0.5842101139601137,45,8.919262376629074,15,6.078812739962419,0.0,0.0
2025-08-27,NC-SBY-TMR-12,0.9837056711311052,557,7184.7987632,25781.362734999984,12.435100561639349,32,0.5829071039344264,52,9.059742186795242,21,4.449959551782771,0.0,0.0
2025-08-27,NC-SBY-TMR-13,0.9999994354106134,475,9265.8636271,32727.286321600008,11.337551292564102,44,0.6063726494871793,51,8.611090296570188,17,4.197108863169606,0.0,0.0
2025-08-27,NC-SBY-TMR-14,0.9999987376990122,694,7912.490029600001,26742.426252300003,10.81331015718654,58,0.61675993883792,79,8.605632043956605,41,3.15706539273072,0.0,0.0
2025-08-27,NC-SBY-TMR-8,0.9999906148317202,489,7075.777263799996,27298.784746799996,11.228471896357618,24,0.6239412251655625,41,9.077876329462528,5,5.3150596087673545,0.0,0.0
2025-08-27,NC-SBY-TMR-9,0.9760030864197532,439,6735.462069900002,26468.896269,12.409360559748428,23,0.583227987421384,39,9.091160165664714,8,5.509840565188664,0.0,0.0
2025-08-27,NC-SBY-UTR-1,0.9986179624960588,2117,6761.543477400005,25027.749687199997,11.701898118820228,53,0.5860086128491618,57,8.440096103188987,49,3.7193992646562672,0.0,0.0
2025-08-27,NC-SBY-UTR-2,0.999998695045952,729,10810.904810800008,44427.779951899945,11.778328605292996,38,0.6012093572778833,63,8.913232359610614,21,5.149131483921376,0.0,0.0
2025-08-27,NC-SBY-UTR-3,0.9999987360611012,507,7163.526560700001,27350.3203728,13.01294049602446,23,0.5657499999999999,45,9.079116283522216,22,5.274845338993778,0.0,0.0
2025-08-27,NC-SBY-UTR-4,0.9999604714594378,581,6500.248874000003,24325.151698900023,12.781160517669171,16,0.6103348996240602,46,9.428839418170591,6,5.36100284741831,0.0,0.0
2025-08-27,NC-SBY-UTR-5,0.9942102676031954,1137,8320.208410400006,29551.478198399996,10.999149504415582,49,0.5897935064935065,55,8.784071325809771,56,4.666230461691067,0.0,0.0
2025-08-27,NC-SBY-UTR-6,0.9995894755898196,922,7426.278038100007,24405.528540699997,12.364640803278684,29,0.603500819672131,58,9.16980438069685,16,4.841528832181036,0.0,0.0
2025-08-27,NC-SBY-UTR-7,0.999753278792414,10644,10289.242812899998,35299.88657599999,10.887919788461543,56,0.6558500458791205,89,8.82134963921153,32,3.766358857702866,0.0,0.0
2025-08-27,NC-SDA-UTR-24,0.99867714752695,854,9443.192799900004,34674.49061160001,11.378002981600003,39,0.6197326666666665,64,8.95637282350639,14,4.03930923005462,0.0,0.0
2025-08-27,NC-SDA-UTR-25,0.9692032216223302,663,7871.440270599998,27418.327517700007,10.65564546488294,51,0.6543670568561873,81,9.005276381566727,22,3.663810565408131,0.0,0.0
2025-08-27,NC-SDA-UTR-26,0.999591354599528,2196,8160.724769900002,30360.104488500005,12.72804162036474,18,0.6027334337349397,49,9.35543276017432,19,5.944135276439838,0.0,0.0
2025-08-27,OA_CLUSTER,0.99735603520009,48978,184885.9701062,671857.9043298999,11.693476365685434,798,0.6029997787787134,1267,8.868691553822414,579,4.629077505686688,0.0,0.0
2025-08-28,NC-SBY-BRT-15,0.9999975245179832,3841,8396.361203199998,29881.219033200014,12.37446916849314,35,0.5831632791327914,58,8.982049606713417,42,4.6178288407541945,0.0,0.0
2025-08-28,NC-SBY-BRT-16,0.9999995966131392,479,9290.994790699997,36612.72684089998,9.397738105630024,34,0.6587272117962466,69,8.906146302297497,14,4.624430170747625,0.0,0.0
2025-08-28,NC-SBY-BRT-17,0.9988709616545892,1034,8260.0951591,32435.345283199997,11.91473683586957,33,0.597244112228261,62,8.778787547267006,11,4.809163795998847,0.0,0.0
2025-08-28,NC-SBY-SEL-18,0.9999983863090004,796,9954.580299400002,36256.34374509999,12.451304195560752,40,0.5813866822429908,70,8.94215194077863,26,3.1405369745370075,0.0,0.0
2025-08-28,NC-SBY-SEL-19,0.9999988004461045,697,8579.497954299999,30706.903031300004,10.33823887700832,52,0.6322763157894733,71,8.395933126308812,54,3.662638077222568,0.0,0.0
2025-08-28,NC-SBY-SEL-20,0.9971418481172974,1104,8368.350251099999,29992.137998399987,11.777105347769028,45,0.6059435695538061,76,8.666889743249316,37,4.110479444779646,0.0,0.0
2025-08-28,NC-SBY-SEL-21,0.9999991096866097,562,7152.115329400001,26194.3266239,10.11128165274725,29,0.6511584249084248,63,8.777411141704315,19,4.228594057679007,0.0,0.0
2025-08-28,NC-SBY-SEL-22,0.9999164574485988,749,8624.036530299998,30719.085608499998,12.680065325797877,26,0.5879195478723404,52,8.948628142526436,28,4.863004084655259,0.0,0.0
2025-08-28,NC-SBY-SEL-23,0.9998501418394764,647,6496.632913100001,23893.91412600001,10.886812772868218,41,0.6401531007751937,53,8.955462910338408,17,4.624731096444034,0.0,0.0
2025-08-28,NC-SBY-TMR-10,0.9993686650494422,1058,6834.329506299999,24933.00923760001,10.413318471478878,38,0.6506404269896197,59,8.686638352504533,22,4.004138148414573,0.0,0.0
2025-08-28,NC-SBY-TMR-11,0.9999980428679408,1721,8576.163259000004,31605.591142199995,12.027032737037036,19,0.5908960113960116,47,8.91805602948963,18,5.905742417070212,0.0,0.0
2025-08-28,NC-SBY-TMR-12,0.9757429288312588,2276,7149.0546338999975,25936.1384934,12.4473353281457,38,0.5997814569536424,60,9.049690536290148,25,3.8585539127033583,0.0,0.0
2025-08-28,NC-SBY-TMR-13,0.9999993254841768,468,9166.093648800002,34083.77903200002,11.277816204358976,30,0.6085647435897438,49,8.684963438633504,18,4.8688694266186685,0.0,0.0
2025-08-28,NC-SBY-TMR-14,0.9999818581981492,799,7874.540531499999,27326.969729000004,10.324235134556574,56,0.6328891437308868,79,8.567179783427608,39,3.008225659757872,0.0,0.0
2025-08-28,NC-SBY-TMR-8,0.9999994251287712,447,7088.763500399998,28129.138651999976,11.023681444701992,14,0.6308965231788078,38,9.063453153783064,5,5.490841080325161,0.0,0.0
2025-08-28,NC-SBY-TMR-9,0.9754593616661938,452,6732.213973699999,27416.981739099974,12.079529876100626,21,0.5918380503144651,34,9.068861117834697,7,5.398710205845484,0.0,0.0
2025-08-28,NC-SBY-UTR-1,0.9968578232831616,1262,6795.2562609,26303.671407100013,12.205355085754189,37,0.5788414804469273,54,8.531156382664973,42,4.635677684981965,0.0,0.0
2025-08-28,NC-SBY-UTR-2,0.9993032801232234,1760,10858.6413975,45218.78358930002,11.38505755689982,46,0.6137419659735351,79,8.91051495895861,28,4.976498445854228,0.0,0.0
2025-08-28,NC-SBY-UTR-3,0.99999886736529,467,7195.005671999999,28176.60566680001,13.10261123669726,26,0.5688050458715592,50,9.091993281961816,20,5.232973448561321,0.0,0.0
2025-08-28,NC-SBY-UTR-4,0.9999985641197544,638,6674.110091999996,25555.93801620001,12.69964297481203,24,0.6227246240601504,51,9.306884435895322,8,4.794050611894649,0.0,0.0
2025-08-28,NC-SBY-UTR-5,0.9995918474488928,1162,8147.591870200003,30529.6620367,10.994054868051956,46,0.5918928571428569,57,8.850694526748258,59,4.781055480271195,0.0,0.0
2025-08-28,NC-SBY-UTR-6,0.9999972178714972,840,7387.283780199999,25354.22151569998,11.006947153333329,34,0.6293224999999992,62,9.12041804183157,16,4.864079698120496,0.0,0.0
2025-08-28,NC-SBY-UTR-7,0.9938130850630852,4868,10266.5296989,36786.46632339998,10.909170466483513,59,0.6604713824175825,94,8.788629902783049,36,3.5165453518155885,0.0,0.0
2025-08-28,NC-SDA-UTR-24,0.9987024683749044,883,9515.055022200002,35579.08622310003,10.925204698400012,45,0.6235511112000001,69,8.924761099855397,17,0.0,0.0,0.0
2025-08-28,NC-SDA-UTR-25,0.999899084912672,457,7798.881496399996,28292.381662299977,10.559493055183944,48,0.6599147157190637,77,8.925172863087665,21,0.0,0.0,0.0
2025-08-28,NC-SDA-UTR-26,0.9999724721553388,1454,8188.227424200002,31209.18571080001,12.86380790030121,24,0.6075331325301203,50,9.357417918725714,15,0.0,0.0,0.0
2025-08-28,OA_CLUSTER,0.9973429839075358,28127,185868.2422559,694048.958871,11.488632307788649,823,0.6119585744599069,1387,8.861367266732683,591,4.517681883860018,0.0,0.0
2025-08-29,NC-SBY-BRT-15,0.9999972729578894,3382,8757.017732200005,31759.67543340003,10.797076722764231,57,0.6210555555555552,80,8.935522428782999,53,4.140733038286999,0.0,0.0
2025-08-29,NC-SBY-BRT-16,0.9998748709528964,539,9269.9925125,37630.71537509997,8.22493316782842,68,0.6987352546916891,107,8.750584663418062,16,3.961004114765997,0.0,0.0
2025-08-29,NC-SBY-BRT-17,0.999612583031401,1251,8684.426542400002,34346.76419489998,10.449859663315213,51,0.6397787589673917,72,8.632156301185553,18,3.923938696703992,0.0,0.0
2025-08-29,NC-SBY-SEL-18,0.9999982750156464,855,10068.9388941,37517.00151770001,11.92397386658878,48,0.5953253504672897,71,8.95816522432653,24,2.935334924485834,0.0,0.0
2025-08-29,NC-SBY-SEL-19,0.9994935288930388,1218,8376.318356099993,31566.7182879,9.671873178116348,48,0.6503644969529089,67,8.451705062189035,53,3.874301608596499,0.0,0.0
2025-08-29,NC-SBY-SEL-20,0.9988791465731404,10558,8178.429451200006,30337.486493900004,12.206379129396332,30,0.5904153543307089,47,8.72152504970362,33,4.771212372182158,0.0,0.0
2025-08-29,NC-SBY-SEL-21,0.9999962657432868,527,7134.403293300004,27109.951138099983,9.309470915384615,46,0.68140934065934,72,8.727162868067856,26,3.991169576211589,0.0,0.0
2025-08-29,NC-SBY-SEL-22,0.999927046307218,842,8781.678723499997,32236.5941681,11.786619933776594,41,0.6226360813829788,66,8.930385323409224,36,4.407620947750745,0.0,0.0
2025-08-29,NC-SBY-SEL-23,0.9998469894504584,934,6414.408151100002,23933.206495899994,10.413201530278888,51,0.646654069767442,54,8.861784186719271,19,4.530720277576952,0.0,0.0
2025-08-29,NC-SBY-TMR-10,0.999997997774424,875,6768.087997500001,25759.73404780001,10.247241379861112,32,0.6506634948096889,55,8.645544379350298,27,4.751615298392182,0.0,0.0
2025-08-29,NC-SBY-TMR-11,0.9999503293380844,1912,8547.5637934,32372.05559690001,12.226362206552706,22,0.5972357549857551,57,8.96025861439093,12,5.395098008187251,0.0,0.0
2025-08-29,NC-SBY-TMR-12,0.9883953506240144,664,7193.3958589000085,26899.8644497,12.024895265217394,34,0.6089854365695795,47,9.040001599282238,23,4.148797204256062,0.0,0.0
2025-08-29,NC-SBY-TMR-13,0.9999509173750808,578,9198.6503202,35116.39325999999,10.534745600769227,46,0.6247822648717949,61,8.598396050901204,20,4.384530384884261,0.0,0.0
2025-08-29,NC-SBY-TMR-14,0.9999936594972938,623,7561.31481940001,28142.96362990001,10.68819300091743,50,0.6207538226299694,71,8.658129975894715,30,3.919463725030984,0.0,0.0
2025-08-29,NC-SBY-TMR-8,0.9999993101545254,552,7099.700177600003,28978.026560700026,10.104259048675496,34,0.6638700331125829,60,8.935834092954297,9,4.867392018737223,0.0,0.0
2025-08-29,NC-SBY-TMR-9,0.9754592860842556,501,6755.336889699998,28515.561860300008,11.5282805918239,28,0.6101014150943397,46,9.044650970003085,12,4.909403883229066,0.0,0.0
2025-08-29,NC-SBY-UTR-1,0.9999461157573952,1310,6574.305671399995,25676.359574499988,12.115183921229058,53,0.5794329608938547,57,8.492073511789622,53,3.847546155922424,0.0,0.0
2025-08-29,NC-SBY-UTR-2,0.9999980944871544,1127,10842.8632562,47250.15349599997,10.363931683143942,69,0.6409135160680522,107,8.826285533833222,34,4.235134128765877,0.0,0.0
2025-08-29,NC-SBY-UTR-3,0.9999989020984936,554,7217.908146600003,29013.39629629999,12.276608596941893,34,0.5889969418960248,65,9.047087807763354,21,4.673982490165693,0.0,0.0
2025-08-29,NC-SBY-UTR-4,0.999958054864846,502,6531.661537599998,26177.71512070001,12.929704804887216,21,0.6184370300751878,46,9.367559182398203,9,5.036147459617595,0.0,0.0
2025-08-29,NC-SBY-UTR-5,0.9998306877237988,1287,8364.981731499998,31709.632496999977,10.864780412727272,69,0.6090123376623376,80,8.764851720375383,56,3.549152202704671,0.0,0.0
2025-08-29,NC-SBY-UTR-6,0.9989824271098956,997,7724.961562700001,26177.863878599997,9.88642496666667,43,0.6537683333333328,75,8.981574363774149,20,4.064196023977417,0.0,0.0
2025-08-29,NC-SBY-UTR-7,0.9995062897896174,977,10102.407311000006,37652.81452189999,11.170713096153843,60,0.6501334708791208,100,8.854754269494245,30,4.322582510920884,0.0,0.0
2025-08-29,NC-SDA-UTR-24,0.9908924030302636,868,9754.921246399996,36536.4001175,10.091282795989304,65,0.6600953333333335,99,8.785816324836441,27,0.0,0.0,0.0
2025-08-29,NC-SDA-UTR-25,0.9998246082621084,511,7792.2566469,29168.508792899996,10.506957888963209,53,0.6635936454849497,77,8.974799739319671,13,0.0,0.0,0.0
2025-08-29,NC-SDA-UTR-26,0.9994415081790908,2208,8360.236567599999,32970.524543599975,12.512810084848477,23,0.6126890060240965,46,9.365802892836678,23,0.0,0.0,0.0
2025-08-29,OA_CLUSTER,0.998360423906661,32565,186148.75273010007,715880.6478952998,10.945650069316342,1035,0.6278989609159504,1563,8.825824768938451,634,4.256203527218894,0.0,0.0
2025-08-30,NC-SBY-BRT-15,0.9998154465782269,3984,8542.572281600005,32652.572279100008,10.871112371815723,30,0.6193048780487803,51,9.022977524608809,51,5.055007883943353,0.0,0.0
2025-08-30,NC-SBY-BRT-16,0.9999756106869874,845,9364.970313700003,40313.06826319998,9.636834715281491,24,0.6522111260053615,50,8.857663352279223,9,5.226310689484257,0.0,0.0
2025-08-30,NC-SBY-BRT-17,0.9973815042709948,5243,8377.940897799997,35068.4877338,11.064106571195657,44,0.6185350997282607,74,8.750509877859626,16,4.499173152411799,0.0,0.0
2025-08-30,NC-SBY-SEL-18,0.9989977484916546,1315,9783.409741299993,38923.59281729999,12.482386069626171,36,0.5735808021028034,58,8.961929941233807,27,4.994625395839551,0.0,0.0
2025-08-30,NC-SBY-SEL-19,0.999998999173511,520,7446.099071100004,30840.811213300007,12.656984444321331,22,0.5600824099722993,42,8.722148688911524,40,5.369656462765318,0.0,0.0
2025-08-30,NC-SBY-SEL-20,0.9976918899652087,22055,7202.486224900006,29200.9990118,14.045488670866137,19,0.5337230971128611,32,8.839963938552671,31,5.573400614238518,0.0,0.0
2025-08-30,NC-SBY-SEL-21,0.9999994912514972,444,6597.3633498,27152.750146200004,11.205627891208792,18,0.6219578754578751,41,8.873871885509052,17,5.415658195702366,0.0,0.0
2025-08-30,NC-SBY-SEL-22,0.9999985496282048,6675,7887.8843179,31401.23852739998,13.646978630319149,28,0.5635910904255316,46,9.200009201932987,29,5.602545746638033,0.0,0.0
2025-08-30,NC-SBY-SEL-23,0.9982813875682338,1282,6609.299308700001,24952.9856934,10.388378927924528,56,0.6454044022641505,46,8.612247414434039,39,3.3587166296650106,0.0,0.0
2025-08-30,NC-SBY-TMR-10,0.9999918276972624,780,6577.8626701,26544.087841599987,10.68078486608997,24,0.627203287197232,50,8.613936495767462,32,4.996616999712229,0.0,0.0
2025-08-30,NC-SBY-TMR-11,0.999954004763434,1515,8168.375743999999,33133.66247420001,13.004849643304834,24,0.5693418803418804,37,8.966870436348497,18,4.984322504346472,0.0,0.0
2025-08-30,NC-SBY-TMR-12,0.984752899137001,853,6636.607320499997,27215.69295390001,13.923114227831714,18,0.5581561488673141,36,9.257686947625873,17,5.186452965045121,0.0,0.0
2025-08-30,NC-SBY-TMR-13,0.999852820073599,544,8563.7040146,35142.66923100003,13.036682246923087,19,0.5605076923076926,29,8.81312761050885,15,6.255209881579233,0.0,0.0
2025-08-30,NC-SBY-TMR-14,0.9996723774530748,1121,7501.932172999997,29221.7036854,10.76404121559634,36,0.6116628440366974,58,8.588177325581285,31,4.322643959022291,0.0,0.0
2025-08-30,NC-SBY-TMR-8,0.9998740657400598,394,7385.150800299998,31847.190624199997,10.672572808278137,18,0.6412044701986753,43,9.030826165039429,9,5.297804332954323,0.0,0.0
2025-08-30,NC-SBY-TMR-9,0.9781532726842777,998,7316.509912399995,31288.3624425,11.183466592879252,20,0.6124507226006188,38,9.069235500637204,9,5.92851941145877,0.0,0.0
2025-08-30,NC-SBY-UTR-1,0.9999925638881864,817,5587.027642199999,24689.697719400003,15.187969769273742,20,0.4998854748603351,26,8.889875496213056,33,6.350872779574214,0.0,0.0
2025-08-30,NC-SBY-UTR-2,0.999998906042148,2870,11529.8291632,51569.58121160003,11.154783728355396,49,0.6173478260869569,76,8.861678260197678,27,4.973977657222769,0.0,0.0
2025-08-30,NC-SBY-UTR-3,0.9999992213158416,440,6774.880738900002,29147.00037510002,14.70947713883793,20,0.5250305810397554,42,9.183687096610235,16,5.461890586012057,0.0,0.0
2025-08-30,NC-SBY-UTR-4,0.9999986511394544,445,6191.825529700001,26228.16350409997,13.544449074060145,15,0.5962058270676691,37,9.53937429120078,7,5.636444438530041,0.0,0.0
2025-08-30,NC-SBY-UTR-5,0.9999981060629404,964,7329.639971400003,30037.954563099967,12.835622196103884,39,0.5323363636363636,56,9.074487334968367,46,3.861467380448237,0.0,0.0
2025-08-30,NC-SBY-UTR-6,0.9999792515124678,572,5826.137725000007,22786.47796,16.485767250666672,4,0.4888566666666664,19,9.650187786282334,4,8.24355701938667,0.0,0.0
2025-08-30,NC-SBY-UTR-7,0.9977468393874644,710,8953.80398190001,37035.33862309998,12.641597088461545,29,0.5963553115384616,51,9.06154637428966,20,5.647478199723845,0.0,0.0
2025-08-30,NC-SDA-UTR-24,0.9977157689202636,820,9638.161427599998,38289.59762080001,10.770972005361926,38,0.6292142221333332,69,8.896082354966921,19,0.0,0.0,0.0
2025-08-30,NC-SDA-UTR-25,0.99945246788685,603,7535.093578,29799.200414899984,11.522696192881355,40,0.6321981605351172,55,9.026470176088576,11,0.0,0.0,0.0
2025-08-30,NC-SDA-UTR-26,0.999761438593988,1573,8230.639697900002,33522.311943999965,12.416206263608558,34,0.6074043674698802,42,9.271272858449256,25,0.0,0.0,0.0
2025-08-30,OA_CLUSTER,0.998034051032495,55386,176155.31289400003,726394.0888947,12.421097591205651,612,0.5828297403829519,1038,8.968442153658849,543,5.307030945954232,0.0,0.0
2025-08-31,NC-SBY-BRT-15,0.999998301628138,2924,7975.106594899995,31389.72674700001,13.36607123333335,29,0.5567201897018971,42,9.25839667516122,49,5.758249101879671,0.0,0.0
2025-08-31,NC-SBY-BRT-16,0.9994950597557268,645,9347.184641499996,40545.9153727,10.35052789517426,25,0.6319758713136727,48,8.907454819713728,12,5.505630638413778,0.0,0.0
2025-08-31,NC-SBY-BRT-17,0.9984106310022,6969,8224.216992100002,34976.078805099976,12.359764554347828,32,0.5831039402173911,49,8.889916706649906,14,5.132523290141156,0.0,0.0
2025-08-31,NC-SBY-SEL-18,0.999998774509804,1001,8945.887076499992,38006.43318019997,14.863004273130835,10,0.5210514018691588,34,9.180897947559668,24,6.557124732542351,0.0,0.0
2025-08-31,NC-SBY-SEL-19,0.9999976815609096,793,7120.170952399999,29689.256213599994,14.125333931564253,20,0.5186184210526315,32,8.80483675432259,30,5.2577769898521165,0.0,0.0
2025-08-31,NC-SBY-SEL-20,0.997913283657762,17028,6645.367336600005,27696.0093339,16.33032540026247,18,0.4853038057742783,31,8.935178080806775,26,5.718095820489614,0.0,0.0
2025-08-31,NC-SBY-SEL-21,0.9999956756036252,580,6425.550120900004,26654.68471020001,12.379844890109888,13,0.5915989010989009,40,8.995193110133192,9,5.896894037141923,0.0,0.0
2025-08-31,NC-SBY-SEL-22,0.9774396143843738,12069,7710.303018600004,28112.327691800027,14.407422389893611,41,0.5517214098404252,71,9.094764762217762,28,2.6805908963864,0.0,0.0
2025-08-31,NC-SBY-SEL-23,0.9965924587805683,550,5966.836745399998,23521.40743660001,14.22106354460967,15,0.5560535936802976,23,9.27124012584806,14,5.7471728333899526,0.0,0.0
2025-08-31,NC-SBY-TMR-10,0.9999983980520312,696,6156.7506435000005,25727.010093900022,12.47036627508651,17,0.5905043252595157,32,8.752638500182842,26,6.047219691719016,0.0,0.0
2025-08-31,NC-SBY-TMR-11,0.9999771655349148,1522,7822.399204600007,32550.3060366,13.634688964957254,25,0.5507730293447296,38,9.186515688892475,14,5.303475022026429,0.0,0.0
2025-08-31,NC-SBY-TMR-12,0.99999812717248,504,6350.741154199995,26509.455610700003,14.762846116828472,18,0.5314854368932039,32,9.339736907983706,18,5.794310809678551,0.0,0.0
2025-08-31,NC-SBY-TMR-13,0.9997824318342248,407,7881.742713100003,33582.03110009999,14.360954886666656,13,0.5258480769230769,30,8.944645548493723,20,6.494389705258038,0.0,0.0
2025-08-31,NC-SBY-TMR-14,0.999998831825326,667,7214.224399600004,29314.266776499982,11.641227004892963,24,0.5948769113149844,54,8.8555118808125,26,5.036206915893937,0.0,0.0
2025-08-31,NC-SBY-TMR-8,0.9965149825816372,382,7393.1314303,32202.81797439997,10.9155052942953,15,0.6287483443708608,31,9.065016819938474,10,5.902222443784062,0.0,0.0
2025-08-31,NC-SBY-TMR-9,0.9684099864171196,746,7357.448162799996,31002.045595700027,12.558277770858886,16,0.5817816975460125,27,9.137087920141315,7,6.295680789243617,0.0,0.0
2025-08-31,NC-SBY-UTR-1,0.9999278189494046,687,5089.050441300002,23026.464020100007,19.52477549497207,10,0.4131850558659215,14,9.23476722929937,20,8.184477842286585,0.0,0.0
2025-08-31,NC-SBY-UTR-2,0.9998676901920936,3177,12480.760388399993,53707.84184820004,10.865167601134214,79,0.6271408317580348,98,8.754595123138479,42,3.10338298698306,0.0,0.0
2025-08-31,NC-SBY-UTR-3,0.999968250924307,545,6687.528488800004,28941.05622749997,15.275718742507635,24,0.5103509174311928,37,9.142734302140507,24,4.47347974214512,0.0,0.0
2025-08-31,NC-SBY-UTR-4,0.9999988686995266,389,5904.824392200001,25416.33918160001,15.535984986090217,21,0.5448477443609021,37,9.448806141934185,10,5.821043577904077,0.0,0.0
2025-08-31,NC-SBY-UTR-5,0.9999980459331376,1226,7047.876187,29255.95475529999,15.801724862077917,22,0.4780811688311692,43,9.41682975320106,36,6.125899821440977,0.0,0.0
2025-08-31,NC-SBY-UTR-6,0.9999908178969836,550,5198.252342400002,20538.01193549999,18.70221655819397,2,0.4327408333333332,8,9.748630598618286,4,9.583726105468468,0.0,0.0
2025-08-31,NC-SBY-UTR-7,0.9990588115588116,783,8312.210866799996,35590.78360379999,14.87643343461539,23,0.5455583788461539,43,9.237182763874513,19,6.519694084016137,0.0,0.0
2025-08-31,NC-SDA-UTR-24,0.9999991975308642,674,9508.4859915,39076.184381500025,10.912441263466668,47,0.6365006666666665,80,8.892773487045714,19,0.0,0.0,0.0
2025-08-31,NC-SDA-UTR-25,0.999998800012387,398,6959.8761459,29034.16609389999,14.164851957525077,26,0.5751989966555185,48,9.264562811376829,17,0.0,0.0,0.0
2025-08-31,NC-SDA-UTR-26,0.9999743426460458,1151,8156.187608200006,34138.9419702,13.97334376355422,23,0.5808094879518071,38,9.517200287120737,18,0.0,0.0,0.0
2025-08-31,OA_CLUSTER,0.997152819493416,54840,169257.56429389998,707956.2242509999,14.012963232074451,512,0.5460743214875533,894,9.099824623181211,482,5.702257396780399,0.0,0.0
2025-09-01,NC-SBY-BRT-15,0.9999971703537586,3670,8024.068213799997,28888.6179211,12.765357398915992,32,0.5560033875338753,47,9.008684432234285,37,5.101796623940715,0.0,0.0
2025-09-01,NC-SBY-BRT-16,0.999999751762602,649,9319.8214425,37479.9544083,9.946278625469173,30,0.6414490616621986,59,8.885492608074511,16,5.058011309259721,0.0,0.0
2025-09-01,NC-SBY-BRT-17,0.9999990564613528,6470,8228.549036600001,33103.4503585,12.579505226086964,24,0.5801120923913047,44,8.850884836228786,10,5.304097618925547,0.0,0.0
2025-09-01,NC-SBY-SEL-18,0.9999925182313696,1594,9308.3514906,36102.86421810005,14.078090824065434,20,0.5277926401869163,40,9.123915351675462,20,5.99606529033874,0.0,0.0
2025-09-01,NC-SBY-SEL-19,0.999998039293018,1974,7406.5875518,28971.23336410002,13.730866476731304,18,0.5275886426592795,37,8.801960678095561,31,5.3503437196327,0.0,0.0
2025-09-01,NC-SBY-SEL-20,0.9917591882215404,4291,7627.408507200002,27974.5261613,14.65099722913386,22,0.5239750656167977,43,8.936096274844399,25,4.895608388748751,0.0,0.0
2025-09-01,NC-SBY-SEL-21,0.999980116334283,523,6745.099064999996,26139.6236245,11.624401707326014,21,0.6121529304029308,46,8.886459184722817,13,5.171250434556186,0.0,0.0
2025-09-01,NC-SBY-SEL-22,0.9998989758775988,14585,7768.9250351999935,28971.870235399987,15.242781109042552,12,0.5067214095744682,28,9.301132585403098,23,6.639709715484504,0.0,0.0
2025-09-01,NC-SBY-SEL-23,0.999998263569692,605,6082.5846287999975,23548.407974600013,13.831760184758355,15,0.559092936802974,25,9.385420151430738,11,7.136929518062932,0.0,0.0
2025-09-01,NC-SBY-TMR-10,0.9999984333574355,1083,6285.872621700004,25088.01931400001,12.264411514982584,12,0.579863321799308,29,8.876845274374999,12,5.7101379479239975,0.0,0.0
2025-09-01,NC-SBY-TMR-11,0.9999410944687508,1682,8254.057309,31484.53524369998,13.828222869515663,16,0.5444316239316239,28,9.165305367609866,9,6.759255842757099,0.0,0.0
2025-09-01,NC-SBY-TMR-12,0.9999978151463098,619,6051.404089900001,24284.197697199987,15.744835802588993,22,0.4916302588996764,29,9.243486703856586,16,5.075186822035135,0.0,0.0
2025-09-01,NC-SBY-TMR-13,0.9999946816774826,1122,8986.549640800002,33847.232787499976,12.046718000512817,20,0.581519230769231,32,8.756242428245775,19,5.891797087753452,0.0,0.0
2025-09-01,NC-SBY-TMR-14,0.9999984072375128,644,7195.347879400003,28052.74138190001,11.680856995412844,19,0.5902385321100917,39,8.872989268591711,26,5.847237751336676,0.0,0.0
2025-09-01,NC-SBY-TMR-8,0.9944695192191187,530,7432.259409000002,29753.721634899983,10.960225706622516,20,0.6319999999999995,40,9.04594519345636,7,5.464651698036029,0.0,0.0
2025-09-01,NC-SBY-TMR-9,0.9701680837509676,499,7369.954516199999,28827.8158268,12.382559429687491,15,0.5984286809815954,36,9.141395304379277,9,6.050435726855808,0.0,0.0
2025-09-01,NC-SBY-UTR-1,0.9855240684652624,4663,6691.09366699999,24872.4239931,11.282855397198874,55,0.5870637804469275,56,8.62953054733843,43,3.439731102802332,0.0,0.0
2025-09-01,NC-SBY-UTR-2,0.9999982715465938,1435,11448.956404300005,47686.14371619996,11.432080229867664,57,0.6016843100189039,70,8.867127499830678,27,4.779629250196754,0.0,0.0
2025-09-01,NC-SBY-UTR-3,0.9996492051591018,1035,7121.683790300002,27972.786646399996,13.635645980981598,26,0.5421052498470948,40,9.129322612978978,16,5.004759948946037,0.0,0.0
2025-09-01,NC-SBY-UTR-4,0.9999896442630304,1310,6570.8756742000005,25770.49739919999,13.503464592481205,16,0.5901343984962402,31,9.424591602490606,6,5.651489976382855,0.0,0.0
2025-09-01,NC-SBY-UTR-5,0.9999977753743804,990,7292.7883783,28262.633825099976,14.671779739220792,22,0.4998746753246749,28,9.177206200755837,36,6.448806085145827,0.0,0.0
2025-09-01,NC-SBY-UTR-6,0.9988327138891556,1084,5941.914158899999,21242.6022879,15.32261608972603,5,0.4927997216666667,12,9.354705477795308,11,8.26762327344528,0.0,0.0
2025-09-01,NC-SBY-UTR-7,0.9999008572446072,896,9103.040423900004,35412.04910430002,13.841092830769234,25,0.5729361263736261,42,9.188494055831551,19,6.300632191164049,0.0,0.0
2025-09-01,NC-SDA-UTR-24,0.9966851944490764,954,9785.29255940001,36824.26278679999,11.779509634946232,38,0.6056606666666671,61,8.960644293203641,9,0.0,0.0,0.0
2025-09-01,NC-SDA-UTR-25,0.9999986451752756,631,7672.128158699996,28883.412850299985,10.853066363545151,32,0.6544573578595317,70,8.958981542529425,14,0.0,0.0,0.0
2025-09-01,NC-SDA-UTR-26,0.995669413193022,1865,8481.958976299999,31927.960737000005,12.260818567371608,33,0.623520331325301,54,9.281865620048096,21,0.0,0.0,0.0
2025-09-01,OA_CLUSTER,0.9974722890370176,51953,176257.19293440002,683737.9491241,13.067670793721144,524,0.5621560566187416,881,9.033435903670572,442,5.672785753343008,0.0,0.0
2025-09-02,NC-SBY-BRT-15,0.9997148337630188,3881,8141.934228399998,29303.3217618,12.568145272086724,29,0.5606287262872628,47,9.009879476422867,40,17.50802627834374,0.0,0.0
2025-09-02,NC-SBY-BRT-16,0.9832518573621014,1302,9624.910415299992,36507.82205790003,9.303474226809652,47,0.655181412064343,74,8.849244091615043,17,1.3844255863263215,0.0,0.0
2025-09-02,NC-SBY-BRT-17,0.9999763863861,7863,8214.9606129,32985.80329599996,12.128286888586956,33,0.591701766304348,54,8.783785227858964,11,0.0,0.0,0.0
2025-09-02,NC-SBY-SEL-18,0.9999984602267354,1065,9289.2495327,35791.219160600005,13.38199891238319,19,0.5406372663551403,34,9.098482055490308,15,0.0,0.0,0.0
2025-09-02,NC-SBY-SEL-19,0.9999981101319314,528,7453.9102049,28642.70883480002,13.166638395290846,22,0.5359999999999995,40,8.832832812561769,28,0.0,0.0,0.0
2025-09-02,NC-SBY-SEL-20,0.9912648278581948,1566,7678.780212400003,28100.9321338,13.521009909448818,29,0.5566751968503939,48,8.811093948559138,27,13.008124055071717,0.0,0.0
2025-09-02,NC-SBY-SEL-21,0.999998844731978,505,6783.9723061,25792.997748999987,11.447625765934069,27,0.6204423076923076,60,8.844625158638479,16,0.0,0.0,0.0
2025-09-02,NC-SBY-SEL-22,0.99728758866698,9869,7832.200024399999,28685.589514700023,14.020409300531906,25,0.5365565159574462,25,9.168581384785012,22,0.0,0.0,0.0
2025-09-02,NC-SBY-SEL-23,0.9998322477883288,602,6325.249136300001,24305.5930911,13.028222877617324,14,0.5726146209386284,22,9.311256734596675,11,0.0,0.0,0.0
2025-09-02,NC-SBY-TMR-10,0.9999989434250868,727,6231.577778800003,24906.01208559999,11.924072194463673,25,0.5952197231833911,34,8.839359823666284,17,0.0,0.0,0.0
2025-09-02,NC-SBY-TMR-11,0.9997403967716888,1376,8419.507942300008,31885.74854270002,12.80096273048433,17,0.5613440170940166,32,9.104575172982742,11,0.0,0.0,0.0
2025-09-02,NC-SBY-TMR-12,0.9999036089798238,464,5837.929657999997,23740.863678099995,17.07495400938511,14,0.4728478964401292,24,9.427221585137644,13,0.0,0.0,0.0
2025-09-02,NC-SBY-TMR-13,0.9999992119349422,395,9050.292922600009,33816.54468119999,12.278771467692303,29,0.5854463674358975,46,8.810723275781184,12,0.0,0.0,0.0
2025-09-02,NC-SBY-TMR-14,0.9999987817156152,411,7041.131834899999,27339.102302699997,11.861254418654436,21,0.5734311926605505,35,8.875738704199398,21,0.0,0.0,0.0
2025-09-02,NC-SBY-TMR-8,0.999952625669114,1199,7415.387487300004,29512.232906299985,10.34477104801325,28,0.6497251655629143,46,8.923718000609362,7,0.0,0.0,0.0
2025-09-02,NC-SBY-TMR-9,0.99745188754947,789,7212.299997499998,29756.288694899995,10.735298942901233,32,0.6169026073619635,47,8.94425722470234,9,0.0,0.0,0.0
2025-09-02,NC-SBY-UTR-1,0.9999975011226864,1494,6671.629643099999,26186.755071300013,12.3740832849162,37,0.5602192737430174,48,8.638544854247376,39,0.0,0.0,0.0
2025-09-02,NC-SBY-UTR-2,0.99999836044144,1368,11558.073113500002,48630.4725505,10.181278576370511,75,0.6389933837429109,103,8.766114703402673,35,0.0,0.0,0.0
2025-09-02,NC-SBY-UTR-3,0.9999987799045398,485,7249.453958400002,28217.482191399984,13.557298146483186,32,0.5495336391437308,51,9.088927752542018,20,0.0,0.0,0.0
2025-09-02,NC-SBY-UTR-4,0.9997125943396435,2018,6643.173443099998,25637.161991900008,12.877116312781952,18,0.6107142857142855,39,9.331671165804496,8,0.0,0.0,0.0
2025-09-02,NC-SBY-UTR-5,0.9999972315750366,931,7542.318569599999,28951.676734600016,13.529782179480527,27,0.5296499999999998,36,9.086428376453684,39,4.124864544270362,0.0,0.0
2025-09-02,NC-SBY-UTR-6,0.9962839122702288,868,6120.074065400004,21661.1684166,14.664217591986056,12,0.5173826638795987,18,9.29436899349336,15,8.568208547757544,0.0,0.0
2025-09-02,NC-SBY-UTR-7,0.9997777197158838,1812,9036.701317800003,34531.477215399995,13.668193040384622,28,0.5707177197802197,47,9.190393646811064,21,0.0,0.0,0.0
2025-09-02,NC-SDA-UTR-24,0.9952728236194204,656,9776.775371800004,36518.3801581,11.403451210666676,51,0.617444,71,8.913356724132633,11,0.0,0.0,0.0
2025-09-02,NC-SDA-UTR-25,0.9999715109776914,543,7772.217995700002,29135.897871800014,10.84055821705686,40,0.6469473244147156,67,8.953804302610846,23,0.0,0.0,0.0
2025-09-02,NC-SDA-UTR-26,0.9888549398364498,1729,8480.3810877,31958.086076899985,12.331540501204818,34,0.6159954819277109,64,9.259117989460268,25,0.0,0.0,0.0
2025-09-02,OA_CLUSTER,0.998380778018592,41518,177374.71840570003,684888.9746629,12.580724921392768,640,0.5742631280922784,1010,8.988880233409935,454,2.006756736567292,0.0,0.0
2025-09-03,NC-SBY-BRT-15,0.9998545920555884,4947,8184.910861700002,28871.917118799985,12.156809075880762,37,0.584512195121951,59,9.067340375241804,47,19.17985061719938,0.0,0.0
2025-09-03,NC-SBY-BRT-16,0.976336139608835,4279,9289.6693486,36161.857626999976,9.2772301225,41,0.658741203611111,58,8.892524481033375,17,1.6493401892390924,0.0,0.0
2025-09-03,NC-SBY-BRT-17,0.9993818384285696,8440,8226.857804100004,32320.65249710001,12.227263583695644,31,0.5781068842391306,55,8.854344920164923,13,14.33186993239913,0.0,0.0
2025-09-03,NC-SBY-SEL-18,0.9995386452453322,2663,9284.421237599998,35438.3561953,13.073339608878513,22,0.5483598130841124,45,9.090158676549445,21,4.642443527004807,0.0,0.0
2025-09-03,NC-SBY-SEL-19,0.9998268658950988,2934,7384.932002999998,28301.658941399997,13.516909914127432,30,0.5179083562326872,34,8.87538619519354,27,7.745636920894808,0.0,0.0
2025-09-03,NC-SBY-SEL-20,0.9995637251211004,2198,7655.852607499996,28375.73831130001,13.649117717322834,28,0.5485476816272968,51,8.82586131716402,30,6.815669201175038,0.0,0.0
2025-09-03,NC-SBY-SEL-21,0.9996354119233788,3434,6717.477015999996,25450.73961630001,11.62530802307692,23,0.61778663003663,55,8.88103846834988,9,6.090369247716607,0.0,0.0
2025-09-03,NC-SBY-SEL-22,0.999973402283238,10516,7685.435232699991,28284.600540000003,15.620856460106376,15,0.5116675531914896,28,9.367274391108186,18,12.157717302425496,0.0,0.0
2025-09-03,NC-SBY-SEL-23,0.9999972411599868,1708,6271.455218200002,23829.9737293,13.40357557761732,17,0.5633167870036102,21,9.316654613643616,11,12.19908539631376,0.0,0.0
2025-09-03,NC-SBY-TMR-10,0.9996345633745012,2453,6125.6557980000025,24396.679848099997,13.1624033851211,14,0.5786989619377163,23,8.974884091506762,19,11.03641814492126,0.0,0.0
2025-09-03,NC-SBY-TMR-11,0.9997478564482212,4176,8319.186192000001,31486.339320600004,12.468567153846148,16,0.5757243589743588,32,9.078154503165557,12,10.452719493208598,0.0,0.0
2025-09-03,NC-SBY-TMR-12,0.9998554041362392,1788,5786.374390199998,23687.497028600013,16.999458573462775,12,0.4716181229773462,24,9.385544741734195,14,11.132058287158944,0.0,0.0
2025-09-03,NC-SBY-TMR-13,0.9989649280071712,2972,9058.898709200002,33556.49936480003,12.319111162564107,30,0.5875397435897435,46,8.808899265962907,17,14.479225844792882,0.0,0.0
2025-09-03,NC-SBY-TMR-14,0.9999985836002702,1489,6997.640925199999,26808.790089599985,12.312467434862372,25,0.569831804281346,36,8.934226427525841,16,10.40078002685232,0.0,0.0
2025-09-03,NC-SBY-TMR-8,0.9975430285654988,3495,7305.046124200002,28672.134243199987,10.719072953311256,25,0.6351818433774835,43,9.02135349628663,9,8.54432392772401,0.0,0.0
2025-09-03,NC-SBY-TMR-9,0.999796244406328,2655,7103.1719030999975,29310.611630999992,11.523936003680989,15,0.6019493865030671,35,9.060121708060484,7,14.768109976950866,0.0,0.0
2025-09-03,NC-SBY-UTR-1,0.9996947947872016,2811,6759.156559599999,25689.328054800004,11.810823705586586,43,0.5774727653631281,39,8.634817785355727,42,11.49334933933825,0.0,0.0
2025-09-03,NC-SBY-UTR-2,0.9999985725057308,5093,11342.286173699997,46696.08358689999,10.748190868241965,67,0.6124655009451797,84,8.866329874579394,23,21.01022992839773,0.0,0.0
2025-09-03,NC-SBY-UTR-3,0.999743338344554,2335,7205.998036599994,28238.60787459998,13.514644389602449,25,0.555282874617737,47,9.118359202734975,16,4.940473411003135,0.0,0.0
2025-09-03,NC-SBY-UTR-4,0.9999987944065284,1335,6561.726192300005,25356.158906399985,12.46852829135338,16,0.6084144736842104,40,9.366428615160558,6,7.742152324163608,0.0,0.0
2025-09-03,NC-SBY-UTR-5,0.999979539310447,3104,7583.408241300007,28633.4766557,13.44477158493507,28,0.527114285714285,37,9.078559083960934,41,5.970568040817078,0.0,0.0
2025-09-03,NC-SBY-UTR-6,0.9978182605748118,2211,6143.623414300002,21693.6727406,14.4672642852349,9,0.5239749999999997,20,9.322665012652068,11,5.3508148723235385,0.0,0.0
2025-09-03,NC-SBY-UTR-7,0.9996547972786464,4053,8907.487536100009,34166.79813199999,13.728821120879116,26,0.5652527472527475,41,9.175704667775372,19,3.0786447470099843,0.0,0.0
2025-09-03,NC-SDA-UTR-24,0.9997069153868628,2810,9643.67687529998,35796.23141730002,11.435965536266664,51,0.6138133333333334,66,8.897661919258756,14,0.0,0.0,0.0
2025-09-03,NC-SDA-UTR-25,0.9999689158153164,2569,7690.5144056,28906.25312669997,10.679015809364545,45,0.656967391304348,65,9.007210747839812,20,0.0,0.0,0.0
2025-09-03,NC-SDA-UTR-26,0.998716042943452,3993,8356.584789100001,31849.260579999995,12.030020285240967,26,0.6077693271084337,55,9.244339821779576,24,0.0,0.0,0.0
2025-09-03,OA_CLUSTER,0.998496305979815,81089,175900.6715252,675428.1720534,12.745896112603225,595,0.5703914659309463,953,9.031184015572132,445,10.040145435883076,0.0,0.0
2025-09-04,NC-SBY-BRT-15,0.9999978927636876,3063,8209.240062299994,29904.55353189999,12.545210156097552,28,0.5699322493224938,49,9.141555027936633,39,5.526425991724831,0.0,0.0
2025-09-04,NC-SBY-BRT-16,0.99840358819597,1306,9383.868367500008,36694.3494472,10.666754102949067,23,0.6213357908847186,38,8.983242184198819,18,5.708477880382365,0.0,0.0
2025-09-04,NC-SBY-BRT-17,0.999999213717423,7580,8158.189852699992,32949.9643438,12.813222499184777,15,0.5740998641304349,46,8.887269355158674,8,5.266121216786761,0.0,0.0
2025-09-04,NC-SBY-SEL-18,0.9999707516196494,1330,9155.302918,35648.83609770002,13.78884420443926,16,0.5314748831775702,32,9.113588245284248,18,5.530718376253102,0.0,0.0
2025-09-04,NC-SBY-SEL-19,0.9996483242830876,1188,7316.793124499997,28522.640342099992,13.204464191135736,17,0.5276890581717454,34,8.751784809212362,31,4.855910784849137,0.0,0.0
2025-09-04,NC-SBY-SEL-20,0.9999331140350876,1867,7632.185649299997,28258.03185980001,14.73687051784777,15,0.526627296587927,28,8.880935158634541,23,5.133384459016264,0.0,0.0
2025-09-04,NC-SBY-SEL-21,0.9999993216659884,563,6666.384785399999,25661.304891900018,12.133045142124542,12,0.5987518315018318,31,8.913333892375201,13,5.721449874714206,0.0,0.0
2025-09-04,NC-SBY-SEL-22,0.999998460894405,10179,7761.182063999997,28263.48659889998,15.872216312499996,9,0.5034368351063832,25,9.3356904281784,22,6.568328785850101,0.0,0.0
2025-09-04,NC-SBY-SEL-23,0.9983001603775457,592,6253.045375999996,23729.595103799984,14.549511660516613,16,0.5413252104693141,22,9.391609854530692,6,6.891625872764221,0.0,0.0
2025-09-04,NC-SBY-TMR-10,0.9999983580045158,770,6159.088260299998,24654.249149800016,13.72471628961938,9,0.5688685121107263,18,8.98235265971214,16,5.800847548090416,0.0,0.0
2025-09-04,NC-SBY-TMR-11,0.9998923844076714,1735,8193.327004199999,31324.620054200004,13.415108501139605,7,0.5458846153846155,24,9.060100150767768,10,5.975812455237318,0.0,0.0
2025-09-04,NC-SBY-TMR-12,0.9750413095251574,644,5663.222553099999,23360.3771714,17.021340559016384,6,0.4657099673202617,21,9.437653604861216,16,6.959167126541025,0.0,0.0
2025-09-04,NC-SBY-TMR-13,0.9994068765707452,611,8927.695314399998,33934.77852969999,13.93227968384616,25,0.5442698717948714,36,8.907056166491406,14,6.013839767170191,0.0,0.0
2025-09-04,NC-SBY-TMR-14,0.9999984072375128,593,6943.027032499998,27076.972276799992,12.953496651376144,10,0.547176605504587,28,8.974674526563609,21,5.900826051005303,0.0,0.0
2025-09-04,NC-SBY-TMR-8,0.9999967807211184,526,7304.827049300003,29177.57668239999,11.000061100993385,22,0.6273360927152322,32,9.05175561927097,11,5.593760624128081,0.0,0.0
2025-09-04,NC-SBY-TMR-9,0.9920875723756422,771,6915.265571499998,28552.249752000003,12.872766952147234,13,0.5760465236196317,21,9.172146927597517,8,6.124289592358603,0.0,0.0
2025-09-04,NC-SBY-UTR-1,0.9999964239006048,1736,6380.973808199997,25527.924207300035,14.045026896089391,20,0.524009078212291,28,8.8541542372961,33,7.754633940401892,0.0,0.0
2025-09-04,NC-SBY-UTR-2,0.9958694529259358,1100,11015.864538799982,46155.16670870003,12.2723725094518,50,0.5864220226843094,55,8.946156231489127,25,4.624101036471933,0.0,0.0
2025-09-04,NC-SBY-UTR-3,0.9998760476837694,685,7058.9154382000015,27945.92707909999,14.308401998442358,20,0.5237017133956385,37,9.187626152327365,11,5.013027483451499,0.0,0.0
2025-09-04,NC-SBY-UTR-4,0.99998864347185,672,6535.157257900005,25403.6730262,13.86492789699248,12,0.5952396616541351,32,9.434652571636006,5,6.268536831041561,0.0,0.0
2025-09-04,NC-SBY-UTR-5,0.9977123748108092,1043,7652.958940099992,28758.83375550001,12.793405205454544,20,0.5417833335064929,47,9.009900986748654,38,5.369118438423355,0.0,0.0
2025-09-04,NC-SBY-UTR-6,0.998744931157087,3352,6178.351049199994,21610.048807499985,14.975283741034492,9,0.5072083333333333,14,9.349818472642548,13,8.503825836859138,0.0,0.0
2025-09-04,NC-SBY-UTR-7,0.99998451490639,1256,8794.881571200007,34125.49448980001,14.767108251373635,13,0.5405746337912088,32,9.233786470932026,16,7.074136573534815,0.0,0.0
2025-09-04,NC-SDA-UTR-24,0.9946287436755205,2055,9999.742995300005,36360.57816529999,10.802064569251344,75,0.6279811112000004,78,8.733905205587835,25,2.828395524786405,0.0,0.0
2025-09-04,NC-SDA-UTR-25,0.9999899197847486,499,7621.550588600001,28910.255996500004,11.69014410066889,32,0.6286856187290967,48,9.12584597775419,12,4.20296238243651,0.0,0.0
2025-09-04,NC-SDA-UTR-26,0.9998194763103184,2110,8301.535552899999,31985.9427179,12.849141096686749,22,0.5923584337349401,33,9.300436828341724,24,5.2618622014052026,0.0,0.0
2025-09-04,OA_CLUSTER,0.9980790219342078,43162,174259.74758859992,677240.6539075002,13.54438879254471,387,0.5513979342976272,730,9.07489264216049,415,5.947099685051425,0.0,0.0
2025-09-05,NC-SBY-BRT-15,0.9999976091595614,2370,8069.220281000001,31458.6756322,12.801966558536597,20,0.5658617886178858,42,9.453627368562437,41,5.869183867699891,0.0,0.0
2025-09-05,NC-SBY-BRT-16,0.9994849069194224,724,8809.404580300003,38868.31972800002,11.299554871045572,11,0.604320375335121,18,9.002798610978363,14,6.387610222070503,0.0,0.0
2025-09-05,NC-SBY-BRT-17,0.9999859975779596,5660,7662.850606999995,33298.4106282,13.590022008174378,22,0.5527350136239781,44,8.944975761421707,9,5.327002554159353,0.0,0.0
2025-09-05,NC-SBY-SEL-18,0.999998417958247,1107,8370.802701700004,35934.97973680001,16.04939205841121,12,0.4905081775700934,33,9.275265645694184,14,6.714066684208233,0.0,0.0
2025-09-05,NC-SBY-SEL-19,0.9999687083362776,561,6640.181192300002,27585.46352290003,15.772183691714282,13,0.4968240997229921,36,8.895011290735198,23,5.898995084127506,0.0,0.0
2025-09-05,NC-SBY-SEL-20,0.9999207976260835,1079,6295.564588699995,25926.9693365,17.198350963660488,16,0.4585755968169763,14,9.040415757483094,21,7.39827879614487,0.0,0.0
2025-09-05,NC-SBY-SEL-21,0.9998737450820784,440,5992.872988099997,25505.801959,13.488834273260077,7,0.5673782051282051,27,9.055121962922916,12,6.807552199367941,0.0,0.0
2025-09-05,NC-SBY-SEL-22,0.9998327457329216,7739,7343.653418700012,28699.2538062,16.217231988297875,27,0.5069162234042555,31,9.410491015357886,21,5.286633258663283,0.0,0.0
2025-09-05,NC-SBY-SEL-23,0.9999912165129556,537,5687.890083999994,24263.37100400001,16.250145198154993,9,0.4989882671480145,13,9.461183978544913,3,8.200958556233553,0.0,0.0
2025-09-05,NC-SBY-TMR-10,0.9999986353921012,790,5679.059444199997,23992.76493170001,14.161785811418689,18,0.5461003460207613,30,8.83664598618373,29,5.714372231459116,0.0,0.0
2025-09-05,NC-SBY-TMR-11,0.9999984014245415,1937,7003.650249300002,29875.54771179998,15.344121411988308,10,0.5057061403508774,24,9.220964713835514,9,7.174156046015705,0.0,0.0
2025-09-05,NC-SBY-TMR-12,0.968828861492724,551,5479.365909099999,23520.28488440001,17.041262985858587,9,0.4685799663299664,24,9.47973067508044,13,7.220406226885187,0.0,0.0
2025-09-05,NC-SBY-TMR-13,0.999388631936228,751,7605.206444399997,32838.158219200006,15.826490587435885,5,0.4962570512820518,12,9.095694677181594,9,7.352532475092693,0.0,0.0
2025-09-05,NC-SBY-TMR-14,0.9990673396912526,1075,6579.728455399999,27408.25765240003,13.236422839143726,10,0.5411353211009172,18,8.99593356620379,19,6.648318558974911,0.0,0.0
2025-09-05,NC-SBY-TMR-8,0.9997331564975126,505,7015.710930900002,30659.222697000023,11.462367827814582,12,0.611291390728477,26,9.119571768277094,12,5.657411733059677,0.0,0.0
2025-09-05,NC-SBY-TMR-9,0.9999903430880688,1344,6632.997638800003,30290.01209500001,13.940401343865028,13,0.5416150306748471,28,9.170265587715056,9,5.915341926245102,0.0,0.0
2025-09-05,NC-SBY-UTR-1,0.9979854470914844,766,5002.876340299998,21934.5172557,19.012081915176136,11,0.3983503128686326,8,9.26731268531558,15,8.178027672571492,0.0,0.0
2025-09-05,NC-SBY-UTR-2,0.9942609787086878,3273,11064.386595099995,49111.50590539999,11.84686046521739,40,0.5849413988657841,60,8.934079735249854,19,5.221358395333005,0.0,0.0
2025-09-05,NC-SBY-UTR-3,0.9999984072375128,497,6187.318782200002,27500.45969729997,16.39360967601246,12,0.4804595015576324,21,9.366130960778383,20,6.200034047274206,0.0,0.0
2025-09-05,NC-SBY-UTR-4,0.9999987816772083,403,5584.720423900004,24015.8543441,17.156609747744355,6,0.5101644736842107,26,9.570779549720754,3,7.318877384239482,0.0,0.0
2025-09-05,NC-SBY-UTR-5,0.9999980861745768,1163,7346.151698100005,29754.081659999985,12.64947295328085,38,0.5579094488188975,61,9.13937398392358,51,4.455836959860558,0.0,0.0
2025-09-05,NC-SBY-UTR-6,0.99346737874608,1170,5046.909101499995,19249.7874343,18.97127883595889,2,0.4281175,8,9.916772420963824,2,9.6588329256422,0.0,0.0
2025-09-05,NC-SBY-UTR-7,0.9998122392653642,962,7858.140893900003,33394.679311,15.936961989560432,8,0.5220473901098902,27,9.389384966952198,13,7.3744839457684765,0.0,0.0
2025-09-05,NC-SDA-UTR-24,0.9930335415778384,868,8996.132725100004,36663.00881129998,13.4350324328841,40,0.5662186666666665,60,9.05297699979409,14,4.922844227867956,0.0,0.0
2025-09-05,NC-SDA-UTR-25,0.9999990276945646,557,6554.261218200002,27455.75296329999,14.65052413244147,10,0.5451128765886281,19,9.428892897233418,10,6.456530811861845,0.0,0.0
2025-09-05,NC-SDA-UTR-26,0.999998016883475,1328,7692.470624799997,32454.79694379998,14.98682573885542,20,0.5544246987951805,32,9.5724172694158,9,6.409741081429172,0.0,0.0
2025-09-05,OA_CLUSTER,0.9978873886664338,35404,158958.6633489,675086.3791531003,14.937524533707473,331,0.5203915490868837,631,9.204014366637256,381,6.516539372661021,0.0,0.0
2025-09-06,NC-SBY-BRT-15,0.9999978564583648,4132,8034.719783900001,30985.0066278,12.535870796476958,19,0.577540424661246,37,9.220803792856165,38,6.186482873168532,0.0,0.0
2025-09-06,NC-SBY-BRT-16,0.9791778171698688,1910,8879.388516599995,36579.396351399984,11.901264124258754,15,0.5909011679245281,27,9.110583397031174,11,6.218446178710069,0.0,0.0
2025-09-06,NC-SBY-BRT-17,0.9999962258508708,7843,7830.5244797,33303.35502920002,13.44105215869564,24,0.5608308423913048,50,8.905275512618184,14,4.94610914114924,0.0,0.0
2025-09-06,NC-SBY-SEL-18,0.9999985829749896,2448,8553.8736643,35155.36287199997,15.390127300700929,19,0.4940169392523367,30,9.207303127736868,16,5.879128977602737,0.0,0.0
2025-09-06,NC-SBY-SEL-19,0.9999761037522262,1780,6650.403759100001,27587.578214900004,15.385346275900284,13,0.4896318094182826,23,8.868167799467926,32,6.1514078301350805,0.0,0.0
2025-09-06,NC-SBY-SEL-20,0.9999640367800118,1772,6468.065938900002,26027.14218519998,17.086397325396835,11,0.4726051587301583,19,9.08363983267825,19,7.410848276447038,0.0,0.0
2025-09-06,NC-SBY-SEL-21,0.9992339690671516,2259,6102.202429500004,25143.312371499986,13.07269786593406,10,0.573722832967033,21,9.007674419434034,16,6.672148529621498,0.0,0.0
2025-09-06,NC-SBY-SEL-22,0.9999987363942796,10610,7597.256424100002,28941.93966360001,15.964981822872328,26,0.5162573138297877,35,9.380736058061949,20,6.10333539250406,0.0,0.0
2025-09-06,NC-SBY-SEL-23,0.9935337460424843,1325,6361.5793427,21392.669773099995,13.471294285171089,21,0.5617225311111108,30,9.33245223235338,7,5.7259139498584055,822.3913130000001,1.0
2025-09-06,NC-SBY-TMR-10,0.9999984359020634,1820,5816.299208699999,23712.27312140003,14.259058641868515,24,0.5576110148788928,32,8.801581072313736,32,6.115182551811981,0.0,0.0
2025-09-06,NC-SBY-TMR-11,0.9994895172876004,4465,7641.217183400005,31197.667414000003,15.059218971794875,12,0.5136260683760684,26,9.25279462436362,8,5.885101262096437,0.0,0.0
2025-09-06,NC-SBY-TMR-12,0.9609589473735356,1438,5538.643127100006,23378.672977700004,17.092977627272745,9,0.4719694164983164,20,9.488495311875788,15,7.494314189307247,0.0,0.0
2025-09-06,NC-SBY-TMR-13,0.9999985056069628,1835,7805.423297200005,32093.06335460001,16.093428361025627,5,0.4958358974358974,16,9.06623166648085,11,7.700689681468461,0.0,0.0
2025-09-06,NC-SBY-TMR-14,0.9999901461412324,1754,6544.1106864999965,26727.01176860002,13.041088912962977,11,0.5413526234567898,25,8.930549908438637,17,6.821039947309178,0.0,0.0
2025-09-06,NC-SBY-TMR-8,0.9947748211169224,2646,6905.7759416,29387.660723999987,11.23727031324504,19,0.6204439847682118,27,9.136403625360163,11,5.475777999468984,0.0,0.0
2025-09-06,NC-SBY-TMR-9,0.9999944259827312,1760,6426.239513000003,28489.27611159997,15.41864644478527,6,0.5077837423312882,19,9.3672982143256,4,7.460888531813442,0.0,0.0
2025-09-06,NC-SBY-UTR-1,0.9995825761768214,1930,5108.491446700003,22055.189887900025,16.672893322788198,14,0.4468176941018761,9,8.943986894664226,29,7.783626015514616,0.0,0.0
2025-09-06,NC-SBY-UTR-2,0.9998137889750942,2438,10638.9468121,47629.07435399997,12.132988062570892,26,0.5739700693761816,50,8.981756208744017,25,5.597258464065453,0.0,0.0
2025-09-06,NC-SBY-UTR-3,0.9999983348567624,1236,6361.494315899992,27126.32514590001,15.527051778504664,9,0.4945802180685361,22,9.364038057820274,17,6.1769235830554745,0.0,0.0
2025-09-06,NC-SBY-UTR-4,0.9999890286430784,1436,6019.958449,24738.774180899985,15.289563710526313,11,0.5519479951127818,28,9.533794402207532,5,6.544235741618659,0.0,0.0
2025-09-06,NC-SBY-UTR-5,0.9995229585238438,2430,7752.625272000006,30677.1354125,12.39955618181818,39,0.5680489176623386,64,9.065151290875304,47,4.242274598835847,0.0,0.0
2025-09-06,NC-SBY-UTR-6,0.9917531049944266,4280,5479.919271700005,20276.314786000003,18.25982786883561,6,0.449731048160535,9,9.884852150451891,3,8.25015771322102,0.0,0.0
2025-09-06,NC-SBY-UTR-7,0.9998400924122656,2288,7973.541760099994,33320.6012798,15.563251231868133,12,0.5204498626373633,27,9.309704440373327,18,7.298726518248752,0.0,0.0
2025-09-06,NC-SDA-UTR-24,0.999998486646119,2029,8806.654721699997,35647.06805629999,13.82108655866666,26,0.553425777866667,45,9.0819497129181,10,5.770261868284054,0.0,0.0
2025-09-06,NC-SDA-UTR-25,0.9999984885469646,1382,6466.060723300001,26637.6018149,16.084540555183942,8,0.5228645484949834,18,9.470602930516302,8,7.15368011821929,0.0,0.0
2025-09-06,NC-SDA-UTR-26,0.9998729637651425,2579,7470.740470799999,30559.063793,15.990021874397582,16,0.5308958334337354,20,9.53710132646082,14,7.461530583013626,0.0,0.0
2025-09-06,OA_CLUSTER,0.9966670842052232,65835,162490.7006238,665924.8036076,14.589078674119852,361,0.5278491024076484,646,9.171891064004658,415,6.410262296923325,822.3913130000001,0.0335487077534791
2025-09-07,NC-SBY-BRT-15,0.999998459584528,2407,7904.089674900001,30626.26252730001,13.310955768021678,22,0.5572655826558267,34,9.347581488680184,41,6.110930877955762,0.0,0.0
2025-09-07,NC-SBY-BRT-16,0.9620489770999976,925,8810.450449400007,38575.44284870001,10.633721475350145,19,0.6269810924369749,35,9.079210870395524,13,5.501298855317632,0.0,0.0
2025-09-07,NC-SBY-BRT-17,0.9999849977355072,5603,7783.215393499999,33686.28653169999,13.067145249456512,20,0.5605577445652176,42,8.91168951881778,11,5.401010893295611,0.0,0.0
2025-09-07,NC-SBY-SEL-18,0.9999983679331506,1061,8268.531495599997,35576.726357600004,15.350738108411214,13,0.5004602803738316,43,9.165148786251825,18,5.985252723223541,0.0,0.0
2025-09-07,NC-SBY-SEL-19,0.9999978790683326,520,6895.230668500003,29036.7938078,13.046195256509694,27,0.5523379501385046,41,8.645072295832609,42,5.372325705464915,0.0,0.0
2025-09-07,NC-SBY-SEL-20,0.9999525849443468,411,6354.223543799999,26265.1452569,16.001725932804234,16,0.4827493386243388,27,8.891158564768237,31,5.86740346454694,0.0,0.0
2025-09-07,NC-SBY-SEL-21,0.999918430335097,365,5978.491377900002,25157.144191,12.922946829304028,12,0.5729725274725275,31,8.997021332539274,10,6.314576494121761,0.0,0.0
2025-09-07,NC-SBY-SEL-22,0.9999931663711584,9142,7655.232943500004,29632.14363170002,15.150936141755333,23,0.5323257978723404,40,9.342287422436238,20,5.094659985822045,0.0,0.0
2025-09-07,NC-SBY-SEL-23,0.9999981334826548,531,5751.652036700002,22368.12539129999,13.66342969433198,16,0.5537570850202427,22,9.304141443792837,6,5.968857422861061,1129.370083,1.0
2025-09-07,NC-SBY-TMR-10,0.9999981978085352,503,5579.799175200001,23823.13724860002,14.468989698615909,19,0.5593840830449828,31,8.885397650232559,29,5.764839537271466,0.0,0.0
2025-09-07,NC-SBY-TMR-11,0.9999907230703986,2317,7062.893443300003,29871.764937100023,15.931607018518532,17,0.4990035612535609,22,9.226750506874511,11,7.005829574069267,0.0,0.0
2025-09-07,NC-SBY-TMR-12,0.9614522477968818,757,5804.294136900001,24312.104843800014,15.1032984077441,20,0.5139301346801345,31,9.348856830489376,17,5.732314883922454,0.0,0.0
2025-09-07,NC-SBY-TMR-13,0.9999984468339308,390,7200.397953999998,31174.53288760001,15.96391176580978,9,0.4903814102564102,20,9.056664878239772,14,7.284673286307662,0.0,0.0
2025-09-07,NC-SBY-TMR-14,0.9999983718427908,410,6554.757604699998,27273.408484500007,12.508010667901234,16,0.5577800925925929,36,8.896697648287846,19,5.963068352460493,0.0,0.0
2025-09-07,NC-SBY-TMR-8,0.9999614069781704,966,6998.490129499997,30490.8101683,11.462904458278157,13,0.6150546357615893,24,9.088887535361394,8,5.740913121664806,0.0,0.0
2025-09-07,NC-SBY-TMR-9,0.9999963431606452,309,6515.434858299998,29484.788722699985,14.093834602147238,11,0.5398098159509203,22,9.155210871410375,7,6.417175009718588,0.0,0.0
2025-09-07,NC-SBY-UTR-1,0.9999975979888917,646,4718.510499899999,21730.4589359,19.75038068284182,7,0.3826756032171582,12,9.314679409240082,19,8.041159478556184,0.0,0.0
2025-09-07,NC-SBY-UTR-2,0.99958372715816,1029,11834.724825000005,52071.02689079999,11.00761371928167,60,0.6043136421550093,91,8.76509709799189,28,2.666483547070171,0.0,0.0
2025-09-07,NC-SBY-UTR-3,0.9999989381583418,365,6093.416409,27139.20087560003,16.158709700623046,10,0.4823855140186918,26,9.353661821726789,14,5.647259031882264,0.0,0.0
2025-09-07,NC-SBY-UTR-4,0.9999986946538112,421,5804.050819599998,24385.523246100016,16.485648091353386,9,0.52734492481203,26,9.559668122623403,5,6.490750456835115,0.0,0.0
2025-09-07,NC-SBY-UTR-5,0.9999982263107264,990,7128.000729799998,29406.131712399983,14.3019955987013,23,0.5168207792207792,40,9.360209445167971,33,5.203065588639316,0.0,0.0
2025-09-07,NC-SBY-UTR-6,0.9987783923398614,699,5037.139691699999,19412.841680000005,19.560775795986626,2,0.4152333333333336,7,9.91506509428431,5,9.448636312561458,0.0,0.0
2025-09-07,NC-SBY-UTR-7,0.9999824891512332,616,7809.821150099997,33609.32272670002,14.309756065555565,14,0.544002770083103,38,9.231717106608995,25,7.0288801229393725,0.0,0.0
2025-09-07,NC-SDA-UTR-24,0.9999986728395062,860,9142.187978799991,36810.2233533,12.4698463464,56,0.5947840000000005,74,8.83055569942357,21,3.6393565594267474,0.0,0.0
2025-09-07,NC-SDA-UTR-25,0.99999856775672,273,6310.613490500003,26910.755324399976,15.04247883344482,16,0.5467959866220734,32,9.354836242046751,13,5.179329145795503,0.0,0.0
2025-09-07,NC-SDA-UTR-26,0.9998100637695848,902,7382.7051317999985,31701.559603700007,15.643131321987951,11,0.5430557228915661,25,9.594844311301143,14,7.27080918268891,0.0,0.0
2025-09-07,OA_CLUSTER,0.996639451797422,31383,159542.84901080004,675109.1239041,14.46809015120932,398,0.530192296941796,741,9.150937556646142,426,5.996131439816987,1129.370083,0.0307788161993769
2025-09-08,NC-SBY-BRT-15,0.9998569850736848,2596,8208.3365087,29262.73594600001,13.038275102439012,26,0.5534214092140918,45,9.035247155334758,35,5.191995065807952,0.0,0.0
2025-09-08,NC-SBY-BRT-16,0.980660545869516,837,9600.337187700005,35989.34067320001,9.389495707567573,25,0.6577653154054053,59,8.956001596044274,17,4.980057867020628,0.0,0.0
2025-09-08,NC-SBY-BRT-17,0.999998899203942,9039,7986.008276099996,31513.8839184,12.46399516929348,29,0.5817663043478263,53,8.848267091343018,11,5.115652971383355,0.0,0.0
2025-09-08,NC-SBY-SEL-18,0.9997446564731102,2106,9625.879743999998,35099.4039018,12.709642141588787,30,0.5606600467289724,51,8.993519742564336,21,4.301767185529614,0.0,0.0
2025-09-08,NC-SBY-SEL-19,0.9999603266460906,872,8325.190530299998,30010.527719499973,10.687163856786707,33,0.617675207756233,47,8.451990036703757,47,4.686792374288222,0.0,0.0
2025-09-08,NC-SBY-SEL-20,0.9999981428710604,756,8168.692246300005,29340.884490599987,12.951993162433872,27,0.5777757936507939,54,8.797763682059884,29,5.692978949300523,0.0,0.0
2025-09-08,NC-SBY-SEL-21,0.9997545278170858,1259,6981.3155906,25600.35155690002,10.960488445787544,27,0.6379615384615379,66,8.793923956418329,11,4.319397962937542,0.0,0.0
2025-09-08,NC-SBY-SEL-22,0.9999803917766128,9354,8684.548024500002,30200.198361300016,13.623517498936168,35,0.5754374999999999,48,9.025148193790235,33,4.626638898854953,0.0,0.0
2025-09-08,NC-SBY-SEL-23,0.9999492767537124,739,6480.390238499999,22615.8813382,11.107258701619427,23,0.6329736842105264,32,9.202322975249691,14,5.383098287468571,981.084232,1.0
2025-09-08,NC-SBY-TMR-10,0.9999935496592184,713,6681.1766643,24469.557763900004,12.012838823183394,22,0.5944299307958477,32,8.842294142691054,19,5.558816569141984,0.0,0.0
2025-09-08,NC-SBY-TMR-11,0.9999880204548244,1499,8738.850293700005,31535.730756,12.533733488571434,26,0.5868668091168088,48,8.938947480305181,16,4.671737733402208,0.0,0.0
2025-09-08,NC-SBY-TMR-12,0.9495237393223228,709,7117.148583700001,25160.26278229997,12.648863532659933,37,0.5888824353535357,56,9.026504358581368,21,3.9985099960100943,0.0,0.0
2025-09-08,NC-SBY-TMR-13,0.999934097267054,484,8963.208966200007,32679.70439680001,12.577043573333333,33,0.5915217948717947,49,8.791797732377162,13,5.135796367022766,0.0,0.0
2025-09-08,NC-SBY-TMR-14,0.9999011856480844,789,8060.921278400002,27761.207642499998,10.30030162530864,49,0.6246010802469136,62,8.626351243783029,34,3.0494031060634064,0.0,0.0
2025-09-08,NC-SBY-TMR-8,0.9944064840721076,1433,7141.041674500003,26714.41188459999,10.195164057093429,49,0.6590736754966888,64,8.887857184939003,14,3.5027575849692383,0.0,0.0
2025-09-08,NC-SBY-TMR-9,0.9991545696690178,692,6738.4251914,26351.1428181,11.869830762576688,25,0.5838070042944784,40,8.956438112490787,11,4.095216791849421,0.0,0.0
2025-09-08,NC-SBY-UTR-1,0.9893876066543532,2017,6466.881282999992,24095.954456699983,11.49550836473828,37,0.5409583335135134,35,8.677882805858156,35,5.240593867622206,0.0,0.0
2025-09-08,NC-SBY-UTR-2,0.9994985042151304,840,11020.181603400006,45585.071846899984,11.411931835084433,52,0.6009161975609755,66,8.889365476445624,29,4.420068198386441,0.0,0.0
2025-09-08,NC-SBY-UTR-3,0.99999836292454,519,7212.9114242,27563.582008400004,12.856613122429906,26,0.5644610591900318,49,9.09706383719446,14,4.752497189962456,0.0,0.0
2025-09-08,NC-SBY-UTR-4,0.9999982595384904,653,6653.016023800003,25248.45047549998,12.54417525902256,21,0.6107960526315785,38,9.36531373639708,8,6.050005022939324,0.0,0.0
2025-09-08,NC-SBY-UTR-5,0.9936051872232936,1056,7889.62628139999,29362.966424800008,11.944012888511752,49,0.5669632033766238,57,8.889287214806533,50,4.777516096925356,0.0,0.0
2025-09-08,NC-SBY-UTR-6,0.9999206640493218,908,6933.699555299999,23524.500595100013,12.581602698983048,29,0.5763366666666669,46,9.358754727277717,13,4.361721483917171,0.0,0.0
2025-09-08,NC-SBY-UTR-7,0.9994121837137616,1103,9834.933992300004,35211.400093599965,11.296489245833335,40,0.623399038461539,76,8.98013602847264,32,4.793823890529988,0.0,0.0
2025-09-08,NC-SDA-UTR-24,0.9999425069087428,584,9648.1114202,35488.9734707,12.025515020266663,38,0.6026519999999999,57,9.05307313243516,12,4.346230628332304,0.0,0.0
2025-09-08,NC-SDA-UTR-25,0.9997539649318636,662,7589.434845399996,27621.89008520003,11.235708147826092,33,0.6460133779264212,64,9.026935031216382,16,4.203718344575327,0.0,0.0
2025-09-08,NC-SDA-UTR-26,0.999904207256812,1238,8008.761455799997,30671.47179529999,13.124869353614448,23,0.5918953313253014,44,9.379707665049551,17,5.581458262625942,0.0,0.0
2025-09-08,OA_CLUSTER,0.995972864962408,40973,183512.7211623,674897.1518510997,11.89774604525305,750,0.5942548534678402,1173,8.920976889743237,527,4.719634133408452,981.084232,0.0307634823763856
2025-09-09,NC-SBY-BRT-15,0.9990366070081866,4740,8465.629993700006,29532.18181729999,12.211387743631445,36,0.5746808943089435,53,9.022786424325943,36,4.719434234323376,0.0,0.0
2025-09-09,NC-SBY-BRT-16,0.997874665309047,6641,9547.041131299991,37069.36163239996,9.099256933787451,50,0.6688833780160857,83,8.895123638033615,11,4.461465365401335,0.0,0.0
2025-09-09,NC-SBY-BRT-17,0.9986299933930372,11011,8361.154765599993,32121.38813459997,11.251114892119569,44,0.6103573369565217,68,8.825029872532317,16,4.4228222058773365,0.0,0.0
2025-09-09,NC-SBY-SEL-18,0.9998685043896952,3021,9904.376232299996,35115.144803699994,12.103745256308416,36,0.580476051401869,62,8.997729276316338,21,4.175879751077623,0.0,0.0
2025-09-09,NC-SBY-SEL-19,0.9984105681506716,4176,8574.591152900004,30497.00911149999,9.604714094736842,44,0.6506932132963988,70,8.357925920674882,57,4.12436353772994,0.0,0.0
2025-09-09,NC-SBY-SEL-20,0.9992979592589518,3266,8341.518341400004,29660.333599199992,12.446962964285715,40,0.5831966489417988,65,8.750864862293538,29,5.060746995535665,0.0,0.0
2025-09-09,NC-SBY-SEL-21,0.9988223200412052,4191,7163.3349033,25498.38351780001,9.703704423616232,41,0.6542820512820515,68,8.714913659703207,15,3.795184445916865,0.0,0.0
2025-09-09,NC-SBY-SEL-22,0.9992375048965524,12336,8840.284806600006,30497.56532319999,12.596252601066665,47,0.5957661789893615,53,9.006903897016906,26,4.1818634895611,0.0,0.0
2025-09-09,NC-SBY-SEL-23,0.9992478204860944,3013,6778.076581700002,23440.51365290001,9.280365418218624,35,0.6774757085020241,44,9.09601946980442,15,4.565357990983449,1154.418747,1.0
2025-09-09,NC-SBY-TMR-10,0.9985949043223588,5391,6894.153585499997,24541.251493899978,11.180700005555554,30,0.6198538062283732,53,8.721696527300741,13,4.729445875536682,0.0,0.0
2025-09-09,NC-SBY-TMR-11,0.9974542637205916,7893,8938.5118344,31055.07149339998,10.789911704360472,36,0.6107343307692308,57,8.794942945652368,19,4.021249565601602,0.0,0.0
2025-09-09,NC-SBY-TMR-12,0.9169829976562188,3785,7043.639075599997,24041.0297349,11.03792223553113,48,0.6090017985611507,61,8.869176415638178,21,3.0707239456026283,0.0,0.0
2025-09-09,NC-SBY-TMR-13,0.9990890276779848,4131,9424.9037373,33501.6141068,10.796558554780354,39,0.6197878205128207,72,8.717941962951564,17,4.433629337889834,0.0,0.0
2025-09-09,NC-SBY-TMR-14,0.999283589994994,3662,8105.822531200002,27470.490357199997,9.619458473312882,57,0.6453860856269116,74,8.58209345545456,37,2.810307903150603,0.0,0.0
2025-09-09,NC-SBY-TMR-8,0.9988261896001962,4535,7139.010382799997,28070.052524599992,10.92667645794702,21,0.6346804635761585,39,9.03569118749752,6,4.909905847363826,0.0,0.0
2025-09-09,NC-SBY-TMR-9,0.9989954167023066,6774,6776.260164900004,27086.31634090001,12.134637300920252,18,0.5795759202453985,39,9.079786559471636,9,5.625748128159088,0.0,0.0
2025-09-09,NC-SBY-UTR-1,0.987974299230389,4508,6834.862594200002,26207.663172199987,11.546660846408836,48,0.5761508042895445,50,8.571382368730468,42,4.995252473340258,0.0,0.0
2025-09-09,NC-SBY-UTR-2,0.9938096757704088,15646,11400.129625300013,45799.550890400016,10.2014083472119,69,0.6115103586270875,77,8.890948324565183,27,4.160785217828785,0.0,0.0
2025-09-09,NC-SBY-UTR-3,0.9866152792153928,4178,7352.189382,28020.787993300022,12.44614546666667,35,0.5846580996884735,61,9.037295913273104,17,4.361168875763604,0.0,0.0
2025-09-09,NC-SBY-UTR-4,0.9990056462430424,2473,6684.1491321,24769.597675300003,12.587782179310343,22,0.611300751879699,34,9.417788267970955,7,5.166568781229316,0.0,0.0
2025-09-09,NC-SBY-UTR-5,0.9990729608568764,4664,8013.074246200001,30122.293057499977,11.498037040779224,45,0.573761688311688,57,8.842117327951968,42,4.950096236477162,0.0,0.0
2025-09-09,NC-SBY-UTR-6,0.9995508621352248,2619,6946.0789152,23568.33206750001,12.506083981785716,25,0.5854269443333336,42,9.262804540710231,14,4.703477401119925,0.0,0.0
2025-09-09,NC-SBY-UTR-7,0.9983784696101692,8347,9973.44464679999,36196.103519600016,11.094651755524856,51,0.6402657967032969,82,8.922747876175354,35,4.483604894498253,0.0,0.0
2025-09-09,NC-SDA-UTR-24,0.9993998666300056,3568,9622.2378169,35181.00723680002,11.240047146916886,38,0.6108200000000004,65,9.044820043649644,7,4.083237448297266,0.0,0.0
2025-09-09,NC-SDA-UTR-25,0.9985956310814402,3584,7874.616014600006,27936.59253889999,10.43033470945946,43,0.6631655518394654,73,8.971729024277945,17,3.7797010923078367,0.0,0.0
2025-09-09,NC-SDA-UTR-26,0.9977609791216704,4845,8195.297283500004,30889.487652499996,12.633854769300903,26,0.6035346385542162,51,9.40200589740494,17,5.383870125553741,0.0,0.0
2025-09-09,OA_CLUSTER,0.9943208340164448,131001,187502.2377623,683882.0360200999,11.166120592891154,917,0.6112115918793548,1364,8.877688401540318,532,4.42618907834648,1154.418747,0.0307290370738989
2025-09-10,NC-SBY-BRT-15,0.9994304927381504,2099,8401.478925999996,30286.9394563,11.96298045691057,38,0.5794634146341466,58,9.016384158646993,41,4.573090228048593,0.0,0.0
2025-09-10,NC-SBY-BRT-16,0.9993160019567736,1055,9475.343365899998,35412.67144679996,7.571453996226417,55,0.6923561214477212,100,8.832093592240607,19,4.068782167051504,0.0,0.0
2025-09-10,NC-SBY-BRT-17,0.998949634872226,1094,8304.408292199998,31997.519314800003,11.994532150277772,42,0.6103163494565214,66,8.886511185152514,6,4.379953477612542,0.0,0.0
2025-09-10,NC-SBY-SEL-18,0.9998817652594488,1342,9790.818826,36017.3269949,11.851013336768151,36,0.5949988317757007,57,8.93128755499849,22,4.360191334341462,0.0,0.0
2025-09-10,NC-SBY-SEL-19,0.9996023031090528,1549,8542.3224403,30786.44322500002,9.777039553203352,44,0.6483220221606649,63,8.34544224442139,56,4.234598679432996,0.0,0.0
2025-09-10,NC-SBY-SEL-20,0.9997654376971932,805,8389.094738299998,29636.00821490001,11.94352384278216,46,0.6013090551181107,71,8.69162977226809,35,4.414964471143317,0.0,0.0
2025-09-10,NC-SBY-SEL-21,0.9997094227824588,1113,7134.9665546000015,26110.275345100006,9.675502749450544,44,0.6663974358974362,76,8.703706515155549,14,4.044967290678021,0.0,0.0
2025-09-10,NC-SBY-SEL-22,0.9990100464206936,1629,8919.332587199999,30302.53371760002,12.63625537322405,52,0.6048470744680853,69,8.911987671017375,41,3.869587059647441,0.0,0.0
2025-09-10,NC-SBY-SEL-23,0.999998702792806,1305,6797.7173219000015,23215.9130404,9.19891203076923,37,0.6883785425101221,56,9.003044137195278,14,3.736746185861112,1264.5469939999998,1.0
2025-09-10,NC-SBY-TMR-10,0.9951079825869742,797,6910.9366821999965,25154.96375520001,11.567611789236109,22,0.6228667820069204,46,8.798287552831686,17,4.638883705180704,0.0,0.0
2025-09-10,NC-SBY-TMR-11,0.9999690238516342,2243,8929.753310699998,32396.4051905,11.23830872592593,38,0.612146011396012,60,8.809001402253644,18,4.857639492996039,0.0,0.0
2025-09-10,NC-SBY-TMR-12,0.9255420046966948,659,7097.710531900005,25250.557756400005,12.276995699649127,49,0.593312717770035,65,8.863062808106028,25,3.0406067474274177,0.0,0.0
2025-09-10,NC-SBY-TMR-13,0.9978174046111598,1121,9391.783446799998,34046.639216599964,11.389526174871795,44,0.6246423076923079,71,8.75633977869072,15,4.614265906286572,0.0,0.0
2025-09-10,NC-SBY-TMR-14,0.9997495228161298,854,8083.410308900003,28355.56558449999,9.846871663302752,57,0.6480180938837924,80,8.601057319942704,38,3.270447298010991,0.0,0.0
2025-09-10,NC-SBY-TMR-8,0.9999994231989386,478,7153.796174899994,28014.472692000018,10.607939237748344,19,0.6417855960264897,40,9.012375484945574,9,5.556753702577179,0.0,0.0
2025-09-10,NC-SBY-TMR-9,0.9997321740005968,428,6911.056568099995,27355.8461322,11.307033380061355,29,0.6054685582822086,41,8.928916293997457,13,5.209117584256619,0.0,0.0
2025-09-10,NC-SBY-UTR-1,0.9861553260393608,1535,6829.484098900004,25374.88532540001,10.56549162673797,52,0.5777660427807488,55,8.594245914367301,47,4.151057175709347,0.0,0.0
2025-09-10,NC-SBY-UTR-2,0.992084864661552,935,11389.29109570001,43289.179763900014,9.814199397014914,73,0.6209118738404458,93,8.92189152469372,31,4.189706287843745,0.0,0.0
2025-09-10,NC-SBY-UTR-3,0.9941981705738512,817,7348.384265699998,27171.648011999987,11.57197113091483,43,0.5926121398148148,61,9.097693684701625,21,4.334635009726788,0.0,0.0
2025-09-10,NC-SBY-UTR-4,0.9995972117663754,544,6713.574966099997,25467.039126499996,12.38266150864662,16,0.6254595864661656,42,9.390898038012296,10,5.129133440175464,0.0,0.0
2025-09-10,NC-SBY-UTR-5,0.9982894813426092,1562,7987.017152299995,29378.15069639999,11.438367955026454,51,0.5752831168831171,63,8.821912352551204,48,4.557316761983696,0.0,0.0
2025-09-10,NC-SBY-UTR-6,0.9992041610300154,1394,6997.429758500003,24101.066026199987,12.150461122742472,34,0.5954724999999998,53,9.25262533931367,16,4.997541843800161,0.0,0.0
2025-09-10,NC-SBY-UTR-7,0.9998965011923476,1083,9983.288713299997,36268.1826697,10.807502136088152,58,0.6479306318681319,87,8.879785497386685,37,3.945880821493397,0.0,0.0
2025-09-10,NC-SDA-UTR-24,0.9998729492915734,1367,9724.46918779999,36161.86805730002,10.605810214400003,44,0.6427900000000002,70,8.941752838656473,16,3.8317928252547686,0.0,0.0
2025-09-10,NC-SDA-UTR-25,0.999860964242353,782,7885.007265299998,28210.8484824,10.03117991638796,56,0.6752884615384612,82,8.91101881511047,20,3.6474348135393817,0.0,0.0
2025-09-10,NC-SDA-UTR-26,0.998983406964115,2174,8306.069835,30950.09823679999,12.13546454277108,32,0.6118970885542171,53,9.329430367879704,20,5.19486824925153,0.0,0.0
2025-09-10,OA_CLUSTER,0.9950347359638518,26441,187482.4001264,685390.2327033001,11.017591128882566,979,0.6187241576123087,1473,8.862846896050051,593,4.3469317867919575,1264.5469939999998,0.0307252145789277
2025-09-11,NC-SBY-BRT-15,0.9999400637234174,6254,8337.4617711,29948.549368800013,11.574700067479672,43,0.5967757452574525,54,8.913768806802283,39,4.14002049264254,0.0,0.0
2025-09-11,NC-SBY-BRT-16,0.998623065904834,10500,9308.562699399998,35931.63241329998,8.976742856182792,39,0.6626825289544237,59,8.880835067866622,14,4.411140090840911,0.0,0.0
2025-09-11,NC-SBY-BRT-17,0.9988267664281602,6695,8344.665023100002,32521.5159748,11.976259149456522,35,0.6050006793478255,60,8.978516131843458,6,4.57173936516159,0.0,0.0
2025-09-11,NC-SBY-SEL-18,0.9998861861494792,4029,9754.937554900003,36093.18697689998,11.920847417330204,37,0.5855444964871195,60,8.938869178163396,23,4.377852702402941,0.0,0.0
2025-09-11,NC-SBY-SEL-19,0.9998704542813988,4525,8460.543539399998,30406.513028400008,9.644156608587258,52,0.6539390581717456,71,8.262823145813458,51,4.15004175016181,0.0,0.0
2025-09-11,NC-SBY-SEL-20,0.9999892638923104,4225,8338.775788499997,29984.056246500026,12.01093576377953,41,0.6062440944881886,78,8.685243304456733,37,4.490103934797819,0.0,0.0
2025-09-11,NC-SBY-SEL-21,0.999276023481238,4765,7089.914619399994,25809.229831400007,9.823515515384612,41,0.6636785714285719,68,8.675049323298902,22,3.602841772804908,0.0,0.0
2025-09-11,NC-SBY-SEL-22,0.999346388865708,4297,8831.327017700009,30904.55437820001,13.095986857712772,32,0.592776595744681,61,8.974454648894065,34,4.519184540840121,0.0,0.0
2025-09-11,NC-SBY-SEL-23,0.9999895753143444,3518,6675.288450499999,23231.107891699987,9.012834928340077,31,0.6794217275303646,41,9.137391418548445,15,4.408186818463269,1240.256429,1.0
2025-09-11,NC-SBY-TMR-10,0.9998457692878666,5820,6776.185727900001,25091.64894180001,11.237261962629766,26,0.6306254325259519,56,8.748427958349565,21,4.495115235221348,0.0,0.0
2025-09-11,NC-SBY-TMR-11,0.9995944754848588,9815,8785.4712018,32085.834956200004,11.921261543589749,29,0.6053247863247863,48,8.887751708052008,17,5.227896027930648,0.0,0.0
2025-09-11,NC-SBY-TMR-12,0.9353021851335894,5113,7424.466861699995,25950.755159299977,11.429550151689194,42,0.6032930743243244,53,8.867669526108157,24,3.544798157033032,0.0,0.0
2025-09-11,NC-SBY-TMR-13,0.9955401089048744,5300,9226.622051899996,33820.3310859,11.623904285897437,41,0.6169455128205127,61,8.73917029919572,21,4.658666711552753,0.0,0.0
2025-09-11,NC-SBY-TMR-14,0.9993775471342182,4946,7973.465960000002,27810.2330563,9.159532202160491,58,0.650563200917431,73,8.559481018482616,35,3.194756658627905,0.0,0.0
2025-09-11,NC-SBY-TMR-8,0.9996476955401143,5618,7058.195075300001,27869.48332890002,11.000221008609271,20,0.6340860927152313,39,9.066085866789392,5,5.740670070566106,0.0,0.0
2025-09-11,NC-SBY-TMR-9,0.999999324919701,3625,6745.459884900002,27471.32295910001,11.988820828834356,17,0.5894141104294482,39,8.98835167307419,15,6.0528004310088175,0.0,0.0
2025-09-11,NC-SBY-UTR-1,0.9901394442800469,5243,6842.0481250999965,25572.842452899986,10.984319398655916,39,0.5862206010610082,42,8.684948221811624,32,4.703217820122967,0.0,0.0
2025-09-11,NC-SBY-UTR-2,0.998343580131537,9454,11154.701089000013,46218.73920180005,10.614248090199627,67,0.6228933756805801,86,8.830567993097649,29,4.319428290164676,0.0,0.0
2025-09-11,NC-SBY-UTR-3,0.9982577090935107,4529,7244.700274000002,27970.48912490001,12.898846155351688,33,0.5786483180428138,60,9.130430608681378,16,4.827115152792786,0.0,0.0
2025-09-11,NC-SBY-UTR-4,0.9999983872303516,2441,6716.402085700004,25940.0804036,12.48946937857143,23,0.6243167293233084,41,9.34685845740844,7,4.700139695260007,0.0,0.0
2025-09-11,NC-SBY-UTR-5,0.99955477705661,5743,7931.633585000004,29977.48272999999,11.503903065974017,37,0.5825558441558445,64,8.89976621484124,41,5.165368740780314,0.0,0.0
2025-09-11,NC-SBY-UTR-6,0.9999639218758124,2882,7028.539347000004,24547.103134000008,12.158368920401331,34,0.5942774999999998,53,9.23366435504118,19,4.761680616079127,0.0,0.0
2025-09-11,NC-SBY-UTR-7,0.9999446914441248,7819,9919.6759609,35705.862436899995,11.252827847527469,50,0.6421298076923079,81,8.852787104755564,34,3.988201296232092,0.0,0.0
2025-09-11,NC-SDA-UTR-24,0.999974507833724,3986,9594.794979199993,36112.52442199998,10.670952539999996,41,0.629742444533333,60,8.933664483688553,22,4.118951352418735,0.0,0.0
2025-09-11,NC-SDA-UTR-25,0.999767704262051,3980,7813.967684800004,28475.69743860001,10.000560099999996,52,0.6813213491638795,80,8.923458572652574,19,3.7854051175674814,0.0,0.0
2025-09-11,NC-SDA-UTR-26,0.9997988773236298,5072,8109.764643900006,30960.37664520001,12.281602611144578,33,0.6199307228915663,51,9.266931039262628,21,5.014145286406882,0.0,0.0
2025-09-11,OA_CLUSTER,0.9963318754223992,127156,185969.0436942,690862.5550816,11.249870897326764,867,0.6160853414120793,1348,8.870539499423339,557,4.521588446774614,1240.256429,0.0306794187057508
2025-09-12,NC-SBY-BRT-15,0.9998504418336096,2672,8473.1004007,31282.7009655,11.6579800601626,29,0.6051239837398376,57,9.002080521173383,47,4.847796210012213,0.0,0.0
2025-09-12,NC-SBY-BRT-16,0.9997888060983802,757,9257.776061799996,36971.71380390001,8.707773452546919,36,0.6796018766756033,84,8.809237194111743,15,4.635924565747374,0.0,0.0
2025-09-12,NC-SBY-BRT-17,0.9999826171811405,968,8488.7437762,33964.804375200016,11.324787983967388,40,0.6216141304347824,62,8.91768018979113,12,4.46398161134018,0.0,0.0
2025-09-12,NC-SBY-SEL-18,0.9999951752103392,1039,9656.8242586,36820.8853198,11.9606077682243,32,0.587173481308411,58,8.973067594379524,27,5.092237180643469,0.0,0.0
2025-09-12,NC-SBY-SEL-19,0.9999966593751104,925,8794.17878989999,31283.166165300005,9.107323749030472,53,0.6644155124653741,65,8.419014377006377,64,2.1131241514753647,0.0,0.0
2025-09-12,NC-SBY-SEL-20,0.9999971090174312,1602,8227.736605999995,30256.05020760001,12.32818439947506,32,0.5936528871391075,57,8.732578741101273,34,4.910188357889018,0.0,0.0
2025-09-12,NC-SBY-SEL-21,0.9999990238892495,654,7070.090009,26647.191218799995,9.911340797802202,33,0.6689358974358981,72,8.692056266404924,16,4.099194402050481,0.0,0.0
2025-09-12,NC-SBY-SEL-22,0.9999405391365652,877,8820.742741999999,31659.51978079994,12.413003903989363,37,0.6118643617021279,61,8.949109836842737,41,4.575834966307321,0.0,0.0
2025-09-12,NC-SBY-SEL-23,0.9998893072046852,826,6674.247822700003,23560.7790728,10.185134759751037,29,0.6507439271255062,46,9.067187552225834,14,4.318676447561704,1226.286767,1.0
2025-09-12,NC-SBY-TMR-10,0.9999933425575006,981,6690.489284799997,25510.054582599994,11.568229951903124,23,0.6198105536332179,39,8.742638706213944,15,5.063500250846196,0.0,0.0
2025-09-12,NC-SBY-TMR-11,0.9997909032688282,1997,8696.892924800002,32831.97154729998,11.78838219430199,25,0.6078967236467239,46,8.896607912604296,13,5.546363959476118,0.0,0.0
2025-09-12,NC-SBY-TMR-12,0.9719704206068712,781,7594.388642100001,27092.4246601,11.988767495049505,35,0.590498921359223,49,8.944423098222929,22,4.1445234683465175,0.0,0.0
2025-09-12,NC-SBY-TMR-13,0.9997051733007908,1106,9270.3651012,34602.05133729997,11.120263697948715,37,0.6175756410256412,63,8.659184866629937,14,4.20344776326095,0.0,0.0
2025-09-12,NC-SBY-TMR-14,0.999870931358466,687,7822.1107895,28832.5680528,10.17058622996942,50,0.6505823140672777,76,8.62011702322597,29,3.390141078940573,0.0,0.0
2025-09-12,NC-SBY-TMR-8,0.9999474295705788,716,7119.616959500003,28808.88754589999,10.990616853642384,18,0.6406903973509932,37,9.04456487715094,5,5.720223907224541,0.0,0.0
2025-09-12,NC-SBY-TMR-9,0.9999836585634456,980,6811.687480299996,28106.30189250001,12.038972426993864,22,0.594255623619632,32,8.996525060363405,15,5.862352049834094,0.0,0.0
2025-09-12,NC-SBY-UTR-1,0.9989712496780202,1472,6440.388855999996,25220.39257590001,11.840125691489362,33,0.5520625554376655,30,8.743438612872016,35,5.378530412473855,0.0,0.0
2025-09-12,NC-SBY-UTR-2,0.9915121170824198,1369,11156.72433620002,48113.134363,10.70562098548095,54,0.6176066243194196,76,8.830164135466886,28,4.735993514052768,0.0,0.0
2025-09-12,NC-SBY-UTR-3,0.9999977327154984,555,7236.527448199999,28959.913917799982,13.074163055076928,31,0.5700592307692313,47,9.085298045317415,21,4.718082883438015,0.0,0.0
2025-09-12,NC-SBY-UTR-4,0.9998157215816352,706,6745.118723299997,26369.421979399995,12.936636758365756,14,0.6141174812030074,34,9.444804656803646,8,5.370816768143467,0.0,0.0
2025-09-12,NC-SBY-UTR-5,0.99840200935368,1817,7996.252406199994,30901.93329950001,11.210873864675325,41,0.59893354987013,56,8.862694991202998,51,4.812526732824835,0.0,0.0
2025-09-12,NC-SBY-UTR-6,0.999407452276874,1716,6998.545826700004,24941.282213400016,11.596878292255894,26,0.6055850000000005,53,9.262215116229545,15,5.541378039905438,0.0,0.0
2025-09-12,NC-SBY-UTR-7,0.9999951307535876,1040,9944.0463085,37507.2651551,10.990812987912085,45,0.6412486263736263,83,8.914549135489453,34,4.427748233377828,0.0,0.0
2025-09-12,NC-SDA-UTR-24,0.9995564330493838,807,9800.4112323,36961.79382469999,10.51634224533334,58,0.6534375554666666,87,8.849025981602324,27,3.790172710447244,0.0,0.0
2025-09-12,NC-SDA-UTR-25,0.9999882163691688,875,7744.261546000005,29246.138538300005,10.607196714429532,46,0.6625242474916393,68,8.984306388109953,23,3.797507302768,0.0,0.0
2025-09-12,NC-SDA-UTR-26,0.9987680608717,2297,8239.112235900002,31691.89076370001,11.311766672644367,40,0.6347123496987952,55,9.209599337271436,21,4.409173347444314,0.0,0.0
2025-09-12,OA_CLUSTER,0.9981132939922374,26243,185986.5955542,710244.4140323001,11.27894943007876,775,0.616384573815637,1283,8.884298699579926,575,4.688327371160291,1226.286767,0.0306794187057508
2025-09-13,NC-SBY-BRT-15,0.9993217530480628,4385,8498.892206999995,31340.0032587,12.640516908401075,26,0.5862962962059617,46,9.167396936435413,48,5.437257360394308,0.0,0.0
2025-09-13,NC-SBY-BRT-16,0.990106240955982,2355,9458.585133599994,38362.64634219997,11.922659412064345,13,0.6019999999999999,28,9.10993410619457,5,6.3128655069644095,0.0,0.0
2025-09-13,NC-SBY-BRT-17,0.9999944331219808,2497,8807.340804,35146.716972800015,13.364771836141294,32,0.5858288043478261,51,9.02114565626462,12,4.440989916704164,0.0,0.0
2025-09-13,NC-SBY-SEL-18,0.9938805065795016,2849,9661.178249,37090.36656749999,13.89705252769954,32,0.5506545950934584,54,9.057364681706153,25,4.94682329274109,0.0,0.0
2025-09-13,NC-SBY-SEL-19,0.999839181369046,2612,7887.493417800004,30810.058960599985,12.143237445706376,28,0.5868234072022162,51,8.629182756401114,46,4.5493946528789655,0.0,0.0
2025-09-13,NC-SBY-SEL-20,0.9988089757608752,2544,7459.068024599996,28813.68486269999,14.70505321010637,21,0.5213581794195251,33,8.978842987186946,23,6.152421200524478,0.0,0.0
2025-09-13,NC-SBY-SEL-21,0.9999970746843266,1745,6586.083263,26380.683950399976,11.732083624175818,16,0.6100265567765568,37,8.842759120886722,15,5.499971074390158,0.0,0.0
2025-09-13,NC-SBY-SEL-22,0.9997755331088664,2770,8441.064600799997,30999.099308099994,14.683670626861709,30,0.5501469414893619,51,9.25238207862314,31,5.144885554345463,0.0,0.0
2025-09-13,NC-SBY-SEL-23,0.9996966205837172,1878,6440.381261099998,23320.34911070001,11.071117971255063,17,0.6265273279352229,30,9.116246136705607,16,5.330099957666194,1235.891371,1.0
2025-09-13,NC-SBY-TMR-10,0.9999960752274766,2416,6404.560459299999,25132.050046600005,13.01889951903115,24,0.5757093425605533,47,8.83751975032033,29,5.318087829549702,0.0,0.0
2025-09-13,NC-SBY-TMR-11,0.9999185198375014,3589,8184.9781905,32384.15550230001,13.58663584985755,17,0.5535462962962965,34,9.078291729376314,11,6.498987381820752,0.0,0.0
2025-09-13,NC-SBY-TMR-12,0.9612062001186268,1786,6534.852228900005,25998.48504739998,15.32012598047138,20,0.5117222222222222,30,9.264719767160678,16,5.910501760600352,0.0,0.0
2025-09-13,NC-SBY-TMR-13,0.9999936194207028,1558,8671.767392200005,34133.05347999997,15.77308347666668,13,0.5165423076923076,25,9.127224785755388,8,6.823114783007975,0.0,0.0
2025-09-13,NC-SBY-TMR-14,0.9999930599815876,1885,7673.999144600001,29427.640438,11.907616997553518,20,0.5950970948012235,45,8.88270575923153,19,5.132595961935026,0.0,0.0
2025-09-13,NC-SBY-TMR-8,0.99874771575565,1527,7426.550060599999,29492.522449500007,12.68970727585034,24,0.6027436536423839,36,9.234731614383977,12,5.315678701244923,0.0,0.0
2025-09-13,NC-SBY-TMR-9,0.9999930975780724,1472,7028.749979999997,29463.22863680001,13.743866070552151,8,0.5552160021472394,23,9.183826908556169,6,7.176760373240452,0.0,0.0
2025-09-13,NC-SBY-UTR-1,0.9975096016971556,3210,5384.651260400001,23318.22853019999,14.802746294960215,22,0.4730240938992046,18,8.976052926004709,34,6.7943739468504365,0.0,0.0
2025-09-13,NC-SBY-UTR-2,0.9871118662996806,5643,11342.996909700005,49181.34012919997,11.584987730308534,54,0.5991919237749546,81,8.879242488562092,28,4.775720593553819,0.0,0.0
2025-09-13,NC-SBY-UTR-3,0.9999946200022652,1588,6870.542495100001,28503.952446799984,15.309062504,13,0.5129653846153843,24,9.34235655831997,15,6.360026080486739,0.0,0.0
2025-09-13,NC-SBY-UTR-4,0.9991356534558388,2450,6505.457623899996,25358.58556310001,14.632150875563898,19,0.5632619045112781,31,9.600001895452596,6,5.523689542153152,0.0,0.0
2025-09-13,NC-SBY-UTR-5,0.9996938732563732,2678,8067.287186499996,31154.66594870001,12.158693129090908,37,0.5740870129870134,58,9.06375391510059,44,4.748871115289262,0.0,0.0
2025-09-13,NC-SBY-UTR-6,0.999381712962963,2352,6337.725639000002,22922.4108827,15.311162456999996,11,0.511609166666667,27,9.548821653622907,4,5.759672370516055,0.0,0.0
2025-09-13,NC-SBY-UTR-7,0.999972145909646,3420,9300.6552163,36761.7286457,13.094543679395608,26,0.5949320054945054,50,9.151921300523684,34,6.035977441640014,0.0,0.0
2025-09-13,NC-SDA-UTR-24,0.9999942901234568,2422,9689.7412226,37789.34380669998,12.934748119733342,34,0.5914037778666664,55,9.027974316264146,12,4.98218538552227,0.0,0.0
2025-09-13,NC-SDA-UTR-25,0.9999905936564084,2563,7483.891853600001,28971.696734300003,13.545076974916386,15,0.5820680043478259,28,9.191214296359624,12,5.446194323580643,0.0,0.0
2025-09-13,NC-SDA-UTR-26,0.996655086679609,5394,7881.574161800001,30193.2371121,13.574820845510835,24,0.5601465430340556,23,9.353206751886049,24,5.460461355064028,0.0,0.0
2025-09-13,OA_CLUSTER,0.9964653736448306,59209,178974.86074790003,705495.6570807,13.429063082679694,523,0.562836441816098,910,9.089811775682309,487,5.631565505219019,1235.891371,0.0306794187057508
2025-09-14,NC-SBY-BRT-15,0.9999930663403768,1687,8151.563424099994,31991.33080820001,12.727735217073189,28,0.5876727642276416,47,9.276481321088212,38,5.734435034348205,0.0,0.0
2025-09-14,NC-SBY-BRT-16,0.9999960869808262,647,9219.085305499992,40532.09072250002,11.333300971313673,11,0.6258722072386058,36,9.092565805741422,10,6.093300602215153,0.0,0.0
2025-09-14,NC-SBY-BRT-17,0.9999957469732628,642,8388.363825799997,35815.80827450002,13.270708255434789,29,0.5804211956521736,54,9.050169986741476,12,4.727946208448906,0.0,0.0
2025-09-14,NC-SBY-SEL-18,0.9999929638830706,764,9007.890173300008,38339.270646,14.645141305373834,18,0.5327973130841119,45,9.122136666226671,16,6.012597746965586,0.0,0.0
2025-09-14,NC-SBY-SEL-19,0.9999932568467088,605,7483.206152400006,31163.657077699987,12.417242985872576,28,0.5829002770083105,50,8.518322172195626,43,4.9285626066465005,0.0,0.0
2025-09-14,NC-SBY-SEL-20,0.9783136068290912,627,6946.361473799997,27850.7587804,14.612582237532834,34,0.5251872265091861,58,8.866791705531206,30,4.643172748338169,0.0,0.0
2025-09-14,NC-SBY-SEL-21,0.9999974964462266,447,6244.641643600002,26475.63753270001,11.803310221245416,18,0.609874542124542,54,8.898514306332007,17,5.256728127116484,0.0,0.0
2025-09-14,NC-SBY-SEL-22,0.9999169239681748,694,8269.397302899992,31626.936910100037,14.64180967765956,38,0.5587659574468083,68,9.247808680259496,29,4.253777588256422,0.0,0.0
2025-09-14,NC-SBY-SEL-23,0.9999964745284682,598,6096.506348500003,23946.241590199992,12.165862789878547,14,0.5769504048582996,23,9.2243445731135,8,5.803923648291157,1262.351157,1.0
2025-09-14,NC-SBY-TMR-10,0.999996314324059,740,6043.900028700001,25532.071211399983,12.82755929342561,16,0.5761340830449825,45,8.825544297014131,26,5.208867811137029,0.0,0.0
2025-09-14,NC-SBY-TMR-11,0.9999934050859977,1967,7597.5761857,31782.80072350002,14.614468756125357,18,0.5374366096866096,39,9.06566766593349,13,6.659922281986284,0.0,0.0
2025-09-14,NC-SBY-TMR-12,0.9626283834818234,629,6432.704533600001,26381.34331319999,14.052175240202695,27,0.5423995511784513,36,9.156041498677585,26,4.751867091640143,0.0,0.0
2025-09-14,NC-SBY-TMR-13,0.9999939371244138,461,7865.89497410001,33605.91647579999,15.52877184358976,13,0.5158850428205126,22,9.045625625017752,16,6.223255877051648,0.0,0.0
2025-09-14,NC-SBY-TMR-14,0.9999938690963474,507,7487.106689800004,29894.656097400017,11.692676916819575,40,0.6132041284403669,59,8.607426329867184,26,3.2266834037403638,0.0,0.0
2025-09-14,NC-SBY-TMR-8,0.990849397080438,429,7379.226727299999,31277.6147586,11.483415195652173,23,0.635874172185431,46,9.12175692322141,10,5.322370635248996,0.0,0.0
2025-09-14,NC-SBY-TMR-9,0.9999186569179814,771,7016.844002800004,30874.763512699992,13.174495398773011,10,0.580600460122699,34,9.09182925479142,10,6.505950535795574,0.0,0.0
2025-09-14,NC-SBY-UTR-1,0.999856044115513,986,5078.968835100001,23924.46028749999,18.28462166982098,8,0.4104264705882353,13,9.28475169106535,22,7.816371199518275,0.0,0.0
2025-09-14,NC-SBY-UTR-2,0.9939061906372648,18158,11719.334515299995,53402.76569410004,11.17351463792488,53,0.5994666069767444,70,8.839478619137331,28,5.064420218254635,0.0,0.0
2025-09-14,NC-SBY-UTR-3,0.9999941216673218,480,6379.462504200004,28447.746996200003,16.046573278881986,14,0.498260093167702,38,9.313539854334664,21,5.655599872048603,0.0,0.0
2025-09-14,NC-SBY-UTR-4,0.9999844983518612,698,6087.797462999997,25309.270813800005,16.10770882518797,13,0.5383120300751877,26,9.580318142596646,6,6.006047893502342,0.0,0.0
2025-09-14,NC-SBY-UTR-5,0.9999063241011568,994,7584.676289400001,31076.59497649995,13.673612015844157,29,0.5408049784415584,46,9.309259094625013,39,5.260694271818683,0.0,0.0
2025-09-14,NC-SBY-UTR-6,0.9999369446732376,462,5493.736439100003,21419.79284430001,18.35543348873719,5,0.4511147223333336,9,9.751284986882377,4,9.093937302754414,0.0,0.0
2025-09-14,NC-SBY-UTR-7,0.999974150570536,802,8575.274231300004,36422.19400929998,13.334423083195588,22,0.578205357142857,53,9.16443352143744,25,6.248538938930242,0.0,0.0
2025-09-14,NC-SDA-UTR-24,0.9999957175441048,680,9313.533171400002,38570.46114019997,12.045869142133332,37,0.608202666666667,59,8.967271491808953,12,4.779570102063167,0.0,0.0
2025-09-14,NC-SDA-UTR-25,0.9999883293911104,598,6884.318260500002,28937.58918109998,14.112980389632098,15,0.5706307133779263,43,9.20173403629655,18,4.505202070080622,0.0,0.0
2025-09-14,NC-SDA-UTR-26,0.999828386247994,1186,7634.553794500003,32287.690055799994,14.846566721671833,13,0.5601253869969042,34,9.521392052481076,16,6.722834693321099,0.0,0.0
2025-09-14,OA_CLUSTER,0.9967286483175832,34795,170549.51906929995,717093.7240566,13.800040715990743,509,0.55599460952542,971,9.09513246280456,475,5.657925543453633,1262.351157,0.0305958132045088
2025-09-15,NC-SBY-BRT-15,0.99999207135778,2253,8312.250174399996,29561.980245899987,13.048433343902431,24,0.5583333333333331,44,9.093165703314057,37,5.247547459909804,0.0,0.0
2025-09-15,NC-SBY-BRT-16,0.9999951159267452,1635,9501.565268399994,36423.2347284,10.759151200804292,26,0.640961796246649,58,9.06697410079789,11,5.185709330254539,0.0,0.0
2025-09-15,NC-SBY-BRT-17,0.9999950697348088,1586,8285.395226199995,32114.92692949999,13.60257830304708,26,0.5759755434782605,51,9.070017203260496,4,5.490804556497427,0.0,0.0
2025-09-15,NC-SBY-SEL-18,0.9999868453105968,1864,9961.521525499998,35713.59590110001,12.872855079906554,38,0.5707815420560748,67,9.022710353456755,20,4.61716296994167,0.0,0.0
2025-09-15,NC-SBY-SEL-19,0.9999882335590438,2200,8818.463693600002,31685.73059079999,10.453100409695288,33,0.6377763157894735,62,8.436136019301172,46,4.468439609650266,0.0,0.0
2025-09-15,NC-SBY-SEL-20,0.9999881162961748,2063,8402.068015899998,29728.03706010002,12.732864897900251,30,0.5902318459317579,62,8.784194090252292,29,5.063581922207864,0.0,0.0
2025-09-15,NC-SBY-SEL-21,0.999930746628622,1332,7108.8232347,25949.311038200023,9.96572983553113,22,0.659880036630037,62,8.77840419311164,12,4.422128193712418,0.0,0.0
2025-09-15,NC-SBY-SEL-22,0.9999687083028852,1815,8895.157981899994,30370.17931649998,14.415840858021394,31,0.5530265957446809,48,9.165799546349472,31,4.782688062326961,0.0,0.0
2025-09-15,NC-SBY-SEL-23,0.9992642946678236,1251,6611.885997499998,22662.51907999997,10.87931129959514,20,0.617191632793522,34,9.18114283049126,10,5.158972634859822,1239.196783,1.0
2025-09-15,NC-SBY-TMR-10,0.9997157118055556,1837,6918.165785899999,24624.52546800001,11.49140595467128,24,0.6042298155709346,56,8.750660901166857,22,4.3507950265895925,0.0,0.0
2025-09-15,NC-SBY-TMR-11,0.9998966385222182,3209,9040.5100971,32045.471726600004,11.592208154700852,35,0.6113319088319092,51,8.848510791001786,20,5.095377615318338,0.0,0.0
2025-09-15,NC-SBY-TMR-12,0.9013503849928288,2138,8042.617063400006,24313.0029646,11.776924554455446,42,0.6046382511475408,56,8.877172464472423,24,3.8470762857754575,0.0,0.0
2025-09-15,NC-SBY-TMR-13,0.9999947694237152,1344,9543.181676399996,33344.68570859999,12.4743915302564,37,0.6031141025641026,61,8.7885208862651,19,4.380004858381253,0.0,0.0
2025-09-15,NC-SBY-TMR-14,0.9943295141324604,2231,8367.517167399992,27789.176559100008,10.627466084709493,52,0.6457854229357798,77,8.627454538116318,40,3.4690702331069057,0.0,0.0
2025-09-15,NC-SBY-TMR-8,0.9998486122146604,1070,7299.138877399997,27726.92158880001,12.030633238410603,23,0.6099991721854304,38,9.119527855830006,7,5.4948501385154485,0.0,0.0
2025-09-15,NC-SBY-TMR-9,0.999994000208376,2452,7051.571924899999,27294.92551749999,14.029736238036811,19,0.5702681490797546,33,9.174624259233818,13,6.11434256016771,0.0,0.0
2025-09-15,NC-SBY-UTR-1,0.9607120562115476,9932,6608.5787310000005,23564.1971071,12.498696729923264,46,0.5259658994884916,35,8.566177308739519,58,4.4718525907760345,0.0,0.0
2025-09-15,NC-SBY-UTR-2,0.9939041381409758,2842,11106.27073519999,45071.86956180003,11.18098597917414,50,0.599341383542039,75,8.935180150512092,21,5.003458631211134,0.0,0.0
2025-09-15,NC-SBY-UTR-3,0.999995067878762,1298,7375.995306600003,27905.04557500003,13.532631665137616,22,0.559905198776758,48,9.200388168836074,16,5.175628794430685,0.0,0.0
2025-09-15,NC-SBY-UTR-4,0.99999494374921,1078,7046.332221900001,25493.128828999997,13.67062999473684,19,0.6061945488721803,35,9.540186639436229,8,5.442112370898887,0.0,0.0
2025-09-15,NC-SBY-UTR-5,0.9928367537594552,1761,7949.537832300003,29301.42964470001,12.909673450129867,37,0.546208224935065,51,9.027068065069042,35,5.258742152252397,0.0,0.0
2025-09-15,NC-SBY-UTR-6,0.9998622475524972,2156,7092.529768700003,23825.0140964,12.469598966438342,22,0.5885694443333335,46,9.247427191864196,11,5.537677400297151,0.0,0.0
2025-09-15,NC-SBY-UTR-7,0.9999715458798816,2709,10104.930535500009,36147.499799100005,12.03405769203296,38,0.6285137362637362,84,8.9264529822975,34,4.822537086874942,0.0,0.0
2025-09-15,NC-SDA-UTR-24,0.9998063038282344,2178,9797.503798300004,35910.48886049998,11.745078611999997,42,0.622057333333333,77,9.01129663539018,18,4.017473198210554,0.0,0.0
2025-09-15,NC-SDA-UTR-25,0.9991337849477384,1612,7825.617392200005,28019.604496299984,10.999623625083608,41,0.6556747491638792,62,8.995974980207045,17,4.118083348810732,0.0,0.0
2025-09-15,NC-SDA-UTR-26,0.9999538084667716,2343,7941.960978,29476.3971629,13.144170560371514,26,0.5988668730650155,48,9.359667756902065,18,5.227743761265086,0.0,0.0
2025-09-15,OA_CLUSTER,0.9931979756817368,52056,189444.00884179995,682656.4090367999,12.237788656015468,716,0.5941760162929692,1234,8.955770154722803,528,4.904864545289428,1239.196783,0.0305958132045088
2025-09-16,NC-SBY-BRT-15,0.999993601324902,2963,8503.519676299995,30485.970359200004,12.266573781842816,39,0.5919993224932251,58,9.023196387167628,41,4.629154394912079,0.0,0.0
2025-09-16,NC-SBY-BRT-16,0.999927173319432,546,9540.660659299996,36971.3873525,9.873097930831102,33,0.6634986595174264,72,9.001421611605585,8,4.804553502760925,0.0,0.0
2025-09-16,NC-SBY-BRT-17,0.9998277412942834,859,8328.430358999996,32719.65832479999,13.420034819836957,27,0.5815989584239126,51,9.001787020178398,7,5.2691625632569385,0.0,0.0
2025-09-16,NC-SBY-SEL-18,0.9999916980356524,1057,10124.308559500008,36562.83301719999,12.135227143457945,39,0.5873247663551404,70,8.93439075347282,30,4.422558520132629,0.0,0.0
2025-09-16,NC-SBY-SEL-19,0.9993417562361876,1297,8984.949953099991,32155.684772400007,9.575532734626048,53,0.6609515235457062,71,8.370800382094119,48,3.78321790728848,0.0,0.0
2025-09-16,NC-SBY-SEL-20,0.9996089421114028,1378,8463.6784413,30633.316978499992,11.559620402099736,46,0.6177847769028868,76,8.668898023603608,28,4.474953232710155,0.0,0.0
2025-09-16,NC-SBY-SEL-21,0.9986621168131752,1548,7651.104162399997,28093.63708480001,8.14407258021978,64,0.7246291208791207,91,8.614508896907878,31,3.3088339082835145,0.0,0.0
2025-09-16,NC-SBY-SEL-22,0.9985091941140088,4730,9212.5121926,30743.753393399988,11.53846351769438,52,0.6221305406914902,85,8.850176161745223,39,3.878414772202604,0.0,0.0
2025-09-16,NC-SBY-SEL-23,0.9998778562229343,1178,6840.058482700001,22622.000348500005,8.545885704048587,47,0.6982894736842109,56,8.970437513075233,21,4.168830445834204,1307.442939,1.0
2025-09-16,NC-SBY-TMR-10,0.9999725800050512,933,7043.437221999996,25608.177130299977,10.811692867474054,40,0.6263987889273359,59,8.6775948271344,23,3.841821260906333,0.0,0.0
2025-09-16,NC-SBY-TMR-11,0.9995900931201858,1909,9193.162919499997,33207.25861570001,10.6887679059829,33,0.6323952991452997,59,8.743701858896019,24,4.69238940539899,0.0,0.0
2025-09-16,NC-SBY-TMR-12,0.9864229132005335,1535,7496.2266406,26896.329473499987,11.5449715147541,38,0.610080054754098,62,8.840762932783143,27,3.985059875128494,0.0,0.0
2025-09-16,NC-SBY-TMR-13,0.9999398861313176,552,9568.728658199994,34272.8278417,12.332482253076924,47,0.6112557692307687,68,8.80455279619657,21,4.420542722453504,0.0,0.0
2025-09-16,NC-SBY-TMR-14,0.9944268367509528,1033,8420.844347699996,28412.5008657,10.108248484709478,63,0.653478593272171,83,8.562074428916286,40,3.00565285441056,0.0,0.0
2025-09-16,NC-SBY-TMR-8,0.997770448143799,1161,7270.5882614,28084.022603599995,11.367463798666671,33,0.6343832781456957,49,9.064712178397835,9,5.028056547370032,0.0,0.0
2025-09-16,NC-SBY-TMR-9,0.99918977931152,1139,7089.733609100003,28130.652756700005,12.559809117791412,31,0.5993611963190185,47,9.056153736851432,16,5.192592049688993,0.0,0.0
2025-09-16,NC-SBY-UTR-1,0.9473517265618135,2772,6851.311204299991,25626.282893999974,12.25088237289002,41,0.5447457373401534,36,8.604675950009133,45,4.792432367686802,0.0,0.0
2025-09-16,NC-SBY-UTR-2,0.9908421999033148,5272,11381.692567299991,46066.89678129998,10.870903302112682,64,0.618061951142355,92,8.933189554869793,19,4.452486693306451,0.0,0.0
2025-09-16,NC-SBY-UTR-3,0.9995891734624532,1817,7402.962781100004,28557.89209999999,13.085544181651375,26,0.5749212538226297,60,9.177645977791688,16,4.783931578118095,0.0,0.0
2025-09-16,NC-SBY-UTR-4,0.9999848579782792,628,6999.421658599999,25781.106971200017,13.186620035714288,16,0.6170817669172937,41,9.476715948888458,9,5.439256936962709,0.0,0.0
2025-09-16,NC-SBY-UTR-5,0.9925415764790764,1391,8047.987068099998,30097.14824059997,12.689319384415592,33,0.5641506493506492,52,9.022301852067644,44,5.355421405523424,0.0,0.0
2025-09-16,NC-SBY-UTR-6,0.9992897832502724,2640,7092.202135000002,24441.618772799982,12.693821527540976,32,0.5867237704918031,49,9.32911758902555,15,4.654519568370694,0.0,0.0
2025-09-16,NC-SBY-UTR-7,0.9961359444953196,1918,10291.616807499997,36849.7744603,11.038392783791204,47,0.64834478021978,87,8.857640231713123,36,4.132950569818933,0.0,0.0
2025-09-16,NC-SDA-UTR-24,0.99849217612303,608,9872.059073500004,36373.29194549999,11.042794317866669,49,0.6314375554666666,82,8.987310406388705,13,3.8522847644178895,0.0,0.0
2025-09-16,NC-SDA-UTR-25,0.9996583465275838,584,8045.658631899998,28812.100121499985,10.037126594983276,63,0.6844562431438123,86,8.903781206331626,20,3.3376940224322675,0.0,0.0
2025-09-16,NC-SDA-UTR-26,0.9986878943359347,2313,8009.537105600001,30027.43331260001,12.774246282911395,30,0.6178893188854486,55,9.287307119795704,22,4.573865650664265,0.0,0.0
2025-09-16,OA_CLUSTER,0.9951651355162656,40256,191799.13836659995,703020.7311386998,11.45216666839046,944,0.6176825498883511,1474,8.887923613608622,597,4.469780980479433,1307.442939,0.0305579611530372
2025-09-17,NC-SBY-BRT-15,0.9926450522705204,3011,8597.473780000006,30582.504584699996,11.935057653333336,48,0.6013035230352309,74,8.910539568679877,46,3.890188332134626,0.0,0.0
2025-09-17,NC-SBY-BRT-16,0.9976526316444048,1459,9513.311150499998,37442.17676289999,8.963409678552274,51,0.6836809651474531,78,8.888220646121848,14,4.463887204500446,0.0,0.0
2025-09-17,NC-SBY-BRT-17,0.9990785616326324,2939,8361.502612400001,32943.90518049999,13.178099073913042,25,0.5922364130434786,54,9.002070941288462,10,5.422570004031737,0.0,0.0
2025-09-17,NC-SBY-SEL-18,0.999754429517134,1400,10058.093039500009,37195.75520880001,12.424129066822438,36,0.5949404205607483,70,8.97135119783191,26,4.420295375328094,0.0,0.0
2025-09-17,NC-SBY-SEL-19,0.9999946709299228,1266,8838.585997800008,31878.818963800004,9.715342663988912,45,0.6596673590027701,71,8.347624201061851,56,4.0266890264005415,0.0,0.0
2025-09-17,NC-SBY-SEL-20,0.99998945878293,977,8473.707797599996,30549.55785299999,12.287100129133862,34,0.6036220472440942,58,8.724269323173546,31,4.765283499236065,0.0,0.0
2025-09-17,NC-SBY-SEL-21,0.9999980921855922,956,7286.938934200002,26899.774522200016,9.718498306959708,32,0.6757738095238098,80,8.721467108405923,22,3.8997781459709833,0.0,0.0
2025-09-17,NC-SBY-SEL-22,0.999963092247833,990,8908.218867999993,31197.29936910004,13.701869695478717,28,0.5815684840425532,55,9.11856708005203,30,5.055808602151388,0.0,0.0
2025-09-17,NC-SBY-SEL-23,0.9761347184407276,1382,6877.497318400003,22756.03321820001,8.706288125101219,35,0.6885840080971662,55,9.07005297104778,16,3.5914524788439555,1235.228377,1.0
2025-09-17,NC-SBY-TMR-10,0.9999957857727688,918,7056.960984600003,25723.709551600004,10.866393596885818,31,0.6271721453287202,57,8.74159011933021,26,3.961412162764443,0.0,0.0
2025-09-17,NC-SBY-TMR-11,0.9999596061517356,2138,9197.962488499998,33247.42058239998,10.889686622507131,35,0.6345498575498577,61,8.753368944061586,18,4.658658350606769,0.0,0.0
2025-09-17,NC-SBY-TMR-12,0.9870493602421192,737,7521.9010098,27321.6127674,11.788160023278692,30,0.6129016393442626,52,8.886575345352194,22,3.91208764094177,0.0,0.0
2025-09-17,NC-SBY-TMR-13,0.9999947694633408,646,9418.448312200006,33739.0901261,12.512245912820504,30,0.6060858974358969,63,8.809350814336348,21,5.033493458798638,0.0,0.0
2025-09-17,NC-SBY-TMR-14,0.9941180187279478,921,8329.929648,28601.982471000007,9.224736603975542,57,0.6719655963302753,85,8.488272784901747,45,3.193462853056088,0.0,0.0
2025-09-17,NC-SBY-TMR-8,0.9999171802182978,629,7146.707012500004,27993.075338899987,11.37623047384106,22,0.6247814569536428,44,9.036631401213818,6,5.271142900345389,0.0,0.0
2025-09-17,NC-SBY-TMR-9,0.9999907336400818,1679,6978.037078299996,28193.74307510001,12.90105454631902,20,0.5894685582822086,35,9.03827864647518,10,5.163647990040191,0.0,0.0
2025-09-17,NC-SBY-UTR-1,0.9999955361475013,1572,6564.371133499998,26888.31401500002,13.23291234245525,19,0.5309667519181585,32,8.793947216088704,33,6.336289202651237,0.0,0.0
2025-09-17,NC-SBY-UTR-2,0.9896936822226872,2818,11196.629097099994,47962.17266720009,11.322378163668436,39,0.5984941623467606,65,8.965603185653386,19,5.464256018321392,0.0,0.0
2025-09-17,NC-SBY-UTR-3,0.9998697859064184,1066,7411.593951300002,28025.46913760001,11.953786271253826,34,0.5954441896024464,58,9.09336662750148,29,4.71481402321148,0.0,0.0
2025-09-17,NC-SBY-UTR-4,0.9999936908242828,689,6981.665886400002,25662.5332796,13.671654893609023,23,0.6057453007518796,50,9.464570994610767,8,4.905150344402354,0.0,0.0
2025-09-17,NC-SBY-UTR-5,0.9999613259001834,1381,8137.705269800002,30695.77117410001,12.844295176623364,45,0.5614298701298701,64,9.003446514018297,40,4.987200367923121,0.0,0.0
2025-09-17,NC-SBY-UTR-6,0.9984993436841252,1382,7425.253907200002,24801.87370199999,11.389126060333338,41,0.6215816940983603,49,9.226891269343236,20,3.7241652024058656,0.0,0.0
2025-09-17,NC-SBY-UTR-7,0.9999953894485144,1272,10332.764036699997,37413.5120946,11.04324131758241,48,0.643716575,95,8.837290230652298,37,4.085872816672623,0.0,0.0
2025-09-17,NC-SDA-UTR-24,0.9999956790123457,1190,9811.5450046,36874.9316379,11.479797796266672,38,0.6235700000000001,70,9.003690772398532,14,4.16438825865065,0.0,0.0
2025-09-17,NC-SDA-UTR-25,0.9999707357859532,738,7893.920644799999,28971.56406880002,11.09071504481605,51,0.658190635451505,65,8.97114258305603,22,3.892683950705933,0.0,0.0
2025-09-17,NC-SDA-UTR-26,0.9998904412107392,2035,8250.892733300001,31330.754224100016,12.748626719254652,32,0.6177198142414859,57,9.354024651397856,19,5.005058561445103,0.0,0.0
2025-09-17,OA_CLUSTER,0.9972291518655784,32228,190615.25931430003,707716.1056458001,11.613522086316529,808,0.6147261409639386,1405,8.902184088465068,585,4.62486323652722,1235.228377,0.0305504019789734
2025-09-18,NC-SBY-BRT-15,0.9999934758606844,2619,8541.118678299998,30608.587346799985,12.178579696747969,35,0.5834044715447155,60,9.011880227112773,41,4.640589917402952,0.0,0.0
2025-09-18,NC-SBY-BRT-16,0.9999960348295456,791,9499.316461399998,36543.24491659999,9.19722647845304,47,0.6747928112637362,76,8.88730068549996,13,4.089973583348575,0.0,0.0
2025-09-18,NC-SBY-BRT-17,0.99999462182971,1002,8376.424604600003,33258.91688310002,13.28370101793479,21,0.5845380434782609,54,9.044305671789395,5,5.603108754133954,0.0,0.0
2025-09-18,NC-SBY-SEL-18,0.9999919414157148,1138,10211.9898983,37332.61621359998,12.230847257242992,46,0.5885551011682238,63,8.957915107328962,27,4.313333906585585,0.0,0.0
2025-09-18,NC-SBY-SEL-19,0.9996397288909408,971,8851.426056699995,31850.08233170001,9.883138402216064,54,0.6535387811634344,76,8.25506517260074,55,3.700137157280469,0.0,0.0
2025-09-18,NC-SBY-SEL-20,0.9999772771459124,1612,8552.560314200005,30797.9529041,12.53214141837271,42,0.5991883202099733,63,8.82587160613913,29,4.83911940229539,0.0,0.0
2025-09-18,NC-SBY-SEL-21,0.9996074565866232,1635,7393.686126699998,26883.0927906,9.768284952747258,32,0.675996336996337,72,8.707638739123892,16,3.8821896184271294,0.0,0.0
2025-09-18,NC-SBY-SEL-22,0.9999925815110324,1134,9189.127519000003,31903.86106629998,13.06968573457448,49,0.6019148936170212,68,9.021433483870766,40,3.968246153413907,0.0,0.0
2025-09-18,NC-SBY-SEL-23,0.9988786082987507,1206,6859.225009700005,23108.380949900005,8.650074008366534,51,0.7011284860557774,64,9.03524822024691,26,3.81087125035432,1152.9938080000004,1.0
2025-09-18,NC-SBY-TMR-10,0.9998795954922608,1151,6952.912491499995,25568.1464862,10.877460669550176,29,0.6240634370242211,50,8.728970379685832,29,4.349689955337848,0.0,0.0
2025-09-18,NC-SBY-TMR-11,0.9999934050859977,2418,9224.572107599995,33281.84302790003,11.16494363732193,30,0.6296730769230768,63,8.783868023676787,17,4.835129921869255,0.0,0.0
2025-09-18,NC-SBY-TMR-12,0.9930169625443211,1077,7684.680107299999,27246.46403060001,11.555849225901646,36,0.6174004854368933,61,8.828933341610284,23,3.520926400652813,0.0,0.0
2025-09-18,NC-SBY-TMR-13,0.999937559354226,568,9588.278428099991,34871.13847200003,11.879436933589735,31,0.6195143161538463,62,8.764604512378712,19,4.650420211287894,0.0,0.0
2025-09-18,NC-SBY-TMR-14,0.9975348875667658,896,8266.368930200008,27674.3386678,9.08811004954129,65,0.6630512232415904,81,8.533579978992625,38,2.92084601101614,0.0,0.0
2025-09-18,NC-SBY-TMR-8,0.9998692516473292,1633,7290.828834699998,28277.34081440001,11.613832659933784,28,0.6328046357615893,40,9.081455795911967,7,5.291500674812772,0.0,0.0
2025-09-18,NC-SBY-TMR-9,0.999994070949784,882,7032.794172000002,28179.4779734,12.92765441349694,23,0.5838834355828222,41,9.028708987094436,12,5.276797656441349,0.0,0.0
2025-09-18,NC-SBY-UTR-1,0.999803753906946,1271,6585.546037599994,26629.449048200004,13.538880814577997,21,0.5225545608695654,20,8.891620226189808,33,6.683815685031677,0.0,0.0
2025-09-18,NC-SBY-UTR-2,0.9996555126724076,8386,11182.662074500004,47844.509659299954,11.077430005954472,39,0.5958047285464096,51,8.88100098089873,28,5.512672175094236,0.0,0.0
2025-09-18,NC-SBY-UTR-3,0.9979951274466154,893,7450.0413707,27374.82287409998,12.236577195705522,28,0.5904161568807339,53,9.128741437721478,22,4.518797587768887,0.0,0.0
2025-09-18,NC-SBY-UTR-4,0.9998038063909774,930,6950.630294400001,25655.6838139,12.878896141353389,17,0.6209398496240599,43,9.393361951783318,6,5.197692647233039,0.0,0.0
2025-09-18,NC-SBY-UTR-5,0.9987865055387714,1493,8101.913825900001,30520.70709360001,11.520027918997352,54,0.5878837662337669,61,8.861185182044036,56,4.762336117783216,0.0,0.0
2025-09-18,NC-SBY-UTR-6,0.9999623288820504,1259,7349.531642200006,25095.373001799988,11.319359695637592,39,0.6226841531147544,60,8.955737004688448,21,3.505292995139679,0.0,0.0
2025-09-18,NC-SBY-UTR-7,0.999992177960928,1736,10439.913577000005,37482.81539139996,11.071858219505488,52,0.6508777472527468,101,8.886391839110336,31,3.878830107293732,0.0,0.0
2025-09-18,NC-SDA-UTR-24,0.999857901234568,613,9821.837748300006,36794.22116909998,11.121297377066664,34,0.6283360000000002,69,8.964077013506303,13,4.202073060327351,0.0,0.0
2025-09-18,NC-SDA-UTR-25,0.9999924809698774,831,7952.0849485000035,29014.74899680002,10.54516153411371,45,0.6653887959866224,71,9.01739227973629,22,3.890292674529184,0.0,0.0
2025-09-18,NC-SDA-UTR-26,0.9999704144144684,1626,8418.063970799998,30735.431275500003,12.819700355722889,26,0.6137590361445784,57,9.412739631389968,15,5.229447725389841,0.0,0.0
2025-09-18,OA_CLUSTER,0.9993674757589928,36701,191575.5485626,707988.8457573,11.5164053143682,869,0.6151789380461166,1383,8.885290904119707,594,4.564757588934207,1152.9938080000004,0.0310643564356435
2025-09-19,NC-SBY-BRT-15,0.9999927062612484,2622,8693.451056199996,31095.903493099977,12.182393355284548,33,0.5887362241192412,62,9.057743916139756,43,4.836684709714981,0.0,0.0
2025-09-19,NC-SBY-BRT-16,0.9999965584490076,691,9246.627192800006,36755.66376309999,9.954856321978015,27,0.6660625000000002,62,8.98290802374371,14,4.856907190713037,0.0,0.0
2025-09-19,NC-SBY-BRT-17,0.998695681317629,1461,8372.814822899998,33452.85856820002,12.16061550410959,21,0.61243410326087,56,8.962349985855003,10,5.370084730841333,0.0,0.0
2025-09-19,NC-SBY-SEL-18,0.998726752086854,959,9946.346216100004,36688.0478763,12.397225741355134,32,0.5864254282710285,56,9.00449019695649,25,4.76586923914064,0.0,0.0
2025-09-19,NC-SBY-SEL-19,0.9998126999809503,1140,8622.193364099998,31239.8877193,9.881008735457064,43,0.6537236842105261,78,8.487937514794087,58,4.284149674236535,0.0,0.0
2025-09-19,NC-SBY-SEL-20,0.995622508857396,1685,8440.485336599995,30234.048722299995,12.597645521522304,40,0.5946515748031491,56,8.784130238198442,25,4.868718504668204,0.0,0.0
2025-09-19,NC-SBY-SEL-21,0.999996774220932,895,7249.813635599999,27149.563837500016,9.617815141391944,29,0.6735970695970696,61,8.67959563017964,30,4.2915088556339525,0.0,0.0
2025-09-19,NC-SBY-SEL-22,0.9997604742226556,1094,8910.323027599998,31385.414479299976,13.31095075267379,30,0.5936821808510638,50,9.082260077107073,34,5.083840071451194,0.0,0.0
2025-09-19,NC-SBY-SEL-23,0.99972739588667,984,6732.008234799999,23756.550971600005,10.621687021513942,23,0.6423522573705176,41,9.186338363043555,10,4.7738363007363,1259.825213,1.0
2025-09-19,NC-SBY-TMR-10,0.99999498306282,1016,6901.929462700003,25708.967122899998,11.552877979238753,23,0.6101911764705882,45,8.788598115732315,27,4.740422440302612,0.0,0.0
2025-09-19,NC-SBY-TMR-11,0.9992779069536358,2027,8950.95440570001,33209.40468409998,11.966312483188403,18,0.6014366096866098,41,8.94436047527912,12,5.858219810494193,0.0,0.0
2025-09-19,NC-SBY-TMR-12,0.9999852291727588,691,7422.977757099997,27854.29671830001,12.642665717475722,27,0.6018737864077669,43,9.002574220251853,21,4.8865835531431685,0.0,0.0
2025-09-19,NC-SBY-TMR-13,0.9999729636378796,748,9553.392079500003,35112.84069399997,12.563954156666671,40,0.6079249999999998,64,8.820713437793167,15,4.702165745965679,0.0,0.0
2025-09-19,NC-SBY-TMR-14,0.9999929784161478,733,7976.641913200004,28860.63414040001,10.30105314617737,42,0.6360028033639139,65,8.728294265094009,33,4.428024411702838,0.0,0.0
2025-09-19,NC-SBY-TMR-8,0.9999690015269048,567,7218.542360199995,28832.294899299988,10.98056197384106,17,0.6415347682119203,51,9.044288424160438,8,5.247494549502763,0.0,0.0
2025-09-19,NC-SBY-TMR-9,0.9999834662447707,1227,7036.259536699996,28557.17715189999,12.823281480061356,23,0.5909164110429443,36,9.039775260997327,18,5.7170649085918,0.0,0.0
2025-09-19,NC-SBY-UTR-1,0.9962981701288044,1362,6745.1489563,21735.365318500008,9.523828842156856,56,0.5988792196202535,61,8.558521233523894,40,3.5793493447376594,2905.559193,1.0
2025-09-19,NC-SBY-UTR-2,0.9993099516946417,4708,11149.073380500002,48414.285602000025,11.576648060770582,44,0.5939312609457089,62,8.922097549527088,18,5.4897628565927015,0.0,0.0
2025-09-19,NC-SBY-UTR-3,0.9981767516711576,685,7159.781417299999,27669.55190799999,12.4402601383901,31,0.5699949030581039,50,9.237870526394454,15,4.956451387347172,0.0,0.0
2025-09-19,NC-SBY-UTR-4,0.9998054642500408,621,6803.8920674000055,25836.2662764,13.1280419181132,16,0.5989539473684206,38,9.423146330551363,6,5.22189612880697,0.0,0.0
2025-09-19,NC-SBY-UTR-5,0.9999941267116548,1856,8161.915026399993,31111.9644501,12.100319220779214,33,0.5760610389610389,60,8.95705758065405,42,5.37856964759943,0.0,0.0
2025-09-19,NC-SBY-UTR-6,0.99998993020591,1019,7391.1342827000035,25929.804210200007,11.73271654491804,28,0.6241696721311474,64,9.136556105536892,14,4.584754480519259,0.0,0.0
2025-09-19,NC-SBY-UTR-7,0.9999950889411884,1061,10264.435080299989,37466.97914480001,11.63575987802198,42,0.6298537087912082,84,8.95230083136806,36,4.341903630920389,0.0,0.0
2025-09-19,NC-SDA-UTR-24,0.999047935296392,1995,10019.693153400012,37457.66450529999,10.266393869705098,67,0.6598713333333329,93,8.820827665325123,21,3.5965500676900017,0.0,0.0
2025-09-19,NC-SDA-UTR-25,0.9961913669091962,599,7912.439851499998,29095.45406860001,10.461623504347823,44,0.6662073578595314,74,9.0046646020228,19,4.003322483438397,0.0,0.0
2025-09-19,NC-SDA-UTR-26,0.9995542584704912,1590,8397.903463799996,32519.1752977,13.106228140662648,23,0.6065379015060243,44,9.406262577188032,15,5.492725272039527,0.0,0.0
2025-09-19,OA_CLUSTER,0.9993217110929488,29852,188950.1406127,708057.7717515999,11.680450073643335,718,0.6109878816637658,1286,8.94105507305248,554,4.905984269258437,4165.384405999999,0.0708307307932542
2025-09-20,NC-SBY-BRT-15,0.9981382072256304,2935,8648.561543799999,32097.064641099987,11.038044702439022,39,0.6165519425474253,62,9.136780060498555,43,4.895079223769374,0.0,0.0
2025-09-20,NC-SBY-BRT-16,0.9999968774693482,479,8960.45452890001,37814.399783500005,11.756538289010992,10,0.6161353021978022,28,9.05053092601208,11,6.2258896712619975,0.0,0.0
2025-09-20,NC-SBY-BRT-17,0.9988058281262256,669,8402.062236300002,35146.91949129999,12.558007349318803,23,0.5972472826086958,47,8.966978773547579,9,5.151981513038493,0.0,0.0
2025-09-20,NC-SBY-SEL-18,0.9999930865643478,1049,9707.031035700003,38291.66688039999,13.74276407382074,20,0.5607593676814995,59,8.985223545973351,22,5.403775930101704,0.0,0.0
2025-09-20,NC-SBY-SEL-19,0.9999932350979788,558,7439.907916399999,30635.49627519997,13.382378558448758,19,0.5609272853185594,35,8.743631590296514,30,5.911196382652768,0.0,0.0
2025-09-20,NC-SBY-SEL-20,0.9894950240594924,906,7205.925255300006,29085.46631720001,15.486966707161807,17,0.5138052607427056,25,8.989080688892775,25,6.932601541850341,0.0,0.0
2025-09-20,NC-SBY-SEL-21,0.9999973290596026,544,6610.463332999997,26917.578528899976,11.443010104395604,20,0.6270412087912091,44,8.846039737098382,23,5.36590855941686,0.0,0.0
2025-09-20,NC-SBY-SEL-22,0.9997916261134748,782,8422.677754500008,31438.20820690001,13.817051106504064,39,0.579609707446809,50,9.232385850175133,25,4.832705245723312,0.0,0.0
2025-09-20,NC-SBY-SEL-23,0.9993037954429084,701,6477.799123500001,24081.853316200013,10.920114121176471,19,0.618353921568627,30,9.1646750130947,11,5.940264041765872,1228.7309819999996,1.0
2025-09-20,NC-SBY-TMR-10,0.9999952990525784,1024,6711.9648842,25749.89322790002,11.818170084775083,36,0.6111937716262974,47,8.698673987570212,38,4.257443115710697,0.0,0.0
2025-09-20,NC-SBY-TMR-11,0.9999807816778692,1617,8155.197165400001,32542.8362073,13.410120348850583,19,0.5615484330484329,32,9.05158984459993,16,6.183902346852222,0.0,0.0
2025-09-20,NC-SBY-TMR-12,0.9997571366425152,467,6806.426674200003,26840.405268899976,13.6247004789644,18,0.5604433656957928,35,9.08009547647511,21,5.821728942164304,0.0,0.0
2025-09-20,NC-SBY-TMR-13,0.9999908594491927,523,8844.634133899997,35423.030863200016,14.544746022051276,13,0.5460038461538465,32,9.056061811613404,13,6.179906430914516,0.0,0.0
2025-09-20,NC-SBY-TMR-14,0.9999947221513786,428,7367.720663400004,28952.75631809998,12.423796508868504,9,0.5773081039755349,29,8.859636398227321,18,6.40387528466584,0.0,0.0
2025-09-20,NC-SBY-TMR-8,0.9998825346455728,389,7242.266698599999,30487.281397,11.7406147192053,9,0.6148733443708608,32,9.156592434288926,9,6.215252126750171,0.0,0.0
2025-09-20,NC-SBY-TMR-9,0.9999756447398318,890,6994.627501299996,30480.692515199986,13.55252775490797,8,0.5666434049079753,22,9.143875987908553,6,7.022327172277974,0.0,0.0
2025-09-20,NC-SBY-UTR-1,0.9999274862013146,812,5610.1405117000095,20228.02415,12.681303672756416,29,0.5017259615384612,30,8.83671445750572,26,4.815416545842802,2548.838478999998,1.0
2025-09-20,NC-SBY-UTR-2,0.9994558455865376,941,11183.535369299992,50954.83057749999,12.179138609632233,30,0.5739384120840637,43,8.984121282161265,18,5.90754751452176,0.0,0.0
2025-09-20,NC-SBY-UTR-3,0.9957522769091052,695,7105.097693100005,28916.01963939999,13.797988298820057,40,0.5459769863372095,53,9.213321523953384,15,4.583793339150425,0.0,0.0
2025-09-20,NC-SBY-UTR-4,0.9997308781869688,416,6424.190207599999,25694.84051669999,14.256379533834584,18,0.5810648496240607,43,9.5683179421051,3,4.916191891889087,0.0,0.0
2025-09-20,NC-SBY-UTR-5,0.9964996009250352,1218,8155.655636800001,31552.320077300028,12.322311872987012,46,0.5878999999999996,72,8.983268231305214,42,4.355388629718346,0.0,0.0
2025-09-20,NC-SBY-UTR-6,0.9999954551814466,590,6313.240732100003,23503.7724955,14.080491526315791,20,0.5491319672131151,43,9.1786734689612,9,5.854877484191356,0.0,0.0
2025-09-20,NC-SBY-UTR-7,0.9997869324983002,673,9199.957512299996,36921.56871360003,12.351326822802193,28,0.6139107145604396,48,9.06252128378724,26,6.092140029804173,0.0,0.0
2025-09-20,NC-SDA-UTR-24,0.9999969444444444,707,9639.953930999998,38672.88389840002,11.605228594133331,34,0.6150226666666669,62,8.985985521930877,12,4.848912798869591,0.0,0.0
2025-09-20,NC-SDA-UTR-25,0.9998304271268148,402,7418.586269400002,29584.907378300013,12.699601286287626,23,0.6108578595317729,44,9.174281448473828,12,5.051072536993474,0.0,0.0
2025-09-20,NC-SDA-UTR-26,0.9999268335253256,1475,7986.4639652,33106.95864370002,14.78545163554218,18,0.5703624496987956,38,9.494655995498272,14,6.1583484554038455,0.0,0.0
2025-09-20,OA_CLUSTER,0.9989003745330078,19306,177989.53811130003,713756.9254083001,12.938041894597824,529,0.5762823176356929,941,9.037766476760751,459,5.6342292760814425,3777.569460999998,0.0706718185217499
2025-09-21,NC-SBY-BRT-15,0.999993040191299,2598,8181.142090500002,31879.57303959999,11.895007679945792,37,0.5986327913279137,54,9.314841817853576,52,5.556632032202296,0.0,0.0
2025-09-21,NC-SBY-BRT-16,0.999914833373101,549,8953.5136745,40281.25653280004,10.783681591758238,9,0.6295684524725279,31,8.98830232502059,10,6.051150161523981,0.0,0.0
2025-09-21,NC-SBY-BRT-17,0.9999963201992752,678,8338.4840423,36824.72443129998,13.010452311413047,26,0.5912391304347827,46,9.07373745116126,10,5.358972413749485,0.0,0.0
2025-09-21,NC-SBY-SEL-18,0.9987337522882792,3153,9863.20889500001,38773.24443440005,12.222877916428567,44,0.5614201962352943,58,9.050776387097594,25,2.789323346685707,0.0,0.0
2025-09-21,NC-SBY-SEL-19,0.9994780262017018,550,7494.756251100004,29542.495125300007,11.303506943767314,39,0.611155586426593,58,8.566507709274157,45,4.163393745112695,0.0,0.0
2025-09-21,NC-SBY-SEL-20,0.9894955708661416,671,6798.180326399996,28994.44347950003,15.103509361007962,26,0.5226193633952257,42,8.852261218151037,26,5.766880351543858,0.0,0.0
2025-09-21,NC-SBY-SEL-21,0.9999982617690952,350,6435.101467799997,27212.20968219999,11.705297659340657,21,0.6199441391941392,49,8.868000413501376,15,4.909061422184417,0.0,0.0
2025-09-21,NC-SBY-SEL-22,0.9999908884948778,634,8339.984323900006,32132.46005580001,13.632507938829797,42,0.5778503989361703,64,9.150848828083117,30,4.08883909055709,0.0,0.0
2025-09-21,NC-SBY-SEL-23,0.9989506946452864,1372,6291.606655900002,24516.15669219999,11.57783211169355,24,0.577092156862745,21,9.20054525098496,15,5.486245841312566,1318.6408620000002,1.0
2025-09-21,NC-SBY-TMR-10,0.9999955145456876,591,6087.748353900003,25438.7840943,13.157439310380624,15,0.5609858709342561,34,8.838217440494079,23,4.943960633090513,0.0,0.0
2025-09-21,NC-SBY-TMR-11,0.9963811963767104,1405,7914.334128399998,33184.20609190001,13.23742903976945,19,0.563328347578347,41,9.057777455298265,14,5.871884998323768,0.0,0.0
2025-09-21,NC-SBY-TMR-12,0.9989778076413386,398,6862.300118100003,28076.1408054,13.30148375404531,28,0.5834880952380953,46,9.08778044321148,23,4.595841029340171,0.0,0.0
2025-09-21,NC-SBY-TMR-13,0.9999941801769702,336,8083.418233800003,34715.69967729999,14.434128068974372,19,0.5358314102564103,27,8.941101684529517,19,5.3619858785252665,0.0,0.0
2025-09-21,NC-SBY-TMR-14,0.999995327896704,351,7173.439383500009,29909.827895299997,11.338299407339443,26,0.6071918960244654,50,8.72241268688059,28,4.998901943536763,0.0,0.0
2025-09-21,NC-SBY-TMR-8,0.9993757508548192,834,7385.156754999998,32350.89854669998,10.56265430298014,17,0.6331054089403978,36,9.105086539473827,9,5.82004598506125,0.0,0.0
2025-09-21,NC-SBY-TMR-9,0.9999941419563736,542,6992.957264499999,32046.19560110002,13.52058620674846,10,0.5713123720858895,23,9.155356992413417,5,6.911410384768656,0.0,0.0
2025-09-21,NC-SBY-UTR-1,0.9999998456790123,580,5193.961816900001,19980.510277,15.464137256730766,12,0.435696314102564,24,9.1297319276544,20,5.992243411022217,2599.4023720000005,1.0
2025-09-21,NC-SBY-UTR-2,1.0,1008,11985.181187299995,55798.10447709998,11.703255074956225,33,0.5829071803852894,51,8.912107166914609,32,5.605311164715157,0.0,0.0
2025-09-21,NC-SBY-UTR-3,0.9866403743172036,755,6825.440132100001,29800.091371000013,15.66043391609196,23,0.4970440609195403,34,9.410888904555346,14,5.604262298996065,0.0,0.0
2025-09-21,NC-SBY-UTR-4,0.998745898074566,399,6200.385336199997,26128.888379000004,14.857253319230772,20,0.5635610902255636,44,9.5288671958617,4,4.907688946997944,0.0,0.0
2025-09-21,NC-SBY-UTR-5,0.9818021461432972,866,7779.4720259,31385.77321179999,13.62287228068183,32,0.5538624130208332,55,9.292457528728931,31,4.927364236016713,0.0,0.0
2025-09-21,NC-SBY-UTR-6,0.999868298527774,519,5858.4907839,22272.292280900023,16.30249264078948,14,0.4935560108196722,32,9.431827564992943,7,5.438523946880335,0.0,0.0
2025-09-21,NC-SBY-UTR-7,0.9999941811660562,633,8616.390986900005,37134.90768139999,14.016838131868118,22,0.5735412087912087,48,9.197937838248528,17,6.17655893733757,0.0,0.0
2025-09-21,NC-SDA-UTR-24,0.9999962962962964,530,9553.30588930001,40523.22819179999,11.4330683752,36,0.6268473333333338,57,8.883943646164454,16,4.759489461926711,0.0,0.0
2025-09-21,NC-SDA-UTR-25,0.9999959877841662,311,6891.9807230000015,29356.5194054,14.484759648494997,21,0.5663481046822744,44,9.248983639798949,15,4.445832378221464,0.0,0.0
2025-09-21,NC-SDA-UTR-26,0.9998770428937974,1601,7977.193164299993,34895.59764559999,14.410547308132523,28,0.5739269578313253,49,9.477118533487491,18,5.969439857141331,0.0,0.0
2025-09-21,OA_CLUSTER,0.9976503940257035,19772,173654.6542338,728378.8838633001,13.112917038768922,558,0.5674261691820719,968,9.072259737551162,474,5.257886065397915,3918.0432340000007,0.0706454024420633
2025-09-22,NC-SBY-BRT-15,0.9999582082579724,2367,8573.212384999997,30695.29029330002,12.020537982384823,44,0.5895582655826558,61,8.971440547574359,45,4.649940561585127,0.0,0.0
2025-09-22,NC-SBY-BRT-16,0.9999952959698942,521,9366.726080699997,36785.2499983,9.483509894230778,33,0.6714443681318684,70,8.901687677118867,13,4.609519491618539,0.0,0.0
2025-09-22,NC-SBY-BRT-17,0.9999950060277564,779,8490.909581000005,33530.63047339999,12.39382629891304,29,0.6081881793478259,57,8.93974827100316,11,5.138500816718676,0.0,0.0
2025-09-22,NC-SBY-SEL-18,0.9998255985731284,1625,10076.638456500004,37024.94158169999,12.003323320417625,37,0.5980574245939676,73,8.956709938413027,27,4.503060452500985,0.0,0.0
2025-09-22,NC-SBY-SEL-19,0.9999932619775592,1043,8008.2758972,29159.35191379999,9.580015888323354,38,0.6655928143712577,53,8.287657647357364,47,4.369004587220311,0.0,0.0
2025-09-22,NC-SBY-SEL-20,0.9923728365702208,7520,8610.050520899997,30248.721464900005,12.318321943947376,42,0.6012631578947367,65,8.740765801332367,25,4.2834690650268925,0.0,0.0
2025-09-22,NC-SBY-SEL-21,0.9951878626299914,605,7397.954160299999,26785.803604300003,8.675516980586075,58,0.696504883882784,87,8.67447908610732,30,3.332592748076733,0.0,0.0
2025-09-22,NC-SBY-SEL-22,0.997565168516092,1792,8994.247121899998,30971.787888399987,11.9633824768,41,0.6093694587765959,62,8.91437972737362,41,4.090551785020951,0.0,0.0
2025-09-22,NC-SBY-SEL-23,0.9985392313286228,762,6674.474983700003,23128.966519200007,10.446486826482216,28,0.6360931372549017,42,9.158209065645408,13,4.834323343065941,1268.968436,1.0
2025-09-22,NC-SBY-TMR-10,0.9996910842214416,946,6960.148454700003,25275.98849620001,11.486228010847451,27,0.6000528247457635,34,8.787721019709902,28,4.413179602606904,0.0,0.0
2025-09-22,NC-SBY-TMR-11,0.9998289094926248,1668,9336.9994847,33238.66514059998,10.825872926780622,38,0.6250626780626777,61,8.739983355786235,20,4.478685292572907,0.0,0.0
2025-09-22,NC-SBY-TMR-12,0.9998667215198788,559,7527.805984400004,27203.077505099984,12.62362185396825,32,0.5987380952380952,54,8.95153930075741,32,4.618126520080538,0.0,0.0
2025-09-22,NC-SBY-TMR-13,0.9989747340665692,535,9616.5327519,34453.0946617,12.264101400769237,48,0.6136967948717951,65,8.803816028657517,20,4.261639641339342,0.0,0.0
2025-09-22,NC-SBY-TMR-14,0.9929519158078168,2945,8291.313994600005,28340.576568100005,9.27208136972478,67,0.6692989296636085,92,8.428889363530823,50,3.1468491069379185,0.0,0.0
2025-09-22,NC-SBY-TMR-8,0.9999841550721118,4415,7399.637675600004,28580.6209916,10.877728126158951,27,0.6404666115894047,49,8.965915851400489,12,4.495058228047456,0.0,0.0
2025-09-22,NC-SBY-TMR-9,0.9999335180650428,1676,7009.552935599993,27934.250260400007,12.210761140797546,30,0.6044969325153373,49,8.952222737179733,16,4.699638361139991,0.0,0.0
2025-09-22,NC-SBY-UTR-1,0.9999996507770212,1192,6699.192742799993,21708.876148500007,10.1271131801282,39,0.5880336538461539,54,8.576735428166986,34,4.046398750297546,3074.467719999999,1.0
2025-09-22,NC-SBY-UTR-2,0.9880149395347172,1866,11410.884669600002,47233.84406000002,10.623844736585356,51,0.6128031358885027,68,8.890322083065252,21,4.901371647804341,0.0,0.0
2025-09-22,NC-SBY-UTR-3,0.998714097210925,657,7593.184326399999,28801.275750300032,12.70026866494253,33,0.5747535919540233,57,9.267174164723553,14,4.88081364674979,0.0,0.0
2025-09-22,NC-SBY-UTR-4,0.9989735402320432,519,6936.555028300002,24938.320172600008,11.827617187912075,25,0.6361802536231884,50,9.341234773154724,9,5.203019054223063,0.0,0.0
2025-09-22,NC-SBY-UTR-5,0.987259350995372,1077,8104.862089700003,30086.528227700037,12.27700449031414,39,0.5779647187012985,69,8.924597509283545,38,5.365530370234463,0.0,0.0
2025-09-22,NC-SBY-UTR-6,0.9998953192762076,648,7137.693725900005,24609.2379862,12.179050514569536,36,0.5954218580327866,56,9.193605049400016,15,4.4947005646143925,0.0,0.0
2025-09-22,NC-SBY-UTR-7,0.999992429469488,1008,10195.583334599998,36946.48341509997,11.392243723351648,48,0.6525082417582421,92,8.889144039328922,25,4.40777513078694,0.0,0.0
2025-09-22,NC-SDA-UTR-24,0.9996086833926708,662,10088.496630100006,37240.8128921,10.863879300000004,44,0.6418711112000002,71,8.952288905861971,16,4.1078254807208,0.0,0.0
2025-09-22,NC-SDA-UTR-25,0.9992924835115424,564,7822.706277099998,28103.9624887,11.589962788628764,48,0.6615526755852837,83,9.00712486364729,16,3.875184982662552,0.0,0.0
2025-09-22,NC-SDA-UTR-26,0.9999265763963472,1790,8374.860342699998,31963.513576899983,13.450656455120493,34,0.6033426204819282,50,9.401955634282084,23,5.073191691731562,0.0,0.0
2025-09-22,OA_CLUSTER,0.9973709306589196,36725,190412.436386,697681.5831214001,11.322796815244162,890,0.6186931437912969,1420,8.87769292052185,586,4.507972727310565,4343.436155999999,0.0706806282722513
2025-09-23,NC-SBY-BRT-15,0.9999930681019772,3531,8662.300716299995,30849.25438639998,11.895726375609746,42,0.5893818880758815,58,9.009043701054212,41,4.517289191229744,0.0,0.0
2025-09-23,NC-SBY-BRT-16,0.9999964387464388,2274,9300.7766905,36796.8502225,10.214361897527477,30,0.6531298076923081,57,8.99603862303328,14,4.859492784199358,0.0,0.0
2025-09-23,NC-SBY-BRT-17,0.999900036822684,2410,8506.726207000009,33504.15527650001,12.509098953532618,29,0.5989150815217389,50,8.943103391290983,8,5.051430543949167,0.0,0.0
2025-09-23,NC-SBY-SEL-18,0.9933963603797064,5143,10210.3684788,36421.49959609999,11.397454599531612,49,0.586720030858469,64,8.910984768569802,20,3.89304100834952,0.0,0.0
2025-09-23,NC-SBY-SEL-19,0.999994663450876,2268,8176.57767719999,29591.2398321,8.923380992814371,55,0.6794842814371256,74,8.151814707480336,57,3.85310183411589,0.0,0.0
2025-09-23,NC-SBY-SEL-20,0.9942674293429672,12773,8530.7988419,30566.604837899984,12.09978110346666,46,0.6045146543307086,77,8.741158495687772,30,4.501375708770722,0.0,0.0
2025-09-23,NC-SBY-SEL-21,0.9617710183322316,4726,7488.164491000001,26264.305041499996,9.609046995238096,41,0.6709890109890106,75,8.77752958027693,15,3.5451980730961687,0.0,0.0
2025-09-23,NC-SBY-SEL-22,0.9959201703726436,3886,9127.5786192,31077.82771870001,12.104236451490522,44,0.6143820922872338,66,8.923276719232444,36,3.2687761476767188,0.0,0.0
2025-09-23,NC-SBY-SEL-23,0.9930245383198568,1815,6911.6227043,23601.1453838,10.182642974131271,33,0.6467432436293437,43,9.25098326221844,9,4.722833632530191,1263.6264990000004,1.0
2025-09-23,NC-SBY-TMR-10,0.9997108835530446,3899,7137.366479900004,25585.31901480001,11.195565251525416,32,0.6147971752542375,43,8.72507397576798,28,4.082682173795108,0.0,0.0
2025-09-23,NC-SBY-TMR-11,0.9889524361259476,5351,9549.544289999996,33210.4914799,9.8680268362069,44,0.6636127732193731,71,8.72836739362409,27,4.162378456110386,0.0,0.0
2025-09-23,NC-SBY-TMR-12,0.999966306584362,1729,7590.804692600001,27444.241608500008,12.752915855238086,30,0.5995301587301589,57,9.035060700157011,22,4.363203792185463,0.0,0.0
2025-09-23,NC-SBY-TMR-13,0.9999386233195718,1826,9676.687638299987,35083.081715799985,12.173033607948716,47,0.6184782051282055,72,8.822340036020547,22,4.470810045813309,0.0,0.0
2025-09-23,NC-SBY-TMR-14,0.9998631558076464,2322,8260.602308400006,28533.666826599983,9.822640577675838,57,0.6533888889908259,75,8.539976628172399,46,3.2011448387927097,0.0,0.0
2025-09-23,NC-SBY-TMR-8,0.99978695272259,5750,7311.504240900005,28736.927176000023,11.613602443708604,24,0.6220695364238413,49,9.101554735883823,6,5.125796565163046,0.0,0.0
2025-09-23,NC-SBY-TMR-9,0.9999947810156784,1692,6986.1196337,27998.282482399976,12.333670275460127,19,0.5901756134969323,35,9.008871540234912,10,5.482856391937646,0.0,0.0
2025-09-23,NC-SBY-UTR-1,0.9999996527777778,2371,6892.886571599999,22346.731168199996,9.419640674038469,61,0.6111722756410258,74,8.445952610513968,46,3.249285501493526,3133.322888,1.0
2025-09-23,NC-SBY-UTR-2,0.9972804873520436,2407,11288.462543100002,48139.34656010004,11.42617724196891,40,0.58947380552677,61,9.01511965116954,15,5.401576008548506,0.0,0.0
2025-09-23,NC-SBY-UTR-3,0.9992804770473872,1802,7697.361786499995,29326.034900499995,13.8104769997151,25,0.5420591168091168,49,9.36050266926092,15,5.425266012782672,0.0,0.0
2025-09-23,NC-SBY-UTR-4,0.9945645003126484,1288,6719.992312900005,23308.46603690001,13.035741469288393,24,0.614915450364963,38,9.435689167398396,8,5.474079490599751,0.0,0.0
2025-09-23,NC-SBY-UTR-5,0.9993087827240922,2937,7979.881192699999,30282.835982900004,12.288548983896098,31,0.5724831168831167,54,8.947482539788645,42,5.4936952237575385,0.0,0.0
2025-09-23,NC-SBY-UTR-6,0.9997185080160904,2069,7094.760427199999,24491.992654400005,11.925987675850338,31,0.6014404370491803,45,9.158651138000558,15,5.13271060358642,0.0,0.0
2025-09-23,NC-SBY-UTR-7,0.9934294553825804,3942,10407.514691200004,36790.24988580003,11.314980682692308,56,0.6553605769230771,97,8.888308235655895,29,4.14413679497379,0.0,0.0
2025-09-23,NC-SDA-UTR-24,0.9994240445301816,2876,10083.303169899997,36885.54665880002,10.056321097333337,51,0.6608642221333333,87,8.847659006196526,16,3.413391346225389,0.0,0.0
2025-09-23,NC-SDA-UTR-25,0.9999342565393762,1740,7973.162489999998,28614.107254600003,10.873996114046824,53,0.6613492197324415,78,8.968712026771618,17,3.5726489436267936,0.0,0.0
2025-09-23,NC-SDA-UTR-26,0.999827016398929,2899,8446.993124399998,31894.973747899978,12.894196296385534,31,0.6147522590361443,56,9.403876670939392,21,4.994726722273032,0.0,0.0
2025-09-23,OA_CLUSTER,0.9963833000223192,78211,191508.4032352,699950.5497883,11.428432228268292,890,0.614975565343708,1384,8.908078753107079,561,4.52110422464955,4396.949387000001,0.0709669400944568
2025-09-24,NC-SBY-BRT-15,0.9999939841193348,3779,8736.057136299998,31029.355656599968,11.719373585907864,43,0.5969051490514903,67,9.011435156063476,41,4.431854170037298,0.0,0.0
2025-09-24,NC-SBY-BRT-16,0.9999968521062272,2958,9318.715798100007,36972.17763089996,9.709588500274725,35,0.6633070054945053,73,8.919982086259463,17,4.671571815302269,0.0,0.0
2025-09-24,NC-SBY-BRT-17,0.9963511980529988,3356,8601.849126000003,33729.27280299999,12.67288716684783,30,0.6067984600543482,58,8.960788123797148,13,5.105649969220854,0.0,0.0
2025-09-24,NC-SBY-SEL-18,0.9999919837942652,3752,10174.623240099996,37234.06879650003,12.365465202552198,45,0.5930203016241294,80,8.99965513343254,20,4.493881006412539,0.0,0.0
2025-09-24,NC-SBY-SEL-19,0.99295291361721,6272,8132.4197178,29454.23820529997,9.255182099101797,52,0.6753517964071856,69,8.22007344675132,53,3.953290995370275,0.0,0.0
2025-09-24,NC-SBY-SEL-20,0.9994615115968072,7179,8539.879246700008,30255.972093200016,11.346471411051212,61,0.6253571737532811,75,8.666964459428147,35,3.83727127997268,0.0,0.0
2025-09-24,NC-SBY-SEL-21,0.9999976682268348,19727,7435.956337600004,27173.7941623,9.666146769597075,39,0.6815998168498169,77,8.735903097842582,27,3.8274461856451705,0.0,0.0
2025-09-24,NC-SBY-SEL-22,0.9981047761524824,4304,9048.9960317,31800.1776566,12.844279852127656,43,0.5999095744680848,71,8.966869473778269,35,4.2454590053047,0.0,0.0
2025-09-24,NC-SBY-SEL-23,0.976758481764207,2414,6911.5679084,24114.635264300003,10.94759812123552,33,0.6528246459459457,49,9.28080357947209,13,4.8361499768639895,1255.4733910000004,1.0
2025-09-24,NC-SBY-TMR-10,0.9999860718769618,3112,7161.0831627,26055.98557310001,11.191587965762704,31,0.6324838983050842,55,8.782503472796181,21,4.144609901468419,0.0,0.0
2025-09-24,NC-SBY-TMR-11,0.9993191621184796,4599,9463.449759899995,33602.24624339999,10.663217488888876,31,0.6386851851851856,60,8.79116431151939,16,4.611357238569207,0.0,0.0
2025-09-24,NC-SBY-TMR-12,0.9993086052322164,2096,7667.896068599996,27779.88346,12.291284361904763,32,0.6136992063492063,59,8.920131488828604,24,4.155684659735483,0.0,0.0
2025-09-24,NC-SBY-TMR-13,0.9997824074074074,2030,9762.8753016,35400.224926700015,11.464163003333322,54,0.6312480769230772,79,8.74246072277983,26,4.0601511157600045,0.0,0.0
2025-09-24,NC-SBY-TMR-14,0.9960315439968732,3279,8433.693263900006,28952.645278800024,8.901170973700301,86,0.6862140672782868,101,8.38146166201765,59,2.781407906847892,0.0,0.0
2025-09-24,NC-SBY-TMR-8,0.999995516004415,2802,7329.726180199994,28965.589508099976,12.090577513245028,20,0.6175709162251656,45,9.11451398418512,9,5.175880282010852,0.0,0.0
2025-09-24,NC-SBY-TMR-9,0.9999948165189728,2410,7061.772747199997,28580.0443902,12.243545994171772,23,0.6008711656441718,44,9.009997428246866,11,5.376509440671009,0.0,0.0
2025-09-24,NC-SBY-UTR-1,0.9998605709876544,3095,6919.563065899996,22316.526235700003,9.137730496153852,70,0.6166802884615377,67,8.456998819398372,47,3.232585590721889,3051.868891,1.0
2025-09-24,NC-SBY-UTR-2,0.9995171707624448,5930,11204.080448000004,48405.97867129996,11.452340387392058,44,0.5981899827288429,69,8.963217160701518,16,5.333929723245117,0.0,0.0
2025-09-24,NC-SBY-UTR-3,0.9994839873321848,2161,7780.665830299997,29702.72389900002,13.714388644257696,29,0.536339635854341,45,9.387381843414488,12,5.248235377172021,0.0,0.0
2025-09-24,NC-SBY-UTR-4,0.9981284932918578,1560,6088.855749200002,22344.082767799995,12.078919107421877,27,0.6242689830115833,40,9.228242020009182,8,4.438301817158198,0.0,0.0
2025-09-24,NC-SBY-UTR-5,0.998946584470222,3506,8135.871916700003,30618.319193700045,11.310135723809523,41,0.5892387446753246,67,8.831452493189362,46,4.480734722579481,0.0,0.0
2025-09-24,NC-SBY-UTR-6,0.9998909522813078,3196,7143.420908899998,24548.035270600005,11.159164721782172,32,0.6231885245901638,60,9.106134959458196,19,4.726033174871821,0.0,0.0
2025-09-24,NC-SBY-UTR-7,0.999329594017094,13740,10406.88823970001,37672.94899959999,10.94179249038462,55,0.6607431318681313,93,8.84974446713133,41,4.121260854092309,0.0,0.0
2025-09-24,NC-SDA-UTR-24,0.9958687864275904,6243,10066.526714299998,37380.0135388,10.47413261760001,37,0.6491299999999998,67,8.948322973914191,16,3.9056298128898015,0.0,0.0
2025-09-24,NC-SDA-UTR-25,0.999825135842458,2474,8125.820384,28999.0649405,9.571680056856191,72,0.677381828428094,76,8.83940747734857,27,2.769639582426376,0.0,0.0
2025-09-24,NC-SDA-UTR-26,0.9977289942194106,9762,8522.6107716,32027.8115391,11.777516941049376,59,0.6355720385542173,68,9.275665199697556,26,4.049523363210325,0.0,0.0
2025-09-24,OA_CLUSTER,0.9982238297699944,107257,191459.9071855,706708.9266866999,11.31339049011063,956,0.6222477321684254,1503,8.882186720419421,609,4.434697108826508,4307.3422820000005,0.0716421629703463
2025-09-25,NC-SBY-BRT-15,0.9971242110345572,6947,8814.329497900002,30712.18856809999,11.41427377615176,53,0.6076479222222222,74,9.003903893205345,40,4.083311411203814,0.0,0.0
2025-09-25,NC-SBY-BRT-16,0.9999816595697176,3614,9238.132799999988,37027.22926840001,9.04077630796703,49,0.6839709244505499,73,8.88449061366578,16,4.7379972718391015,0.0,0.0
2025-09-25,NC-SBY-BRT-17,0.9992172255485028,3863,8587.1700385,33761.00454680002,11.844820176566753,33,0.6299214220108693,62,8.918320042546013,16,4.914568037426772,0.0,0.0
2025-09-25,NC-SBY-SEL-18,0.9999545688650348,4380,10158.385405299989,37300.77683510003,11.91079298979118,50,0.6009230470997682,65,8.894645113325367,30,3.9380184396042175,0.0,0.0
2025-09-25,NC-SBY-SEL-19,0.9998081782678612,3535,7986.086102899994,29033.8161546,9.629680939820366,49,0.6604089323353292,75,8.253071709777641,48,3.898546514546713,0.0,0.0
2025-09-25,NC-SBY-SEL-20,0.9999946965865024,7330,8506.035001099995,30742.043895199982,11.931469036482936,41,0.6086128608923881,70,8.77312157870599,31,4.644284200828044,0.0,0.0
2025-09-25,NC-SBY-SEL-21,0.9999928545909254,3449,7328.096791200004,27061.560226100017,9.720167301831504,33,0.673448717948718,68,8.743728602842356,21,3.954575431515284,0.0,0.0
2025-09-25,NC-SBY-SEL-22,0.9997498320345034,8481,9139.217740200003,31892.653726899985,12.684802488031924,47,0.6110124114361707,70,8.983719766147503,37,4.1590912215885805,0.0,0.0
2025-09-25,NC-SBY-SEL-23,0.9854429462084964,2411,6894.4665936,24034.01426730002,10.812859309505702,27,0.6360652726235745,41,9.300443889910042,14,5.18200869495606,1239.507614,1.0
2025-09-25,NC-SBY-TMR-10,0.9874198016176112,4240,7243.127081199997,26302.67992669999,11.21507144551724,36,0.6369731633898303,55,8.76162994642043,23,3.98954668937578,0.0,0.0
2025-09-25,NC-SBY-TMR-11,0.9996566335812358,5620,9310.327598,33597.3952746,10.177555222792018,33,0.6333831908831908,63,8.786570508471112,18,4.870084474603192,0.0,0.0
2025-09-25,NC-SBY-TMR-12,0.9995219244895588,3626,7642.145157299995,27994.99808810001,11.835748255555554,32,0.624738095238096,60,8.937589488914861,23,4.32435076249982,0.0,0.0
2025-09-25,NC-SBY-TMR-13,0.9999940248459392,2565,9655.829529700004,35555.81047069997,12.279341608717957,46,0.6209615384615387,67,8.807786524420592,22,4.557725410005123,0.0,0.0
2025-09-25,NC-SBY-TMR-14,0.9999943937039166,3530,8175.815683699995,29188.718035,9.995905407339444,56,0.6536656474006116,78,8.617903247745794,38,3.5631206091634926,0.0,0.0
2025-09-25,NC-SBY-TMR-8,0.9999652598037524,3445,7283.555640700001,29206.65497289999,11.035276465562909,24,0.6336109271523184,41,9.060666100842008,10,4.981006551804863,0.0,0.0
2025-09-25,NC-SBY-TMR-9,0.9999948380022712,2621,7003.3640751,28374.46569229999,12.143244249386502,29,0.5949470858895708,42,8.987870956822215,13,5.3538195262144175,0.0,0.0
2025-09-25,NC-SBY-UTR-1,0.9999999227509916,3412,7021.901363600001,22760.48473719999,8.93054312307692,64,0.6248100961538461,78,8.463617198388587,46,3.3242044898178555,3057.398075,1.0
2025-09-25,NC-SBY-UTR-2,0.9999658883855668,4116,11115.0482523,49010.98556460004,11.940601530224535,29,0.5868700345423147,54,9.04800838832069,14,6.088526898832402,0.0,0.0
2025-09-25,NC-SBY-UTR-3,0.99944867613574,2648,7614.089433000004,29886.671936400016,14.173117054857132,25,0.535800561797753,48,9.407880236461594,13,5.419275756317686,0.0,0.0
2025-09-25,NC-SBY-UTR-4,0.9996325024384916,1837,6501.298611000006,24272.82841400001,12.995745489964152,16,0.5915679120996441,39,9.366805493034748,4,5.344762547973192,0.0,0.0
2025-09-25,NC-SBY-UTR-5,0.999876027508222,4565,8179.258785600006,30868.989037299994,11.35781083128205,45,0.5903497442455243,62,8.844243466895309,48,4.667926644844624,0.0,0.0
2025-09-25,NC-SBY-UTR-6,0.997140152868062,4381,7392.129969999999,24843.7955748,10.984525545000004,37,0.6309016390163933,68,9.11568308660975,21,4.047578818622646,0.0,0.0
2025-09-25,NC-SBY-UTR-7,0.9996216738775212,5062,10438.710262099996,37944.83532310006,11.661342077472522,53,0.6471597986263734,85,8.86840702310757,32,4.126070826173632,0.0,0.0
2025-09-25,NC-SDA-UTR-24,0.9996531369899188,4865,9890.0333917,37182.54408790001,10.177312732533332,48,0.647886444266667,76,8.911976689185181,23,3.849737079158547,0.0,0.0
2025-09-25,NC-SDA-UTR-25,0.9994978034266934,2819,7932.508546099998,29004.916876699983,10.59474115250836,53,0.6728874026755849,85,8.991572431528613,16,3.933940997490308,0.0,0.0
2025-09-25,NC-SDA-UTR-26,0.9998446375463376,4048,8321.740583899993,31968.518102600017,13.27106973734939,31,0.6001009036144579,52,9.41210584076514,22,5.412404285289877,0.0,0.0
2025-09-25,OA_CLUSTER,0.9986661279798824,95678,191228.521414,711374.6005362002,11.35208265146814,907,0.6203928027764836,1438,8.905156092920565,578,4.571190779786123,4296.905688999999,0.0713930965979637
2025-09-26,NC-SBY-BRT-15,0.9973752281583348,9407,9143.772327100003,31138.563037400007,10.103904579501382,70,0.6369850948509487,92,8.816462608001036,53,3.4070696405925185,0.0,0.0
2025-09-26,NC-SBY-BRT-16,0.9999961582429114,890,9393.626342300004,38168.89818239999,9.70837480321716,22,0.6712915549597851,57,8.870758266936484,17,5.043793451678405,0.0,0.0
2025-09-26,NC-SBY-BRT-17,0.9998833471719002,1632,8669.053738400002,34596.136627300024,12.418168087228253,26,0.6026908967391303,54,8.935378270435825,11,5.087405322868421,0.0,0.0
2025-09-26,NC-SBY-SEL-18,0.9998684701557076,1978,10139.16637419999,37128.39301630001,12.886114752336454,56,0.5805253287703023,73,9.03147205835376,29,3.8916636726898153,0.0,0.0
2025-09-26,NC-SBY-SEL-19,0.9999919605233976,1150,7907.648333099994,29483.893456200003,9.605995655688618,37,0.6520419161676648,65,8.316993241725271,47,4.40039554051312,0.0,0.0
2025-09-26,NC-SBY-SEL-20,0.99999343832021,2766,8428.648532699997,30743.65343979999,12.245628676640417,35,0.5940236220472442,49,8.748907017846616,24,5.083239483117868,0.0,0.0
2025-09-26,NC-SBY-SEL-21,0.99997964997965,1582,7267.648624799997,27304.06462240001,9.790203020512818,31,0.6730769230769231,68,8.708313166162903,22,4.051218075397573,0.0,0.0
2025-09-26,NC-SBY-SEL-22,0.9998489213947992,9514,9068.657247900002,32040.706105199984,12.960632639361709,37,0.6027978723404251,65,8.97665107984696,39,4.694721248611449,0.0,0.0
2025-09-26,NC-SBY-SEL-23,0.9996836614766972,1067,7012.589249399999,24559.7909851,10.848981319391642,26,0.6237224334600762,39,9.253736195817796,18,4.376290224114973,1251.3934150000002,1.0
2025-09-26,NC-SBY-TMR-10,0.998669259810992,1212,7026.895016499999,26293.451917700026,11.213169779999998,20,0.6198194915254239,38,8.822376056539174,26,5.136549862544086,0.0,0.0
2025-09-26,NC-SBY-TMR-11,0.995915644907752,2451,9228.905415100002,33918.43595979997,11.842772331054135,22,0.6040968660968655,45,8.928198080553845,11,5.491954453440097,0.0,0.0
2025-09-26,NC-SBY-TMR-12,0.9999371041406748,1838,7459.238255099998,28030.7699003,13.091387317142852,24,0.5850095238095236,43,9.032301289046467,25,5.0137719924889765,0.0,0.0
2025-09-26,NC-SBY-TMR-13,0.9957034548657768,539,9681.868103899998,35706.45220000001,11.887850967692309,40,0.6197314102564101,66,8.783225435203118,25,4.4908744027641365,0.0,0.0
2025-09-26,NC-SBY-TMR-14,0.9997985141748288,715,7940.853478400002,29203.036322699976,10.858780438226292,40,0.622682211926605,61,8.699071590413308,28,4.363294681924788,0.0,0.0
2025-09-26,NC-SBY-TMR-8,0.9975686929491864,1643,7324.546678400002,29081.491606799977,10.980445520860927,30,0.6341705298013244,48,9.067719408565624,7,5.161712068879411,0.0,0.0
2025-09-26,NC-SBY-TMR-9,0.9999005445763092,1076,7037.367788399999,29113.611302500023,13.000985712883434,16,0.5816710122699386,33,9.092656741812275,12,5.872304067598888,0.0,0.0
2025-09-26,NC-SBY-UTR-1,0.9999998456791016,1238,6803.6694606,22807.5052723,9.679924153205128,49,0.5976386217948719,62,8.575459009219486,36,3.7574079017476016,3052.885392,1.0
2025-09-26,NC-SBY-UTR-2,0.9996737000720474,1598,11253.457984699991,50282.326310100034,11.943805494991366,26,0.5862013528497417,50,9.08096163189576,7,6.346744917875531,0.0,0.0
2025-09-26,NC-SBY-UTR-3,0.9999218599907084,730,7647.753253900008,30156.0145407,14.225615911634357,25,0.5311493537396119,36,9.455355703705434,20,5.172037376147629,0.0,0.0
2025-09-26,NC-SBY-UTR-4,0.999967483446118,466,6401.883703499998,25015.0093365,14.279242254385975,6,0.5587467835087722,25,9.471820699336003,5,5.982852213481441,0.0,0.0
2025-09-26,NC-SBY-UTR-5,0.9921090322846564,1619,8637.583500399996,30207.435737800017,10.101927685347045,74,0.6198049916243659,90,8.904127541841609,48,3.5830369418994503,0.0,0.0
2025-09-26,NC-SBY-UTR-6,0.995420329233038,1103,7508.628319500001,25383.480319,10.468829142214531,50,0.6378893442622953,71,9.065599545891816,16,3.8383970504121816,0.0,0.0
2025-09-26,NC-SBY-UTR-7,0.9917364565326164,1128,10404.7667004,36049.961364800016,10.384908746756762,69,0.6567427927027026,96,8.874059390313064,32,3.436491595919173,0.0,0.0
2025-09-26,NC-SDA-UTR-24,0.9994867638861786,723,10125.247883300004,37898.05844200001,9.443943600271735,67,0.672122666666667,91,8.774837353172284,22,3.52181574637458,0.0,0.0
2025-09-26,NC-SDA-UTR-25,0.9933493802372594,2656,8054.412927500003,29808.8165225,10.42798452274248,50,0.6654063545150506,79,9.002744086038104,20,3.272792433757757,0.0,0.0
2025-09-26,NC-SDA-UTR-26,0.9988532053648332,6178,8506.338659400004,32607.039564300005,12.982272868373492,38,0.6133692271084336,49,9.41863589302814,17,3.65131291828442,0.0,0.0
2025-09-26,OA_CLUSTER,0.9983459971430308,47342,191388.22842870004,716413.0815630999,11.53870572399693,831,0.6114130053589107,1326,8.935343673578886,558,4.710840557518771,4304.278807,0.0711633663366336
2025-09-27,NC-SBY-BRT-15,0.9980752688783678,7697,8925.913719399998,32257.819075999985,10.350426545799456,55,0.6237154471544722,64,8.978768614021877,53,4.556227177992761,0.0,0.0
2025-09-27,NC-SBY-BRT-16,0.9999958677429176,819,9315.3751217,40023.35720800004,11.141464992225195,14,0.6233029490616625,31,9.004136489801354,12,6.154458246464783,0.0,0.0
2025-09-27,NC-SBY-BRT-17,0.9999212590973188,2017,8490.207677799996,35794.5509982,12.60712390760869,20,0.5998777173913045,53,8.872729611755695,11,4.788925814870028,0.0,0.0
2025-09-27,NC-SBY-SEL-18,0.999539454275966,1441,9847.146242700002,38276.73216429999,13.02210216682135,36,0.5718665893271464,53,8.97989260898187,41,4.795089287448202,0.0,0.0
2025-09-27,NC-SBY-SEL-19,0.9999937154741692,717,6954.633414500002,28433.245148000013,11.966026547305392,21,0.5894453592814373,37,8.554761918385157,33,5.558845021482308,0.0,0.0
2025-09-27,NC-SBY-SEL-20,0.9999632096532024,1789,7476.5889893,29777.635785299997,14.495873497112864,22,0.5345472440944884,32,8.90766718534406,33,5.78944137090915,0.0,0.0
2025-09-27,NC-SBY-SEL-21,0.9999983435903316,756,6725.761595499997,27313.745113299992,10.794902755514714,21,0.6367793040293039,35,8.787390581278729,19,5.185436232182614,0.0,0.0
2025-09-27,NC-SBY-SEL-22,0.9960538538147228,11324,8731.725142900003,32363.20897449998,13.37646072845745,40,0.5901088210106384,65,9.15767042162947,32,4.495588666864852,0.0,0.0
2025-09-27,NC-SBY-SEL-23,0.9992904122231856,2016,6882.580316399999,24615.864193499998,10.12472308212928,44,0.6368621673003803,40,8.995219554175302,22,3.689788959136506,1298.4703019999995,1.0
2025-09-27,NC-SBY-TMR-10,0.9998967111802584,1085,7310.862731300003,27662.558291499987,10.863507837288145,44,0.6329067796610167,56,8.498989199762178,33,3.455628789759193,0.0,0.0
2025-09-27,NC-SBY-TMR-11,0.9999915534967204,2399,8473.519689200006,34169.696899300005,12.841459468376076,16,0.5758774928774928,41,8.965237108483919,13,6.058730359016738,0.0,0.0
2025-09-27,NC-SBY-TMR-12,0.999995021903624,820,7256.425905299999,28113.1571346,14.325390720952376,23,0.5636531746031747,43,9.061656545871855,23,4.688280613264232,0.0,0.0
2025-09-27,NC-SBY-TMR-13,0.9999946165079876,566,8861.451359500004,35216.24061609999,14.304964588974352,13,0.5460179487179486,28,8.980017349205308,18,6.423735935210297,0.0,0.0
2025-09-27,NC-SBY-TMR-14,0.9999903232820696,732,7579.762779499995,29506.3129764,11.84187648466258,24,0.5912744648318042,35,8.784946629400125,32,5.910148939972872,0.0,0.0
2025-09-27,NC-SBY-TMR-8,0.9988210805512312,2488,7306.977433999998,30681.18830830001,12.265117554966892,14,0.6095422185430465,36,9.184352859758974,9,5.764136120455213,0.0,0.0
2025-09-27,NC-SBY-TMR-9,0.9998931596554916,3251,6984.995320400001,30414.520938899997,14.233205364417175,5,0.5457898773006132,18,9.236431237581224,4,7.913599426641215,0.0,0.0
2025-09-27,NC-SBY-UTR-1,0.9999998839812978,919,5760.269114499996,20974.671284800017,12.13631412147437,33,0.5231602564102561,35,8.73633784432685,35,4.124883888866648,2570.465444,1.0
2025-09-27,NC-SBY-UTR-2,0.999869200153104,1890,11197.087624999996,52455.71625149996,13.482413759233443,11,0.5448868739205525,27,9.24123976262786,4,7.579221722749335,0.0,0.0
2025-09-27,NC-SBY-UTR-3,0.9993604669809808,628,7095.791820400002,29649.27702,15.160254850140056,18,0.5021800927777774,28,9.481557099743046,15,6.577832302079577,0.0,0.0
2025-09-27,NC-SBY-UTR-4,0.9999129176639217,734,6634.0162082,25122.98849960001,15.673527699019608,7,0.5175400431818183,21,9.678421390157116,2,7.20904700733785,0.0,0.0
2025-09-27,NC-SBY-UTR-5,0.9994307063975608,1099,8576.239267999998,32044.10984699999,13.052092636792452,54,0.5408679242924526,60,9.21567835488584,50,3.988955520022411,0.0,0.0
2025-09-27,NC-SBY-UTR-6,0.999533188182316,944,6927.069302599999,25272.28755290001,12.864820995081972,30,0.5695188524590169,47,9.331522604341016,13,4.4194151048748855,0.0,0.0
2025-09-27,NC-SBY-UTR-7,0.9972038219002166,1040,9317.847022599992,36945.03809639998,12.424621795956874,17,0.5918829365079366,48,9.130096080602048,28,6.1832016696224725,0.0,0.0
2025-09-27,NC-SDA-UTR-24,0.9961133967081184,1906,9941.3190839,39532.85823979997,10.975933259729723,43,0.6404735554666672,67,8.892136359625296,23,4.353238085541034,0.0,0.0
2025-09-27,NC-SDA-UTR-25,0.9926686457625896,1425,7711.084779500004,29725.52083339999,12.506499231740609,42,0.6374105351170569,54,9.016768792348037,13,3.9037140870915055,0.0,0.0
2025-09-27,NC-SDA-UTR-26,0.998458297333194,2568,8203.716512999996,33446.96647639999,13.385697291515152,25,0.5858531626506025,44,9.430695580662336,14,5.796873811125156,0.0,0.0
2025-09-27,OA_CLUSTER,0.9994065242745344,47171,182632.2478007,727083.9223783999,12.83053411540433,582,0.5741909179944451,933,9.043030296976308,535,5.5242350833662766,3868.935746,0.070630143716988
2025-09-28,NC-SBY-BRT-15,0.9993358033339828,4282,8197.0844073,32047.632658200004,11.96991288861788,43,0.5882886178861789,55,9.211491581648204,47,5.06144428967467,0.0,0.0
2025-09-28,NC-SBY-BRT-16,0.999995500695065,1494,9131.5954991,41098.20032439997,10.412177255764082,20,0.6396193029490617,46,8.932769893765178,14,5.253478316991073,0.0,0.0
2025-09-28,NC-SBY-BRT-17,0.9620083545029008,2350,8215.486306599998,34516.569854599984,13.10872880815217,23,0.582020380434783,53,8.967334690393647,13,5.302747103968455,0.0,0.0
2025-09-28,NC-SBY-SEL-18,0.9997787945655936,1455,8863.142982400004,38209.38590170001,14.747635603248265,16,0.5369692575406032,43,9.111560781531214,28,6.403602418214682,0.0,0.0
2025-09-28,NC-SBY-SEL-19,0.9999938317808826,630,6865.659568800002,28797.377242800023,11.359901854790412,30,0.6024318862275453,55,8.344346485486474,54,4.595459704706998,0.0,0.0
2025-09-28,NC-SBY-SEL-20,0.9999937117235346,1782,6774.787306000003,28714.979893699998,15.538436645144358,20,0.513056430446194,39,8.840642268114982,32,6.126657542845256,0.0,0.0
2025-09-28,NC-SBY-SEL-21,0.9999979226020892,545,6248.685221700002,26582.374026899983,11.705410852014657,14,0.6126419413919417,46,8.866220585123445,17,5.167122789750221,0.0,0.0
2025-09-28,NC-SBY-SEL-22,0.9995354055851065,10027,8549.5334002,32383.590228599995,13.549213632712773,39,0.5736748670212766,62,9.213438861588012,30,4.056413707960947,0.0,0.0
2025-09-28,NC-SBY-SEL-23,0.9999965631570435,718,6392.059810399997,24926.086808299995,13.435701652091243,13,0.5519581749049428,25,9.450424409149694,4,6.294071002719888,1372.559077,1.0
2025-09-28,NC-SBY-TMR-10,0.9999955964457026,837,6109.350731999998,25791.843632099997,13.31152004271187,25,0.5803203389830516,43,8.768090606430041,30,5.015568279106295,0.0,0.0
2025-09-28,NC-SBY-TMR-11,0.9999950867890682,1375,7570.384013299999,32471.535207300007,15.223460604273493,13,0.5286177586894588,24,9.114960106225134,11,6.529836811683532,0.0,0.0
2025-09-28,NC-SBY-TMR-12,0.9915090755437976,1312,6682.821862399997,27859.47894810001,14.310316811428574,17,0.5528791006349207,38,9.215573922024491,24,5.862679568211252,0.0,0.0
2025-09-28,NC-SBY-TMR-13,0.9999950735992402,529,7968.130750799998,34296.29999420001,15.244611687692291,13,0.521874786153846,26,9.024671002688942,16,6.111730787024003,0.0,0.0
2025-09-28,NC-SBY-TMR-14,0.9929900122277412,534,7190.640276899992,28764.06837749999,10.795759660681112,50,0.6173865957186543,62,8.650156129763324,28,4.099208757998776,0.0,0.0
2025-09-28,NC-SBY-TMR-8,0.9999944755196464,6378,7238.928072499995,32089.945787500004,11.314383300664442,12,0.6223576158940399,28,9.13124547132526,4,5.811178082889197,0.0,0.0
2025-09-28,NC-SBY-TMR-9,0.9999556208816178,1396,6923.839443600001,31726.35835400001,13.753464710736193,7,0.5722119122699388,21,9.144627289651355,8,6.9031067475101295,0.0,0.0
2025-09-28,NC-SBY-UTR-1,1.0,580,5158.716221599997,20214.4876737,14.97056717435897,17,0.4542660256410255,31,9.02628747593329,19,5.6166459231228165,2443.454079,1.0
2025-09-28,NC-SBY-UTR-2,1.0,1155,11944.22256499999,56397.16289039996,12.310613140759925,23,0.5746666666666669,44,8.978260150498532,12,4.56140803175867,0.0,0.0
2025-09-28,NC-SBY-UTR-3,0.9999932300655244,547,6602.841099400003,29830.75467230001,17.092195907945204,13,0.4566171232876712,25,9.601266981978895,18,6.827053551490906,0.0,0.0
2025-09-28,NC-SBY-UTR-4,0.9999946915900864,355,6218.081348099997,26344.806917100024,17.937980155844155,7,0.4733725649350652,15,9.795980683754816,4,7.495462159430576,0.0,0.0
2025-09-28,NC-SBY-UTR-5,0.9999764517854104,1203,7693.967319099997,31336.872121,14.40909402151589,48,0.5050321921760397,43,9.443710590373794,35,4.355180452994844,0.0,0.0
2025-09-28,NC-SBY-UTR-6,0.9998523554935688,1597,6279.2949484,24109.30580859999,14.548425017434203,24,0.5270008196721311,41,9.381857348493678,14,5.442373365626642,0.0,0.0
2025-09-28,NC-SBY-UTR-7,0.971968530236874,2116,8859.537851199993,35148.31142659997,14.105330210406084,27,0.5492417721518981,42,9.282133225653409,25,5.572421644167724,0.0,0.0
2025-09-28,NC-SDA-UTR-24,0.9999681790123456,644,9302.886168100007,39548.06385880005,11.4485053416,33,0.6250711112,60,8.899435050849132,22,4.67446312906935,0.0,0.0
2025-09-28,NC-SDA-UTR-25,0.9999935742598786,693,6669.303513399997,28983.12383009998,13.553442677926425,22,0.5783687290969901,42,9.131998337663193,15,4.39784377609874,0.0,0.0
2025-09-28,NC-SDA-UTR-26,0.9988799948564632,2414,7993.7438689999935,33532.905404300014,13.239908453915666,27,0.5994106424698797,48,9.418722981603407,17,5.316653052701748,0.0,0.0
2025-09-28,OA_CLUSTER,0.9962382344939844,43197,171678.79100680002,723657.4287495997,13.70295594413127,514,0.5533388040221099,907,9.10594910323296,487,5.545951441798924,3816.013156,0.0705694648993618
2025-09-29,NC-SBY-BRT-15,0.999084850434629,7042,8578.574124899997,30277.89883649997,12.012618305420052,39,0.5769647696476966,53,9.050235043156263,31,4.805395716088459,0.0,0.0
2025-09-29,NC-SBY-BRT-16,0.9999966177638764,7351,9486.3129537,37624.51512749998,9.46757419544236,29,0.6669689455764075,65,8.907012508799532,17,4.64487835821721,0.0,0.0
2025-09-29,NC-SBY-BRT-17,0.997613332082082,7870,8378.195843600008,33101.74554620001,12.587207608108107,24,0.5936121621621617,45,9.02733314748899,11,5.793566385435617,0.0,0.0
2025-09-29,NC-SBY-SEL-18,0.9984682891694152,6321,9824.411119000002,36390.34407989999,12.92757250093024,39,0.5759396749419947,56,9.028118227282675,22,4.978660164776602,0.0,0.0
2025-09-29,NC-SBY-SEL-19,0.9999924456642272,5679,7922.954955200002,28683.196840199995,9.998981755988025,41,0.6453959580838328,59,8.252212089561674,50,4.382571414905216,0.0,0.0
2025-09-29,NC-SBY-SEL-20,0.9995433321109888,7142,8394.200249799998,30007.430935500004,12.270437806036746,40,0.5994370078740159,66,8.78609858463001,29,4.764099813489407,0.0,0.0
2025-09-29,NC-SBY-SEL-21,0.9999975410392076,5443,7188.652517099999,26640.997366700027,10.351933598168497,30,0.6656236263736268,65,8.806027597336344,18,4.208783835487209,0.0,0.0
2025-09-29,NC-SBY-SEL-22,0.9999674940898344,15144,8909.707123699995,31402.129758399995,13.309377469680843,36,0.5870591755319143,62,9.056016824982004,30,4.2120229599443295,0.0,0.0
2025-09-29,NC-SBY-SEL-23,0.9999194407365424,3193,6668.830869199999,23616.972090399973,12.30527864562737,17,0.5922870722433464,31,9.350081111160884,5,5.789031784777744,1256.057639,1.0
2025-09-29,NC-SBY-TMR-10,0.9997718439925336,6134,6862.586097599998,25374.82881170001,12.822929953741507,18,0.5891872881355936,32,8.877359766238873,15,5.445838084000081,0.0,0.0
2025-09-29,NC-SBY-TMR-11,0.9997562191244828,8762,9134.154365500008,33142.84080350001,11.145156179202274,33,0.6167386039886038,53,8.85102363795193,17,5.173274524143379,0.0,0.0
2025-09-29,NC-SBY-TMR-12,0.9999076278659612,4840,7369.379851499995,27097.4622905,12.900286406031755,25,0.587668253968254,40,9.030558863361655,21,4.896911376972793,0.0,0.0
2025-09-29,NC-SBY-TMR-13,0.9999956077872744,4932,9519.162853199996,34316.24047750002,11.813217636923074,31,0.6143570512820511,51,8.764431368340794,18,4.945795391925117,0.0,0.0
2025-09-29,NC-SBY-TMR-14,0.9999938377850024,5871,8098.555773699998,28312.26244189999,10.167334130581043,64,0.6552877165137612,77,8.536956219670003,45,3.441102172793153,0.0,0.0
2025-09-29,NC-SBY-TMR-8,0.9948303379293972,10151,7293.699165199998,26150.085087000007,11.124038045484948,44,0.6039467440397354,53,9.059898232968,9,3.918697448885496,0.0,0.0
2025-09-29,NC-SBY-TMR-9,0.9999912661895024,5610,6902.924088499993,27493.4411766,11.903318527914111,21,0.5874675358895702,43,8.988427949398591,13,5.748978295951146,0.0,0.0
2025-09-29,NC-SBY-UTR-1,0.9999804783950618,4509,6656.081766500003,22112.759060199987,10.078971684615382,41,0.5896073717948721,54,8.603691267210298,33,3.772194857762008,2887.2865719999995,1.0
2025-09-29,NC-SBY-UTR-2,0.9911738404046097,6976,11808.522257300005,40488.8433331,7.834997409909909,78,0.6716619464052288,117,8.788122599519378,9,3.718225086963643,4461.680538000001,1.0
2025-09-29,NC-SBY-UTR-3,0.9994182523502096,4486,7569.695855200004,29374.23135629999,15.201314309863022,17,0.503334703287671,34,9.518082807222449,13,6.702308867060374,0.0,0.0
2025-09-29,NC-SBY-UTR-4,0.9971201272190072,3433,7021.588310000003,25531.804705599992,12.593969549675329,23,0.595847402597402,33,9.411656445781782,8,5.8290108109073815,0.0,0.0
2025-09-29,NC-SBY-UTR-5,0.9997510599955955,5006,7584.9327761,28936.547010399998,13.1546819799511,25,0.5345552158924207,37,9.123111678484474,39,5.90944303792889,0.0,0.0
2025-09-29,NC-SBY-UTR-6,0.9995792588428642,5345,7258.297647899998,24984.620187,10.965280789041095,25,0.6015598360655735,53,9.072275080937226,11,4.563323601493746,0.0,0.0
2025-09-29,NC-SBY-UTR-7,0.9862253468281866,9321,10541.785502599992,37067.42476330001,11.735840733002496,34,0.6005677722358724,56,9.153631058335408,25,4.7998900043335775,0.0,0.0
2025-09-29,NC-SDA-UTR-24,0.999527901234568,7021,9983.169105700012,37172.73780939997,11.209895574666657,38,0.639542444533333,69,8.946106878126162,23,4.1573269707105975,0.0,0.0
2025-09-29,NC-SDA-UTR-25,0.9997970677667384,4664,7676.607664100003,28236.870822100005,11.427441092255895,46,0.6496184505016723,75,9.054156401406363,17,4.209926743240042,0.0,0.0
2025-09-29,NC-SDA-UTR-26,0.999905803770638,5327,8198.524553500003,31555.40699939997,13.91855233524097,27,0.587818273192771,54,9.478291119007787,15,5.314350968074834,0.0,0.0
2025-09-29,OA_CLUSTER,0.9981550022328168,150561,188973.206067,688128.6220858999,11.674431986050156,774,0.6020306864817806,1235,8.957356939320476,489,4.886639690937477,8605.024749,0.1285909712722298
2025-09-30,NC-SBY-BRT-15,0.9920761754212216,5448,8802.5338553,30807.11915160002,11.660876430352308,50,0.5935318428184282,61,9.127796381089906,29,4.491954874782942,0.0,0.0
2025-09-30,NC-SBY-BRT-16,0.9999962143779167,2764,9509.8387542,38091.91107840002,8.963047753887402,35,0.6779571045576407,60,8.91342003565888,25,4.735002743338843,0.0,0.0
2025-09-30,NC-SBY-BRT-17,0.998744013160259,5138,8624.238341299995,33748.99119999998,12.329682246756771,41,0.6093074324324329,55,8.946792432186236,14,4.77506185927256,0.0,0.0
2025-09-30,NC-SBY-SEL-18,0.9999254445742471,3146,10121.18600899999,37838.27720079999,12.452511776102096,38,0.5953252127610208,64,8.972606390581545,26,4.750206289040247,0.0,0.0
2025-09-30,NC-SBY-SEL-19,0.9999927228875582,2673,8206.098280500004,29708.211282800003,9.48199614850299,52,0.6696609281437124,69,8.242350910293764,55,3.911611869470348,0.0,0.0
2025-09-30,NC-SBY-SEL-20,0.99912665526315,3758,8539.323280499997,30952.98245379999,12.057413501312324,39,0.6115433070866139,71,8.76746910500018,25,4.814012841429667,0.0,0.0
2025-09-30,NC-SBY-SEL-21,0.9999978378103378,2346,7326.398622200003,27142.848262700005,9.690954741025635,35,0.6790439560439563,68,8.705971049299295,22,3.879711180320629,0.0,0.0
2025-09-30,NC-SBY-SEL-22,0.9999584133668242,11346,9142.7657651,31959.61831530001,12.849396338829784,32,0.6024321808510635,65,9.069206333944711,36,4.2358083608893455,0.0,0.0
2025-09-30,NC-SBY-SEL-23,0.9998579775190036,1831,6853.503474900004,24261.997235300005,11.260059823574142,24,0.6245649555133082,47,9.23145602307724,6,5.071459356318528,1296.070799,1.0
2025-09-30,NC-SBY-TMR-10,0.9957712441453144,3039,7036.898640600003,25709.6516304,11.572280526369866,26,0.6246737291525425,42,8.828295325516182,21,4.593688199999962,0.0,0.0
2025-09-30,NC-SBY-TMR-11,0.999882480160075,4426,9425.699578800008,34461.26863339998,10.23204921794872,41,0.649284188034188,70,8.759219467584536,22,4.550329389980466,0.0,0.0
2025-09-30,NC-SBY-TMR-12,0.9940494444444444,3407,7618.652505299997,27626.459652599977,11.279015614603177,41,0.6314023809523808,54,8.87413076647667,24,3.911873408996124,0.0,0.0
2025-09-30,NC-SBY-TMR-13,0.999994717473884,2022,9667.34278020001,35432.8933132,11.87386138923077,33,0.6198416666666671,62,8.814793228199726,24,4.772450104619646,0.0,0.0
2025-09-30,NC-SBY-TMR-14,0.9999927707554092,2809,8190.455898000002,29280.898613400008,9.519972485626916,64,0.6620871559633026,79,8.533899624993607,39,3.422559255710361,0.0,0.0
2025-09-30,NC-SBY-TMR-8,0.9923703284880752,3587,7456.513116700003,26808.802432300017,10.262037347756417,49,0.6315024038461537,55,8.849236127989178,29,3.6790761126501534,0.0,0.0
2025-09-30,NC-SBY-TMR-9,0.999678879809331,2236,7141.480252000001,27853.48326030003,12.35065236141975,27,0.5856618098159507,45,9.066888405111069,16,4.990846111283546,0.0,0.0
2025-09-30,NC-SBY-UTR-1,0.9998648179038088,3172,6838.6008959,22618.84617520001,9.385228536538463,54,0.6069054487179485,66,8.533206213451237,43,3.4825567113007447,2885.447117,1.0
2025-09-30,NC-SBY-UTR-2,1.0,2623,11649.478646499994,42409.46683309999,8.618989720915028,68,0.6743393246187362,113,8.788083882918883,9,3.856191827500964,5051.121775000002,1.0
2025-09-30,NC-SBY-UTR-3,0.9991692504813682,2040,7641.013410700004,29900.83273479999,14.642294868219164,14,0.5195543378082196,38,9.523217082517398,13,6.611060277106109,0.0,0.0
2025-09-30,NC-SBY-UTR-4,0.9999940178942988,1637,7021.341666899994,26606.550128800023,14.305712152866247,15,0.5520772292993631,27,9.56123471370728,7,6.143286918065538,0.0,0.0
2025-09-30,NC-SBY-UTR-5,0.996490495360026,2906,7830.986030200004,29199.60844810001,13.43659135647922,31,0.5250865617433416,43,9.1115182813029,35,5.198912914271493,0.0,0.0
2025-09-30,NC-SBY-UTR-6,0.9999830636273996,3195,7630.684995400002,25657.01741960001,10.554685506796115,54,0.63619694533762,77,9.006457854988014,23,3.241812907445452,0.0,0.0
2025-09-30,NC-SBY-UTR-7,0.9993016315378076,3252,10624.8242055,38070.19995650002,13.645025073039214,39,0.5886593673965939,71,9.19559062837455,22,5.431738482558159,0.0,0.0
2025-09-30,NC-SDA-UTR-24,0.9972468853859152,3053,10080.709014899994,37827.5194,10.39442335121952,47,0.6516479999999996,61,8.858036020599085,22,4.037821619000291,0.0,0.0
2025-09-30,NC-SDA-UTR-25,0.9946781033172384,2866,8119.4828585999985,29165.711755500008,10.66806033639456,59,0.6614448160535119,76,8.959583635046855,19,3.609366097767949,0.0,0.0
2025-09-30,NC-SDA-UTR-26,0.9972952917003574,6556,8405.084119999994,31810.19324630001,12.779601446987956,34,0.6065461846385538,53,9.38379669072418,19,4.5623780755866905,0.0,0.0
2025-09-30,OA_CLUSTER,0.9985686246302689,78801,192899.8590057,706147.9354123999,11.456459751339434,902,0.6148589187709083,1402,8.935125359767929,565,4.570719525468503,9232.639691000002,0.1281129971502911
2025-10-01,NC-SBY-BRT-15,1.0,3091,8823.981375399999,30934.265697300005,11.847102009214092,38,0.573780487804878,49,9.113636260053411,32,4.969981530703311,0.0,0.0
2025-10-01,NC-SBY-BRT-16,1.0,1738,9583.655072199992,37619.73039850003,9.774967432975862,31,0.6647446380697052,68,8.991899318761401,15,4.843259747524863,0.0,0.0
2025-10-01,NC-SBY-BRT-17,0.9979661043482616,2101,8836.114898499996,33674.86191749996,12.569869815718162,38,0.6022756756756755,58,8.872486512059755,16,4.024810649553063,0.0,0.0
2025-10-01,NC-SBY-SEL-18,0.9971460983471788,1912,10236.7546618,37487.05434909999,12.923767653132254,43,0.5871813614849186,67,9.0212908147606,27,4.568594964192359,0.0,0.0
2025-10-01,NC-SBY-SEL-19,0.999849831610808,1541,8203.282267299997,29207.825803999986,9.74892890840841,54,0.6551005488023952,58,8.283279017694525,48,4.026149766856031,0.0,0.0
2025-10-01,NC-SBY-SEL-20,0.9999427371925732,2879,8554.873382599995,30765.70707100002,12.533038306036747,34,0.590727034120735,54,8.807343696749852,35,4.911189840772847,0.0,0.0
2025-10-01,NC-SBY-SEL-21,1.0,1366,7385.234641200001,27045.923353599992,10.111790589743594,31,0.6636355311355311,58,8.715199706914333,18,4.063071411231936,0.0,0.0
2025-10-01,NC-SBY-SEL-22,0.99996272286249,9710,9289.6532252,31941.9760486,13.114120435638297,41,0.5977187500000003,69,9.051105836476763,38,4.282322084059698,0.0,0.0
2025-10-01,NC-SBY-SEL-23,0.9995458997675888,1284,7600.417432100004,21465.068533500005,10.622924885714296,38,0.6364221362934362,46,9.22749639999717,8,4.176313663878619,2568.831144,1.0
2025-10-01,NC-SBY-TMR-10,0.9953881142919352,2388,7006.7296999,25672.65323950001,12.10363644577465,27,0.6105723166101691,49,8.930682302446856,20,4.36140630838878,0.0,0.0
2025-10-01,NC-SBY-TMR-11,0.9997824883921824,2627,9479.182932400005,33088.61769699999,10.780917455840454,40,0.6288817663817658,60,8.815682057757746,15,4.641605480299325,0.0,0.0
2025-10-01,NC-SBY-TMR-12,0.9984939399960262,2168,7685.490480000004,27827.886640400004,12.120928908888889,28,0.6039037038095241,45,9.018029864718867,25,4.498125831184527,0.0,0.0
2025-10-01,NC-SBY-TMR-13,0.9998283003999584,1281,9686.18564850001,35044.6265751,12.241464082820515,29,0.6123940171794869,53,8.835621051406964,20,4.890767303802046,0.0,0.0
2025-10-01,NC-SBY-TMR-14,0.9999113822523176,1693,8363.6315445,28667.493559999995,10.016776860550468,59,0.6556452599388377,72,8.562757393046533,43,3.299695340144474,0.0,0.0
2025-10-01,NC-SBY-TMR-8,0.9982425272571358,1767,7380.033083600003,28220.78000520001,11.52848259391025,24,0.6004703525641024,47,9.121885706085164,14,4.602076877261843,0.0,0.0
2025-10-01,NC-SBY-TMR-9,0.9993575043295836,1447,7026.688876900001,26944.419765399987,12.385852917791404,19,0.5797811858895706,39,9.177336984568148,18,6.42596960681098,0.0,0.0
2025-10-01,NC-SBY-UTR-1,1.0,2108,6969.225140500001,22328.757035799987,8.61805502371795,67,0.6236017628205124,78,8.418733786604509,35,3.221847462828709,2905.5572010000005,1.0
2025-10-01,NC-SBY-UTR-2,0.9999991791436826,2548,11724.842350400004,41967.495334700005,8.713355784749458,67,0.6680697167755991,113,8.82182697627614,9,4.013610976623577,4947.422000000001,1.0
2025-10-01,NC-SBY-UTR-3,0.9943292749808051,1552,7883.5897099,23696.571905999997,10.542305207432436,55,0.5938699324324326,67,9.10042287307358,18,3.4601836010686213,2990.474986,1.0
2025-10-01,NC-SBY-UTR-4,0.9993230429394968,1217,7226.273323999996,25690.4606224,13.266309819108264,33,0.5592048834394902,36,9.477246920543005,4,5.32705661485223,2.429116,1.0
2025-10-01,NC-SBY-UTR-5,0.9997937597032016,1757,8366.381284299998,30209.02395040001,13.229354457110086,21,0.5041167814220185,36,9.291521578128275,29,6.616892392879006,0.0,0.0
2025-10-01,NC-SBY-UTR-6,0.9995330742039932,1995,7793.7633099,25444.88629319998,10.550159614754095,40,0.6169675774919613,63,9.207661841237217,11,4.0269769293258975,0.0,0.0
2025-10-01,NC-SBY-UTR-7,0.9944376970300316,3472,10765.100944700009,38299.734221399965,13.028926138221154,26,0.5848902680851064,60,9.233008930769731,15,5.165673874496293,0.0,0.0
2025-10-01,NC-SDA-UTR-24,0.9974870130873468,2146,10035.1175391,37175.79766339999,11.10169154293333,38,0.6411860000000003,65,9.000323728056285,17,4.137155882945998,0.0,0.0
2025-10-01,NC-SDA-UTR-25,0.9999099287808966,1217,7992.080158500003,28959.616893100003,11.810383315050164,40,0.6510404123745817,68,9.036656784877106,18,4.112191634762897,0.0,0.0
2025-10-01,NC-SDA-UTR-26,0.999725359772423,1783,8462.440298099998,32007.1658801,12.8581932746988,28,0.6165645081325305,59,9.380886561782008,19,5.26434486956169,0.0,0.0
2025-10-01,OA_CLUSTER,0.9988261039240032,53642,195871.08528580004,693245.8200195999,11.465658163737794,883,0.6078145492950325,1345,8.9632457685456,513,4.585071520289099,13414.714447000002,0.2042569081404033
2025-10-02,NC-SBY-BRT-15,0.9990237726250576,3534,8933.693025900006,31268.89786959999,11.62895804173442,39,0.5842773262872627,56,9.093204430862954,28,4.634701319343152,0.0,0.0
2025-10-02,NC-SBY-BRT-16,1.0,1291,9478.285452099995,37683.30520270003,10.253260458445034,19,0.6509220286863269,57,9.013633271031384,16,5.29893012548219,0.0,0.0
2025-10-02,NC-SBY-BRT-17,1.0,1808,8603.438405199995,34051.457897500026,12.042627917837835,29,0.6044029278378382,55,8.942472989663898,13,5.179014602944567,0.0,0.0
2025-10-02,NC-SBY-SEL-18,0.9981071389705082,2557,10043.929663899997,36758.19355959999,11.75854888097448,40,0.611119489559165,74,8.881458321310875,33,4.572074810991313,0.0,0.0
2025-10-02,NC-SBY-SEL-19,0.9987316076862156,1159,8026.390158299998,29071.174842200013,9.486962532035916,41,0.6633922155688614,52,8.204065360292782,46,4.112450923253805,0.0,0.0
2025-10-02,NC-SBY-SEL-20,0.9991572680479858,4465,8488.9554096,30532.450832900005,12.28216622201592,41,0.6016124236220471,69,8.75270593335133,30,4.542142146824112,0.0,0.0
2025-10-02,NC-SBY-SEL-21,0.999812497608388,1500,7379.565895499995,26976.84864269999,9.299573378388272,44,0.6959285714285717,76,8.655854501443912,29,3.976011018719952,0.0,0.0
2025-10-02,NC-SBY-SEL-22,0.9968276026388424,9053,9100.393372199993,31258.707859399983,12.332061315957455,54,0.6116888297872343,68,8.942284946171483,37,4.168143043225825,0.0,0.0
2025-10-02,NC-SBY-SEL-23,0.999897042564953,980,6972.786921699998,21863.995119300005,9.305368796969692,42,0.6684956709956711,55,9.08362895799857,5,3.6929660879523274,5147.25255,1.0
2025-10-02,NC-SBY-TMR-10,0.9699312152372944,2972,7062.471560599997,24449.6007383,11.672265143389826,30,0.6164731640677967,42,8.903726031207404,27,4.311078236583523,0.0,0.0
2025-10-02,NC-SBY-TMR-11,0.9989780802618766,2297,8782.0207085,31515.70138620001,11.142648397619052,26,0.6141168154761908,47,8.779910423850762,22,5.130700310138021,0.0,0.0
2025-10-02,NC-SBY-TMR-12,0.9891082729388052,1467,7709.802401199997,27720.79685230001,12.23393841153846,34,0.6139743387301588,55,8.966831622924675,25,4.192429997509057,0.0,0.0
2025-10-02,NC-SBY-TMR-13,0.99929810660019,883,9608.901909099995,35121.09991239999,11.741851044102564,29,0.6181628205128202,49,8.791386520663764,22,4.9225300495573405,0.0,0.0
2025-10-02,NC-SBY-TMR-14,0.999866184894506,1276,8106.800825500004,28521.6127427,10.540613515902148,49,0.6343012232415903,62,8.581868578961053,41,3.5992896526461737,0.0,0.0
2025-10-02,NC-SBY-TMR-8,0.9982812596935292,1718,7242.451742300001,27354.35265890001,11.161261387055012,33,0.6001108439102567,46,9.036801836558087,13,4.578125368808441,0.0,0.0
2025-10-02,NC-SBY-TMR-9,0.9871251257732936,1518,7170.105604800006,27515.03930540001,11.972374441017957,27,0.5924301395209577,43,9.118538396605407,23,5.957285487214069,0.0,0.0
2025-10-02,NC-SBY-UTR-1,1.0,1984,7382.704580599992,23003.298150799998,8.617224361858964,77,0.6280961538461539,92,8.349081374800878,35,1.7438619146153496,5885.722855999999,1.0
2025-10-02,NC-SBY-UTR-2,1.0,1998,11582.2898176,42801.51960129997,8.700693964705879,74,0.6722984749455342,115,8.817684506831398,8,4.009689870904752,7645.294749999996,1.0
2025-10-02,NC-SBY-UTR-3,1.0,989,7907.747775400003,24865.518976799987,11.025043031506844,45,0.584438641438356,64,9.147640897340706,15,3.6665554733122048,6387.654845,1.0
2025-10-02,NC-SBY-UTR-4,0.9987916024250674,1166,7177.663418900003,22928.977065600007,9.962398129019617,39,0.6421637254901964,66,9.187390660158878,3,3.681593596229762,5221.585066,1.0
2025-10-02,NC-SBY-UTR-5,0.9912734269904786,1558,8468.600508800002,30538.036619900005,12.76284185058005,23,0.5327486621559632,45,9.149428891243124,38,6.254547484252246,0.0,0.0
2025-10-02,NC-SBY-UTR-6,0.9996510932848942,1666,7672.7764691,26045.059940200008,10.62499590325734,26,0.6154386385852084,56,9.09635292502267,9,4.203311547318795,0.0,0.0
2025-10-02,NC-SBY-UTR-7,0.999885051358791,2054,10547.099947300005,38373.38304489997,13.64098219417249,25,0.5570545843822845,50,9.24744238362054,18,5.98253557604014,0.0,0.0
2025-10-02,NC-SDA-UTR-24,1.0,1129,9892.395093099994,37288.72747130002,10.944568760266666,34,0.6361788888000003,67,8.957982563897822,20,4.337938430898955,0.0,0.0
2025-10-02,NC-SDA-UTR-25,0.9998527499070976,697,7882.256991799995,28906.737065700014,11.67879395050167,38,0.6412274247491646,63,9.06427045839615,18,4.353490239605372,0.0,0.0
2025-10-02,NC-SDA-UTR-26,0.9998010095939311,2990,8358.092982400005,32041.82838670002,12.90489999789157,28,0.6084967370481926,50,9.409319759179857,18,5.37123891227109,0.0,0.0
2025-10-02,OA_CLUSTER,0.9968193150355034,49893,193448.8755741,690219.0288216003,11.14766235178816,886,0.6154682344918776,1394,8.903826768934424,536,4.534595557465439,30287.510067,0.1950635940057927
2025-10-03,NC-SBY-BRT-15,0.9901783155899404,2893,9253.463495600005,31510.399101100003,10.683067157723572,49,0.6053956639566394,70,8.967792822487809,28,3.73338430681334,0.0,0.0
2025-10-03,NC-SBY-BRT-16,1.0,930,9516.332653700008,37829.58882609998,10.054645323056306,20,0.6595475871313671,57,9.021351127239363,12,5.260614186336016,0.0,0.0
2025-10-03,NC-SBY-BRT-17,0.9854480069257182,1666,8903.302895900004,34371.2462766,11.894393931891887,28,0.6142952702702706,58,8.961767053558496,11,4.621321582227443,0.0,0.0
2025-10-03,NC-SBY-SEL-18,0.9995676217982,1283,10134.84469369998,37225.6536893,13.028034513255818,32,0.5899565890697677,56,9.012815567463486,27,4.828956761484353,0.0,0.0
2025-10-03,NC-SBY-SEL-19,0.995021177908317,722,7914.564055499992,28610.278622099995,10.09088856287425,36,0.6396454589820358,48,8.368952958299067,50,4.603371786987525,0.0,0.0
2025-10-03,NC-SBY-SEL-20,0.9999847805482648,4154,8465.813116599998,30573.53465560001,12.279562576517147,32,0.594455145118734,48,8.794162658046762,30,5.16889163090877,0.0,0.0
2025-10-03,NC-SBY-SEL-21,0.9999946157237825,598,7254.191511000001,27039.416276500007,10.054770667399271,35,0.663686813186813,54,8.706690374249243,24,4.27273128079737,0.0,0.0
2025-10-03,NC-SBY-SEL-22,0.9979601617907802,9837,9112.022090500004,31671.47499800004,12.571390960106372,40,0.6024175531914896,58,8.99174938781398,38,4.877949582953939,0.0,0.0
2025-10-03,NC-SBY-SEL-23,1.0,844,6936.3810207000015,21817.6518671,9.937581904328994,34,0.6452294372294372,49,9.1257434125217,6,3.9602493069195512,5244.928073000001,1.0
2025-10-03,NC-SBY-TMR-10,0.9795491177535376,938,7158.0797071,25526.63544269999,12.451384361666664,22,0.5893945182724252,37,9.00373503004748,16,4.829580357954535,0.0,0.0
2025-10-03,NC-SBY-TMR-11,0.999377355740197,1851,8744.102430699997,31401.4563168,11.378270725000013,30,0.6096044148809524,49,8.842756663855418,11,5.310140492820584,0.0,0.0
2025-10-03,NC-SBY-TMR-12,0.9958668309632442,773,7575.103225499997,27264.914579,11.379719193610228,30,0.6282082009523814,54,8.947524561797465,27,4.2863602945243455,0.0,0.0
2025-10-03,NC-SBY-TMR-13,0.9905792649050577,967,9634.929864100006,34194.04323960001,11.797645697948722,50,0.6178420941025643,63,8.78826901567669,23,4.442990526658218,0.0,0.0
2025-10-03,NC-SBY-TMR-14,0.9933474735847314,2140,7911.297232100002,28216.235122200007,10.183856596330266,52,0.6540634556574922,78,8.638155299057809,45,3.8055542717421846,0.0,0.0
2025-10-03,NC-SBY-TMR-8,0.994825739659906,2460,7269.482422900001,27287.84243320002,11.845167687096769,21,0.5729156250000004,42,9.15771929086547,2,5.0484139450242,0.0,0.0
2025-10-03,NC-SBY-TMR-9,0.9889997411265492,1155,7102.061608100003,27688.1890179,13.37933261946108,25,0.5800484029940123,35,9.226771802422434,15,5.931669697844856,0.0,0.0
2025-10-03,NC-SBY-UTR-1,1.0,1104,6772.269107899999,22563.96951460001,9.798895495833332,53,0.5936193910256409,62,8.618050197505076,36,3.754722106506495,5605.594843999999,1.0
2025-10-03,NC-SBY-UTR-2,0.9982515213203748,1101,11740.028235099997,44115.101415500016,8.683199011982573,74,0.6791998910675389,118,8.7789489464049,8,3.717213225491407,7785.170844000001,1.0
2025-10-03,NC-SBY-UTR-3,1.0,909,8008.463937700002,25387.2567533,11.32985920787671,40,0.5827696917808215,59,9.194314552422986,15,3.970904943305885,6632.772908999998,1.0
2025-10-03,NC-SBY-UTR-4,0.9992990984053648,1191,7602.034281100003,23514.374055499997,10.479083010483864,33,0.6377372549019609,53,9.326072008239466,3,3.932888313850523,5527.537667999999,1.0
2025-10-03,NC-SBY-UTR-5,0.9879095694885168,1031,8612.048673100004,31706.79516540002,13.323206377033497,20,0.5215623035377364,42,9.26685191500314,28,6.172001332442613,0.0,0.0
2025-10-03,NC-SBY-UTR-6,0.9987498075264843,791,7702.083165400001,26298.75792399998,11.582432434935903,40,0.5979065495207673,54,9.171135679679557,12,3.944588384428226,0.0,0.0
2025-10-03,NC-SBY-UTR-7,0.9998883548274106,1490,10574.323094199994,38389.26122099997,14.428595400694444,23,0.5404702932870372,43,9.295071934283117,19,5.435275893550225,0.0,0.0
2025-10-03,NC-SDA-UTR-24,1.0,563,10163.173709299994,37950.6816349,10.696633833866668,56,0.6433844445333333,83,8.841467285185228,26,3.87785504605832,0.0,0.0
2025-10-03,NC-SDA-UTR-25,0.9874151940229938,518,7967.1182177,28972.01516470001,12.322417857525082,32,0.6347176698996654,55,9.124064854826983,15,4.231642428327971,0.0,0.0
2025-10-03,NC-SDA-UTR-26,0.999730484437751,1243,8404.287803699995,32153.18177830001,13.266426884939754,22,0.5987040662650607,49,9.404557212974112,18,5.618266051213629,0.0,0.0
2025-10-03,OA_CLUSTER,0.995330351330732,40828,193897.22251820003,694204.0765131001,11.50267867852777,819,0.607744329713789,1287,8.964554003040094,486,4.651881074580684,30796.004338,0.1945979899497487
2025-10-04,NC-SBY-BRT-15,0.999228557269522,3762,9181.7883782,32858.793030300025,11.104131656910576,28,0.6002533875338755,46,9.176553560367363,23,4.977812556547945,0.0,0.0
2025-10-04,NC-SBY-BRT-16,0.999477517672242,2522,9291.324563199994,39261.68511429999,11.21037114235924,14,0.6230670241286862,42,9.02118768813279,13,5.888218000851813,0.0,0.0
2025-10-04,NC-SBY-BRT-17,0.9683211908232542,3330,8654.138634499997,35306.59956600002,11.94645557374302,39,0.6176194134078213,65,8.878701237787642,17,4.244645372096636,0.0,0.0
2025-10-04,NC-SBY-SEL-18,0.9997125815359515,3231,9524.142600000005,37656.40258659999,14.040290892111368,25,0.5512169371229699,51,9.045768481632416,35,5.64150460520724,0.0,0.0
2025-10-04,NC-SBY-SEL-19,0.9999734074027664,1835,6865.408143099999,27558.68540310001,13.67764362904191,12,0.5402083332335332,30,8.73291349935644,29,6.046314145435555,0.0,0.0
2025-10-04,NC-SBY-SEL-20,0.9999810562868496,3591,7432.008641600003,29490.42369539997,15.040068092125988,17,0.5235527120734911,31,8.994418291229067,20,6.555874511248248,0.0,0.0
2025-10-04,NC-SBY-SEL-21,0.9999866161905856,1802,6695.448143900001,26983.473303499995,11.273834891941387,23,0.6257152014652011,41,8.84632267912586,20,4.896084761709095,0.0,0.0
2025-10-04,NC-SBY-SEL-22,1.0,12282,8665.794434200003,31654.554277099996,13.695611828989364,45,0.5775090869680856,54,9.175040403740462,33,4.530197945675196,0.0,0.0
2025-10-04,NC-SBY-SEL-23,1.0,1237,6531.7962396,21336.721276400007,10.685964231168834,23,0.622411255411256,41,9.170155974262928,3,4.794099076570457,5516.347091999999,1.0
2025-10-04,NC-SBY-TMR-10,0.9990609508171084,3358,7144.530070399999,26370.54660910002,11.26930007227722,51,0.6204475409836064,62,8.520373258088872,45,3.240255663772512,0.0,0.0
2025-10-04,NC-SBY-TMR-11,0.9892261335756232,3281,8676.328670399995,31982.02304299998,12.775913433908046,34,0.5738480532763534,45,9.070749539810937,15,4.390399750221236,0.0,0.0
2025-10-04,NC-SBY-TMR-12,0.9580118262186684,3123,7466.735154599999,27484.336109000003,13.260096765644178,34,0.5665570844036701,46,9.009151345737784,28,3.5443392609190387,0.0,0.0
2025-10-04,NC-SBY-TMR-13,0.998390252324986,1473,8689.412054800003,34354.0416759,16.30499361218274,16,0.5152438662436545,22,9.201957273581073,9,6.689220973966183,0.0,0.0
2025-10-04,NC-SBY-TMR-14,1.0,1939,7307.544712599995,28329.3546248,13.50932496574924,13,0.550135321100918,30,8.925640015624754,18,6.149046510505693,0.0,0.0
2025-10-04,NC-SBY-TMR-8,0.9950055790791652,2657,7199.327447599999,29541.32100970001,12.796356435514015,14,0.5635088923780486,33,9.280272095835883,3,5.944085166351735,0.0,0.0
2025-10-04,NC-SBY-TMR-9,0.9927261466108188,6527,6954.785869299999,29365.274162500005,13.67522687557471,11,0.5411980364942527,26,9.2497701259842,11,5.701442601028115,0.0,0.0
2025-10-04,NC-SBY-UTR-1,0.9999740524511168,3309,5612.672824199995,20874.93045009999,12.431200361538462,16,0.5121971153846157,23,8.87860439905377,28,5.955081420690013,4867.015676000002,1.0
2025-10-04,NC-SBY-UTR-2,0.9956398040681326,5215,11696.297272399992,45685.63267500003,9.707473860566449,63,0.6420740740740745,106,8.87012453750725,5,4.35876638189814,8236.278998000002,1.0
2025-10-04,NC-SBY-UTR-3,1.0,1341,7400.304348499997,25225.85835500001,13.492797413698623,23,0.5277305934931505,39,9.33877957566876,10,4.947863971085312,6378.387556,1.0
2025-10-04,NC-SBY-UTR-4,1.0,1329,6929.675120799996,23322.723923500005,12.224866064313725,15,0.5852212419607842,42,9.479372095691971,1,4.871713782296296,5405.747384,1.0
2025-10-04,NC-SBY-UTR-5,0.9899250405865172,2267,8439.977109599999,32418.812325600007,13.602988521770348,38,0.5230434356132074,54,9.307326083764409,36,5.21875622217627,0.0,0.0
2025-10-04,NC-SBY-UTR-6,0.9968602397613991,1951,6663.8757212,24152.96577899997,14.571904483333345,26,0.5046682692307696,48,9.246758503406896,9,3.536969533195538,0.0,0.0
2025-10-04,NC-SBY-UTR-7,0.9896717895285232,2189,9433.735697800004,37325.37062,16.071553794588237,6,0.4970733023148148,23,9.420222716341533,21,9.28524347385599,0.0,0.0
2025-10-04,NC-SDA-UTR-24,1.0,2432,9717.019580500004,38110.7525842,12.119595712266667,47,0.6102411112000005,59,8.92821714520322,17,4.694688808399399,0.0,0.0
2025-10-04,NC-SDA-UTR-25,0.9904963992670144,1549,7344.595308299993,28895.072751699976,14.268231677591974,12,0.5783837792642137,36,9.281516256872408,10,5.592704102549784,0.0,0.0
2025-10-04,NC-SDA-UTR-26,0.9996592369141388,1771,8140.629338700003,32926.17611770002,15.053563079819275,15,0.560464608433735,26,9.55977618565904,19,6.685110177125605,0.0,0.0
2025-10-04,OA_CLUSTER,0.9941632955457612,73551,182457.0518525,698540.5296149,13.050588501232724,586,0.5640781512981768,1000,9.081304217750825,432,5.352072130762768,30403.776706000004,0.1932144193588624
2025-10-05,NC-SBY-BRT-15,1.0,4328,8643.945305400006,32998.3521307,12.23811907425474,39,0.5741158536585367,52,9.33872226096554,30,5.136175580500328,0.0,0.0
2025-10-05,NC-SBY-BRT-16,0.9995390849965248,4156,9076.411873000005,40982.1816405,11.037710130294908,10,0.6325978552278825,31,9.019110898482852,9,6.144607010490498,0.0,0.0
2025-10-05,NC-SBY-BRT-17,0.9795645974298404,3939,8556.810533799997,36335.52890690001,12.588190592643056,26,0.602210810810811,54,8.995189096089758,15,4.9606286658808,0.0,0.0
2025-10-05,NC-SBY-SEL-18,0.9999588627820568,3613,8891.921383199999,37688.48278739999,14.60528030324827,29,0.5445860401392111,43,9.068956837632491,34,5.624925812774064,0.0,0.0
2025-10-05,NC-SBY-SEL-19,1.0,3428,6573.7048197999975,27943.48442400001,12.579805296407184,25,0.5712335329341313,42,8.504252153476987,45,5.09706155307993,0.0,0.0
2025-10-05,NC-SBY-SEL-20,0.9999536429474094,3740,6591.746910799996,28442.2844552,15.96166157769028,17,0.4951620734908135,31,8.930427944362933,25,6.7203649971902,0.0,0.0
2025-10-05,NC-SBY-SEL-21,1.0,2962,6337.9432422,26861.628803099986,11.50999777252748,20,0.6203919413919413,49,8.870630175948033,22,5.029643411916021,0.0,0.0
2025-10-05,NC-SBY-SEL-22,1.0,12342,8375.542157099999,31889.7832315,14.510167276595752,49,0.5598472960106382,56,9.223390628322033,30,4.037327782977141,0.0,0.0
2025-10-05,NC-SBY-SEL-23,1.0,1864,6205.121689200001,21632.791226499998,12.582916288744588,17,0.5647056277056275,31,9.197414839369022,7,5.070530156163371,5701.606425999998,1.0
2025-10-05,NC-SBY-TMR-10,0.9997559390798586,3119,5838.278415600001,24733.566063899976,15.105519996721313,18,0.5220923498360652,35,9.082398569263372,28,5.446262073200771,0.0,0.0
2025-10-05,NC-SBY-TMR-11,0.9661809882966638,4253,7788.455075400004,29877.0906273,13.090330895058136,30,0.575776115954416,37,8.993892889571235,11,5.251418218030451,0.0,0.0
2025-10-05,NC-SBY-TMR-12,0.9917365057211532,2413,6485.148730599997,27312.364571400023,16.342667222935784,12,0.5060361877675839,40,9.38270446265122,15,5.993220477896901,0.0,0.0
2025-10-05,NC-SBY-TMR-13,0.998977926222816,2971,7756.603782599998,33533.68659709999,15.839914156345166,14,0.5167747461928935,24,9.077652695742206,10,6.359766966761974,0.0,0.0
2025-10-05,NC-SBY-TMR-14,0.9999981220506896,2430,6997.454488199992,29104.572453699995,12.62040341712537,26,0.5781169724770643,42,8.812167193730357,19,5.535810615610497,0.0,0.0
2025-10-05,NC-SBY-TMR-8,0.9999988502575424,3748,7001.029232299999,30852.825992900016,13.15821045975611,13,0.5443407012195118,30,9.318527751052232,5,6.271024604219384,0.0,0.0
2025-10-05,NC-SBY-TMR-9,0.9977210509244244,4707,6801.6471111,30162.706682300017,13.96603102,18,0.5624988025862068,33,9.199121108195955,19,6.584837329016224,0.0,0.0
2025-10-05,NC-SBY-UTR-1,0.9999578703703704,3466,5192.1743295,20397.0975714,14.214278246153844,18,0.4556081730769233,25,9.068595141547762,24,6.034282903048053,4697.480548,1.0
2025-10-05,NC-SBY-UTR-2,1.0,6081,12200.422777100008,49050.56002679999,8.8814791335512,72,0.6665849673202622,107,8.728589097313373,13,3.81884758002666,9454.669517999995,1.0
2025-10-05,NC-SBY-UTR-3,1.0,2623,6928.160608999996,25242.78397459999,13.907810641780832,25,0.5165239726027397,43,9.35568530425652,13,4.703279081003961,6425.724838,1.0
2025-10-05,NC-SBY-UTR-4,0.9999709848096944,2636,6543.262183399998,23173.88737420001,14.437314220784316,19,0.540226470588235,36,9.587977299015533,1,4.75125410611454,5375.4789660000015,1.0
2025-10-05,NC-SBY-UTR-5,0.9949162591522276,3212,7838.747538500007,31920.413324800014,15.00211314336492,20,0.4891556082938389,28,9.510162547913549,29,6.1192683550379785,0.0,0.0
2025-10-05,NC-SBY-UTR-6,0.996660184960126,2848,5796.362407599998,22646.5602782,17.42151996346155,9,0.4410208333333333,29,9.705004744121908,2,7.639454766224262,0.0,0.0
2025-10-05,NC-SBY-UTR-7,0.9927420436473722,3653,8636.016956400004,36532.48342239999,16.500104706481498,10,0.4774560185185186,36,9.4310003639333,21,8.503792574839522,0.0,0.0
2025-10-05,NC-SDA-UTR-24,1.0,4388,9334.1190703,38978.27576330004,11.4984617848,49,0.6252593333333333,71,8.811373028762892,23,3.4765134290883783,0.0,0.0
2025-10-05,NC-SDA-UTR-25,0.9993074910194476,2343,6580.438807199999,28279.05111060001,14.778050637123744,11,0.5544158304347832,25,9.303562699579668,14,5.270971063378345,0.0,0.0
2025-10-05,NC-SDA-UTR-26,0.9997115545515396,3108,7863.317116100003,34153.527773300004,14.755831357228915,16,0.5665195783132534,33,9.488255700163814,17,6.529821352927863,0.0,0.0
2025-10-05,OA_CLUSTER,0.996254196972209,88532,171056.91155179997,699315.1165667999,13.825490314902574,536,0.5467296099225953,934,9.14135406920376,427,5.719601184115276,31654.960296,0.1932144193588624
2025-10-06,NC-SBY-BRT-15,0.999999529509184,2821,8591.248796000002,30588.244040000005,12.518083311924116,26,0.5587865853658542,50,9.165358246036549,28,5.151487848265602,0.0,0.0
2025-10-06,NC-SBY-BRT-16,0.9989728778621456,1113,9521.753453599998,37084.3282417,9.833138289276144,27,0.6627895442359252,52,8.964560230265118,13,4.969503576691036,0.0,0.0
2025-10-06,NC-SBY-BRT-17,0.9999617084889494,3634,8399.6014839,33257.60033749999,12.771533768108116,23,0.5922412162162162,46,8.98929736172149,7,5.480396841581192,0.0,0.0
2025-10-06,NC-SBY-SEL-18,0.9996056163355924,1208,9863.610177,35774.2942118,12.826143537296034,34,0.5814804719257537,65,8.941931870303677,32,4.691830175966017,0.0,0.0
2025-10-06,NC-SBY-SEL-19,1.0,907,7896.083776200003,28262.191384700007,10.3085371997006,33,0.6314079341317368,48,8.341051034252748,45,4.540666348219487,0.0,0.0
2025-10-06,NC-SBY-SEL-20,0.998596911165226,2354,8363.461675400002,29025.898334399968,12.538723885224275,33,0.5855485564304461,58,8.814599591062624,25,5.124094294461388,0.0,0.0
2025-10-06,NC-SBY-SEL-21,1.0,897,7267.573339199992,26549.9425478,10.069648476556775,32,0.6617545787545783,67,8.754635800280248,16,4.0711452369078005,0.0,0.0
2025-10-06,NC-SBY-SEL-22,0.9998893998719464,7843,8864.361238500001,30746.58693069998,13.326327894680844,39,0.5880538563829785,55,9.020090553489936,30,4.322909670990982,0.0,0.0
2025-10-06,NC-SBY-SEL-23,1.0,932,6848.328087900004,21078.3779322,10.517473435930734,30,0.6365476190476189,37,9.126944957201989,6,3.9809684946035295,5272.822050000001,1.0
2025-10-06,NC-SBY-TMR-10,0.9992102577806344,1035,7114.724349600003,25799.955492199995,13.134068361042946,18,0.5563323107361959,41,9.08163109530781,14,4.655633971715729,0.0,0.0
2025-10-06,NC-SBY-TMR-11,0.9613443808376017,2453,9661.889862199998,31376.236951900013,10.960042419777162,45,0.6214533975206615,53,8.874092312299378,22,4.130696872174841,0.0,0.0
2025-10-06,NC-SBY-TMR-12,0.9848009281110804,1927,7410.950073599994,25579.38952650002,12.87139309939209,23,0.5780901518181815,44,9.174349243243332,17,4.2398056979522165,0.0,0.0
2025-10-06,NC-SBY-TMR-13,0.9950926118673696,750,9567.886445899998,34007.64118459999,12.064722298984773,29,0.6059735516372792,56,8.862407794079244,14,4.811599301045497,0.0,0.0
2025-10-06,NC-SBY-TMR-14,1.0,761,8035.407097199998,28004.744846400037,10.839177381345568,40,0.6253077981651379,55,8.703496884780536,37,4.12120651240908,0.0,0.0
2025-10-06,NC-SBY-TMR-8,0.9999911101874942,6752,7242.2006078,27790.33600059999,13.608652488059713,17,0.5306410447761195,36,9.381627014950224,2,6.281022741809719,0.0,0.0
2025-10-06,NC-SBY-TMR-9,0.99795790604447,954,7031.145415500007,27633.676480400023,13.478819536827196,7,0.5505194289325844,28,9.23348530501464,12,6.026477946198336,0.0,0.0
2025-10-06,NC-SBY-UTR-1,0.9999440972222222,3688,6678.372047899996,21969.9706563,9.508726969871791,44,0.5996217948717949,57,8.533838011128717,27,3.881451711517828,5838.492886000002,1.0
2025-10-06,NC-SBY-UTR-2,1.0,1288,11836.326550299997,42006.18268180001,8.198760300871456,83,0.678558823529412,118,8.741710425594746,9,3.602959376008464,9196.81094,1.0
2025-10-06,NC-SBY-UTR-3,0.9982468006392148,571,7921.520166399993,24033.600900099977,11.124724061301368,42,0.5801558219178082,54,9.120674605149604,10,3.847744516098948,6172.839258000001,1.0
2025-10-06,NC-SBY-UTR-4,0.9998891769563342,879,7495.219312800005,22906.060209900017,10.628974924302794,31,0.6223490196078427,49,9.264916653133714,1,4.07723981405171,5724.709144,1.0
2025-10-06,NC-SBY-UTR-5,0.999890073650654,1032,7992.215169399999,29922.69505479998,14.640203537440764,10,0.4858880331753555,30,9.386350734784084,26,7.443271566896311,0.0,0.0
2025-10-06,NC-SBY-UTR-6,0.9970119108708658,1144,7222.187942300004,24468.886296099976,12.680290779487178,20,0.5597949945686902,48,9.242559146230134,6,4.949798756058548,0.0,0.0
2025-10-06,NC-SBY-UTR-7,0.9950086527759728,2335,10654.3043834,37215.11910719999,14.61626380045248,25,0.5259300527149322,43,9.327611356392126,26,6.363412760709057,0.0,0.0
2025-10-06,NC-SDA-UTR-24,1.0,443,9880.277683799995,36045.12963630001,10.811090099466671,57,0.6481182221333333,77,8.87532418114491,21,3.4185653299040784,0.0,0.0
2025-10-06,NC-SDA-UTR-25,0.9998417177629134,980,7700.635262400002,27833.65407629999,11.890115083277596,31,0.6382750836120403,67,9.088800845425997,19,4.462686214380941,0.0,0.0
2025-10-06,NC-SDA-UTR-26,0.9997846943328872,894,8302.000305899988,31546.09602229999,13.10515057590362,31,0.613083584337349,52,9.41525061483736,22,5.447979523884388,0.0,0.0
2025-10-06,OA_CLUSTER,0.9966744280456752,47278,191480.371452,675081.9593496,11.96021028043953,711,0.5901053911476865,1190,9.002941880281844,425,4.886606461341404,32205.67427800001,0.1916841975003093
2025-10-07,NC-SBY-BRT-15,0.9957073719186836,3578,8881.851365900004,30535.69142370001,12.655093619783203,32,0.5529087623306235,46,9.197618590062229,35,4.936496063503935,0.0,0.0
2025-10-07,NC-SBY-BRT-16,0.9995705494765188,757,9768.057517300003,37377.2672736,10.635063360857904,34,0.6395187667560325,63,9.032495955806857,10,4.990381699008327,0.0,0.0
2025-10-07,NC-SBY-BRT-17,0.9982652785629044,1186,8715.38431940001,33309.6587608,13.472007849725276,29,0.5897056308108105,56,9.027649587631371,12,4.972914264138982,0.0,0.0
2025-10-07,NC-SBY-SEL-18,0.9896834232773628,4012,10428.8958474,35496.819077700005,12.561809158372109,57,0.5797685614849187,75,8.969919024419655,28,3.66351711431928,0.0,0.0
2025-10-07,NC-SBY-SEL-19,0.996971669391765,746,8333.6719472,28716.45768270001,10.057403428528524,47,0.6408889721556891,54,8.224887922514313,49,3.8580225856904447,0.0,0.0
2025-10-07,NC-SBY-SEL-20,0.9945258578788764,1568,8474.7226388,29457.75195760001,14.229773283377313,29,0.544457783641161,47,8.934844321243574,15,4.983452543403589,0.0,0.0
2025-10-07,NC-SBY-SEL-21,0.9920532746574412,1313,7466.490977799999,26283.9223627,10.577919976556776,24,0.6289270450549451,50,8.739006687228274,16,3.73907728374372,0.0,0.0
2025-10-07,NC-SBY-SEL-22,0.9994027499814692,8425,9238.397899600008,30917.435073999997,14.248616069680848,39,0.5598597074468082,56,9.038137637493971,29,4.612414675208891,0.0,0.0
2025-10-07,NC-SBY-SEL-23,0.9971846941638608,1158,7251.662329199999,21077.32313809999,10.700127749783556,33,0.6161428571428573,42,9.166306891631258,7,3.5809719042853025,5435.481622000001,1.0
2025-10-07,NC-SBY-TMR-10,0.9939055321874488,4287,7217.290550499999,25446.032202799997,14.539977859692303,15,0.5258691205521472,32,9.234903055311932,10,6.818290726750333,0.0,0.0
2025-10-07,NC-SBY-TMR-11,0.982220187843354,2878,9546.432773700002,31686.53071870001,11.396698319444448,36,0.5839850779614321,40,8.972822486236588,15,5.003915904265439,0.0,0.0
2025-10-07,NC-SBY-TMR-12,0.9949924497848084,3620,7760.822599599997,27408.9257649,14.32540774044321,25,0.5295719491803277,40,9.242210989073588,12,4.37298690962068,0.0,0.0
2025-10-07,NC-SBY-TMR-13,1.0,496,9827.02650780001,34513.9298314,13.17698179181141,24,0.5590161290322581,40,8.928071738875696,9,5.182886420513144,0.0,0.0
2025-10-07,NC-SBY-TMR-14,0.9996647723644724,1234,8246.432647,27664.98226449997,11.80173186085626,46,0.599476299694189,56,8.760595054429249,33,4.124900840098728,0.0,0.0
2025-10-07,NC-SBY-TMR-8,0.9998465394610072,4717,7325.545146400005,27709.1655089,14.129965205671647,13,0.5201092038805971,35,9.484943745630233,3,6.9583994066691295,0.0,0.0
2025-10-07,NC-SBY-TMR-9,0.9996060815725512,6112,7305.1697535999965,27813.751696000003,14.25627230688704,14,0.5335571625344353,35,9.395001248322464,12,6.019299109322501,0.0,0.0
2025-10-07,NC-SBY-UTR-1,0.9996723319730416,2651,7055.616057599997,22544.363595100007,9.218452764102564,41,0.5934767628205131,51,8.464241854809318,30,3.84403311466478,5914.672514000001,1.0
2025-10-07,NC-SBY-UTR-2,1.0,3333,12060.889776499993,42326.757843900006,8.546984650108932,90,0.674882897603486,118,8.792888374402853,9,3.531205336128793,9056.712519999995,1.0
2025-10-07,NC-SBY-UTR-3,0.9900408712057608,621,8143.846812599992,24345.2488915,11.477241363356177,43,0.5647982304794518,55,9.21778493836559,7,3.714745152223297,6068.961119999999,1.0
2025-10-07,NC-SBY-UTR-4,1.0,778,7578.449241000006,23112.90422920001,11.557055813725492,24,0.586693137254902,36,9.431326213377725,3,4.618142850985292,5598.708608000001,1.0
2025-10-07,NC-SBY-UTR-5,0.9996915992441338,1006,8137.419337600003,30004.26033800001,15.40946713578199,9,0.4582616509478672,21,9.4787475443051,27,8.373439689610843,0.0,0.0
2025-10-07,NC-SBY-UTR-6,0.9999349399560504,744,7658.944188399997,25479.25684229998,13.107723561980835,21,0.5383610223642172,35,9.27862159099063,6,4.46303723403652,0.0,0.0
2025-10-07,NC-SBY-UTR-7,0.999619978903555,2382,10617.051160899997,37547.2304692,15.924135594144138,14,0.5032528026905828,27,9.372995682079033,27,7.4306809024930685,0.0,0.0
2025-10-07,NC-SDA-UTR-24,1.0,919,9905.424805100009,36260.45037350001,12.654867979999992,33,0.5974242223999997,62,9.075004843021407,11,4.358343074102568,0.0,0.0
2025-10-07,NC-SDA-UTR-25,0.9987022119933512,885,7953.454403000002,28412.2438474,12.778569565886285,44,0.6187480491638795,61,9.110811810675456,11,3.9915778092417193,0.0,0.0
2025-10-07,NC-SDA-UTR-26,0.9997388860999554,1060,8448.421671299999,31419.9264489,14.584526711144578,22,0.5728624496987953,44,9.52956355235708,16,5.8421188443358485,0.0,0.0
2025-10-07,OA_CLUSTER,0.9966945916743184,57602,197040.0713958,680775.6669472997,12.63244574977397,739,0.5686452948955683,1110,9.062416015796366,404,5.029393820652329,32074.536384,0.1904352102286697
2025-10-08,NC-SBY-BRT-15,0.9952756753054536,1900,8662.0937569,30194.6578728,11.215593450953676,42,0.5957567750677502,61,9.078240850685718,28,4.749599027404528,0.0,0.0
2025-10-08,NC-SBY-BRT-16,1.0,723,9635.902061199997,37527.685217100014,10.129229394906162,27,0.6553954423592495,55,8.972805578551483,17,4.902023997028199,0.0,0.0
2025-10-08,NC-SBY-BRT-17,1.0,1087,8783.653695099996,34502.7370376,11.599771832972968,29,0.6242905405405406,62,8.858599407143496,13,4.907967041851997,0.0,0.0
2025-10-08,NC-SBY-SEL-18,0.9998195574302836,1588,10080.341707000003,36295.3658147,12.487850157756563,48,0.5949530627684965,74,8.916625970648019,33,4.12520901034107,0.0,0.0
2025-10-08,NC-SBY-SEL-19,1.0,680,8017.493403100004,28978.819901200022,8.887110676047909,42,0.6797836826347307,69,8.195868445487454,58,4.188853410518717,0.0,0.0
2025-10-08,NC-SBY-SEL-20,0.994740813678206,2332,8405.862578499993,30475.802739799983,12.52319664259259,36,0.5945985449735444,62,8.750523914465367,27,4.694225082806393,0.0,0.0
2025-10-08,NC-SBY-SEL-21,0.9999498032831368,1436,7432.913835900001,26890.5796574,10.16888184798535,29,0.6682133699633698,69,8.737988063352235,18,3.9618692298011,0.0,0.0
2025-10-08,NC-SBY-SEL-22,0.9998698284657016,7977,9147.4066379,31186.754087100016,12.152324533155078,49,0.6077422013368984,58,8.893723244765331,37,3.9736682682968607,0.0,0.0
2025-10-08,NC-SBY-SEL-23,1.0,845,7089.7025786,21268.2021272,9.00546734415584,44,0.6701601731601734,52,9.048647979146471,8,3.431988574532288,5619.750666000001,1.0
2025-10-08,NC-SBY-TMR-10,0.9938059654655714,1910,7158.456034700005,26447.22413669999,13.844851785454546,16,0.5357295454545452,36,9.16118466473798,10,6.314961470684457,0.0,0.0
2025-10-08,NC-SBY-TMR-11,0.9932031945713592,1570,9510.315185199996,33410.87454889999,10.48481834501348,43,0.6269499099730453,65,8.909088717467254,18,4.730321394036307,0.0,0.0
2025-10-08,NC-SBY-TMR-12,0.9992410049162264,3525,7733.812523399999,28201.09047650001,14.127655933242496,21,0.5444518365591399,36,9.202091394649912,17,5.342265703820118,0.0,0.0
2025-10-08,NC-SBY-TMR-13,0.9900816638288108,1021,9947.781284099998,34841.85951150001,11.747036916097558,37,0.609398823844282,67,8.842445494135308,18,4.53421189816062,0.0,0.0
2025-10-08,NC-SBY-TMR-14,0.9991003249784892,1787,8264.830129799995,28237.661476099987,8.989465644342504,57,0.6507905198776753,75,8.606126627995918,45,3.369451364285016,0.0,0.0
2025-10-08,NC-SBY-TMR-8,0.981504206256087,1514,7418.414358199998,27776.29699630003,13.652445124776133,18,0.5480731340298507,44,9.387962368190015,11,5.613470313925642,0.0,0.0
2025-10-08,NC-SBY-TMR-9,0.9860608442052105,1822,7334.139481600004,27898.71503579997,14.429271528291316,31,0.5419848487603304,51,9.364497156581177,6,5.067335023179283,0.0,0.0
2025-10-08,NC-SBY-UTR-1,0.9998764265577914,2937,7092.809114699997,22608.523152000027,8.622753654807699,49,0.6243133012820514,72,8.393980111303584,37,3.27157780658056,5936.572134000002,1.0
2025-10-08,NC-SBY-UTR-2,1.0,1651,11961.349746000016,42895.824488899954,7.710759810239651,92,0.6996187363834422,123,8.741586492631948,11,3.5458938071156045,9356.935585999994,1.0
2025-10-08,NC-SBY-UTR-3,1.0,659,8145.580475199999,25590.028254100023,10.45947767972508,42,0.6058410652920958,65,9.124350053280564,10,3.5916460797807823,6701.538982000002,1.0
2025-10-08,NC-SBY-UTR-4,0.9999718381976448,786,7495.828910300001,23383.107882600005,10.43579522156863,30,0.6346254901960785,52,9.258731781143982,2,4.476328197182312,5526.993278,1.0
2025-10-08,NC-SBY-UTR-5,0.999828165089186,1019,8083.6837031999985,30331.86383569997,13.624612690284366,14,0.5112251184834126,33,9.303937962155665,28,7.347870950270455,0.0,0.0
2025-10-08,NC-SBY-UTR-6,0.9997106529849706,852,7783.495791299999,25797.607559700005,11.720127764965993,31,0.5956038338658143,72,9.29084652315762,10,3.8835497123349008,0.0,0.0
2025-10-08,NC-SBY-UTR-7,0.9968861100658364,793,10515.8091238,37838.91413639997,14.230253608163276,17,0.5427197311659193,45,9.328475128839838,21,7.124597321188008,0.0,0.0
2025-10-08,NC-SDA-UTR-24,1.0,679,9923.158137199996,37060.00458910001,11.355619268533331,33,0.6296839999999998,62,8.978104407827544,15,4.287191082490587,0.0,0.0
2025-10-08,NC-SDA-UTR-25,1.0,777,7885.849846199993,28987.31733320001,11.503935314046815,46,0.6481354515050165,71,9.043817383170564,16,4.190186739882312,0.0,0.0
2025-10-08,NC-SDA-UTR-26,0.992342570765013,1426,8544.674841500006,31964.0717959,13.442541706325306,30,0.6073616969879517,53,9.473096733453264,23,5.111237058244525,0.0,0.0
2025-10-08,OA_CLUSTER,0.996813201257817,40414,195701.6761157,692580.1959460999,11.511839862141006,844,0.6044982655854381,1398,8.974935411435972,483,4.741029592276478,33141.790645999994,0.1901546771421556
2025-10-09,NC-SBY-BRT-15,0.995967773542445,3069,8435.552798400004,30620.56617390001,10.897113636684788,45,0.6051605691056913,59,8.961629216220755,39,4.537832010605149,0.0,0.0
2025-10-09,NC-SBY-BRT-16,0.9999075272013987,826,9636.068660799998,38142.20963969999,9.64876792949062,34,0.6692933423592499,77,8.970338269670071,9,4.578785561671072,0.0,0.0
2025-10-09,NC-SBY-BRT-17,1.0,1281,8794.8810627,35656.68591540001,11.896396420270277,28,0.6191060810810814,59,8.900030654905063,19,5.240723160587117,0.0,0.0
2025-10-09,NC-SBY-SEL-18,0.9991532880045886,2122,10216.034526599997,37336.8841074,12.005092208391607,53,0.5964516628770298,80,8.895897042744545,33,4.054014775172505,0.0,0.0
2025-10-09,NC-SBY-SEL-19,0.9999319763251276,1214,8085.6819937,29771.270222899973,9.287090492514974,54,0.6769371257485033,69,8.182489222767593,58,3.9226119674492304,0.0,0.0
2025-10-09,NC-SBY-SEL-20,0.9942760804371984,4215,8352.797393300005,31062.01330709998,11.810854751842106,44,0.606840789473684,71,8.657521977770537,26,4.371274365554707,0.0,0.0
2025-10-09,NC-SBY-SEL-21,0.9999750712250712,943,7320.024679600002,27532.735524200016,10.113227698901108,33,0.6671483516483521,71,8.728918524055969,18,3.861602941164631,19.518813,1.0
2025-10-09,NC-SBY-SEL-22,0.9997236739419504,8630,9063.747189800004,31909.37239239997,12.959048320588224,39,0.6014739304812836,63,8.974714447896083,32,4.476482705018616,0.0,0.0
2025-10-09,NC-SBY-SEL-23,0.9999268161559406,944,7032.404737799998,21754.944280199987,9.457606546255503,36,0.6634220783549784,49,9.066055706000622,6,3.632148513742373,4995.146707,1.0
2025-10-09,NC-SBY-TMR-10,0.9997306145392936,1055,7022.442837900002,26780.61956690001,13.6095097,19,0.534455303030303,30,9.08406338513801,8,5.477490311024686,0.0,0.0
2025-10-09,NC-SBY-TMR-11,0.988275697306337,3054,9203.3988586,33656.2636251,11.11216107707182,31,0.6066585803234507,45,8.918219723234861,15,5.229420800671777,0.0,0.0
2025-10-09,NC-SBY-TMR-12,0.9989241916907744,4589,7832.036156500002,29186.06133069999,14.20971371801076,20,0.5472056451612903,45,9.12517724431392,22,5.120776832432384,29.129846,1.0
2025-10-09,NC-SBY-TMR-13,0.9949221766471285,1373,9710.918405400009,35431.57316750002,11.197526943902435,40,0.6075444038929446,64,8.813065165642904,21,4.607439807110338,0.0,0.0
2025-10-09,NC-SBY-TMR-14,0.9992853510297418,2556,8205.443616200002,29271.31686130002,9.38355075963303,67,0.6552262996941891,68,8.475449264097026,46,2.8592235536904806,0.0,0.0
2025-10-09,NC-SBY-TMR-8,0.9992745666735724,8049,7308.257791199999,28733.78464150001,13.230662198507453,26,0.5533457710447758,43,9.355596721404936,6,5.672993583875742,0.0,0.0
2025-10-09,NC-SBY-TMR-9,0.971264919643403,7534,7350.536337499999,28852.421092000022,14.742095687257622,9,0.5322660696969701,21,9.442036890507875,5,6.846454228013505,0.0,0.0
2025-10-09,NC-SBY-UTR-1,0.9999768518518518,2017,7172.866602799996,23587.57614360004,8.422022228846153,67,0.6322315705128202,81,8.341941404314042,41,3.197875315884202,4963.101554000002,1.0
2025-10-09,NC-SBY-UTR-2,0.999972883584433,3156,12003.9037149,43425.72230720004,7.996860905882351,92,0.6957173202614374,120,8.729939562129225,7,3.527671737429402,7139.154991999999,1.0
2025-10-09,NC-SBY-UTR-3,1.0,664,8101.108301799996,26190.7497998,10.769218269178086,43,0.6071481164383561,65,9.150556256878811,9,3.689190021182735,4517.056497999999,1.0
2025-10-09,NC-SBY-UTR-4,1.0,983,7575.602922399998,24251.024639999985,9.645257505882352,41,0.6532029411764708,67,9.173467986113364,7,3.920915452869127,3432.5665980000003,1.0
2025-10-09,NC-SBY-UTR-5,0.9962738738074616,1122,8146.604665300007,31100.2061515,13.525020329397597,17,0.5164325117370898,35,9.268416474310865,29,7.036857954243772,0.0,0.0
2025-10-09,NC-SBY-UTR-6,0.999899276356492,1291,8058.916389200002,27343.71486809999,11.091638968181812,39,0.6193325345047921,78,9.160339116938374,8,3.779451471405645,0.0,0.0
2025-10-09,NC-SBY-UTR-7,0.9989963786859803,2739,10304.6971294,38472.06868719999,14.887868634318172,13,0.5174628177130053,33,9.341085724949862,24,7.9393350511398575,0.0,0.0
2025-10-09,NC-SDA-UTR-24,1.0,1201,9834.168783199995,37741.86749230001,11.056661700266664,38,0.6485000000000001,68,8.946914054191508,21,4.322351870696301,0.0,0.0
2025-10-09,NC-SDA-UTR-25,0.99906877090301,4001,7906.439573799998,29816.3592079,10.783403347157192,51,0.6724832775919735,79,8.976364574877975,17,3.674442337940652,0.0,0.0
2025-10-09,NC-SDA-UTR-26,0.9870472707713372,4058,8367.597772399997,32838.45651520001,12.082408549390248,38,0.6250853658536584,58,9.353012798583112,22,4.7901934228350544,31.002267,1.0
2025-10-09,OA_CLUSTER,0.997036693743844,63426,194933.9267718,710069.7844456,11.5046576962695,890,0.6048688403170931,1393,8.947859951058568,488,4.7762569256235805,25095.675008,0.268938465310125
2025-10-10,NC-SBY-BRT-15,1.0,2504,8911.2953298,31619.094683100026,11.363926642597413,31,0.6018201298701301,48,9.075717056485384,40,5.353655432231867,0.0,0.0
2025-10-10,NC-SBY-BRT-16,0.9999180153502372,803,9573.848722200004,38349.91651410002,9.166719739410189,25,0.6771012064343159,71,8.911134904369908,11,4.897862517305601,0.0,0.0
2025-10-10,NC-SBY-BRT-17,1.0,1283,8863.281510100005,35407.46345889999,11.659182084594589,30,0.6324364864864862,65,8.86527749438852,14,4.877086648122952,0.0,0.0
2025-10-10,NC-SBY-SEL-18,0.9999963032976266,1023,9949.032655799992,37320.89347370001,12.822415363573098,42,0.5843694895591647,72,8.982087244242988,21,4.301493126916149,0.0,0.0
2025-10-10,NC-SBY-SEL-19,0.9999725181669932,1118,7802.596493900006,29010.97384179999,10.10546584550899,32,0.6447751997005983,50,8.4020905801634,47,4.564684671770988,0.0,0.0
2025-10-10,NC-SBY-SEL-20,0.9999299642955232,1703,8483.610509199994,30798.422105800026,11.69676697900261,49,0.6095380577427819,70,8.724109018879643,25,4.418567807941536,0.0,0.0
2025-10-10,NC-SBY-SEL-21,1.0,737,7341.844525100003,27553.14685050001,9.664991898901102,33,0.6723379120879113,60,8.76352200444064,20,4.252169025299603,0.0,0.0
2025-10-10,NC-SBY-SEL-22,0.9999600440166768,9319,9024.6740335,31855.156905800024,12.409844437433147,35,0.6136588681818186,69,8.96600803995067,36,4.58260283360181,0.0,0.0
2025-10-10,NC-SBY-SEL-23,1.0,796,6983.7023318,21981.911376999986,10.28463162510823,31,0.6458275610389608,46,9.150496655006137,5,4.21377591642891,2935.1764859999985,1.0
2025-10-10,NC-SBY-TMR-10,0.9989021084396602,1599,6923.087964200001,26520.447247500008,14.07443341681416,10,0.5313082595870203,28,9.23006990637776,12,7.268487394927718,0.0,0.0
2025-10-10,NC-SBY-TMR-11,0.9917160930799016,2538,9517.9574103,34839.76781809997,11.778229561597945,31,0.5956930842783504,45,9.033764127507643,13,5.201128246629686,0.0,0.0
2025-10-10,NC-SBY-TMR-12,0.9952401046130854,2670,7634.089436100003,28806.775294500003,14.906525572486771,22,0.542493165873016,52,9.174872947396077,23,5.948514490647266,0.0,0.0
2025-10-10,NC-SBY-TMR-13,0.9996623501712328,602,9819.427963799992,36050.73048660001,12.734176827423171,41,0.579301282051282,61,8.90505890666748,17,4.423501941113048,0.0,0.0
2025-10-10,NC-SBY-TMR-14,0.9947011569695976,648,8048.916903000005,28658.67802120001,9.639329740366966,49,0.6392744648318038,76,8.594783199518597,35,3.944542688556647,0.0,0.0
2025-10-10,NC-SBY-TMR-8,0.9995567334375948,10943,7493.873867600002,28920.947845499988,11.212726062462464,13,0.5842324427299698,41,9.222561390857871,6,5.9945999814764495,0.0,0.0
2025-10-10,NC-SBY-TMR-9,0.9993029360022988,5984,7220.388835500002,29816.22439250002,15.27110144128688,12,0.5101322608579089,24,9.439654544067889,2,6.491398710660286,0.0,0.0
2025-10-10,NC-SBY-UTR-1,0.9999373935075364,1586,6925.649026500002,23039.17459430001,8.795254813782051,53,0.6244743589743589,69,8.493778495859893,30,3.764644066174051,3096.6330730000004,1.0
2025-10-10,NC-SBY-UTR-2,1.0,3268,11894.996854399998,44172.62716849998,8.033987077559912,76,0.6898436819172119,123,8.734185075597638,12,3.672953873520892,4837.241161999999,1.0
2025-10-10,NC-SBY-UTR-3,0.9985386894274564,563,8033.886581799999,26020.4320666,11.805675042953023,38,0.5734983221476506,56,9.251244830906154,9,3.887037117492232,3310.851093000001,1.0
2025-10-10,NC-SBY-UTR-4,0.9991268330033478,905,7593.368155400005,24044.3829089,10.11227923490196,31,0.6367872549019604,54,9.27337808806906,3,4.253230677893615,2988.1237210000004,1.0
2025-10-10,NC-SBY-UTR-5,0.9891213732203668,1514,8393.288191200003,31852.74943539997,12.797275449065408,26,0.5322093067757007,35,9.208365381109632,28,7.014608177051146,0.0,0.0
2025-10-10,NC-SBY-UTR-6,0.9993407753242336,1241,8243.102989000005,26422.744162500006,11.296662288737204,35,0.6200862619808305,61,9.20809313960315,12,3.9422965219184296,0.0,0.0
2025-10-10,NC-SBY-UTR-7,0.9998887356850128,7628,10288.321921999996,38482.8443793,15.284426950782995,26,0.5092765486725664,37,9.35015914765884,26,7.383398856836612,0.0,0.0
2025-10-10,NC-SDA-UTR-24,1.0,492,10061.743041999993,37973.18399520001,10.507993374399998,55,0.665158,88,8.792680255853934,27,3.977330871203852,0.0,0.0
2025-10-10,NC-SDA-UTR-25,1.0,683,7899.266431800002,29697.323335899968,11.445965726086955,39,0.6586605351170572,73,9.069168452214898,15,4.1081222253674765,0.0,0.0
2025-10-10,NC-SDA-UTR-26,0.9875695889470404,2479,8342.508719000001,32557.813788900006,12.900448204878044,22,0.6128856707317075,59,9.384464747113787,17,5.322099210151903,0.0,0.0
2025-10-10,OA_CLUSTER,0.998364651859978,60975,194964.24221220004,711545.5050321,11.729690304353038,771,0.599135390537298,1313,8.999297716957921,447,5.05662627230177,17168.025535,0.1883935061788224
2025-10-11,NC-SBY-BRT-15,0.9998943250377074,1984,8904.905179999992,32871.8723417,11.459910420155046,36,0.596320661597938,60,9.201125734604704,28,5.448275853808462,0.0,0.0
2025-10-11,NC-SBY-BRT-16,0.9952249060392616,758,9447.728537900006,38580.23922860001,10.376708392493288,22,0.6347524573726542,42,9.024329419659498,13,5.839501885256081,0.0,0.0
2025-10-11,NC-SBY-BRT-17,0.996564022352087,1583,8943.804875399996,35550.42637319998,12.136860826216228,39,0.6177193691891887,72,8.853066428227224,16,4.415822608137336,0.0,0.0
2025-10-11,NC-SBY-SEL-18,0.9970349657396212,1944,9572.3334552,37962.19129539999,14.463792954756386,32,0.5503718097447795,54,9.187241720649542,13,5.308014788157866,0.0,0.0
2025-10-11,NC-SBY-SEL-19,0.9990493112774388,615,6964.374369900005,28239.55855589999,12.696267016975307,12,0.5664458580838325,36,8.653210658543783,29,5.817878747479969,0.0,0.0
2025-10-11,NC-SBY-SEL-20,1.0,856,7292.068356699993,29397.003553800023,15.169326438057736,16,0.5196017060367454,28,8.960624552916215,20,6.557883111282986,0.0,0.0
2025-10-11,NC-SBY-SEL-21,0.9961119400130074,944,6625.7927571000055,26680.623916199987,11.529863767399256,11,0.6159890109890108,32,8.916997747107995,12,5.610062416855806,0.0,0.0
2025-10-11,NC-SBY-SEL-22,1.0,9233,8648.254783299997,31283.484425000017,13.23165271229947,38,0.5857473262032085,59,9.152291912914617,31,4.648068864345397,0.0,0.0
2025-10-11,NC-SBY-SEL-23,1.0,864,6800.921098100001,22026.099966,10.318755135064938,28,0.6381103896103896,41,9.089950296033752,8,4.282529935407214,2909.04233,1.0
2025-10-11,NC-SBY-TMR-10,0.9851701934443426,1996,6704.575576599993,26166.82495290001,14.167310895942048,37,0.5214231884057974,43,9.0497825731431,25,4.570593001733225,0.0,0.0
2025-10-11,NC-SBY-TMR-11,0.9905891882900864,925,8442.9426247,32855.72799649998,14.90958132290078,17,0.507787013451777,41,9.257033878470727,9,6.333847418311279,0.0,0.0
2025-10-11,NC-SBY-TMR-12,0.9983074252989528,4169,7175.260146599999,27979.33331659998,15.39305386908603,28,0.5081289682539685,38,9.191905150144963,20,5.401097304495303,0.0,0.0
2025-10-11,NC-SBY-TMR-13,0.9959413750817316,432,8779.248501400005,34387.210616300006,15.98837610606062,15,0.4811328671328669,27,9.260419811024784,13,7.495959752812298,0.0,0.0
2025-10-11,NC-SBY-TMR-14,0.9994626326301996,585,7422.132626499997,28655.96323240004,12.096576833333346,18,0.5770833333333335,30,8.888100433103464,27,5.810977344148278,0.0,0.0
2025-10-11,NC-SBY-TMR-8,0.9957852218505686,2983,7579.712321200008,24672.478891799983,9.925289939147287,31,0.5814891977777775,62,9.05552539460657,0,3.8844017488750606,3226.168007,1.0
2025-10-11,NC-SBY-TMR-9,0.9984377963192088,9192,7098.172847100004,30393.01393839997,15.457117666487928,6,0.4926865504021448,12,9.399272823199135,1,7.903179462774205,0.0,0.0
2025-10-11,NC-SBY-UTR-1,0.9998496527777778,2274,5782.748475099998,21120.2100373,12.191906552564095,14,0.5118902243589745,23,8.841502289779294,24,6.041577089073006,2557.458489999999,1.0
2025-10-11,NC-SBY-UTR-2,0.9991470723835868,4267,11841.09490800001,45255.54288360002,9.256420499564266,48,0.6503943355119824,83,8.813598080946578,8,4.531476340861452,4907.679712999999,1.0
2025-10-11,NC-SBY-UTR-3,0.9996187138229516,487,7392.859752799999,25735.92355460001,12.723517890102388,17,0.5431100682593859,34,9.332247490173623,6,5.060753833317564,3186.537708,1.0
2025-10-11,NC-SBY-UTR-4,0.9992509801407984,745,7139.130325399997,23626.012644300008,11.202927072690752,19,0.5974186274509803,42,9.40925619973341,1,4.889669045410287,2833.074235,1.0
2025-10-11,NC-SBY-UTR-5,0.9797318335306758,1481,8741.901982600002,26798.7665979,10.043378050555551,63,0.5688380888586956,83,8.903120707981161,52,3.716006888014922,3325.0219840000013,1.0
2025-10-11,NC-SBY-UTR-6,0.9991139913529586,1205,7568.0855409,20971.457384499987,11.473250869498068,46,0.5701173664122137,54,9.110631919613509,5,2.6518602645996303,2836.529078,1.0
2025-10-11,NC-SBY-UTR-7,0.9965524077642732,1510,9445.583338000002,29945.71616039999,11.651680217045458,26,0.5404441414168935,50,9.095630677154505,14,5.412651839290454,4274.807445999998,1.0
2025-10-11,NC-SDA-UTR-24,1.0,374,9771.422321900003,38659.671251900014,11.875953017866678,37,0.6210573333333332,56,8.956804886286028,16,4.780524734525947,0.0,0.0
2025-10-11,NC-SDA-UTR-25,1.0,353,7435.782649999996,29764.313745100026,13.622404903344483,18,0.5957929207357857,34,9.211230254756927,14,5.29658627509866,0.0,0.0
2025-10-11,NC-SDA-UTR-26,0.9954886560129408,1322,8083.949450500009,33108.1430162,15.172442004216856,21,0.5659435240963863,33,9.472590555913111,13,6.277970244931948,0.0,0.0
2025-10-11,OA_CLUSTER,0.9963963528715704,51032,184313.63238050003,681155.6818632998,12.640684570692368,619,0.5622225429751309,1046,9.07017911083272,375,5.366398644514206,30056.318991,0.3538307711536058
2025-10-12,NC-SBY-BRT-15,0.9998365037390884,1330,8306.017470000003,33294.06214760001,12.160767025000004,31,0.5736832041237115,47,9.365213062280317,28,5.6232106712206615,0.0,0.0
2025-10-12,NC-SBY-BRT-16,0.9945237318519762,618,9365.288188199997,41768.13633440001,9.870423331635392,22,0.6473552278820371,48,8.998932848283085,12,5.63614443867895,0.0,0.0
2025-10-12,NC-SBY-BRT-17,0.9992486646998708,1131,8735.307615099999,37435.0880669,11.57743297,31,0.6126889640540537,61,8.893620151831858,16,4.962407692080112,0.0,0.0
2025-10-12,NC-SBY-SEL-18,0.9999511262692125,964,8862.062848599999,38614.58355619999,14.613551727610208,16,0.5332985306264504,43,9.186834446574286,24,6.735810396520131,0.0,0.0
2025-10-12,NC-SBY-SEL-19,0.9999385186111458,1302,6599.588644299996,28765.31494600002,13.0200664230539,20,0.5613088823353292,40,8.614709859434596,31,5.317132135397305,0.0,0.0
2025-10-12,NC-SBY-SEL-20,1.0,355,6697.045260499996,29004.761648700023,16.459294306299224,16,0.4967244094488189,32,8.944644717831643,23,6.42558974131269,0.0,0.0
2025-10-12,NC-SBY-SEL-21,1.0,508,6242.7779181000005,27205.463552800004,12.655704443956049,12,0.6022646520146527,30,9.00799645321437,14,5.772267813181076,0.0,0.0
2025-10-12,NC-SBY-SEL-22,0.9999148400382072,10309,8294.980637100001,31967.59942400001,13.66757466978611,50,0.5715995989304814,68,9.173777610587774,27,4.09071706389381,0.0,0.0
2025-10-12,NC-SBY-SEL-23,0.9999761608623547,991,6293.059133600001,22271.816616199994,12.190211190476193,17,0.5650454545454549,34,9.286920034770214,7,5.324344605093135,3004.206897000001,1.0
2025-10-12,NC-SBY-TMR-10,0.9999579312051472,5636,6169.135232900004,26718.001515299977,16.465307762889523,17,0.4704348441926346,18,9.255571534812605,19,7.766584882559419,0.0,0.0
2025-10-12,NC-SBY-TMR-11,0.9994763981777648,553,7855.480520599997,33571.3066621,15.292743321867336,6,0.4902089460784314,16,9.267821612578771,17,8.30433566947054,0.0,0.0
2025-10-12,NC-SBY-TMR-12,0.99996896996499,983,6666.820052699999,28316.668392399974,16.575036494444454,20,0.4884195325396826,35,9.304628675219307,16,7.806501779468119,0.0,0.0
2025-10-12,NC-SBY-TMR-13,0.9998680983570096,484,7901.725929800001,34721.990707199984,16.366504442141235,9,0.467990318906606,24,9.176685569574609,15,6.8827927570540535,0.0,0.0
2025-10-12,NC-SBY-TMR-14,0.9982851211162408,1034,7090.718000900005,30178.850502800015,12.326883873273273,34,0.5751278777777777,52,8.796161317717653,16,4.702442713822995,0.0,0.0
2025-10-12,NC-SBY-TMR-8,0.999808549510254,503,7601.904859800002,26540.302201600018,10.62830405407408,33,0.5837666666666662,58,9.057585760060364,0,3.8717620816026295,3501.825790000001,1.0
2025-10-12,NC-SBY-TMR-9,0.9998042348329924,5491,7044.026341399999,32479.742078500007,15.56765370509384,7,0.4957006254691689,18,9.359640218469682,3,7.770018127541427,0.0,0.0
2025-10-12,NC-SBY-UTR-1,0.9970813657407408,1994,5257.2346109,20929.774072799995,14.09485276282051,19,0.4689775641025638,32,8.989424945531024,23,5.585180978516646,2449.904528,1.0
2025-10-12,NC-SBY-UTR-2,1.0,1635,12406.37120400002,49306.65689569996,8.71894268910675,70,0.6667636165577346,105,8.712036821165121,12,4.042319635828666,5588.062463,1.0
2025-10-12,NC-SBY-UTR-3,1.0,641,6833.347548699994,25926.24585009999,14.87737977344828,16,0.5044448275862069,37,9.447086141278442,2,5.128753131368215,3308.6561380000003,1.0
2025-10-12,NC-SBY-UTR-4,0.9998474177741636,741,6569.451504399999,23565.6490773,13.326642312648223,22,0.5471862745098037,35,9.520882865099884,1,4.827185006209578,2799.988063,1.0
2025-10-12,NC-SBY-UTR-5,0.9877237851662404,1143,8135.2841058,27835.56690429999,11.769136221680222,37,0.5321239837398375,63,9.123269188305802,40,4.618253428809614,3451.7594800000006,1.0
2025-10-12,NC-SBY-UTR-6,0.9997900036295954,829,6836.388086500006,19971.7979568,13.069282338931291,31,0.5162528625954199,47,9.242361252503269,6,3.411066057339406,2816.2766999999985,1.0
2025-10-12,NC-SBY-UTR-7,0.9861909946654684,764,9216.790251900007,30448.13458810001,13.97680290027397,16,0.516455479178082,43,9.303881103440451,10,6.130936822865798,4596.764953999999,1.0
2025-10-12,NC-SDA-UTR-24,0.9969726234567902,452,9319.5426771,40112.32480100003,11.276311770666668,40,0.6271386666666663,61,8.866687056269862,21,4.924578575726402,0.0,0.0
2025-10-12,NC-SDA-UTR-25,1.0,197,6651.889248799997,29499.323901,13.73836326621161,19,0.570712653511706,42,9.236526904479076,12,5.476809699091162,0.0,0.0
2025-10-12,NC-SDA-UTR-26,0.9999926790495316,1574,7774.451283799992,34897.44189399999,14.857250916566258,17,0.5689774096385541,33,9.50072230183214,18,6.746354265045308,0.0,0.0
2025-10-12,OA_CLUSTER,0.998232291972348,39939,174980.80596580004,700837.5136977999,13.492621922122057,552,0.5428718505130501,986,9.123061360910638,362,5.776142202460783,31517.445013,0.3518357187305538
2025-10-13,NC-SBY-BRT-15,0.99916096744656,2189,8456.707793399997,30160.311596700005,11.956381634793791,42,0.5636323025773197,53,9.07391176739669,27,4.850700614052794,0.0,0.0
2025-10-13,NC-SBY-BRT-16,0.9710855853285308,2686,9787.323852199996,35160.4036342,8.49873824209115,49,0.6819108579088471,67,8.93919946613507,15,4.3110850694621865,0.0,0.0
2025-10-13,NC-SBY-BRT-17,0.9943791297942128,1470,8363.523323100004,32259.89563040001,12.3547146706044,34,0.5964630629729726,56,8.953383754319583,24,4.96682671367967,0.0,0.0
2025-10-13,NC-SBY-SEL-18,0.9991768155164636,1178,9751.603481700002,35567.9509207,14.02600703410672,30,0.5605266821345707,54,9.125781248424929,19,5.257601331517135,0.0,0.0
2025-10-13,NC-SBY-SEL-19,0.9994487253845942,1178,7797.386805999997,28003.7527276,11.48619045731344,30,0.5961194604046242,52,8.472663943309328,36,4.768298108695612,0.0,0.0
2025-10-13,NC-SBY-SEL-20,0.9999245103042677,942,8329.726042199996,29899.902038900025,12.837191491863528,31,0.5815597112860891,63,8.82588184935691,21,5.22670245036477,0.0,0.0
2025-10-13,NC-SBY-SEL-21,0.9997895044770044,2773,7169.902074799999,26597.423036899992,10.141885537728944,25,0.6647500000000006,72,8.783072281990014,18,4.102548648809896,0.000985,1.0
2025-10-13,NC-SBY-SEL-22,0.9995661267947094,9816,8850.1030937,30507.37704409999,13.033221141443851,43,0.5930367647058822,59,9.03050050857117,35,4.602543438272003,0.0,0.0
2025-10-13,NC-SBY-SEL-23,1.0,1106,6857.4567541000015,21253.08113120001,10.02696320909091,33,0.649507575757576,44,9.130495030670543,7,3.8949830973520503,4979.317281999998,1.0
2025-10-13,NC-SBY-TMR-10,0.99989356766533,6594,7086.190510099994,25957.2665157,14.594899177053826,13,0.5088245985835698,29,9.211620409919664,7,6.973711332819478,0.0,0.0
2025-10-13,NC-SBY-TMR-11,0.9991614431195204,2709,9315.109751699996,33370.297425999976,12.123258642364526,21,0.5587199754901961,42,9.119241641773254,3,6.159465056194635,0.0,0.0
2025-10-13,NC-SBY-TMR-12,0.9999762945169216,1590,7370.873783999998,27538.139016999998,15.568923316927096,13,0.4991510416666671,27,9.278857211013882,12,7.360975137078134,0.0,0.0
2025-10-13,NC-SBY-TMR-13,0.9983338412808574,619,9593.58855619999,33980.04314790001,12.201327452595937,44,0.5669273891647855,59,9.02600197703433,19,5.084965695842327,0.0,0.0
2025-10-13,NC-SBY-TMR-14,0.9941697673296326,1702,7911.559729799998,27865.44003239999,11.755561673475606,48,0.6027012012012011,59,8.814928284424957,24,4.007610377645177,0.0,0.0
2025-10-13,NC-SBY-TMR-8,0.9998737177977992,1666,7546.628611700004,23245.926257800005,10.970307185925922,35,0.5782499996296295,65,9.053282296059912,3,3.671805176327223,2963.266494,1.0
2025-10-13,NC-SBY-TMR-9,0.9992451644512612,8534,7106.543787399998,27924.000895099984,15.705036265415554,13,0.5005310544235925,26,9.386368559989936,3,7.032124924458779,0.0,0.0
2025-10-13,NC-SBY-UTR-1,0.9970144841033172,3292,6956.273200499999,22406.847491599983,8.906768673397433,52,0.6246145833333332,60,8.476457349289928,36,3.780931470194017,4461.658521000002,1.0
2025-10-13,NC-SBY-UTR-2,1.0,2865,11836.09673969999,42192.19186359999,8.211626097603489,80,0.6847265795206976,113,8.73601732341099,13,3.7148414361389177,6783.764876000001,1.0
2025-10-13,NC-SBY-UTR-3,1.0,846,7902.353456499999,24859.6382081,11.976181906551728,35,0.5745758620689659,61,9.291231901907445,3,3.822301173277797,4230.275734,1.0
2025-10-13,NC-SBY-UTR-4,0.9991759043173862,1050,7592.300720699997,23216.26683930001,10.460023000784318,30,0.636343137254902,48,9.33785327706389,1,4.31398918757696,3166.424883,1.0
2025-10-13,NC-SBY-UTR-5,0.9873048293391432,1953,8285.739332499998,25096.3785001,10.522433328219185,35,0.5422221460273976,61,8.91760705218625,35,4.295074731752195,3479.322986,1.0
2025-10-13,NC-SBY-UTR-6,0.9998426659171944,1980,8295.0292611,21613.69827829999,9.4873548164751,58,0.6458835877862593,69,8.907179390011867,7,2.5202449032847625,2986.7715170000006,1.0
2025-10-13,NC-SBY-UTR-7,0.9993680045684452,4979,10889.441677000004,30598.44946240001,11.777053003888886,35,0.5716388888888889,73,9.060506695842117,12,4.380630618235076,5505.175339000002,1.0
2025-10-13,NC-SDA-UTR-24,1.0,586,9865.8069548,36877.03983040001,11.756152082666675,30,0.6245853333333339,61,8.97835399446978,16,4.501802004376117,0.0,0.0
2025-10-13,NC-SDA-UTR-25,0.999911858974359,406,7665.864264700002,28084.9598525,12.220555023411375,39,0.6395702341137124,69,9.097567003461664,12,4.278877061210446,0.0,0.0
2025-10-13,NC-SDA-UTR-26,0.9963739016951756,1022,8223.162975000001,31355.07650189999,13.649531476807216,17,0.604890813253012,54,9.442271071314703,20,5.9399210280393495,0.8304349999999999,1.0
2025-10-13,OA_CLUSTER,0.9970688074631444,63717,193051.4623400999,659274.6816960002,11.787838080022084,829,0.5875943020929901,1312,8.995980898865742,380,4.838165234823373,38555.978617,0.3840705765407555
2025-10-14,NC-SBY-BRT-15,0.999603030024228,1665,8608.768198900001,30801.3459227,12.839172217733989,23,0.5405492610837435,46,9.19128703261037,22,6.129533459299823,0.0,0.0
2025-10-14,NC-SBY-BRT-16,0.9701708680947152,5308,9721.61789349999,36059.31952360001,9.39517790971129,42,0.649227034120735,72,9.019582235850573,12,4.727709168011826,0.0,0.0
2025-10-14,NC-SBY-BRT-17,0.9946388285595836,1740,8567.043762900004,32744.468052300017,11.21736927786458,38,0.6002834200520833,62,8.857252018678347,23,4.639306813484749,0.0,0.0
2025-10-14,NC-SBY-SEL-18,0.9970480611305572,1470,10002.183334999996,35736.7227583,12.627359573085844,36,0.5788209589327147,52,9.07465598586762,24,4.724269751220921,0.0,0.0
2025-10-14,NC-SBY-SEL-19,1.0,900,8252.3054673,29868.014728099977,10.513543306358384,42,0.6429017341040466,62,8.464637739393291,46,4.4515402133354165,0.0,0.0
2025-10-14,NC-SBY-SEL-20,0.999965490424808,1181,8474.488464,30811.868041999995,12.127468273490814,33,0.6006391076115489,63,8.732740664245844,21,4.757171009637591,0.0,0.0
2025-10-14,NC-SBY-SEL-21,1.0,584,7277.6534893,26730.70821780001,9.532794912454214,33,0.6708287545787538,67,8.728386391188614,18,4.10355821080699,18.61201,1.0
2025-10-14,NC-SBY-SEL-22,0.9998298398876144,8943,9127.910777000005,31234.78032849998,12.08610303243968,40,0.6081316844919792,54,8.953370847817899,35,4.491478154735998,0.0,0.0
2025-10-14,NC-SBY-SEL-23,0.9999919903884662,1107,6947.4298521,21321.8480318,9.826169773593078,36,0.6503603896103896,43,9.12286452230152,7,4.172863300830611,3679.788573000002,1.0
2025-10-14,NC-SBY-TMR-10,0.999994435103368,2476,7215.606276600001,26079.669964999997,13.581095926912193,14,0.5227839943342774,34,9.14444317855559,13,6.607433222362812,1.513232,1.0
2025-10-14,NC-SBY-TMR-11,0.9980580457938216,1111,9446.550389999997,34062.406209100016,12.012634892629,18,0.5649340276960781,44,9.068503074452943,6,5.750707665274959,0.0,0.0
2025-10-14,NC-SBY-TMR-12,0.9952190949349776,3904,7619.952084299999,27778.589376600004,13.22140567877984,23,0.5451514755208337,45,9.137021004717706,17,5.827491547454183,0.0,0.0
2025-10-14,NC-SBY-TMR-13,0.999315386909721,519,9908.283511800006,35296.98971040001,13.513600811648352,41,0.527457692307692,57,9.026241608126837,16,4.827740235180089,0.0,0.0
2025-10-14,NC-SBY-TMR-14,0.9981891379932728,1569,8030.062242800002,27807.053876999995,10.760386321712527,42,0.6151328828828831,63,8.706492728187355,22,4.21483571953503,0.0,0.0
2025-10-14,NC-SBY-TMR-8,1.0,934,7586.295194799999,23582.994527699997,9.89905852111112,48,0.5957731481481476,74,9.023672536196145,4,3.2683753801808084,2986.260405,1.0
2025-10-14,NC-SBY-TMR-9,0.9960801665396094,5324,7234.592135899999,26727.989273000003,14.147530356720427,22,0.5158116621983911,41,9.356304740938072,2,6.073650652502409,0.0,0.0
2025-10-14,NC-SBY-UTR-1,0.9903630309865206,5454,7136.90604,23040.6388765,8.33194298608414,58,0.6282734627831714,58,8.462915812763638,39,3.716200659546395,2976.915065000001,1.0
2025-10-14,NC-SBY-UTR-2,1.0,1186,11898.310564900004,42237.03607019999,7.349332694989106,86,0.6973229847494558,111,8.673973892395098,13,3.515539777520121,5139.887556999998,1.0
2025-10-14,NC-SBY-UTR-3,0.9998385806961742,632,7993.141505799999,25098.62056600001,10.927142935517246,40,0.6025827586206893,59,9.205095859971536,5,3.791740904325044,4123.508206000001,1.0
2025-10-14,NC-SBY-UTR-4,0.9993717624967624,979,7694.9123188,23160.938681600004,9.169918516064255,41,0.6538932393574298,66,9.286655344110995,2,3.5636925925221328,2902.485418999999,1.0
2025-10-14,NC-SBY-UTR-5,0.9873921079282408,1468,8431.985211799994,25565.71465119999,10.459771908563544,36,0.5467108654696136,56,8.864271331148021,32,4.124872508725884,3668.7497320000007,1.0
2025-10-14,NC-SBY-UTR-6,0.9992883394743998,1420,8570.7532062,21487.004046999995,8.681467931128411,72,0.6864459286259539,94,8.951128783982876,7,2.094706932353966,3014.175376,1.0
2025-10-14,NC-SBY-UTR-7,0.9999821532634032,2910,11159.7815787,31655.096174000028,10.526631848333327,38,0.5991409722222225,81,8.942997803971684,13,4.09582169114701,5047.4598860000015,1.0
2025-10-14,NC-SDA-UTR-24,1.0,373,9926.1921036,36767.389696800026,11.291518516800007,41,0.6358233333333335,74,8.947994944318264,30,4.289817386545852,0.0,0.0
2025-10-14,NC-SDA-UTR-25,0.999993759980156,371,7817.1158424999985,28614.51116980001,11.421431510702345,42,0.6474406354515058,77,9.016022545763883,17,4.065064284834076,0.0,0.0
2025-10-14,NC-SDA-UTR-26,0.9944695205120134,1270,8317.078601299998,31491.358470800005,14.059686444376885,15,0.5900951304216868,43,9.451403374197517,15,5.7485166769649485,28.074474,1.0
2025-10-14,OA_CLUSTER,0.9965298054064728,52784,196906.5335024,668889.8176104,11.131265270082222,902,0.5977373303586604,1404,8.953966432271791,399,4.600173087896669,33559.35546100001,0.424759080800593
2025-10-15,NC-SBY-BRT-15,0.999332996320948,1774,8640.329294799998,31246.166851599995,13.422158445145625,27,0.5282265371359219,49,9.267046635774884,18,6.107459691412325,0.0,0.0
2025-10-15,NC-SBY-BRT-16,0.9996450840663624,1744,9738.747154400004,37611.9619631,9.764715841558438,26,0.6453564935064935,72,9.03398855650676,10,4.689780686896697,0.0,0.0
2025-10-15,NC-SBY-BRT-17,0.9868884875418036,2042,8602.7628408,31921.9308317,12.635020304134356,52,0.6069412392307697,78,8.900231956171138,33,4.713120136724458,0.0,0.0
2025-10-15,NC-SBY-SEL-18,0.9974018095190552,2186,10108.219537700004,36005.667354399986,12.084246643619496,47,0.5996291570765662,86,9.00353701261227,26,4.330163364168898,0.0,0.0
2025-10-15,NC-SBY-SEL-19,0.9800482841343418,8328,8082.125227599999,29209.38246879999,10.078767443440237,39,0.649607658959538,63,8.439170253535115,42,4.374708765093223,0.0,0.0
2025-10-15,NC-SBY-SEL-20,0.999990491639934,2228,8563.884038699996,31201.0147166,11.982714646194225,34,0.6091187664041998,68,8.744934989708407,24,4.697334968584144,0.0,0.0
2025-10-15,NC-SBY-SEL-21,0.9990374611582836,3061,7311.736282800002,26722.346303,8.701068163369964,35,0.6927167274725274,80,8.728569371493524,15,4.006006944757509,3.757569,1.0
2025-10-15,NC-SBY-SEL-22,0.9999766382722264,10365,9206.711338699995,31580.3429666,11.78376403395722,45,0.6201737967914442,73,8.932696192432054,41,3.9878704900226327,0.0,0.0
2025-10-15,NC-SBY-SEL-23,1.0,1224,6996.413101600003,21625.844600799992,9.445823863203458,37,0.6689610389610391,47,9.070455054255786,10,3.6850290956248375,3797.357396000001,1.0
2025-10-15,NC-SBY-TMR-10,0.9869998285908644,1507,7422.678637499997,21743.38136220001,9.419687210416662,45,0.6173961232638894,55,8.77836394073875,13,3.475055237576636,2872.337101,1.0
2025-10-15,NC-SBY-TMR-11,0.9970282794082682,2353,9441.6390377,33770.36821440001,12.930519775742582,10,0.5535772058823533,38,9.14120787425023,8,6.7077068622377,0.0,0.0
2025-10-15,NC-SBY-TMR-12,0.9971991210152428,7575,7648.382476200002,27297.910246500007,12.487710109283816,28,0.5560154083333332,36,9.06246399235406,17,5.599359269874399,0.0,0.0
2025-10-15,NC-SBY-TMR-13,1.0,557,9959.515263399991,36329.8306578,13.269229969934647,38,0.5382908496732025,51,8.986174767832065,17,6.212555088533187,0.0,0.0
2025-10-15,NC-SBY-TMR-14,0.9779576552710992,831,8259.042244300006,28721.825815000004,11.93913862936047,42,0.5940922190201732,69,8.935460447138919,19,4.704182123829717,0.0,0.0
2025-10-15,NC-SBY-TMR-8,1.0,739,7636.462352900001,23745.99071929999,9.662388545555563,45,0.6067249999999997,65,8.88278920225591,7,3.418276069131794,2902.528681,1.0
2025-10-15,NC-SBY-TMR-9,0.9984014842937928,511,7408.600040000004,24442.88690809999,10.902281150508475,39,0.580708051689189,55,8.98255954666636,6,3.66432817613038,2908.36683,1.0
2025-10-15,NC-SBY-UTR-1,0.9858506206828832,1523,7102.440659499998,22681.06791479998,8.516102123255815,55,0.6193098705501615,65,8.399164843124481,43,3.617726334663901,3083.676507,1.0
2025-10-15,NC-SBY-UTR-2,1.0,2147,11786.528699899998,42553.18078020001,7.780743879520692,84,0.695691176470588,118,8.709435194057999,13,3.636013053069751,5151.020857999999,1.0
2025-10-15,NC-SBY-UTR-3,1.0,959,7964.473309599999,25689.9311475,11.678834804137932,37,0.588956034482758,60,9.256567026805568,6,4.016343687871709,3947.839751000001,1.0
2025-10-15,NC-SBY-UTR-4,0.9951309159331548,1059,7757.386582000002,23846.5235572,9.502661472690756,45,0.661603413654618,67,9.356968830913493,2,3.935847488471316,3080.945614000001,1.0
2025-10-15,NC-SBY-UTR-5,0.9873846413309556,1521,8679.941956300003,25753.175692799992,10.561191175401069,47,0.5534991088235299,64,8.783690184427906,37,4.21090593092246,3638.379333,1.0
2025-10-15,NC-SBY-UTR-6,0.9993133388983384,1227,8621.2703894,22134.25672149999,8.792056166666663,65,0.6765906766283525,91,8.89663623237757,10,2.0629081823198803,3247.754747999998,1.0
2025-10-15,NC-SBY-UTR-7,0.999757247732881,1388,11358.8117431,31918.202447699965,10.76358511955307,43,0.5979590277777773,80,8.962129399313065,12,3.9253186981385135,5108.798386999999,1.0
2025-10-15,NC-SDA-UTR-24,0.9988458886219436,1301,10007.4763933,37574.6280152,9.5892213794038,54,0.6708659999999993,78,8.808895386897868,24,3.763524195078976,0.0,0.0
2025-10-15,NC-SDA-UTR-25,0.9971900531758212,885,7787.936262,28682.047401600008,11.313276899665553,45,0.6489378484949831,71,9.009941423010456,16,3.6004013855715624,0.0,0.0
2025-10-15,NC-SDA-UTR-26,0.9993048381000378,1814,8425.747979999998,31881.44509929998,12.287453826605512,27,0.6220429216867469,52,9.30368576296186,20,4.713783257847961,22.513448,1.0
2025-10-15,OA_CLUSTER,0.9951662485066954,56849,198298.1022089,667753.1902415998,10.952218876110962,965,0.6073576892534509,1530,8.923223009147115,429,4.462860901458669,39742.762775,0.4592258549417512
2025-10-16,NC-SBY-BRT-15,0.997298545356038,1710,8805.055239699996,31172.04975420001,12.480140334549882,39,0.5544492315533979,61,9.029019588682276,33,5.825741278085731,0.0,0.0
2025-10-16,NC-SBY-BRT-16,0.9966609422081312,2967,9741.026806500004,37143.168729199984,9.710307875989454,35,0.65389329012987,72,9.01947114231617,16,4.272080715589564,0.0,0.0
2025-10-16,NC-SBY-BRT-17,0.992584586017357,2512,8510.010088599998,31743.79043890001,13.337492368395074,40,0.5669039408866996,60,8.945425848988481,32,5.589791860061673,0.0,0.0
2025-10-16,NC-SBY-SEL-18,0.9977001802227656,1454,10270.266027400015,36705.3300002,12.388220378260852,63,0.5958192861047842,92,8.942514587195436,22,4.324677027605741,0.0,0.0
2025-10-16,NC-SBY-SEL-19,0.997863478310629,1172,8215.797720700004,29540.097120300004,10.727153412607448,54,0.6396313275071633,77,8.47215943319857,39,3.89341284636618,0.0,0.0
2025-10-16,NC-SBY-SEL-20,0.9999685586176728,1530,8517.59054139999,30888.5530876,11.901767204724418,50,0.6115080926509184,79,8.702528263411413,20,4.347529427426219,0.0,0.0
2025-10-16,NC-SBY-SEL-21,0.9981949834961494,947,7365.880943599997,26698.544788599997,9.56559348754578,42,0.6751950549450557,73,8.809129850271106,30,3.728743452087921,18.602343,1.0
2025-10-16,NC-SBY-SEL-22,0.9999263158546248,8567,9016.87512079999,31280.417219900013,12.587352633155064,34,0.6011793673796795,69,9.002212185562982,32,4.545575378360868,0.0,0.0
2025-10-16,NC-SBY-SEL-23,1.0,770,6872.216174,21446.092974400013,9.683517601731603,36,0.6647683982683983,49,9.166988140573627,6,3.948868466975841,2863.756059,1.0
2025-10-16,NC-SBY-TMR-10,0.9819840011742258,12576,7598.171726899999,21998.82053679999,11.400663003472223,39,0.5822210649305554,55,8.873575908023756,11,3.561632235149453,1595.6261719999995,1.0
2025-10-16,NC-SBY-TMR-11,0.9987062393356364,1256,9586.6985542,28191.549246799983,9.767714368098158,41,0.6023102835866259,63,8.887206350731558,4,3.7085761498305865,3812.687178,1.0
2025-10-16,NC-SBY-TMR-12,0.9982875972489984,8202,7817.407862999999,23296.6595464,11.75088653679246,37,0.5618034591194969,58,8.928514075332703,19,3.749620223414963,952.6594459999998,1.0
2025-10-16,NC-SBY-TMR-13,0.9998998051336396,583,9993.1630196,35536.66149139999,13.247650888017429,38,0.5336835511982573,53,8.972138317182901,18,4.834138427876697,0.0,0.0
2025-10-16,NC-SBY-TMR-14,0.9930793932147068,697,8034.988529600003,28400.336647200013,12.673276740340912,39,0.5652315864022659,53,8.95690038954879,18,4.456151078760341,0.0,0.0
2025-10-16,NC-SBY-TMR-8,0.9999789562289564,1074,7599.886157500001,23720.490323099995,9.934582968148147,46,0.614047530740741,69,8.963926403126221,4,3.393688860332793,2839.280786000001,1.0
2025-10-16,NC-SBY-TMR-9,0.9941639317693772,647,7569.211551500003,24149.0648822,12.068899911111108,34,0.5713852410774414,59,9.070406213495534,3,3.747194617052118,2413.078367,1.0
2025-10-16,NC-SBY-UTR-1,0.9842105263157894,1865,7245.162296800006,23010.990625000013,8.40221037516556,61,0.6352419093851129,64,8.376312339333476,37,3.2182389634442394,3141.442291,1.0
2025-10-16,NC-SBY-UTR-2,1.0,2223,11668.885232700017,42665.26120950002,8.260019097167762,68,0.6901933551198253,114,8.738879265541213,13,3.99015864742924,4527.112095999999,1.0
2025-10-16,NC-SBY-UTR-3,1.0,1273,8029.827664599998,25823.732288100004,11.301175486206883,31,0.5974525862068966,60,9.269225656237792,7,3.940175228188876,3156.011281000001,1.0
2025-10-16,NC-SBY-UTR-4,0.9898531814227824,2060,7724.935231900006,23543.189004499985,10.331839591269826,32,0.6431319444444443,53,9.357692992525152,2,4.436942647273173,3100.605739,1.0
2025-10-16,NC-SBY-UTR-5,0.9999401647920482,1496,8707.744676499997,26256.99807640002,10.759782376756757,46,0.5530436935135141,64,8.823442147710194,32,4.469591540058267,3782.235293,1.0
2025-10-16,NC-SBY-UTR-6,0.9997906977405134,1634,8838.041974399997,21887.920625,8.198184038431377,75,0.6719877259689917,89,8.82253292953027,11,2.008536271943129,3396.015633,1.0
2025-10-16,NC-SBY-UTR-7,0.9999830031080033,2055,11330.750568,32102.0459488,10.721411808611116,50,0.605272222222222,88,8.945148684490848,16,3.764882141407499,5047.978965,1.0
2025-10-16,NC-SDA-UTR-24,1.0,733,9912.128691599995,37394.1234952,10.577544108000009,47,0.6587880000000002,79,8.89026166962702,24,4.135178846268722,0.0,0.0
2025-10-16,NC-SDA-UTR-25,1.0,437,7690.967512899999,28611.417077600003,12.244987852173915,40,0.6382826086956513,61,9.112464463632184,16,4.4720048989608445,0.0,0.0
2025-10-16,NC-SDA-UTR-26,0.9999651383311022,1093,8327.172279199998,32060.6582523,13.067118395481936,25,0.6177085843373497,48,9.34062979747019,20,5.253431650653843,29.013272,1.0
2025-10-16,OA_CLUSTER,0.9967444242036388,59270,199059.5937099,657201.7645645001,11.046416753058876,1030,0.6053857456621347,1574,8.907571748969199,425,4.163354182649268,40647.091649,0.547558494404883
2025-10-17,NC-SBY-BRT-15,0.9960843017962868,2352,8827.350730699998,31865.858632500007,12.46768966553397,32,0.5581312701456314,58,9.108012638983926,28,5.391625267768054,0.0,0.0
2025-10-17,NC-SBY-BRT-16,0.955499368592864,2758,9722.1008625,34967.397011400004,9.787328047135412,61,0.6410945888311685,90,9.08481024193816,19,3.9760956522857978,0.0,0.0
2025-10-17,NC-SBY-BRT-17,0.9974833447620636,1536,8478.802875699996,33036.14658569999,13.78320497297298,26,0.5595304330882352,48,8.992107301777208,27,5.966924443442985,0.0,0.0
2025-10-17,NC-SBY-SEL-18,0.993073308468719,986,9896.88644659999,36076.86050849997,12.480826422429905,53,0.5854828767123292,84,8.981809217431124,31,4.707140108283856,0.0,0.0
2025-10-17,NC-SBY-SEL-19,0.9924323567037372,2070,8148.691022600004,27151.15213700002,10.039073463204748,61,0.6392176191428574,63,8.34490102864902,49,2.875484637188986,0.0,0.0
2025-10-17,NC-SBY-SEL-20,0.9994663590926568,1324,8538.894458500004,30898.439373199995,12.010145763947376,48,0.6176673228346459,80,8.767585197882307,25,4.478616279373253,0.0,0.0
2025-10-17,NC-SBY-SEL-21,0.9972396099037512,772,7353.154524099998,27337.66193960001,9.4495750981685,36,0.6711822344322349,65,8.776847559111506,16,4.034341560445869,22.414478,1.0
2025-10-17,NC-SBY-SEL-22,0.9945422543994212,10091,9003.663235899996,30871.2443214,12.410370473655908,54,0.6084779411764708,71,8.97920881775387,38,3.993701551585202,0.0,0.0
2025-10-17,NC-SBY-SEL-23,0.9990490787901654,958,6865.709479400002,21537.7505325,10.51729364935064,29,0.632713564069264,38,9.20065327922943,5,3.922677787629538,2800.009860000001,1.0
2025-10-17,NC-SBY-TMR-10,0.9876321578888057,3515,7308.942528200002,22297.85512040001,11.4035337954386,25,0.5738573493055555,42,8.87934474721868,7,4.164267806830797,1418.004889,1.0
2025-10-17,NC-SBY-TMR-11,0.9995940178978212,2416,9639.7609178,28592.71855740001,10.735967424390251,27,0.5912297364741643,56,8.952344846663053,3,4.000879866154493,3781.587863,1.0
2025-10-17,NC-SBY-TMR-12,0.9976451655485892,7190,7811.369890699998,23465.701086999998,12.69494308087774,22,0.5444057632398751,47,9.085211567494657,11,4.785183330357292,1017.3948759999998,1.0
2025-10-17,NC-SBY-TMR-13,0.999429794667068,548,9903.325486099997,36099.1925292,13.66665224684095,29,0.5263191721132896,53,9.003935847107781,15,5.937482084029542,0.0,0.0
2025-10-17,NC-SBY-TMR-14,0.990522941563618,591,7859.374659399997,28485.751314099973,14.081392319154922,19,0.5331314554929579,37,9.16994141591895,11,5.741318310495776,0.0,0.0
2025-10-17,NC-SBY-TMR-8,0.9988899464032496,642,7629.237392299995,24393.00196289999,9.373074239259262,36,0.6230635800000002,63,8.969642692143635,5,3.9419669996659854,2798.2982389999997,1.0
2025-10-17,NC-SBY-TMR-9,1.0,472,7510.2611166,24998.54777370001,12.512237243434347,35,0.5712895622895624,60,9.094560845113485,3,4.065273785152003,2407.270505,1.0
2025-10-17,NC-SBY-UTR-1,1.0,1878,6751.547282999998,22285.12574789998,8.867836150485438,52,0.6222216828478967,65,8.461172459333842,38,3.957421694045396,3034.5919819999995,1.0
2025-10-17,NC-SBY-UTR-2,1.0,2532,11573.373461199995,43072.68000919997,8.35209675860567,76,0.6885038126361663,104,8.717607642100923,12,4.004222046155945,4451.883831,1.0
2025-10-17,NC-SBY-UTR-3,1.0,692,8118.319097300006,26380.435336300023,10.429797919112628,39,0.6193430034129696,60,9.16903884104685,13,3.668677432091006,3259.738431,1.0
2025-10-17,NC-SBY-UTR-4,0.9914061742448196,970,7518.406221699997,23612.646635999983,10.17307909761905,31,0.643176587301587,62,9.365286387323698,1,4.609991553259218,3009.336778000001,1.0
2025-10-17,NC-SBY-UTR-5,0.9999710293673412,1636,8821.247905800008,26823.59018369996,10.262744540270264,44,0.5741202702702707,66,8.838834877537142,42,4.700124123943649,3888.0594729999993,1.0
2025-10-17,NC-SBY-UTR-6,0.9984635353681252,1358,8761.381601299994,22448.56059130001,8.35061788705882,58,0.6821346899224798,86,8.828991024945905,9,2.1115370268758094,3404.7862340000006,1.0
2025-10-17,NC-SBY-UTR-7,0.9998510343822844,2287,11040.2870777,32130.1839654,11.190526534722226,24,0.5888534722222214,63,9.022300276605064,12,4.763392763384017,4915.588711999999,1.0
2025-10-17,NC-SDA-UTR-24,1.0,483,10081.828307600006,38096.61096060005,10.639652862666669,53,0.6597839999999998,86,8.797746743217376,31,3.759434505443695,0.0,0.0
2025-10-17,NC-SDA-UTR-25,1.0,313,7694.784842100006,29014.367357299994,11.50295247826087,36,0.6394264214046822,73,9.015566322087494,14,4.2764219676037065,0.0,0.0
2025-10-17,NC-SDA-UTR-26,0.9999942342569006,1630,8376.241410100007,32824.65749960003,13.11406493493976,26,0.6136995481927717,56,9.367061675784417,17,5.330683635794445,27.872049,1.0
2025-10-17,OA_CLUSTER,0.994960797233499,49574,197082.0882751,658828.5018563,11.219298902350976,917,0.6012412981990165,1461,8.940842603276339,420,4.426579628623154,40208.96615099999,0.5475555555555556
2025-10-18,NC-SBY-BRT-15,0.9998841759175916,2350,8748.998825200004,32693.615083,13.334415598076932,28,0.5333749999999999,48,9.295158685304694,29,5.812366821044457,0.0,0.0
2025-10-18,NC-SBY-BRT-16,0.9800734587194964,1143,9723.6765477,38526.41401799999,11.541786684466024,34,0.5715843444174754,44,9.146874634595353,13,5.413770498055439,0.0,0.0
2025-10-18,NC-SBY-BRT-17,0.9999500284140044,3532,8575.094652699998,34929.6574614,14.283610121634622,28,0.5427181490384613,50,9.013875219197985,33,4.357246837512459,0.0,0.0
2025-10-18,NC-SBY-SEL-18,0.9998205262956212,1713,9488.546240599992,37834.52214590001,16.149052687554594,26,0.5022046943231437,48,9.28129559611128,14,5.943213938137723,0.0,0.0
2025-10-18,NC-SBY-SEL-19,0.9940127193377122,3667,7436.080337100002,27419.7044942,11.638632021388892,42,0.5759347035616441,39,8.703026476995582,37,4.814570323895667,0.0,0.0
2025-10-18,NC-SBY-SEL-20,0.999605977231625,1709,7435.350051700005,28988.72829489999,14.768835116886564,29,0.5403861842105261,47,8.929065185144813,20,5.233482957967334,0.0,0.0
2025-10-18,NC-SBY-SEL-21,0.9997204688146966,746,6968.100028200002,27564.339791399994,10.988290315636371,29,0.6327353645161286,45,8.836328873005117,31,4.66695615126225,20.580879,1.0
2025-10-18,NC-SBY-SEL-22,0.996886632670531,13442,8625.442107799998,31288.024969400005,14.061407552727276,51,0.5653019480519481,66,9.136127425031692,40,4.154241090995002,0.0,0.0
2025-10-18,NC-SBY-SEL-23,1.0,715,6583.967774099997,21558.463236700005,11.315296397402594,20,0.6099274891774893,33,9.24096020089648,6,4.986233064293836,2942.825205,1.0
2025-10-18,NC-SBY-TMR-10,0.999610672915714,2106,7124.044811899996,22682.683432499995,11.827646974489806,37,0.5594277210884351,48,8.763114163524445,19,4.087644481156805,2805.849414,1.0
2025-10-18,NC-SBY-TMR-11,0.9999026733500418,1447,8728.749301599999,28192.226364300022,12.807929073573565,17,0.5258591090090093,41,9.158139010755052,3,4.817159699387037,3837.711806999999,1.0
2025-10-18,NC-SBY-TMR-12,0.9938216328076642,2388,7323.1824999,22838.790737099996,14.64884308504674,21,0.505932242990654,38,9.253276613138755,10,5.155869780329828,2617.7036740000017,1.0
2025-10-18,NC-SBY-TMR-13,0.9994221481625554,531,8971.9492636,34784.11445009995,16.048971636147208,21,0.4638178212121213,33,9.231725539029965,4,7.689558349146461,0.0,0.0
2025-10-18,NC-SBY-TMR-14,0.9933690191481168,670,7469.8942548,29082.84829360002,15.345058417045452,17,0.5024837110481586,29,9.31997065000725,7,6.132051872292081,0.0,0.0
2025-10-18,NC-SBY-TMR-8,0.9980799284128388,981,7672.446889600001,25552.822339999977,10.469044664814811,34,0.6011222222222219,61,9.083439015652855,6,4.249027810288824,2865.631601,1.0
2025-10-18,NC-SBY-TMR-9,1.0,570,7532.769796,26431.77763479999,12.756673916835013,22,0.5538257575757575,42,9.123165936162987,6,5.113130927787028,3146.293258,1.0
2025-10-18,NC-SBY-UTR-1,1.0,1186,5590.751159699997,20767.19284030001,12.435056901941753,17,0.5141472491909385,20,8.853421494432856,28,6.114472159470134,2458.067343999999,1.0
2025-10-18,NC-SBY-UTR-2,0.9999788529466443,1859,11722.343576500009,45233.67059449996,9.561703957080612,34,0.646217320261438,65,8.82659799906436,12,4.991500514429043,4715.732208,1.0
2025-10-18,NC-SBY-UTR-3,1.0,541,7521.6014669000015,26437.481801100028,12.91332091228669,23,0.5459817976109215,42,9.298449374809888,8,4.752740939702901,3095.328276,1.0
2025-10-18,NC-SBY-UTR-4,0.997377683080808,848,7078.474426800003,23533.286166600003,11.762029811111102,22,0.6035426583333332,42,9.445734414803118,1,5.282786473134193,2889.511069,1.0
2025-10-18,NC-SBY-UTR-5,0.9996744549987262,2002,8797.085372499994,27164.84241180004,9.799883508378374,62,0.5837463962162165,78,8.756465958881183,51,3.6971345027830655,3836.3459950000006,1.0
2025-10-18,NC-SBY-UTR-6,0.965409484805668,1445,7518.157395699997,20202.59058460001,10.841646581451608,51,0.5819467871485945,64,8.945043897878797,11,1.9841617464059813,2789.8139079999987,1.0
2025-10-18,NC-SBY-UTR-7,1.0,1087,9983.251638000009,32115.02917700001,12.784789281944429,16,0.5388361111111112,43,9.183689461810646,10,5.795028768411815,4726.924607999998,1.0
2025-10-18,NC-SDA-UTR-24,1.0,671,9668.118125600004,39056.06589300003,11.88887067813334,31,0.6202851112000002,58,8.926677632846635,20,5.24259111790375,0.0,0.0
2025-10-18,NC-SDA-UTR-25,0.9999789034435772,350,7290.183120300006,29456.091218299996,13.83859823645485,13,0.5894255852842807,35,9.235044795223672,11,6.216398615077408,0.0,0.0
2025-10-18,NC-SDA-UTR-26,0.9999629769076304,984,8091.963380900001,33371.993872499974,14.954023235542165,10,0.5665353915662649,35,9.483181710602343,13,6.5099096003627,33.036182999999994,1.0
2025-10-18,OA_CLUSTER,0.9966208925032832,46678,186619.9584186,665822.8263231999,12.854734660025782,681,0.553346415239794,1066,9.078365947961425,399,5.104228500308398,42748.319246,0.5424918525946353
2025-10-19,NC-SBY-BRT-15,0.999674242852566,2162,8203.720860799998,32905.07312790001,13.271619341826922,22,0.5325558894230776,42,9.38416299365756,26,6.366514573685331,0.0,0.0
2025-10-19,NC-SBY-BRT-16,0.9893915258845004,769,9367.0084151,41158.51620510002,11.733613828921577,34,0.5799172735436892,55,9.126590461489728,17,5.367503456415647,0.0,0.0
2025-10-19,NC-SBY-BRT-17,0.993375660504289,1539,8191.501651000007,35108.2581301,15.0013029503563,34,0.5219705765402841,45,9.183142500110389,27,5.176307539924286,0.0,0.0
2025-10-19,NC-SBY-SEL-18,1.0,1289,9024.132404799995,38589.17101970001,16.05285164338394,21,0.4978163781385284,52,9.252092862072873,18,5.788351407627533,0.0,0.0
2025-10-19,NC-SBY-SEL-19,0.995983498880712,4056,6761.722931100008,28249.214944500025,12.62784461771118,34,0.5551544051771113,45,8.628579747378867,49,5.504795775928257,0.0,0.0
2025-10-19,NC-SBY-SEL-20,0.9991409367779878,2501,6706.475490499998,28445.633563500018,14.804333187301587,32,0.5208243656167976,44,8.847951701710471,39,5.227419278273109,0.0,0.0
2025-10-19,NC-SBY-SEL-21,0.9993207623682075,668,6341.9474793000045,27419.35034499999,12.337852673665475,11,0.5944199288256232,39,9.110694293846716,11,5.792547840000748,24.271422,1.0
2025-10-19,NC-SBY-SEL-22,0.999286971449111,13959,8281.910684300005,31664.3213306,14.09719012394737,50,0.5591909090909094,66,9.273484805789384,32,4.093274974945167,0.0,0.0
2025-10-19,NC-SBY-SEL-23,1.0,740,6135.494282700006,22103.308084400003,12.064660888744584,25,0.5738744588744586,37,9.238585064908689,6,4.761159687195728,2269.678687,1.0
2025-10-19,NC-SBY-TMR-10,0.9999800906873952,1380,6596.991169700008,22853.11392079998,11.383796593877555,35,0.5700926870748299,52,8.796188366853004,19,3.39491301981232,2363.096366,1.0
2025-10-19,NC-SBY-TMR-11,0.9998440656565656,1856,7891.582668499999,28007.500149100026,12.922543783483484,18,0.5149622123123127,56,9.173396992039722,2,5.131256051989847,3030.297763,1.0
2025-10-19,NC-SBY-TMR-12,0.9872183156246206,710,6559.860440499999,22763.107799899997,13.409326650320526,30,0.5169695512820512,47,9.108860687710989,15,4.590646748844054,2228.400777,1.0
2025-10-19,NC-SBY-TMR-13,1.0,371,8108.0164141,34887.87671800002,16.75468423412018,17,0.4439143617021276,34,9.22189342622574,8,6.685154335557156,0.0,0.0
2025-10-19,NC-SBY-TMR-14,0.9976777175175076,336,6961.568346800001,29459.017469200007,15.46650156985915,21,0.5004563380281687,36,9.237414440560109,9,6.410169615208639,0.0,0.0
2025-10-19,NC-SBY-TMR-8,0.9986124199065376,722,7568.156637899997,26829.527641299992,8.702668714814813,50,0.6234447529629625,75,8.922486440343878,7,3.481891669360332,2308.09494,1.0
2025-10-19,NC-SBY-TMR-9,0.9987405608401358,509,7213.0457054000035,27178.359186899983,10.623282323905723,41,0.5844991582491584,45,8.954810426279286,2,3.6362323994524064,2600.533991,1.0
2025-10-19,NC-SBY-UTR-1,1.0,947,5139.1128263,20351.418833900003,14.37908621067962,14,0.4575105177993528,30,8.970344247012097,23,5.961516787139099,1838.727139,1.0
2025-10-19,NC-SBY-UTR-2,1.0,2923,12298.478171400006,48803.96465520001,7.867103078431381,74,0.6849117647058826,123,8.688587545090444,16,3.8315845553932593,3996.305181999999,1.0
2025-10-19,NC-SBY-UTR-3,1.0,528,6886.231690300001,26438.1156524,13.327525415358355,25,0.5309146757679178,39,9.317272747138531,4,4.703139622214704,2462.909419,1.0
2025-10-19,NC-SBY-UTR-4,1.0,869,6427.289502600003,23500.86248150001,13.047391511111098,23,0.5537033730158732,37,9.570774045331495,2,5.338698696574967,2130.4862610000005,1.0
2025-10-19,NC-SBY-UTR-5,1.0,1423,8229.428299100004,27530.023472099983,11.014915605945948,40,0.5409520270270273,65,9.030447183160796,42,3.6281850843616152,2928.157544000001,1.0
2025-10-19,NC-SBY-UTR-6,1.0,931,7068.114398600002,20754.681637700007,11.499930615116284,33,0.5569563953488366,52,9.214146832875302,3,3.2300419699944194,2324.0679,1.0
2025-10-19,NC-SBY-UTR-7,0.9999933226495726,1520,9120.4705226,32223.8737876,12.45074778916667,14,0.5426277777777777,57,9.153763818431129,15,5.570464452753452,3670.963683,1.0
2025-10-19,NC-SDA-UTR-24,0.9998652777777778,856,9423.536301299995,40381.56684499999,10.927394289600006,39,0.6385746666666662,66,8.84881660010789,22,4.3881272226904064,0.0,0.0
2025-10-19,NC-SDA-UTR-25,0.999920032934469,254,6668.136255000004,28843.210061299997,14.527782301003349,22,0.5622034558528428,44,9.230590432018234,13,4.62058111855813,0.0,0.0
2025-10-19,NC-SDA-UTR-26,1.0,661,7845.954439400006,34182.3408731,14.742366556626504,18,0.5732560240963861,46,9.485144209573182,12,6.038482526062084,25.657854,1.0
2025-10-19,OA_CLUSTER,0.99808716001962,42708,175082.26099340004,677224.2901564002,12.9599864685209,698,0.5440154184594088,1173,9.099594130584716,392,5.02066456028266,34175.991074000005,0.5411823522059742
2025-10-20,NC-SBY-BRT-15,0.9993988639392216,2013,8570.322462799992,30285.8582552,12.806097083333327,28,0.539911258173077,52,9.130820715759253,26,5.537759843344249,0.0,0.0
2025-10-20,NC-SBY-BRT-16,0.9861175026697908,861,9772.903464100003,36119.1684088,10.3468150657767,24,0.5920764563106791,53,9.225719250677956,16,5.15739726239847,0.0,0.0
2025-10-20,NC-SBY-BRT-17,0.9929274761292664,1469,8500.895093900004,32866.4839461,14.254550608027516,32,0.5238490064220183,37,9.145163482293418,24,5.851728847816901,0.0,0.0
2025-10-20,NC-SBY-SEL-18,0.997136815693008,1107,9760.9363054,34354.89767429998,13.573854229039297,42,0.544852951835853,54,9.148839621785523,18,4.784186322061154,0.0,0.0
2025-10-20,NC-SBY-SEL-19,0.9929077390097424,3651,7846.380145000004,27878.83369829999,12.100236161803718,43,0.5791805189973617,41,8.64277069697835,41,6.419459350392969,0.0,0.0
2025-10-20,NC-SBY-SEL-20,0.966892114092365,1552,8799.171697100006,28804.39403949999,11.46756527260638,72,0.6118503937007874,85,8.640097693420218,26,3.061778646072739,0.0,0.0
2025-10-20,NC-SBY-SEL-21,0.997843939820748,5077,7475.758960300002,24261.3465444,9.66955430364963,46,0.656741755123675,73,8.762829874362414,34,3.196057740923685,16.882777,1.0
2025-10-20,NC-SBY-SEL-22,0.9997965871954844,11330,8953.618896599997,30753.030154399992,12.969354410909093,42,0.5848681818181816,70,8.926612633278152,37,4.130441075797125,0.0,0.0
2025-10-20,NC-SBY-SEL-23,1.0,864,6526.8235414,20399.3663411,9.17025897835498,28,0.6465021645021646,35,9.16616647037288,8,4.072054465954893,2663.165269999999,1.0
2025-10-20,NC-SBY-TMR-10,0.9919313976861998,2994,6987.318190700002,21679.0987985,10.893711690625002,19,0.580855158843537,45,8.87787378200179,10,4.796624417227544,2500.37591,1.0
2025-10-20,NC-SBY-TMR-11,0.9993096894362716,1491,9641.39014880001,28341.8301543,9.550739465765764,43,0.6107132132132129,76,8.812879148312966,7,3.4945409625637103,3697.276236,1.0
2025-10-20,NC-SBY-TMR-12,0.9684449421531064,1410,7881.762538700004,22312.263934200004,10.311045708571422,34,0.5941314812698412,61,8.909942147972309,19,3.8123450299951744,2838.761579999999,1.0
2025-10-20,NC-SBY-TMR-13,0.995271173976888,519,9897.970963999996,34178.86326319997,12.95094946673774,27,0.5299344985169492,48,8.970726587248109,18,4.820886326692819,0.0,0.0
2025-10-20,NC-SBY-TMR-14,0.9956009018048704,590,7820.678406700001,27751.79075590001,12.81349511497176,22,0.5508030515492962,46,9.1713391587167,14,6.0107872467750365,0.0,0.0
2025-10-20,NC-SBY-TMR-8,0.9996935329111496,881,7386.838517600004,23563.273329200005,8.739899803703704,42,0.6241620370370371,67,8.984820780379,4,3.6652700255635,2485.2792120000004,1.0
2025-10-20,NC-SBY-TMR-9,0.9999807098765432,492,7147.566603400004,24069.20917660001,10.759949169256757,26,0.587137205387205,58,8.948092219091485,7,4.197056299359918,2597.6854160000007,1.0
2025-10-20,NC-SBY-UTR-1,1.0,2093,6970.264733499997,22743.026089800023,8.235865210355993,50,0.6316084142394818,57,8.40954883454055,40,3.844572740224304,2805.747446999999,1.0
2025-10-20,NC-SBY-UTR-2,1.0,1015,11497.417407000004,41702.65795179999,8.049301415686273,66,0.6735136165577337,106,8.734718566552178,9,3.8535284955387294,3941.839613000001,1.0
2025-10-20,NC-SBY-UTR-3,1.0,756,7717.643999199997,25532.1087369,10.324813428327651,36,0.6101109215017066,63,9.13035193810846,9,3.709555255136277,2826.577224999999,1.0
2025-10-20,NC-SBY-UTR-4,0.9993348747466908,900,7155.765554199999,23099.0998985,9.091220719758066,39,0.6570912698412698,60,9.246536048015988,1,4.08081023828097,2713.478756,1.0
2025-10-20,NC-SBY-UTR-5,1.0,1237,8089.819996000002,25274.17734189999,10.687221028108103,24,0.5532033783783784,56,8.855913288248455,24,5.234146190245977,3298.0352820000007,1.0
2025-10-20,NC-SBY-UTR-6,1.0,1102,7554.689204099999,21040.328930900017,9.4705086766537,44,0.6372257751937986,57,8.953673843822294,9,2.939774741816186,2873.127808,1.0
2025-10-20,NC-SBY-UTR-7,0.9998079230719336,1279,10694.533971399998,31671.59317609999,9.949251948055558,36,0.6091874999999999,75,8.96947438939353,19,4.237376041074472,4532.04344,1.0
2025-10-20,NC-SDA-UTR-24,0.9997498711403072,701,9923.012013999998,36986.5176289,10.571086721600002,35,0.650536,61,8.936347781022333,20,4.324234224264835,0.0,0.0
2025-10-20,NC-SDA-UTR-25,0.9995430586977252,285,7715.182121700008,27585.368814700003,11.245779428762544,43,0.6534489966555183,72,9.06987404518909,17,4.195147278788938,0.0,0.0
2025-10-20,NC-SDA-UTR-26,0.9996295796920142,1429,8373.234645399993,31090.88610199998,12.947134441033423,20,0.5993192771084337,49,9.418633183998216,17,5.829561123365671,23.622896,1.0
2025-10-20,OA_CLUSTER,0.9946187143698204,44683,192650.4708019,638682.7005998997,11.002635877670802,865,0.591923873107098,1375,8.946489357218713,420,4.479674860538958,39790.275972,0.5393426294820717
2025-10-21,NC-SBY-BRT-15,0.9999089172653776,1809,8678.8709682,31450.12261399999,12.559271411622271,40,0.5510955528846152,51,9.116554237701624,30,5.254217065612852,0.0,0.0
2025-10-21,NC-SBY-BRT-16,0.9901113349198214,2008,9973.158184400008,37816.35317509999,10.019632101470584,54,0.6032285656250003,65,9.219396159475735,20,4.660306610693158,0.0,0.0
2025-10-21,NC-SBY-BRT-17,0.9917390349042444,9751,8711.894156500004,33157.69977750002,14.567871236130529,51,0.5377793670480546,56,9.13062270232478,26,4.379696420217958,0.0,0.0
2025-10-21,NC-SBY-SEL-18,0.9983032489848784,1107,10024.1245712,36405.366219700016,13.737803700211408,41,0.5400547968487396,53,9.22540270858798,24,5.307331086977971,0.0,0.0
2025-10-21,NC-SBY-SEL-19,0.9864566897520828,4434,8532.4496861,30150.657698300005,10.787094514138822,53,0.6308723358056268,63,8.598726655020736,34,3.991993625890256,0.0,0.0
2025-10-21,NC-SBY-SEL-20,0.994098062911448,1190,8543.195449499988,29151.19956900001,12.18584699131579,61,0.6045627734908136,87,8.616953804548308,37,3.251521775288272,0.0,0.0
2025-10-21,NC-SBY-SEL-21,0.9970629037725712,11518,7494.464289400005,26893.6822655,9.502625615614615,44,0.6605766887043185,75,8.827845687309209,24,3.797593667451542,14.831402,1.0
2025-10-21,NC-SBY-SEL-22,0.9996182268630908,11209,9384.0708738,31807.58574439999,11.711814413766238,59,0.6221175324675324,85,8.933103732853137,38,3.5342683215308,0.0,0.0
2025-10-21,NC-SBY-SEL-23,0.9999693502884448,1134,6849.9936304999965,21620.665627399994,8.952513462337658,50,0.682474025974026,56,9.053918611679418,8,3.0713510125239782,2666.9993790000008,1.0
2025-10-21,NC-SBY-TMR-10,0.9998618158841256,4870,7233.951006499993,22654.389653499973,10.375731066323029,36,0.6135738831615116,59,8.890284077520134,8,4.133224932997951,2645.634748999999,1.0
2025-10-21,NC-SBY-TMR-11,1.0,1801,9636.861729900002,28827.867802399996,9.709380037537535,43,0.6135075075075076,75,8.829171529526707,7,3.7497640589044097,3900.446298,1.0
2025-10-21,NC-SBY-TMR-12,0.9604485250784698,7945,7915.655618800005,22980.60080970001,10.340062633552636,38,0.6121464401294496,68,8.890072753696034,11,3.1827209826001,3161.042537,1.0
2025-10-21,NC-SBY-TMR-13,0.99742524313738,451,10218.628476900005,35626.84498880001,12.441988972399145,46,0.5555889830508478,70,8.95640219587695,6,4.350157878593171,0.0,0.0
2025-10-21,NC-SBY-TMR-14,0.9999074928701212,873,7713.380825200002,28634.650126900007,13.05416957436618,30,0.5513079811267604,50,9.103961628615885,18,5.668412531628084,0.0,0.0
2025-10-21,NC-SBY-TMR-8,0.9832748209048512,1554,7674.198084999994,24743.96314089997,8.37396906074074,50,0.654516666666667,74,8.972138442251364,10,3.5119038604556203,2610.2036270000003,1.0
2025-10-21,NC-SBY-TMR-9,0.9988032134482644,1870,7596.882194899997,24441.271211500025,10.60343140172414,36,0.5875765993265991,63,8.94625671912376,2,3.5837354982467784,2652.271338,1.0
2025-10-21,NC-SBY-UTR-1,0.9998740885729656,2424,7144.379656899998,22743.328302599988,8.198283641233772,72,0.6487556634304208,75,8.405844544018917,42,3.412986897185744,2819.9184880000007,1.0
2025-10-21,NC-SBY-UTR-2,0.9975883540206124,1433,11811.356251200015,42983.63840609994,7.288379636681226,104,0.7256352577342049,141,8.665309045275949,17,3.270964701790376,4179.604641999998,1.0
2025-10-21,NC-SBY-UTR-3,0.998372080968302,825,7806.008731100006,25711.8054321,8.765675950689653,64,0.6558927757679183,78,8.935426433064192,15,2.7655529127875904,2964.0463389999995,1.0
2025-10-21,NC-SBY-UTR-4,0.9997597930378502,1016,7113.206910500005,23620.695697,9.88697019761904,47,0.6583303571428574,63,9.285054683649022,2,3.7432534100668176,2791.9872940000014,1.0
2025-10-21,NC-SBY-UTR-5,0.9983024279303596,1357,8100.606120600003,25220.440378,10.090201932506885,41,0.5642009008108106,61,8.794261635249967,33,4.298437565442381,3280.3516350000004,1.0
2025-10-21,NC-SBY-UTR-6,0.9992138292929984,1161,7591.888403999999,21245.7383769,8.645634735039371,57,0.6709192913385823,75,8.969314413318745,7,2.6094697515058893,2986.85273,1.0
2025-10-21,NC-SBY-UTR-7,0.999251952474368,1496,10979.686213300009,32569.993975200003,9.109078527808997,56,0.6400335647222222,91,8.89068997697601,21,3.637246490051191,4721.429865000001,1.0
2025-10-21,NC-SDA-UTR-24,0.9996027211861194,600,10210.23096529999,37037.13399419998,9.828952520799998,64,0.6819966666666665,91,8.830812484618043,32,3.5294253167087346,0.0,0.0
2025-10-21,NC-SDA-UTR-25,0.9920433580657204,316,7825.8335122000035,28092.1403712,10.722275199999997,65,0.6829306020066883,89,8.9125306229986,18,3.5838530815412946,0.0,0.0
2025-10-21,NC-SDA-UTR-26,0.9998011998918764,1117,8513.869906099997,32571.578949199986,12.24374379367469,29,0.6370609939759031,75,9.273587178323128,16,4.852185638512073,30.908506000000003,1.0
2025-10-21,OA_CLUSTER,0.9952213479643208,73236,196728.9120344001,660458.5609924999,10.68556224043058,1173,0.6115232923862548,1634,8.925387828719446,440,3.9655318792200056,41395.620323,0.5377849355797819
2025-10-22,NC-SBY-BRT-15,0.9990823203989404,2056,8931.125042500007,31098.759746699983,12.437230474637694,29,0.557319511298077,54,9.135526787467253,31,5.831655798068049,0.0,0.0
2025-10-22,NC-SBY-BRT-16,0.9999855266961336,2877,9895.103001599991,38393.90861560002,11.463072059375015,35,0.5785582932692305,57,9.281472509358972,13,4.942176463334034,0.0,0.0
2025-10-22,NC-SBY-BRT-17,0.9888741646621092,957,8550.348609399995,32352.38438859998,14.60514552276994,23,0.5232535128805621,39,9.129242822055977,18,6.320083723820458,0.0,0.0
2025-10-22,NC-SBY-SEL-18,0.99467310393231,1431,10226.132656900005,37195.91405629999,14.819086888607591,38,0.5207568277310924,55,9.299197599035498,19,4.837587332468941,0.0,0.0
2025-10-22,NC-SBY-SEL-19,0.984932348858727,3632,8887.860192299995,29477.186355500005,11.103758139454092,31,0.5894897374384239,48,8.752376469272058,34,4.8711126912436296,0.0,0.0
2025-10-22,NC-SBY-SEL-20,0.9982846119742732,1259,8425.518139599995,28203.676283900008,13.142633473421045,51,0.5665113734908135,78,8.778707133884291,31,4.792617382363373,0.0,0.0
2025-10-22,NC-SBY-SEL-21,0.9899151606628898,2074,7819.3453667,27730.038156299983,8.125144720547944,58,0.6493122926910299,81,8.813030165386325,21,3.460971806804813,3.92199,1.0
2025-10-22,NC-SBY-SEL-22,0.9971797845300532,1058,9346.27290499999,30664.5773301,12.420424763020836,50,0.6087286821705431,76,8.870573274957597,46,3.5321437287587343,0.0,0.0
2025-10-22,NC-SBY-SEL-23,0.9996200925973816,1160,6875.0125686,21374.997456800003,8.051457745021645,53,0.695707792207792,57,8.981271687006108,17,3.356118381079392,2912.612244999999,1.0
2025-10-22,NC-SBY-TMR-10,0.9980007080784108,2743,7264.129746399995,22017.737664099976,9.589077638487977,27,0.6046486254295534,48,8.837599458874738,14,4.403050876170666,2806.414889999998,1.0
2025-10-22,NC-SBY-TMR-11,0.9995980275766616,2481,9591.460708999986,28400.195156499987,9.123732927627632,48,0.628376876876877,85,8.787659323932777,6,3.549568070099152,3942.149783,1.0
2025-10-22,NC-SBY-TMR-12,0.9609440372021962,2957,7824.223240499999,22780.98336420002,9.9845197771987,41,0.6175694889250809,75,8.853288204975568,18,3.3190935615731685,3261.246535,1.0
2025-10-22,NC-SBY-TMR-13,0.9934870211226436,852,10069.045216500008,29767.193623699983,9.24094129973262,79,0.6179839574866306,95,8.634224370700606,19,2.822564387309433,3882.913247,1.0
2025-10-22,NC-SBY-TMR-14,0.9973645962646884,733,7922.115685599995,28574.13144360001,12.562529807122516,23,0.5561232394366199,49,9.169555463789928,13,5.962572305383664,0.0,0.0
2025-10-22,NC-SBY-TMR-8,0.9955992751617548,588,7494.657771700003,23670.72539320001,8.163920171910114,33,0.6300916666666665,64,8.932911863259706,6,3.875980641432216,2762.774772,1.0
2025-10-22,NC-SBY-TMR-9,0.9993089470312508,5350,7234.5039314999985,24231.095830099992,8.831221620068026,34,0.5954938269360271,59,8.909445729095788,9,4.085796209211811,2710.892855,1.0
2025-10-22,NC-SBY-UTR-1,1.0,1838,7043.167095300005,22952.172533399986,8.510150042071189,61,0.6422532362459544,71,8.382252092038865,45,3.455229830155381,3211.97484,1.0
2025-10-22,NC-SBY-UTR-2,1.0,1445,11666.2497309,42541.97116979997,8.159643764705873,79,0.6928928832244006,114,8.726020832633598,12,3.896506530448034,4635.301727,1.0
2025-10-22,NC-SBY-UTR-3,0.994132737116958,704,7764.313003699997,25858.910653999992,9.26057481774744,49,0.6493182593856655,73,9.025533220076715,15,3.6135028056980008,3310.173856999999,1.0
2025-10-22,NC-SBY-UTR-4,0.9999834828833588,954,7083.518877599997,23582.8189521,9.730692360714288,38,0.6561441797619049,51,9.317766802637312,2,4.304801450258391,3133.637,1.0
2025-10-22,NC-SBY-UTR-5,0.9961043612914258,1497,8355.578454100003,25290.901719299975,9.045247296164383,66,0.5919869016260166,66,8.646889520676899,45,3.521391640912564,3714.652435,1.0
2025-10-22,NC-SBY-UTR-6,0.9955567287845668,1729,7574.715298300006,20864.8154779,8.502710396108952,58,0.6559085603112836,73,8.789927129010502,10,2.566509834071072,3292.680977,1.0
2025-10-22,NC-SBY-UTR-7,0.9994902627655348,2706,10968.579602300008,32747.50575430001,9.794687474166668,47,0.6263099536111111,92,8.896366213558922,14,3.644370678728898,5154.0264670000015,1.0
2025-10-22,NC-SDA-UTR-24,0.9996386607902266,1257,10061.069772799998,37364.33785059999,11.308978068000002,47,0.6445022221333334,73,8.936361057594256,24,3.832706339726858,0.0,0.0
2025-10-22,NC-SDA-UTR-25,0.9992834851011072,447,7740.062508299993,28128.95537360002,11.28433656856186,45,0.6515234113712368,67,8.990322212499239,16,4.078485743150111,0.0,0.0
2025-10-22,NC-SDA-UTR-26,0.9974515822590332,1340,8640.8514694,31790.187318800017,12.433528236969698,44,0.6377341867469878,54,9.227373955980507,21,4.168685750100964,29.392222000000004,1.0
2025-10-22,OA_CLUSTER,0.9948653616142826,43081,196812.976846,649772.6011259999,10.555012159839327,1051,0.6056759913852077,1560,8.917112453645437,458,4.224120349426274,48735.37362,0.5906300889389954
2025-10-23,NC-SBY-BRT-15,0.9986788970711876,1683,8769.323819600004,27147.9293579,10.105687464124289,66,0.6067791901129939,79,8.840219823179547,33,3.685550460144417,3145.091604,1.0
2025-10-23,NC-SBY-BRT-16,0.9986839628997014,1263,9940.011811200004,38478.2607989,11.849258625000004,23,0.5741933964622641,57,9.35959126287919,9,5.273729465849928,0.0,0.0
2025-10-23,NC-SBY-BRT-17,0.9992004554910372,1350,8687.762130299994,33185.01579649997,14.753988068707477,18,0.5161111113378681,28,9.080971493246912,19,6.982001180454485,0.0,0.0
2025-10-23,NC-SBY-SEL-18,0.9994037446177902,1330,10040.254869199998,37351.00704159998,15.258432843514653,34,0.5186284868200836,42,9.30910736276812,11,5.338767070269126,0.0,0.0
2025-10-23,NC-SBY-SEL-19,0.9919344203589496,3153,8980.586054000012,32335.854130899992,11.63220747071428,46,0.598684523809524,62,8.663971462877807,39,3.859049696768796,0.0,0.0
2025-10-23,NC-SBY-SEL-20,0.990864081298018,1014,8367.670957699993,29315.73587190004,10.868943316624044,60,0.6021438618925833,82,8.591623803546206,40,4.623872260304953,0.0,0.0
2025-10-23,NC-SBY-SEL-21,0.9999303576646242,812,7787.641842099995,28681.323161899974,11.653961598709676,38,0.6028182796774196,51,8.956171889390122,22,4.122801888459493,0.0,0.0
2025-10-23,NC-SBY-SEL-22,0.993727647785496,1035,9266.322069899994,32041.7698938,13.094850858928584,45,0.5942900763358778,73,9.048048763533023,38,4.189627305261731,0.0,0.0
2025-10-23,NC-SBY-SEL-23,0.9998215114084972,1489,6767.371273200002,21963.287841200017,8.981165132900435,47,0.6887918467532463,65,9.027995542524856,7,3.4191834236180307,2972.946258,1.0
2025-10-23,NC-SBY-TMR-10,0.9951128911504842,1341,7046.030360699999,22748.5401227,10.096942714089348,26,0.6076712487972508,50,8.849433204351381,7,4.644344313378909,3726.851224,1.0
2025-10-23,NC-SBY-TMR-11,0.9999270528816008,1127,9459.431581999996,29209.02400089999,9.408994395195196,50,0.6227289789789789,83,8.816461821594396,7,3.4850614178487467,6366.193989999999,1.0
2025-10-23,NC-SBY-TMR-12,0.9802547288382072,815,7902.993714899999,23730.88938040001,10.609569174920637,38,0.6090330685714287,63,8.90837262482263,18,3.5757216372650915,5436.512621999998,1.0
2025-10-23,NC-SBY-TMR-13,0.9996835607429388,987,10146.766156499994,30508.28493269999,9.647323762032093,65,0.6089839572192508,90,8.65379505439326,13,3.060998437250474,4203.782665999998,1.0
2025-10-23,NC-SBY-TMR-14,0.998521431743494,684,7796.497696499999,28483.613408,13.851646603661974,19,0.533223708732395,36,9.293069352822885,7,6.291367093165712,0.0,0.0
2025-10-23,NC-SBY-TMR-8,0.9998577190576234,619,7402.892435799994,24742.35486850002,8.764609191851857,46,0.6416913577777777,68,8.885557020901308,10,3.5089413846918367,3878.381434000001,1.0
2025-10-23,NC-SBY-TMR-9,0.9997542267490072,1012,7114.437443800005,24986.64999330002,10.33008796464646,36,0.6111624575757577,66,8.869937616926904,7,4.137425594959418,3405.286563,1.0
2025-10-23,NC-SBY-UTR-1,0.9981936603844992,1806,6997.557315600005,22778.2939278,8.179834352666665,59,0.6464304207119742,70,8.363478701710306,46,3.570561960990568,4630.174149000001,1.0
2025-10-23,NC-SBY-UTR-2,0.9986051606121612,2267,11484.265624100006,42315.5147036,7.506682358823525,79,0.6982835877995641,116,8.684032451869347,13,3.7278168560337126,5907.622562000001,1.0
2025-10-23,NC-SBY-UTR-3,0.9895652173913044,705,7609.1949259999965,26340.93841509997,9.968729312413794,45,0.6253761493103449,69,9.1353077496292,13,3.967518524504249,3917.343841,1.0
2025-10-23,NC-SBY-UTR-4,0.9957316060455074,1151,7083.628627600001,23829.23617150001,9.565456509126983,34,0.6637933202380953,59,9.23666112987768,1,4.131602286334152,3482.6163600000004,1.0
2025-10-23,NC-SBY-UTR-5,0.9981911317541527,1554,8407.1049149,26790.21778970001,10.130903703523035,38,0.5786248888000003,65,8.782946293411218,30,4.502382587005501,5269.161452000002,1.0
2025-10-23,NC-SBY-UTR-6,0.9969106569772128,2238,7663.070032699995,21654.927119499996,8.427016099212599,57,0.6702975720472439,72,8.88423709682496,9,2.791686665381586,4434.882691000001,1.0
2025-10-23,NC-SBY-UTR-7,0.9987198112239664,1958,10849.882278200002,32641.395824600026,9.561354952112673,43,0.6260675927777782,93,8.88682483830401,18,3.845267557111378,8012.255586999994,1.0
2025-10-23,NC-SDA-UTR-24,0.9888657203842104,1837,10032.655586100016,36814.434705900014,10.137470673936171,62,0.6557224412073497,87,8.866605647042705,23,3.431363621622641,0.0,0.0
2025-10-23,NC-SDA-UTR-25,1.0,547,7787.715462000007,29219.68285849999,12.715832288424442,35,0.6267218646302254,69,9.095177015347188,10,4.229692156552263,0.0,0.0
2025-10-23,NC-SDA-UTR-26,0.994785580447508,1582,8587.9096738,33057.52510239996,12.926784698255808,42,0.6212737401162786,62,9.281538689797596,21,4.6485812072073935,29.941759,1.0
2025-10-23,OA_CLUSTER,0.9966389183974698,31393,195570.6979365,661260.0645529001,10.832806043179504,1012,0.605501724219842,1539,8.920798299756997,417,4.299853268897161,68789.103003,0.5974448897795591
2025-10-24,NC-SBY-BRT-15,1.0,1558,9139.567549600004,27628.01796940002,9.541101403107346,77,0.6209110169491522,96,8.839566593055038,30,3.522515094566505,4056.037831,1.0
2025-10-24,NC-SBY-BRT-16,1.0,906,9716.85329180001,39752.47508160004,11.385189519339622,28,0.5846079009433954,55,9.308724099354318,13,5.318538715553482,0.0,0.0
2025-10-24,NC-SBY-BRT-17,0.99786499269777,1646,8687.131695400001,34191.6739242,14.47825215235954,21,0.5124664793258428,27,9.195725348038527,11,6.914669847535164,0.0,0.0
2025-10-24,NC-SBY-SEL-18,0.9995307570538332,1737,9735.934765900003,37435.74209309998,16.19062553437499,23,0.4965612847916668,37,9.404486311747316,14,5.977706273810877,0.0,0.0
2025-10-24,NC-SBY-SEL-19,0.9984192280579778,3491,8556.3439322,32655.39845280002,13.108013689371989,29,0.5574232142857144,36,8.782816481567627,33,5.124364195973988,0.0,0.0
2025-10-24,NC-SBY-SEL-20,0.998203835864138,1168,7889.7878235,28922.305574099988,12.079492795652172,39,0.5737655585677743,52,8.734016509685391,25,4.277499125058832,0.0,0.0
2025-10-24,NC-SBY-SEL-21,0.9988512777365371,778,7790.274341199992,29019.71905750001,12.291245658387105,41,0.5987596774193549,55,8.995946847075277,18,4.504155158540273,0.0,0.0
2025-10-24,NC-SBY-SEL-22,0.981332891281818,1213,9315.547760999993,31838.02745750001,12.819409028244277,48,0.5897983460559797,75,9.05745750194335,30,4.00233689296119,0.0,0.0
2025-10-24,NC-SBY-SEL-23,1.0,1175,6671.112315000001,22229.301990400007,8.788749181818178,47,0.6901305917748924,52,9.042382847125806,11,3.738328530701011,2883.0915429999995,1.0
2025-10-24,NC-SBY-TMR-10,1.0,1042,6907.3430493000005,22548.433195400008,10.597590964604814,24,0.5880111683848795,39,8.891009431625381,9,4.989272542745141,3641.1147450000008,1.0
2025-10-24,NC-SBY-TMR-11,0.992979305322698,1930,9257.416479300002,28965.895429900007,9.89503665645646,45,0.6099729729729727,74,8.876929961788516,6,3.974828098581104,6387.236748,1.0
2025-10-24,NC-SBY-TMR-12,0.999875437806408,874,7626.324061599997,24033.575189000017,10.858065437142862,47,0.5975039682539682,64,8.899978234155286,20,3.761360419641598,5140.866385999998,1.0
2025-10-24,NC-SBY-TMR-13,0.999690449609256,708,10138.292705400005,31033.188343700003,9.943996354278084,60,0.5976214350267377,90,8.673569612362735,11,2.949187018075664,4163.652204000001,1.0
2025-10-24,NC-SBY-TMR-14,0.997795162219236,643,7611.831915499999,28670.72038210001,13.690423014366186,17,0.5277676056338024,33,9.21798240348846,4,5.4966132643138215,0.0,0.0
2025-10-24,NC-SBY-TMR-8,1.0,534,7364.643998400003,25330.56801969999,8.261535299629633,44,0.648966666666667,72,8.869542895717808,8,3.441574449319124,3959.095302,1.0
2025-10-24,NC-SBY-TMR-9,0.9997674607032896,4609,7055.444143100005,25234.08591649999,10.81991048080808,39,0.6047323232323234,67,8.878628265751438,11,4.09323219006647,3496.265342,1.0
2025-10-24,NC-SBY-UTR-1,1.0,1672,6679.921739500002,22777.99857279998,8.2418097472492,61,0.6430088996763753,66,8.351944968841657,52,3.4831415522078952,4688.978424000001,1.0
2025-10-24,NC-SBY-UTR-2,0.9999996180690902,1523,11331.042240900006,43639.49598100001,7.559748666230933,101,0.7132336601307191,139,8.609143693672141,16,3.458870602588034,6058.871590000001,1.0
2025-10-24,NC-SBY-UTR-3,0.9897848425284972,666,7578.830382600001,26406.073771400035,9.422009864827588,43,0.6469999999999997,72,9.075296671151454,10,3.6397947146673566,3842.074456,1.0
2025-10-24,NC-SBY-UTR-4,1.0,1129,6998.920088399997,24101.227544899997,9.147901555555556,39,0.6722678571428569,58,9.226381926432122,2,4.129121723148452,3508.8010230000004,1.0
2025-10-24,NC-SBY-UTR-5,0.9999845498852152,2122,8772.322838199992,27964.241664700017,9.11447208418231,54,0.6131306666666669,83,8.871529112099148,43,4.283534123297479,5544.676959000003,1.0
2025-10-24,NC-SBY-UTR-6,0.9999029490725854,1272,7456.588499099997,21292.900772100005,8.739524776771656,52,0.6616968503937006,77,8.942139532597732,8,2.9134833168370746,4471.010877,1.0
2025-10-24,NC-SBY-UTR-7,0.9998545155868844,2367,10486.198386500002,33014.87226549999,10.065473550833342,39,0.6222812499999998,81,8.902980689131088,14,4.252290288246319,7864.698130999995,1.0
2025-10-24,NC-SDA-UTR-24,0.9923949224875072,1690,10073.725393600002,38108.41857309998,9.737661702894735,83,0.6697836832020996,105,8.760150618714203,26,2.9728095508751182,0.0,0.0
2025-10-24,NC-SDA-UTR-25,0.999362873251292,1971,7894.248521400005,29554.48961730002,11.355629950809066,59,0.6547130225080384,85,8.960783394614399,20,3.130450723016099,0.0,0.0
2025-10-24,NC-SDA-UTR-26,0.98465287479431,5190,8648.739415300004,33031.539640800016,12.434592714244197,48,0.6355496607558137,62,9.229521199421532,28,4.197842672940389,37.79478,1.0
2025-10-24,OA_CLUSTER,0.9979150397788904,34763,192767.67400340005,668685.9386493001,10.9814151048503,1018,0.6017089227571015,1500,8.94647229511523,399,4.372177348715732,69706.471561,0.5971457185778668
2025-10-25,NC-SBY-BRT-15,1.0,1608,9231.425713200006,28089.216029399988,9.785380994632764,52,0.6123761771186444,72,8.958835976770834,36,4.534124979646959,4117.093406000001,1.0
2025-10-25,NC-SBY-BRT-16,0.9991682400812568,726,9690.237959700007,38443.58316999997,13.194335111904763,14,0.5253964228773587,32,9.449861470251887,7,6.999918841251222,0.0,0.0
2025-10-25,NC-SBY-BRT-17,0.999678560143226,1274,8902.620211200003,35705.17723030002,15.307278192477863,35,0.5211382743362835,43,9.071149611341609,23,5.56642590223064,0.0,0.0
2025-10-25,NC-SBY-SEL-18,0.9988234674944888,971,9524.600073800004,37383.947065400025,16.62498875604165,24,0.4847076387499995,37,9.466077998993452,14,6.036415623441611,0.0,0.0
2025-10-25,NC-SBY-SEL-19,0.9919215401129154,1771,7565.409355099999,30382.386778000004,16.160699297169817,26,0.4839038915094336,34,9.0238599469557,23,5.994276823486721,0.0,0.0
2025-10-25,NC-SBY-SEL-20,0.9999407301931011,767,7322.291474800001,28645.55729450001,15.473710333500014,28,0.4998510288888884,46,9.05449556277876,29,6.277614313932304,0.0,0.0
2025-10-25,NC-SBY-SEL-21,0.9999534137724956,700,7064.219941199999,28150.6752595,14.329550365806451,18,0.5374830645161289,33,9.204367415031584,12,6.985933976754272,0.0,0.0
2025-10-25,NC-SBY-SEL-22,0.971049435238974,1215,8898.991599200006,31493.750689299985,14.235570860416663,37,0.555995759287532,53,9.284625586380931,36,3.794737055099718,0.0,0.0
2025-10-25,NC-SBY-SEL-23,0.9908187489987312,989,6714.413086699999,21798.8585095,8.827225784415587,46,0.6897738095238097,49,9.027205657372608,11,3.2862880065610014,2850.9737420000006,1.0
2025-10-25,NC-SBY-TMR-10,1.0,3500,6521.842155799999,22358.415835200005,11.263407234707902,15,0.5595197594501721,34,8.93284833386638,15,5.828413385530859,3289.831477000001,1.0
2025-10-25,NC-SBY-TMR-11,0.9999825796586636,1087,8491.030516699997,27629.2860504,11.058920093674695,28,0.5751201201201204,56,8.891594710080751,5,4.364742124825919,5576.569040000001,1.0
2025-10-25,NC-SBY-TMR-12,0.9999811101828646,943,7041.648449500002,23306.63809000001,12.215489803184706,20,0.55035,49,9.086415726294252,24,4.932173877875647,4760.313234,1.0
2025-10-25,NC-SBY-TMR-13,1.0,534,9287.108937500008,30438.15925920001,12.35477340294906,26,0.5418783422459896,53,8.879998347624879,4,4.298565010718587,3667.3091020000015,1.0
2025-10-25,NC-SBY-TMR-14,0.9992073665669812,750,7862.908731899995,29619.392658699988,14.118880171468932,27,0.5165812205633803,44,9.083757068934847,10,4.234863808241277,0.0,0.0
2025-10-25,NC-SBY-TMR-8,0.9943652479429012,544,7548.262685400001,26214.0438698,9.114048280370378,42,0.6310984570370373,68,8.935667875931744,7,3.860685780441253,3905.572568,1.0
2025-10-25,NC-SBY-TMR-9,0.9996154242705434,1716,7156.876423599999,26347.79194050001,10.825572937373735,25,0.5940841750841751,56,8.959556947898127,7,4.763303464420716,3506.3801690000014,1.0
2025-10-25,NC-SBY-UTR-1,0.997178302726732,1822,5683.894469599996,20918.168030399996,10.386299809771993,39,0.5697920711974106,42,8.529420176245695,50,3.9614964247903455,3968.9682899999984,1.0
2025-10-25,NC-SBY-UTR-2,0.999993623610858,2078,11640.7908788,45576.29759619996,8.633133278867101,61,0.6710245098039211,93,8.743023236888911,15,4.294852941897701,6453.024076000003,1.0
2025-10-25,NC-SBY-UTR-3,0.989341334134284,956,7084.1012071,26008.77794030001,11.709214646180556,19,0.5776772986206896,37,9.27494500022132,6,5.344765878631743,3689.3283590000015,1.0
2025-10-25,NC-SBY-UTR-4,1.0,883,6527.850596899997,23102.82096640001,11.251274688888886,23,0.6068005952380949,33,9.408490890589364,1,5.193489026827856,3191.785663,1.0
2025-10-25,NC-SBY-UTR-5,1.0,2202,8743.109773799997,27889.34047029997,8.932865422400006,65,0.6017913333333339,88,8.775400711751828,52,3.268111505491412,5446.848104999997,1.0
2025-10-25,NC-SBY-UTR-6,0.9997253873771732,1430,6435.491577500003,19681.53405159999,11.68523646494024,29,0.562192231075697,44,9.31976863631984,12,4.128599166639279,3711.648527000001,1.0
2025-10-25,NC-SBY-UTR-7,0.9997891741824652,1287,9543.491561300005,32073.09765919998,11.5688579586111,17,0.568976388888889,47,9.051626560937953,17,5.438171374931649,7143.892004999999,1.0
2025-10-25,NC-SDA-UTR-24,0.98889498659275,955,9999.306560799994,37557.45171620003,10.686873037696342,71,0.6572658526992285,94,8.89252968797364,19,3.81510001363869,0.0,0.0
2025-10-25,NC-SDA-UTR-25,0.994763723527655,600,7262.696915299997,27541.7535098,14.290119516286644,37,0.6011806902912618,49,9.163256124238696,10,4.143314179141684,0.0,0.0
2025-10-25,NC-SDA-UTR-26,0.9897553019811204,1793,8491.613272600001,32602.560959299983,13.115088966569765,34,0.5999033427325584,54,9.440250463498474,25,3.904709267445624,32.781394000000006,1.0
2025-10-25,OA_CLUSTER,0.9969927207582716,29753,184482.61738030004,661256.9164441,12.382311626542512,716,0.5618034610616288,1143,9.063443442596116,416,5.000720982966905,65279.537763000015,0.595282665668289
2025-10-26,NC-SBY-BRT-15,1.0,1257,8535.667087100008,28398.127806199987,10.948228013544671,40,0.5826296829971181,56,9.113672215682053,27,4.913804914109682,3946.2538489999984,1.0
2025-10-26,NC-SBY-BRT-16,0.9998370437896406,532,9549.570826300003,41658.28844899999,12.51824307429245,11,0.5524453617924533,39,9.347806897244755,9,7.2916602434647935,0.0,0.0
2025-10-26,NC-SBY-BRT-17,1.0,803,8432.353246100003,36205.56174540001,15.126506187610618,19,0.4851521017699111,38,9.186810328161254,24,6.912315193875961,0.0,0.0
2025-10-26,NC-SBY-SEL-18,0.9995510855282927,958,8731.014730399997,38785.46849599998,17.226051699583333,10,0.4523739585416669,21,9.562462762157775,13,7.361773835872837,0.0,0.0
2025-10-26,NC-SBY-SEL-19,0.9976424271773262,1561,7050.661676200007,31278.511601600003,16.7124944462264,13,0.4616149766509433,17,9.10871529994946,24,7.013493977433911,0.0,0.0
2025-10-26,NC-SBY-SEL-20,0.9996298067893482,488,6825.182792900005,29425.02495799998,16.85339865432099,21,0.4636845679012347,36,9.109900029329074,23,7.515105577911428,0.0,0.0
2025-10-26,NC-SBY-SEL-21,0.9977784264182816,823,6632.370744199999,28190.33518160002,14.220095704516115,20,0.5334233870967738,37,9.26805772527817,13,6.149672909822407,0.0,0.0
2025-10-26,NC-SBY-SEL-22,0.9997683787460232,898,8539.725265199997,30216.92753390001,13.437403287500002,56,0.5736504450381679,74,9.15038260940012,35,3.584512226620558,0.0,0.0
2025-10-26,NC-SBY-SEL-23,1.0,770,6300.553402399998,23211.7274443,11.03891688398268,18,0.6037121212121213,30,9.245494646834429,5,4.95760994990637,3067.5481350000005,1.0
2025-10-26,NC-SBY-TMR-10,1.0,4727,6138.954113700004,22600.6969092,11.65748045292097,18,0.5384453034364262,40,8.884487376431146,13,5.382032171985859,3335.0324280000004,1.0
2025-10-26,NC-SBY-TMR-11,1.0,966,7745.129761699998,27695.85172510001,12.00587123239876,22,0.5473208722741436,52,8.978727456704867,6,4.5484260663649865,5508.210425000003,1.0
2025-10-26,NC-SBY-TMR-12,0.9997627543551456,843,6832.9365938,23838.487405799984,12.513161838095234,24,0.5320785714285713,49,9.057457867214897,20,4.634413769636694,4934.109972,1.0
2025-10-26,NC-SBY-TMR-13,1.0,492,8563.628399499998,30512.203560700007,12.348744624932996,46,0.5370690729946523,77,8.754816472754229,13,3.7376172834801102,3680.298757000001,1.0
2025-10-26,NC-SBY-TMR-14,0.9953555607502544,530,7368.723680700001,29753.33136349997,14.064961005633805,30,0.5185239436619716,41,9.064381192501749,6,4.694177495176081,0.0,0.0
2025-10-26,NC-SBY-TMR-8,0.9811126068884548,1288,7681.083173400002,27069.17235430001,8.401985944943819,45,0.6548748438202242,67,8.871130068259127,12,3.633797230233269,4299.180394000002,1.0
2025-10-26,NC-SBY-TMR-9,1.0,1042,7038.713472900001,27736.206337199998,11.066982378787882,24,0.5853930976430979,52,8.933825775305914,5,4.924246233871261,3588.946807,1.0
2025-10-26,NC-SBY-UTR-1,0.9997274767674038,1142,5114.380101699998,20864.4341715,13.903420927508083,20,0.4751685543689319,18,8.938047694323348,30,5.981980678884496,3793.6799339999993,1.0
2025-10-26,NC-SBY-UTR-2,0.999997730573711,2789,12227.137246400014,49041.8582836,8.020249681699346,80,0.6917412854030494,106,8.593763723797359,23,3.153902022863337,7341.159802000003,1.0
2025-10-26,NC-SBY-UTR-3,0.9898488892109152,725,6650.980069899996,26315.2775599,12.844271117931031,25,0.554119827586207,43,9.345764820888167,7,4.974129691421081,3832.851298000001,1.0
2025-10-26,NC-SBY-UTR-4,1.0,1068,6167.379189700001,23115.2668066,13.848855670238104,25,0.5497480158730157,29,9.581491121599846,2,5.328292713702304,3064.346691,1.0
2025-10-26,NC-SBY-UTR-5,0.9999048634588396,1836,8041.194769700004,27901.09042189996,10.500315906434308,35,0.5639800000000001,65,9.05218103952097,39,4.6459802448149965,5197.393252999998,1.0
2025-10-26,NC-SBY-UTR-6,0.9999848352899904,867,5551.718622600001,17912.949347300004,13.594152507569715,14,0.4929123505976097,29,9.593323673284956,7,6.268610192044045,3421.818322,1.0
2025-10-26,NC-SBY-UTR-7,0.9996605060506052,1991,8847.613447299997,32033.7241197,12.23988055308989,11,0.5451986111111113,54,9.157372565331968,12,5.874510395789647,7030.182652999999,1.0
2025-10-26,NC-SDA-UTR-24,0.999576990274419,374,9077.8160911,38609.02521569999,12.505534742416447,38,0.5834151670951154,71,9.01697074114865,22,4.190962591412568,0.0,0.0
2025-10-26,NC-SDA-UTR-25,0.999782406347238,522,6347.317871700003,27879.674371499983,14.93261205434084,31,0.5543818327974276,44,9.23378252187868,11,4.286975333976632,0.0,0.0
2025-10-26,NC-SDA-UTR-26,0.9891588181948764,1084,7601.992419300001,31464.95592309997,14.255224179069764,25,0.5545743700581397,47,9.577331028301987,17,5.4805077546601,16.647278999999997,1.0
2025-10-26,OA_CLUSTER,0.9984665487831644,28396,174566.6724138,673760.5235822999,12.982273912255373,627,0.5406595740701288,1070,9.1194739530202,368,5.440016588563353,66041.01272000001,0.5943207405554166
2025-10-27,NC-SBY-BRT-15,0.9999888330515616,1702,8314.137217399997,25522.160301000004,10.74463330806916,52,0.5742363112391934,73,8.841762963194629,31,4.028087128591315,3965.4654299999993,1.0
2025-10-27,NC-SBY-BRT-16,0.9999689421647934,944,9814.650860999993,37525.193648400025,12.128014038207535,15,0.5569433959905663,38,9.384332087665353,7,6.165633474031398,0.0,0.0
2025-10-27,NC-SBY-BRT-17,0.9996852991452992,1511,8477.653986000001,33689.940891800004,15.8139357465812,16,0.4770521724358973,27,9.244712232126172,12,7.232191276015256,0.0,0.0
2025-10-27,NC-SBY-SEL-18,0.9980630146826333,1079,9776.667634,36475.92103750001,16.351829207258046,31,0.4874912633064513,36,9.375572738147,9,6.210234437037058,0.0,0.0
2025-10-27,NC-SBY-SEL-19,0.9998839085085504,3132,8431.426151600002,31427.083401000007,13.99201554178083,23,0.5272271689497717,36,8.763882027557589,31,5.81942669141124,0.0,0.0
2025-10-27,NC-SBY-SEL-20,0.9986142454680884,1082,8269.337757399995,29972.319342799983,13.527540958880786,27,0.5447208026763993,62,8.948091297583506,25,6.035651466621403,0.0,0.0
2025-10-27,NC-SBY-SEL-21,0.9918055574178612,933,7775.395711500005,27380.85795150001,12.129423300949368,43,0.5572919303797471,50,9.115440900023865,9,3.7696048999008567,0.0,0.0
2025-10-27,NC-SBY-SEL-22,0.9959287191723272,799,8784.697854100006,28162.61181990001,12.824572368992245,34,0.5698689567430025,54,8.985157835420155,37,4.525591251031789,0.0,0.0
2025-10-27,NC-SBY-SEL-23,0.999636093073593,1785,6567.261214499996,21664.3071244,9.460947077056275,35,0.6679393939393939,50,9.141393420404556,8,4.10144435185059,2950.291327,1.0
2025-10-27,NC-SBY-TMR-10,0.999827432824982,18345,6870.459370499997,22039.372877,10.614369240893476,25,0.5765970790378008,40,8.833447106688668,8,4.626226755033089,3554.5846589999983,1.0
2025-10-27,NC-SBY-TMR-11,0.9999954719344571,1115,9145.358686999994,28005.98103540001,9.102588967721523,54,0.6298380062305297,91,8.740247512568834,7,3.414205509687814,6018.637046,1.0
2025-10-27,NC-SBY-TMR-12,0.9998596616663687,990,7398.117834900003,22987.786867000003,11.244055312540189,33,0.5785484126984128,58,8.892983500156731,11,3.7760857907179695,4901.251672000001,1.0
2025-10-27,NC-SBY-TMR-13,0.9999132641677824,599,9599.800074800009,30005.09859709999,9.891949268181811,60,0.6070581550802141,90,8.66041604285337,10,3.0967824579600203,3835.475831999999,1.0
2025-10-27,NC-SBY-TMR-14,0.9995414647948748,1192,8050.301127299996,28435.364610500023,12.38614494397759,32,0.5631173184357546,48,9.070093707992347,15,4.464169475891771,0.0,0.0
2025-10-27,NC-SBY-TMR-8,0.9937414821876214,530,7382.675556999997,24235.054344400007,8.530586742592593,46,0.6434712962962963,71,8.938775447387881,9,3.5426934356656714,3800.490554,1.0
2025-10-27,NC-SBY-TMR-9,0.9989900594299974,501,6948.795507899998,24251.8448079,10.089735210774412,37,0.6194295734006734,61,8.838027935620218,8,3.8861492894065903,3105.273051,1.0
2025-10-27,NC-SBY-UTR-1,1.0,1613,6547.680572700001,22176.497092399964,8.833908969579285,45,0.627324433656958,53,8.414968624728091,37,4.122222111921467,4399.788306,1.0
2025-10-27,NC-SBY-UTR-2,1.0,1636,11250.573704000002,42082.06630080003,7.927767980827883,67,0.6975795206971678,117,8.709884864774722,11,3.9316035789134736,5957.038598000005,1.0
2025-10-27,NC-SBY-UTR-3,0.9895833333333334,759,7443.413159600001,25500.5460242,10.541571367241373,32,0.6141922413793109,51,9.20760220091708,8,4.354838460127625,3731.594625999998,1.0
2025-10-27,NC-SBY-UTR-4,1.0,920,6890.694432899997,23078.43913479999,10.06958127777778,34,0.6474345238095236,54,9.301045170901237,1,4.590128506349492,3282.432745000001,1.0
2025-10-27,NC-SBY-UTR-5,0.9988785597006892,1263,7782.326520399998,25696.2755513,10.759885309599987,21,0.5514782221333333,52,8.87985476828249,26,5.03204444502096,4937.536828,1.0
2025-10-27,NC-SBY-UTR-6,1.0,1149,7044.897651799999,20249.876262,9.263313341035852,46,0.6445149402390438,63,8.93017976076602,8,3.158373463144415,4051.2623880000015,1.0
2025-10-27,NC-SBY-UTR-7,0.9999362693389592,2105,10413.948529900004,32311.248211600003,9.712202829722225,38,0.6371937500000003,86,8.86852659429053,16,4.038040370052414,7821.329602,1.0
2025-10-27,NC-SDA-UTR-24,0.9911824567458614,1431,9971.849806600005,36751.48696679999,11.700121675728152,51,0.6070438912621363,72,8.973109563335923,27,3.4240225669773143,0.0,0.0
2025-10-27,NC-SDA-UTR-25,0.994197729388348,3743,7320.153767499997,26631.9568462,13.501369967477212,28,0.5824960666666664,55,9.16475291712429,14,4.605621271344487,0.0,0.0
2025-10-27,NC-SDA-UTR-26,0.9750589744200472,2604,8138.421487699991,30387.77280660002,14.434139759999988,25,0.5423397437665779,39,9.483662452729895,15,5.453723695114415,9.021338000000002,1.0
2025-10-27,OA_CLUSTER,0.9985351937259738,45684,188980.2711182,642875.8472347001,11.42457257876248,846,0.5843537048577729,1361,8.96618636438936,344,4.666619432641048,66312.45266400001,0.5898199875853507
2025-10-28,NC-SBY-BRT-15,1.0,1377,8318.104598600003,25789.565584400003,10.15196177981366,57,0.6127096273291925,79,8.76849277436725,28,3.6415207802480425,4235.034788000003,1.0
2025-10-28,NC-SBY-BRT-16,0.9996554250669776,660,9711.631870899992,32392.3013134,8.212716795820898,55,0.6451937002976196,103,8.93152744393004,8,3.02379603116154,3848.096981,1.0
2025-10-28,NC-SBY-BRT-17,0.999046466838309,943,8604.944235600002,34149.41222840005,15.904703105769244,15,0.4754668803418805,28,9.292487154840996,14,6.694545476658598,0.0,0.0
2025-10-28,NC-SBY-SEL-18,0.99870222864929,1031,9957.919533300006,37573.502432000016,16.6316692014113,20,0.4847214381048387,33,9.485573327903657,10,6.566030159362874,0.0,0.0
2025-10-28,NC-SBY-SEL-19,0.9999907522286554,3526,8512.945005600013,32345.635498799995,14.640953177678572,15,0.516604910714286,33,8.903895927355485,29,7.047393173987128,0.0,0.0
2025-10-28,NC-SBY-SEL-20,0.9999809114719136,1035,8323.7210897,30235.65808499999,13.723651799756691,24,0.5392907542579077,64,8.930547203143204,32,5.731819545040974,0.0,0.0
2025-10-28,NC-SBY-SEL-21,0.9825340973384212,745,7862.202935199998,27749.345246500023,12.818060055663436,35,0.5584968354430382,51,9.150839193108094,7,3.752900237760815,0.0,0.0
2025-10-28,NC-SBY-SEL-22,0.9976361833396516,713,8491.951724300005,28769.106129400017,12.91164880997375,44,0.5804463976562497,78,9.025979782447775,33,3.844012685225607,0.0,0.0
2025-10-28,NC-SBY-SEL-23,0.9998122093955428,1311,6627.716902100003,21598.0670485,9.326703313419912,39,0.6796417748917749,46,9.087764122875996,10,3.9232502796597406,3058.543765,1.0
2025-10-28,NC-SBY-TMR-10,0.9982934960573182,4351,7095.493100899999,22559.92871460002,9.517474656701031,44,0.6149209625429558,61,8.755916612771633,12,3.720806855307349,3601.4045369999985,1.0
2025-10-28,NC-SBY-TMR-11,0.9998831236096252,1200,9564.3942022,28224.25987869999,8.999083511042947,56,0.6285128787878784,92,8.695257589809795,9,3.6622789419487294,6440.638565000001,1.0
2025-10-28,NC-SBY-TMR-12,0.999936777192212,806,7510.939894199999,23519.16129000001,10.790625012698412,34,0.5999976190476195,63,8.814799052847833,17,3.443129154186103,5391.597773000002,1.0
2025-10-28,NC-SBY-TMR-13,0.999878983686164,572,9805.273292799997,30469.344793600005,10.070640906684494,71,0.6043008021390379,95,8.703009704468831,15,3.051821639934333,3735.403820000001,1.0
2025-10-28,NC-SBY-TMR-14,0.9995286439129428,2034,8106.360456599998,23844.213145099995,8.61354500035461,64,0.649837979094077,85,8.698366709230777,19,2.5809848621003333,3379.882484000001,1.0
2025-10-28,NC-SBY-TMR-8,0.9995284114913392,1752,7354.667416100001,24690.9529577,8.496895855185183,38,0.6464888888888888,77,8.919941454691548,7,3.878192892971043,3984.347665,1.0
2025-10-28,NC-SBY-TMR-9,0.9991958481087472,738,7000.5357109000015,24778.9905565,10.151300897643097,42,0.6129562289562295,66,8.88668789820951,6,3.9859684568593488,3413.112652,1.0
2025-10-28,NC-SBY-UTR-1,1.0,1745,6683.745779499996,22494.7969662,8.389807663754043,48,0.6454813915857617,60,8.413287632398477,40,3.919159735800888,4662.597181999999,1.0
2025-10-28,NC-SBY-UTR-2,1.0,1794,11281.451449,42301.20063239998,7.773446112200436,85,0.6969482570806101,108,8.687888363225342,10,3.8020694748733375,5884.726631,1.0
2025-10-28,NC-SBY-UTR-3,0.9896714961985368,630,7557.7951629,25936.26098079997,9.757859374482752,46,0.6331482758620687,68,9.091538591145174,8,3.848430269753112,3512.947203,1.0
2025-10-28,NC-SBY-UTR-4,1.0,970,6953.084455200003,23270.055274900013,9.540405421031744,39,0.6648025793650792,55,9.250130756533196,3,4.08766380502169,3258.734934999998,1.0
2025-10-28,NC-SBY-UTR-5,0.999914942249732,1213,8009.133789099996,26114.26079609998,10.075141902956991,31,0.5724155557333335,61,8.760481725218945,34,4.657838343182675,4878.434524000002,1.0
2025-10-28,NC-SBY-UTR-6,0.9999704743008314,1187,7189.413935500003,20425.7778283,9.337747427058826,47,0.6421147058823525,72,8.931402794313048,8,3.016001037843798,3942.720621000001,1.0
2025-10-28,NC-SBY-UTR-7,0.9992837330188268,6047,10510.921679799994,32444.91003890001,9.728399481111111,43,0.6290361111111111,84,8.869599810606102,16,4.01415356552166,7945.224118000003,1.0
2025-10-28,NC-SDA-UTR-24,0.9934305140746618,1707,10017.621751600009,37021.38734170004,12.254827479567298,51,0.6058309411483251,82,9.044294837755167,18,3.1569533901817577,0.0,0.0
2025-10-28,NC-SDA-UTR-25,0.9928824203170844,4344,7330.779137499998,26649.730092500016,13.37293988904899,40,0.5707975166189109,53,9.076606024822889,17,3.909646695456378,0.0,0.0
2025-10-28,NC-SDA-UTR-26,0.9839819923081612,1901,8767.650175099998,31749.6960748,12.75597826926954,39,0.5719106095238093,53,9.289629693229651,22,4.736201360045189,9.325699,1.0
2025-10-28,OA_CLUSTER,0.9984548675139095,36380,191034.34822,641676.7074202002,11.024262825468892,992,0.5975350894205232,1562,8.925785197731633,375,4.343394613354978,75173.448244,0.6795180722891566
2025-10-29,NC-SBY-BRT-15,0.9996204835908322,3320,8427.748517799999,25937.477009100014,10.169188979192551,55,0.6198884574534163,81,8.805812692484452,30,3.8510830686292072,3551.5388840000005,1.0
2025-10-29,NC-SBY-BRT-16,0.9999518641466132,789,10118.397260800002,32598.503293199985,8.298111807807809,65,0.6633715276785717,107,8.917805737157542,11,2.70846301780588,4060.03552,1.0
2025-10-29,NC-SBY-BRT-17,0.9949401505793776,826,8706.591463699988,34227.162858200005,15.143124282365587,20,0.4931221386266092,29,9.211357902958444,20,6.228346333488066,0.0,0.0
2025-10-29,NC-SBY-SEL-18,0.9908947182833912,1221,10077.896208499997,37550.68633349999,15.25590906518219,28,0.5192728955555557,36,9.373656090863443,24,5.671830101144388,0.0,0.0
2025-10-29,NC-SBY-SEL-19,0.9999340924775708,3259,8781.175061599994,33021.10443739998,14.292627219196431,24,0.5313411457589289,30,8.911225092274876,29,6.325882802440215,0.0,0.0
2025-10-29,NC-SBY-SEL-20,0.995418025606492,3226,8423.944732,30477.494900800026,11.90554272097561,41,0.584125506812652,61,8.80823064763963,33,5.31073129330616,0.0,0.0
2025-10-29,NC-SBY-SEL-21,0.994880179004112,1010,8139.360191999997,29340.86858819998,12.669816549101798,34,0.5609767964071856,58,9.128735175198988,8,5.379008160484102,0.0,0.0
2025-10-29,NC-SBY-SEL-22,0.9896359956078028,836,8476.380927699998,29701.568161000007,14.126085224936382,36,0.5495361675126901,52,9.185910771361083,28,4.194007894588444,0.0,0.0
2025-10-29,NC-SBY-SEL-23,0.9988998899889988,1117,6747.6327176,21931.00813130001,8.292210458874456,53,0.7075468974025979,51,9.007201617706128,12,3.7046270465406175,3070.935465,1.0
2025-10-29,NC-SBY-TMR-10,0.9946126888463876,9623,7289.228781000003,22178.133011299997,9.744397706271776,44,0.6235847850174221,59,8.73834185514752,8,3.587200195176942,2954.968209,1.0
2025-10-29,NC-SBY-TMR-11,0.9999151716288772,993,9397.615449099994,28943.695536999985,9.502379826605504,41,0.6120699493939399,77,8.81106966657171,9,3.743177841488297,4157.939872,1.0
2025-10-29,NC-SBY-TMR-12,1.0,809,7722.835578900002,23761.8267974,10.310100594855312,45,0.6098679892063489,65,8.806489884903723,16,3.267712998390263,3413.2878049999986,1.0
2025-10-29,NC-SBY-TMR-13,0.993878386322451,659,9830.810587,30387.6124484,9.39213533672923,77,0.6265666219251339,100,8.597483420881487,11,2.933397755820968,3453.906863000001,1.0
2025-10-29,NC-SBY-TMR-14,0.999997610787771,2382,8318.946999499994,24314.15842109997,10.242324367595822,52,0.6198824041811849,77,8.789208039945322,11,2.621032612016096,3713.310300000001,1.0
2025-10-29,NC-SBY-TMR-8,1.0,684,7259.247912900002,24547.55185039999,8.63750631333333,36,0.6509,73,8.917196526553226,10,3.9320151465583537,3042.3103759999995,1.0
2025-10-29,NC-SBY-TMR-9,0.9998579097714736,1394,7018.389856599994,24828.837943700008,10.089780349158254,31,0.617341750841751,61,8.86721980839962,9,4.080986520479112,2788.9104970000003,1.0
2025-10-29,NC-SBY-UTR-1,1.0,1765,6749.943447199998,22760.119745699983,8.168503778964403,79,0.6602661812297737,76,8.32307621730748,57,3.2013650985874307,2956.370503999999,1.0
2025-10-29,NC-SBY-UTR-2,1.0,1352,11208.610174299998,42331.72664910004,7.944795140305009,78,0.6974025054466232,115,8.704984936589396,13,3.9050352301238016,4663.818279999999,1.0
2025-10-29,NC-SBY-UTR-3,0.993265001271294,829,7528.4917337000015,26105.9794637,9.529594115699664,46,0.6471697952218426,61,9.01442892103222,16,3.849575011183593,3185.330753,1.0
2025-10-29,NC-SBY-UTR-4,0.9997774431057564,976,6934.394746300005,23415.0011552,9.338921937301585,41,0.6683125000000001,64,9.230474738282831,3,4.351664198658507,2993.598606999999,1.0
2025-10-29,NC-SBY-UTR-5,0.9995799445704208,2047,8053.063851500001,26630.3701888,10.43695256213334,31,0.5809779999999999,60,8.784161555432577,34,4.442193194538005,3605.842048000002,1.0
2025-10-29,NC-SBY-UTR-6,0.9999361035883548,1370,7276.247920299999,20711.25015840001,9.075737190588232,56,0.6528303921568628,69,8.837366744740004,10,2.6014105834479957,3265.272479,1.0
2025-10-29,NC-SBY-UTR-7,0.9885760252819076,4072,10525.283354099998,32306.55593650002,9.55738603305556,47,0.6339354166666666,90,8.84326219110368,11,3.906095757686304,5054.479439000001,1.0
2025-10-29,NC-SDA-UTR-24,0.9941373044211728,4219,10222.236775200005,38958.83608070003,13.115543429729716,43,0.5743975501113582,70,9.11744539554321,18,3.2710489910721763,0.0,0.0
2025-10-29,NC-SDA-UTR-25,0.9971500395728358,3385,7848.296496400004,29257.05841550001,14.847195432054788,33,0.5443781362903226,48,9.152245376333818,15,4.133222213615231,0.0,0.0
2025-10-29,NC-SDA-UTR-26,0.995289219353886,1782,8462.836756799998,32115.585605799984,14.503787292964828,30,0.545080402010051,43,9.32268939825726,21,5.752736102214481,11.706213,1.0
2025-10-29,OA_CLUSTER,0.996810256181198,44559,193012.2374741,648008.6930194,10.839780567302071,1060,0.6067838827301655,1552,8.906385931687357,413,4.220711274618709,59931.855901,0.6774560627133646
2025-10-30,NC-SBY-BRT-15,0.9998308733556032,1477,8552.688345600007,25667.750897,9.30354462515528,77,0.6326521739130432,96,8.672009132786366,32,2.8853467386619576,3484.384488,1.0
2025-10-30,NC-SBY-BRT-16,0.99949921994726,722,9803.402417499998,32752.616300199992,7.994045217261911,61,0.6664965276785714,102,8.867464328914254,11,2.963851472827339,3981.536137,1.0
2025-10-30,NC-SBY-BRT-17,0.9932041751991644,2148,8790.798756700005,28610.8290666,11.070512439178088,33,0.5740550315363884,54,8.813434088211915,18,3.6250080936631,3773.362636,1.0
2025-10-30,NC-SBY-SEL-18,0.980743240621316,1134,10273.78201930001,32214.869550099986,12.604461595588234,46,0.5610205344497605,68,9.14709030894146,10,4.397706520366942,2960.952938,1.0
2025-10-30,NC-SBY-SEL-19,0.9981636469475368,3648,8755.203046100003,26752.278189000004,11.018117445329676,38,0.5828390408219183,61,8.638513051056352,30,4.858488385262551,3638.2732180000016,1.0
2025-10-30,NC-SBY-SEL-20,0.9998878660153196,1797,8332.761492200005,30404.597120499995,12.8799261007229,18,0.5525945783132529,54,8.876906288356466,28,6.490262751839589,0.0,0.0
2025-10-30,NC-SBY-SEL-21,1.0,820,7990.760335399998,28705.31185379999,12.880025295209574,34,0.5567185628742519,57,9.145287792518548,10,5.33574714443902,0.0,0.0
2025-10-30,NC-SBY-SEL-22,0.9819081976220232,2565,8510.334157399999,28114.92735870001,13.51765340904394,40,0.5506017587939699,71,9.14479049455065,34,3.661691204484023,0.0,0.0
2025-10-30,NC-SBY-SEL-23,0.9980861692320026,1220,6662.933653599999,22172.785860899992,8.62160684805195,39,0.6994404761904761,57,9.099764529920732,6,3.963066614942875,3177.3480880000016,1.0
2025-10-30,NC-SBY-TMR-10,0.991761071060762,9166,7077.6085503,21886.834469900004,10.206978860931894,38,0.6116935483870963,55,8.860751764704998,11,4.208108000952012,2709.144639,1.0
2025-10-30,NC-SBY-TMR-11,0.999379747040438,1013,9301.712587499997,28918.2041651,9.409832324848493,45,0.6144628787878788,80,8.811270094210352,6,3.485080234619357,4282.281190000002,1.0
2025-10-30,NC-SBY-TMR-12,0.9999545527183104,797,7767.865123600003,24171.3365562,10.387260060952384,53,0.6081547619047615,74,8.795355220666096,19,2.9312860166269004,3441.528516,1.0
2025-10-30,NC-SBY-TMR-13,0.9752441680197296,829,9987.6618069,30301.8754734,9.149945123529411,74,0.6315528074866311,104,8.577673485577455,17,2.771447502337092,3452.515308000001,1.0
2025-10-30,NC-SBY-TMR-14,0.993279462336066,1903,8431.394472900005,24299.551022400014,8.389185198606269,64,0.6634991289198605,88,8.627314536697554,15,2.509614021780165,3732.435433000001,1.0
2025-10-30,NC-SBY-TMR-8,1.0,525,7301.097412099996,24924.2365968,8.731000022222227,37,0.642010185185185,72,8.890672006247144,11,3.795942088024778,3108.983348,1.0
2025-10-30,NC-SBY-TMR-9,1.0,628,7000.254031000001,24697.299776499975,10.481997811784511,33,0.6148653198653196,64,8.87036954660034,9,4.083334050161668,2860.812365999999,1.0
2025-10-30,NC-SBY-UTR-1,1.0,1929,6862.470066100002,23332.2165759,7.74298839935275,67,0.6767233009708741,77,8.316046356837042,51,3.49445824140172,3005.6098159999992,1.0
2025-10-30,NC-SBY-UTR-2,1.0,1573,11177.217339100003,42714.1604422,7.7636181553376895,83,0.7056781045751642,127,8.67190032972976,11,3.726218223647507,4831.615570999999,1.0
2025-10-30,NC-SBY-UTR-3,1.0,614,7555.174710499999,26553.22984930001,9.371423429692827,46,0.6486211604095566,72,8.993757967373698,13,3.8692742511315976,3295.051242000001,1.0
2025-10-30,NC-SBY-UTR-4,0.9999801056076156,1019,7085.703295400002,23915.8682259,8.682513482142857,46,0.6869414682539683,72,9.135103468259944,5,3.955719524980668,3079.101671,1.0
2025-10-30,NC-SBY-UTR-5,1.0,1390,8124.265014700003,26800.363592599988,9.834782983333335,32,0.581301747311828,69,8.766814195131655,33,4.308299569096447,3672.612734,1.0
2025-10-30,NC-SBY-UTR-6,0.9999449085426392,1430,7223.817449000003,20783.40685820001,8.865297029411765,56,0.6553225490196077,67,8.795567181387147,11,2.741251049800126,3276.530619,1.0
2025-10-30,NC-SBY-UTR-7,1.0,1596,10609.785092299997,32930.5425219,9.33254299777777,53,0.6484680555555556,104,8.776446546140036,18,3.619787689447028,5215.221970000001,1.0
2025-10-30,NC-SDA-UTR-24,0.998641990564797,3025,10218.057364399998,38887.37427189999,13.337556164508934,26,0.5631325592920355,47,9.227642710152624,6,4.082254844146572,0.0,0.0
2025-10-30,NC-SDA-UTR-25,0.9906555172949972,1097,7927.379392300003,29676.45468400002,14.610850223684215,34,0.5473335505208337,45,9.21649336607385,9,4.568866910956435,0.0,0.0
2025-10-30,NC-SDA-UTR-26,0.9938646061100116,812,8190.2541968,31682.3554744,13.22703224811829,33,0.5903740108179426,51,9.30052895668826,19,5.3494288825489615,7.524277,1.0
2025-10-30,OA_CLUSTER,0.9956612055325113,39943,193178.6911752,631625.0923231,10.0581241453219,1113,0.6206309293841223,1745,8.836042768725475,409,3.8594592117641535,70979.301928,0.8476190476190476
2025-10-31,NC-SBY-BRT-15,0.999129472644946,1994,9021.9575261,26723.86281459999,9.528522012103748,70,0.616880403458213,85,8.773879041872847,35,3.280079023120727,3647.010096,1.0
2025-10-31,NC-SBY-BRT-16,0.9988575447457028,750,9916.416668700003,32919.99377539998,7.745612935714283,74,0.6714541169642854,119,8.839668207608,15,2.9641314568564,3925.575116,1.0
2025-10-31,NC-SBY-BRT-17,0.9999834655865948,1163,9083.7124977,29673.8313045,11.164067021891896,46,0.5768891891891889,67,8.765419753885409,17,3.6879844101095016,4105.209070000001,1.0
2025-10-31,NC-SBY-SEL-18,0.9917373944050956,1654,10157.716401400005,32050.4011299,12.851595002421304,39,0.5615456538277509,59,9.139449099677943,12,4.097172439857719,3113.4721509999995,1.0
2025-10-31,NC-SBY-SEL-19,0.9999528846153846,2264,8820.681236899994,27734.920686900005,11.022220313370465,38,0.5964408077994429,62,8.673554951633335,23,4.221692062763238,3809.166439000001,1.0
2025-10-31,NC-SBY-SEL-20,0.9999657392639848,2788,8473.2434652,30629.83927979999,13.47761151710844,28,0.5397481927710844,57,8.933219669081216,21,5.214565840096087,0.0,0.0
2025-10-31,NC-SBY-SEL-21,0.9997819119956416,732,7623.5221349999965,28937.048065599996,13.364065730239524,21,0.5514416167664665,39,9.192595800861136,9,5.301108128598125,0.0,0.0
2025-10-31,NC-SBY-SEL-22,0.9933214281874896,1480,8891.479952200001,27590.780109300027,13.9083149393401,32,0.5591443914081147,66,9.292079821927228,39,4.80564052952253,0.0,0.0
2025-10-31,NC-SBY-SEL-23,1.0,1045,6666.1934611,22517.847547400004,8.905677330303032,31,0.688820346320346,46,9.064573624780516,11,4.251327483389912,3066.3174960000006,1.0
2025-10-31,NC-SBY-TMR-10,0.999785093735711,10558,6738.387383900002,22148.368747899985,10.36397629318997,40,0.6027060931899643,57,8.831391757875407,11,4.378147084058502,2816.570280000001,1.0
2025-10-31,NC-SBY-TMR-11,1.0,1096,9220.074230600005,28812.550464299995,9.54520748515152,40,0.6076090909090908,67,8.81489459634335,3,3.720164827910902,4365.3215150000005,1.0
2025-10-31,NC-SBY-TMR-12,0.9979550977225586,849,7452.088440000004,23711.676645700005,10.976794594920635,38,0.5930896825396826,58,8.90807822151281,23,4.071876331996868,3322.473311,1.0
2025-10-31,NC-SBY-TMR-13,0.999852465324645,871,9824.3782246,31348.3180731,9.905743296791435,65,0.6129320409090907,104,8.557966537427008,16,3.0081137553834085,3454.054995999998,1.0
2025-10-31,NC-SBY-TMR-14,0.9999952061829432,1014,8044.8702517999955,24377.6424697,10.256183673591549,40,0.614236795774648,71,8.886636978047537,6,3.557561029517477,3773.763227000001,1.0
2025-10-31,NC-SBY-TMR-8,0.9999819289316514,447,7330.495027700002,25300.341400800007,8.385776888148145,35,0.6537787037037034,71,8.871819720549713,9,3.778958225940828,3021.41644,1.0
2025-10-31,NC-SBY-TMR-9,1.0,789,7015.288423000003,25290.0393893,10.271626097306395,37,0.6175042087542086,57,8.903538384518765,9,4.178301449163175,2844.1393900000007,1.0
2025-10-31,NC-SBY-UTR-1,1.0,2072,6570.1675528000005,22619.006285099997,8.477890566666662,52,0.6354724919093854,54,8.43538521785429,50,3.8684994840169526,2910.396784,1.0
2025-10-31,NC-SBY-UTR-2,0.9999710774227386,1388,11225.096841699997,43484.54164329998,7.579431601089324,90,0.7111154684095855,122,8.663998337642514,15,3.696931558004816,4888.333578000002,1.0
2025-10-31,NC-SBY-UTR-3,1.0,594,7598.415936899996,26435.097172800022,9.881400073378844,41,0.6279675767918089,66,9.131476418150903,8,3.966038127209793,3418.8562899999997,1.0
2025-10-31,NC-SBY-UTR-4,1.0,982,7056.252302700001,24132.735203299988,9.1979955452381,45,0.679790674603175,69,9.18024835654392,4,4.085338931201859,3075.4402170000008,1.0
2025-10-31,NC-SBY-UTR-5,1.0,1608,8419.7838001,27275.31696069998,9.833310516935487,35,0.5900356182795695,68,8.789647157637734,39,4.585955990665911,3824.537886,1.0
2025-10-31,NC-SBY-UTR-6,0.9996472364484096,1672,7398.228507499996,21301.890258699998,8.899419556470589,51,0.6513823529411765,59,8.943612230903602,7,3.22019858534471,3448.253293,1.0
2025-10-31,NC-SBY-UTR-7,0.999462013473054,3641,10508.1902697,33109.44386389999,9.62175311416667,43,0.6292583333333331,92,8.827462990080827,13,4.095280156318975,5118.968011999999,1.0
2025-10-31,NC-SDA-UTR-24,0.998950647677055,936,10166.5372149,38797.31987120004,13.605050593805316,27,0.5549607300884957,45,9.168436022490392,9,5.237182300368122,0.0,0.0
2025-10-31,NC-SDA-UTR-25,0.98168843339791,439,8216.632590400006,29612.5550016,14.90407160890052,33,0.5536087239583336,58,9.2981481624627,4,5.09278927846907,0.0,0.0
2025-10-31,NC-SDA-UTR-26,0.9979970059406028,687,7884.248657099999,31666.360094900003,15.345514086021508,22,0.5335032894736843,31,9.43615415552854,13,6.436865119891658,0.0,0.0
2025-10-31,OA_CLUSTER,0.99894393913734,41451,193056.6405373,638125.4932919999,10.346911782959568,1031,0.6138022228042394,1615,8.882566662090182,395,4.020832873436938,71949.275587,0.8479166666666667
2025-11-01,NC-SBY-BRT-15,0.9992268811533052,1735,9004.137756100006,26535.2505538,9.486591421212117,67,0.6303303030303032,77,8.84957387224591,38,3.3138644810754028,3493.007038,1.0
2025-11-01,NC-SBY-BRT-16,0.9995768665490888,1123,9796.6390888,34091.76247950002,10.264808431547616,38,0.6029635416666675,73,9.029989504492772,6,4.2298693148668125,4020.351474000002,1.0
2025-11-01,NC-SBY-BRT-17,0.997031508579392,1169,9235.4447675,30296.362114900006,11.621068841576086,39,0.5590855856756758,53,8.773592718476202,21,3.3215524869726694,4078.769041000001,1.0
2025-11-01,NC-SBY-SEL-18,0.9951769639048406,4628,9823.3151061,31994.338379,13.929354245130623,42,0.527333926840855,57,9.229184377661433,23,4.612359621592905,3500.356163000001,1.0
2025-11-01,NC-SBY-SEL-19,0.9997002886656268,890,7908.161647399992,26742.872780500024,14.06194973361824,20,0.5088196378830082,31,8.930966776374726,15,5.787618726167306,3400.545742,1.0
2025-11-01,NC-SBY-SEL-20,0.9917786542272832,4831,7364.912603599995,27424.65192309999,16.05212616,17,0.4653722891566265,25,9.149069565794084,19,6.882943812272889,0.0,0.0
2025-11-01,NC-SBY-SEL-21,0.9971452920956876,666,7061.054270100003,27261.765217299988,14.923206980952376,13,0.5091436011904761,23,9.3591163488968,11,7.200593674031823,0.0,0.0
2025-11-01,NC-SBY-SEL-22,0.9960877615944428,982,8707.352670100003,28272.93279320002,15.243919284598205,32,0.4889747585746103,48,9.417296608090364,40,4.678427724423892,0.0,0.0
2025-11-01,NC-SBY-SEL-23,1.0,1183,6457.893254900002,21972.238195800004,9.956475055411262,23,0.6449632034632032,34,9.157837413720584,9,5.111805587010956,2972.50523,1.0
2025-11-01,NC-SBY-TMR-10,0.999557278208441,11848,6344.276090099998,21555.0010686,12.15001889784946,17,0.5428978494623657,34,8.920890334689641,11,5.63193264446124,2791.4313000000006,1.0
2025-11-01,NC-SBY-TMR-11,1.0,725,8328.875100000007,27612.34182899999,12.225577385151515,14,0.5414075757575754,43,9.076461745716784,7,5.776043440300269,3954.374317,1.0
2025-11-01,NC-SBY-TMR-12,0.9958283414859574,581,6700.307241400004,22575.56472250001,13.398004699682538,16,0.5108404761904767,30,9.10083465683696,14,5.685694646789194,3047.9067720000003,1.0
2025-11-01,NC-SBY-TMR-13,1.0,552,8984.3002759,30055.96942320001,12.005000627419356,27,0.5393589572192515,51,8.782547959979476,13,4.6737192914316505,3208.131032,1.0
2025-11-01,NC-SBY-TMR-14,0.9996541196556756,626,7611.047180199999,24230.2289123,12.57906627077464,23,0.5345343309859157,38,9.079315531213432,1,5.272061437568651,3516.9262300000005,1.0
2025-11-01,NC-SBY-TMR-8,1.0,479,7505.962077400003,26227.95514000001,9.382768041851856,31,0.6187740740740738,56,8.957813176765917,8,4.252317778865055,3244.487911,1.0
2025-11-01,NC-SBY-TMR-9,1.0,477,6967.897254899998,25810.6591015,12.308991646127945,20,0.5576759259259259,36,9.081695606596092,3,5.770340388890127,2993.8917399999987,1.0
2025-11-01,NC-SBY-UTR-1,0.9973430653100426,3055,5467.902877300002,20528.06937960001,12.308272253721688,22,0.5141480582524272,21,8.782871173363212,36,5.533347010585373,2436.623217,1.0
2025-11-01,NC-SBY-UTR-2,0.9991917646999142,2295,11405.480404800002,44712.66885650001,9.226981331590418,47,0.6569629629629625,77,8.81823166970541,10,4.725737173540519,4970.208635000001,1.0
2025-11-01,NC-SBY-UTR-3,1.0,512,7209.881355499996,25987.022274800016,11.826530696928325,12,0.565368600682594,29,9.273370426062122,5,5.596587126876358,3222.531585,1.0
2025-11-01,NC-SBY-UTR-4,1.0,759,6663.558310199999,23339.39416660001,11.61030958690476,20,0.6005486111111106,32,9.47759796398659,2,5.383415771570502,2852.459545,1.0
2025-11-01,NC-SBY-UTR-5,1.0,2111,8805.6032948,27680.761639299995,9.32505541586021,55,0.5858360215053761,76,8.790981295349171,50,3.5995443880462594,3983.5024989999993,1.0
2025-11-01,NC-SBY-UTR-6,0.988034815915275,1341,7137.487582199999,19714.469281200003,11.273345008235305,41,0.5744599609375002,53,8.773171637766845,19,1.5548796921837469,3149.9067909999994,1.0
2025-11-01,NC-SBY-UTR-7,0.9996009564623316,4801,9524.5856675,32370.62990270001,11.944897997499996,13,0.5590229166666666,50,9.109504249975585,12,6.106727783807862,4798.102020999998,1.0
2025-11-01,NC-SDA-UTR-24,0.9969957749279224,711,10323.136858800002,39707.14824969999,13.31617257970086,28,0.5240290454356847,37,9.230503361956062,10,6.024319976234398,0.0,0.0
2025-11-01,NC-SDA-UTR-25,0.9859403905737762,260,7593.328355000003,29481.914413800016,20.09826688345864,5,0.4269259719602979,16,9.720087325882975,1,9.153549161357075,0.0,0.0
2025-11-01,NC-SDA-UTR-26,0.9973532486426409,479,8406.669096499996,31980.426602600048,16.15092576882493,31,0.4974250193473196,36,9.317692373931894,18,5.897280045494576,0.0,0.0
2025-11-01,OA_CLUSTER,0.997958005370092,47369,184016.0758768,626992.9101349,12.158251653924667,649,0.5555310460592889,1047,9.038278702052615,373,5.000290073153188,69636.01828299998,0.8442973919813157
2025-11-02,NC-SBY-BRT-15,0.999823207208008,1699,8297.749805300007,26811.241656199985,10.09992311484848,54,0.6006318181818182,69,9.045286535922672,30,3.926151586339004,3449.5844030000003,1.0
2025-11-02,NC-SBY-BRT-16,1.0,947,9472.492311500004,35219.709448900016,9.938356829761904,45,0.6173221726190475,77,8.992957288581339,6,3.941921356971157,4196.699895000001,1.0
2025-11-02,NC-SBY-BRT-17,1.0,1010,8729.573316499995,31243.182061500043,12.399418627173915,33,0.5482484146739132,56,8.847545036282154,14,3.646034278629182,4017.2336729999993,1.0
2025-11-02,NC-SBY-SEL-18,0.9663812396371404,2896,9368.917823699996,32634.0724243,14.00929115069445,50,0.539177662037037,72,9.252084815320153,24,4.647013462930998,3381.65822,1.0
2025-11-02,NC-SBY-SEL-19,1.0,1094,7725.879507499998,27455.176427899987,13.09641362284123,26,0.5279268802228412,45,8.72662265828718,18,5.003798482244092,3469.1364440000016,1.0
2025-11-02,NC-SBY-SEL-20,0.9917923929315036,4075,6657.981443700005,22824.20194349999,13.843611557957953,29,0.4857815836734696,53,8.857396578074944,23,3.847741323322168,2797.4517890000006,1.0
2025-11-02,NC-SBY-SEL-21,0.9994669256917714,902,6976.726628999994,23942.6367416,12.264629318115944,23,0.5558724609318997,40,9.11275963644258,10,4.82499877268299,2808.527107,1.0
2025-11-02,NC-SBY-SEL-22,0.9971748895368624,1382,8671.629537000006,25069.326375,12.434055386197176,52,0.5520619430481286,75,9.32364661137568,30,2.9763757398909534,2383.093574,1.0
2025-11-02,NC-SBY-SEL-23,1.0,867,6126.917573099999,22468.59959970001,11.48445752121212,21,0.6011677489177488,39,9.203883695009573,4,5.126171852774656,3109.0664349999997,1.0
2025-11-02,NC-SBY-TMR-10,1.0,8006,5922.037796200002,21808.11183720001,11.982391778853044,26,0.5430657107526878,40,8.94232099666678,16,4.964757382060896,2697.553533000001,1.0
2025-11-02,NC-SBY-TMR-11,1.0,1027,7653.325757200002,27410.648923099998,12.902489919393938,20,0.5231242424242423,41,9.071388484020058,7,5.29027961027313,3804.358891,1.0
2025-11-02,NC-SBY-TMR-12,1.0,723,6381.311358400001,22558.890077100004,13.908129490158732,21,0.5044626984126984,43,9.207706915737123,12,5.6115296881515855,3054.308681000001,1.0
2025-11-02,NC-SBY-TMR-13,1.0,522,8095.837534899997,29745.1810338,12.519225859358286,39,0.530655080213904,61,8.805603696880107,13,4.172997223935719,3151.650845000001,1.0
2025-11-02,NC-SBY-TMR-14,0.9999823764580966,642,7212.869962300004,24281.248537400017,12.242162503873244,25,0.5584137323943662,48,9.010040365865654,2,4.504152201914561,3556.663138999999,1.0
2025-11-02,NC-SBY-TMR-8,1.0,696,7456.436910800002,27492.175392600016,8.43585541962963,30,0.6532305555555558,71,8.8876213109972,6,4.114022011009856,3417.349645,1.0
2025-11-02,NC-SBY-TMR-9,1.0,560,6874.479220299998,26965.533796600008,11.729752902020202,20,0.5726010101010096,42,9.034528445283836,4,5.573577695476599,3038.761495,1.0
2025-11-02,NC-SBY-UTR-1,1.0,972,4872.440315200001,19867.34101030002,15.089066175080896,16,0.4575566343042072,18,9.060694259354724,31,6.052709959675734,2463.709955,1.0
2025-11-02,NC-SBY-UTR-2,1.0,2179,11922.804918700012,48236.06963590001,8.622379783224394,60,0.6746837326797382,91,8.737708430660167,13,4.14876730023317,5399.414594000003,1.0
2025-11-02,NC-SBY-UTR-3,0.9999658137983608,595,6723.536836599999,26526.19143560001,13.316781262798637,24,0.538735494880546,46,9.336546155148472,7,4.789218981016436,3262.238196999999,1.0
2025-11-02,NC-SBY-UTR-4,1.0,989,6257.046192200004,23241.689835800003,13.503006631746045,16,0.5500724206349206,28,9.640207941178373,1,5.307642426565539,2625.055338999999,1.0
2025-11-02,NC-SBY-UTR-5,1.0,1631,8183.531260899997,27887.511499399967,10.296567923924728,36,0.5546606182795698,54,8.922008585894272,37,3.963361159914762,3878.132059999999,1.0
2025-11-02,NC-SBY-UTR-6,0.996417619825708,1019,5965.487021200003,18957.22583919999,14.04300455992218,25,0.5090096899224806,37,9.407608631648875,5,4.418645114804581,2917.7685699999997,1.0
2025-11-02,NC-SBY-UTR-7,0.9986030191877634,1042,8840.2087384,31846.487266199987,12.089325311388878,12,0.5560402777777773,45,9.148061359629924,11,5.917412670035063,4537.7586900000015,1.0
2025-11-02,NC-SDA-UTR-24,0.99847974692769,738,9495.004636300013,40677.03648499997,15.547048125726151,10,0.4925148686721987,30,9.397573623070958,7,7.278072592002151,0.0,0.0
2025-11-02,NC-SDA-UTR-25,1.0,328,6832.5798702,29880.59652410001,20.44027078014889,7,0.4069094292803967,16,9.720164596074795,3,7.764827543649247,0.0,0.0
2025-11-02,NC-SDA-UTR-26,0.9995114581794908,390,7839.606443999996,33994.00781629998,18.504633894638708,4,0.4368420748251746,8,9.792525617751338,5,9.875049439943128,0.0,0.0
2025-11-02,OA_CLUSTER,0.997331687541511,35475,174389.22177059998,624492.4527988002,12.139243491965184,703,0.555536815951092,1191,9.05159198455761,324,4.59576555927034,77417.17517400002,1.0
2025-11-03,NC-SBY-BRT-15,1.0,1484,8276.5598188,24733.6695818,10.911365326190475,56,0.5837165178571426,72,8.84965919807428,31,3.638933630157836,3422.0228959999995,1.0
2025-11-03,NC-SBY-BRT-16,0.9999685081812276,761,9787.0914992,31972.854430199997,8.922982228571438,50,0.6428343252976191,94,8.947156667558726,6,3.672721031766648,3785.077790999999,1.0
2025-11-03,NC-SBY-BRT-17,0.99998392820546,1022,8891.624663800005,28557.850817899984,11.878969637771748,41,0.5547262228260869,57,8.830097433862857,13,3.911247331284807,3581.418709,1.0
2025-11-03,NC-SBY-SEL-18,0.9990892587578224,1336,10172.954185500006,32026.198531299982,14.231344911926604,41,0.5253316135321104,61,9.24424451082667,21,4.388312648429345,3031.231059,1.0
2025-11-03,NC-SBY-SEL-19,0.999751290782498,1211,8996.950538199993,27544.54834260001,11.159681168245111,37,0.5913834727019501,55,8.701490733722272,18,4.228021253147408,3424.745906000001,1.0
2025-11-03,NC-SBY-SEL-20,0.9987470637628476,2295,8549.587779300007,25083.9403829,10.98209451210375,44,0.5729879922190203,59,8.723778678280594,21,3.560054049006563,3000.527162,1.0
2025-11-03,NC-SBY-SEL-21,0.984660298337049,1178,7736.028218499995,23137.1402578,10.98570828695652,37,0.6061588163043481,56,8.936858846595007,16,3.457593431922769,2735.0198450000003,1.0
2025-11-03,NC-SBY-SEL-22,0.9813963599752908,1419,8704.084416599999,24018.17843889997,12.64685819534247,52,0.5552225247956407,65,9.09060353297086,36,3.671763882592866,2259.73408,1.0
2025-11-03,NC-SBY-SEL-23,1.0,911,6491.1438923,21131.123082000016,9.55407266796536,24,0.6606522363636357,34,9.097494293288989,7,4.767840183254012,3005.6565740000005,1.0
2025-11-03,NC-SBY-TMR-10,0.999977623852688,10526,6768.359180400004,21379.519415600025,10.65403748061224,27,0.5569217687074826,49,8.953222739802516,13,4.479863820712758,2726.0902730000007,1.0
2025-11-03,NC-SBY-TMR-11,0.9999881317641311,1146,9066.350731499995,27675.882559899976,10.480291914848491,30,0.5861500000000001,69,8.908587400348862,6,4.27279444466623,3968.281887000001,1.0
2025-11-03,NC-SBY-TMR-12,0.999318018018018,1210,7116.5244012,22219.475478199995,11.8324032568254,22,0.5536796295238094,49,8.943144312409187,14,4.814691079417322,2956.3582289999995,1.0
2025-11-03,NC-SBY-TMR-13,1.0,764,9673.285335599998,30191.166403199997,9.884892862032087,55,0.611312834224598,89,8.656958466343776,13,3.384911563664579,3412.4099099999994,1.0
2025-11-03,NC-SBY-TMR-14,0.9998882828058024,1591,8194.893936399998,23528.280172600003,10.806388049295784,47,0.6074788732394366,70,8.804653100913189,10,3.554784510339464,3486.8035089999994,1.0
2025-11-03,NC-SBY-TMR-8,1.0,565,7337.939473200001,24568.10894399997,8.848356248148145,34,0.6407092592592593,61,8.914127325704436,8,3.849116238503788,2994.844272,1.0
2025-11-03,NC-SBY-TMR-9,1.0,413,6939.627986699999,24352.52382669999,10.855363135135145,34,0.5978989902356904,52,8.954158827869295,6,4.162938887989748,2702.914842999999,1.0
2025-11-03,NC-SBY-UTR-1,1.0,2194,6376.7713821,21514.9620132,10.01666197184466,45,0.6006499459546926,49,8.465783158120809,38,4.222595638250051,2885.3571420000007,1.0
2025-11-03,NC-SBY-UTR-2,1.0,1644,11219.317789300005,41678.72817579999,8.637835217864916,48,0.6706356206971676,88,8.778778024448327,10,4.280664579894598,4517.012763,1.0
2025-11-03,NC-SBY-UTR-3,1.0,733,7536.900019499996,25603.366658099992,10.408676895904431,37,0.6115730941979526,58,9.11299792726157,11,4.170850269435185,3143.766931999999,1.0
2025-11-03,NC-SBY-UTR-4,1.0,878,6772.585035700001,22540.7754132,10.490136567460317,29,0.6403832670634924,47,9.319057138280964,3,4.906124286652511,2711.5712340000005,1.0
2025-11-03,NC-SBY-UTR-5,1.0,1440,7803.021304599998,25306.11829549999,10.54288576451613,17,0.5516028223118279,54,8.887543474380431,29,5.475196811361709,3422.967251,1.0
2025-11-03,NC-SBY-UTR-6,0.9995139304500849,1459,6687.836413900001,18981.630977000023,11.342134707258062,34,0.5911860465116279,48,9.045643179753055,7,3.842545913200473,2874.985868999999,1.0
2025-11-03,NC-SBY-UTR-7,1.0,1449,10381.349211099996,31843.039838100016,9.889391677222216,25,0.6230180555555558,73,8.901571084969243,15,4.85251571832714,4842.31142,1.0
2025-11-03,NC-SDA-UTR-24,0.9997351411043556,456,10065.954674299994,37576.14570679999,15.26237633141685,14,0.4890281188139058,22,9.340729026834357,12,8.019092073541085,0.0,0.0
2025-11-03,NC-SDA-UTR-25,0.9998414521118056,309,7808.965276900002,28309.274651600008,16.816084448883373,13,0.4866683208436729,23,9.457328811996684,7,8.105717446671356,0.0,0.0
2025-11-03,NC-SDA-UTR-26,0.9924407010604184,684,8427.871587500005,32111.357749600007,16.78397862585812,17,0.4847131912556054,32,9.528291551119452,8,6.7253312470599695,0.0,0.0
2025-11-03,OA_CLUSTER,0.9983065328409484,37629,189480.7872134,599589.0820364999,10.746384813551115,866,0.5952677026647801,1409,8.908748513737248,352,4.154498030309139,74891.10955599998,1.0
2025-11-04,NC-SBY-BRT-15,0.9999584008129306,1572,8392.099676900008,24999.76639449999,10.63996114774774,68,0.5949702201201202,78,8.7620990435548,29,3.4359293935599027,3478.861511999998,1.0
2025-11-04,NC-SBY-BRT-16,0.9999501118692332,711,9817.836124500003,31954.489834299988,9.320142965178574,54,0.6313385413690477,91,8.99742349787736,3,3.525199099036087,3534.4089000000004,1.0
2025-11-04,NC-SBY-BRT-17,0.9999861469224046,1154,8967.052378300003,28402.924375800016,11.146186092663038,42,0.5669981880434782,65,8.762549963157415,18,3.847389821537367,3481.8758020000014,1.0
2025-11-04,NC-SBY-SEL-18,0.9900518135295548,2861,10619.3176577,32761.1898062,12.013867703755878,70,0.5735950704225354,83,9.063912137747256,22,3.544193596390379,3300.4108340000016,1.0
2025-11-04,NC-SBY-SEL-19,1.0,1262,9212.061580700003,27700.024491000026,10.47578393682719,44,0.6103232107344632,69,8.570178470652888,24,3.667729498279407,3532.637208,1.0
2025-11-04,NC-SBY-SEL-20,0.9999787669864107,2508,8549.185248099999,24745.615037200005,10.588111850144086,52,0.5789032181556192,64,8.613031231005543,28,3.1839841565225413,2854.6348880000005,1.0
2025-11-04,NC-SBY-SEL-21,0.9848372679181138,1123,7880.895183500001,23268.690396099988,10.719107196453889,37,0.5963046691489359,62,8.961279327772791,10,3.651769368395015,2677.6163780000006,1.0
2025-11-04,NC-SBY-SEL-22,0.9945071484378352,1350,8914.417272699997,24528.82405970001,12.582462515844169,40,0.547086787564767,60,9.05840745083465,38,3.87672712873637,2506.206644,1.0
2025-11-04,NC-SBY-SEL-23,1.0,1105,6706.582801400001,21605.7978687,8.429460216450218,43,0.6987456709956711,45,9.02392939530703,13,4.095074537882561,3089.121989,1.0
2025-11-04,NC-SBY-TMR-10,0.9981040984756911,8604,7183.502035499997,22575.13762589999,10.367037138095242,39,0.5956510772108836,51,8.877829921979393,8,4.194338039719771,2826.5237800000004,1.0
2025-11-04,NC-SBY-TMR-11,0.9999880043536914,1074,9329.57314770001,28235.488930899992,9.995168312727277,33,0.6012444442424243,78,8.824371339253814,3,4.101801873089813,4163.992598,1.0
2025-11-04,NC-SBY-TMR-12,0.9974350442174684,1734,7351.836247099997,22920.56341679999,10.863664716190474,30,0.5879817463492062,59,8.911438053408684,6,4.263949229821824,3108.952662,1.0
2025-11-04,NC-SBY-TMR-13,1.0,750,9898.096683700014,30705.384381999967,9.344300330294905,60,0.6313556149732621,97,8.60609942865949,11,3.157507214383084,3489.073937999998,1.0
2025-11-04,NC-SBY-TMR-14,1.0,1570,8405.7827031,24006.931785199995,9.716417939788736,55,0.636726232394366,82,8.701781692144223,14,2.9483502101315477,3338.035430000001,1.0
2025-11-04,NC-SBY-TMR-8,0.9931336196954464,437,7404.702772899998,24099.928807900003,8.488857505555554,41,0.6497314811111107,77,8.928591224374818,6,3.800747644937611,2929.340512,1.0
2025-11-04,NC-SBY-TMR-9,1.0,848,7091.524414300004,24633.361893699992,10.62056413703703,40,0.6096506734006735,60,8.944418553524471,7,4.177052428992786,2741.8024359999995,1.0
2025-11-04,NC-SBY-UTR-1,0.9997680932616634,2285,6602.916823700001,22094.64742,9.20266632686084,51,0.6245544766990287,55,8.429525832066416,48,4.000181911083367,2807.034692,1.0
2025-11-04,NC-SBY-UTR-2,0.9986153253715052,2566,11307.8882125,41533.206175700034,7.905933137472771,80,0.6926468775599129,107,8.700801805629538,17,3.969321849298554,4467.401206999999,1.0
2025-11-04,NC-SBY-UTR-3,1.0,580,7640.097336899998,25855.257729300003,9.925513531740622,39,0.6320912969283278,60,9.08360278294053,10,4.089031295402236,3164.552871,1.0
2025-11-04,NC-SBY-UTR-4,1.0,965,6952.685656100004,23103.014375100007,9.976080548015869,31,0.6512106484126982,50,9.33728228832484,3,4.968328161438952,2657.4508520000004,1.0
2025-11-04,NC-SBY-UTR-5,0.9999787134767448,1373,7967.666757200004,25825.4046371,10.512424977358496,28,0.5590011201612897,62,8.858383898884451,25,4.735043206000578,3549.7768360000005,1.0
2025-11-04,NC-SBY-UTR-6,0.9996382223161544,1093,7121.669111699998,20113.905647500003,10.561038668965516,39,0.6103317490494297,54,8.970386100034201,7,3.556809474892878,2900.178006,1.0
2025-11-04,NC-SBY-UTR-7,0.999871417987142,1320,10533.250495600008,32106.74907509997,9.332751526666664,34,0.6347240738888889,78,8.874552473224462,16,4.57212605796075,4816.13347,1.0
2025-11-04,NC-SDA-UTR-24,0.9978210226823828,1325,10257.869317299996,32353.63407909997,9.96746841080402,46,0.5822526880893298,62,8.917208455439082,11,3.842226519233104,3461.6240930000004,1.0
2025-11-04,NC-SDA-UTR-25,0.9949673836287852,497,8193.320998000001,25017.4667759,11.357455137308866,28,0.5802697821958457,50,8.853744877489218,8,4.679270041243248,2603.5776299999998,1.0
2025-11-04,NC-SDA-UTR-26,0.9965295801763424,1150,8893.814803000003,28211.957207500007,11.102300553719004,23,0.573183104657534,52,9.079910921621964,17,4.348472482799789,3088.8633820000005,1.0
2025-11-04,OA_CLUSTER,0.9980442395726908,38845,193850.64032180008,607776.3041656999,10.155678560988054,1050,0.6118041218017135,1587,8.852817171222028,366,3.874733702040182,75416.02344500001,1.0
2025-11-05,NC-SBY-BRT-15,0.9982857029356852,2497,8542.225614299996,25756.554916000005,9.2959948665625,76,0.628417918018018,82,8.71753713687219,35,3.1764206695127126,3539.8862280000003,1.0
2025-11-05,NC-SBY-BRT-16,0.9991891534391536,1965,9724.922725500002,33461.2633685,7.181109542857151,76,0.6890096726190477,111,8.828628271192539,8,2.997087875240624,3635.948947,1.0
2025-11-05,NC-SBY-BRT-17,0.9992666278467908,2493,8887.205411300003,30487.879153799997,9.84409431739131,50,0.6048756793478257,67,8.83778549343532,16,3.999116073692921,3600.532044999999,1.0
2025-11-05,NC-SBY-SEL-18,0.9945257700228144,3010,10337.968058699991,33349.021646999965,10.233961379107992,82,0.6091797732394367,97,9.013965472151323,22,3.2870444816707782,3446.970118000001,1.0
2025-11-05,NC-SBY-SEL-19,0.9981139037246484,1393,9132.2937772,28742.8378732,9.01516925157594,71,0.6415084745762712,85,8.414155880929172,32,2.9883518804592946,3743.9147680000015,1.0
2025-11-05,NC-SBY-SEL-20,0.9947265346562884,2983,8491.043092499995,25803.900012400038,9.121934904664718,69,0.6304319725947525,82,8.498623901429212,39,2.9526067521016284,3217.3838449999994,1.0
2025-11-05,NC-SBY-SEL-21,0.9827190905195472,1163,7800.291677300004,24031.3309347,9.653327346953406,51,0.6338718637992832,71,8.949360775821315,12,3.229098496456197,2919.8986899999995,1.0
2025-11-05,NC-SBY-SEL-22,0.99668564887266,1800,8404.123083800005,25531.072989499982,11.156630379395605,48,0.5798468406593406,77,9.091209956554197,39,4.170592317848963,2489.048015,1.0
2025-11-05,NC-SBY-SEL-23,0.9919347211063289,2064,6773.712781499993,21915.063946900013,7.36778781493213,62,0.7363293649350647,68,8.808769116350872,13,2.5683816863951203,3016.661889999998,1.0
2025-11-05,NC-SBY-TMR-10,0.9995524203356848,8539,7084.673650599997,23054.454998,9.64229283877551,49,0.6257542517006799,71,8.763937960352314,13,3.627169753281577,2842.8637620000004,1.0
2025-11-05,NC-SBY-TMR-11,0.999324522178905,1038,9639.19996899999,29588.74399680001,8.807143510942256,60,0.6467333333333337,89,8.804024633575807,9,3.3768411173110926,4388.205254,1.0
2025-11-05,NC-SBY-TMR-12,0.988638461974916,2531,7393.743616500004,23463.735681900005,9.987682456535946,39,0.6064828041269842,71,8.837770752065888,14,3.6265080834465473,3097.857507,1.0
2025-11-05,NC-SBY-TMR-13,0.9987016521303048,741,10062.354265599995,31883.99182019997,8.373674494652404,72,0.6619959893048135,105,8.513239894670708,15,2.912441286170359,3575.8064759999984,1.0
2025-11-05,NC-SBY-TMR-14,0.99305926566101,2707,8131.578642299998,24797.56031910001,8.289232543309861,87,0.6715032278169012,90,8.59063417194543,21,2.278918060036637,3358.786517000001,1.0
2025-11-05,NC-SBY-TMR-8,0.9888549204752138,482,7267.937727600002,25076.9570223,8.563724444194753,49,0.6551179775280902,71,8.949315437999276,7,3.4145790292132707,2991.9618050000004,1.0
2025-11-05,NC-SBY-TMR-9,0.9999991381008668,1117,7050.750158699997,25534.964534700004,9.805199391919194,41,0.6307542087542084,66,8.869605308466689,9,4.092429798462105,2827.997731,1.0
2025-11-05,NC-SBY-UTR-1,0.9999905609492988,2385,6785.652511699999,23111.6841728,8.509029350809058,71,0.6564830097087377,75,8.349961248326139,42,3.090761284776846,2927.084745,1.0
2025-11-05,NC-SBY-UTR-2,1.0,1520,11310.007779499994,43580.5715474,7.921979645969507,97,0.707427015250545,133,8.716559662002357,17,3.505253239370547,4537.687766999999,1.0
2025-11-05,NC-SBY-UTR-3,0.9998412641947202,651,7528.300285999998,26404.0833991,10.04208151296928,46,0.6413438566552899,68,9.06315065118227,14,3.857754962301648,3109.521988999999,1.0
2025-11-05,NC-SBY-UTR-4,0.9998215082552432,1264,6886.869980599997,23644.972832200005,10.19119678849206,32,0.6631220238095242,59,9.26952359810001,4,4.449251571427755,2664.3410549999994,1.0
2025-11-05,NC-SBY-UTR-5,0.9995704112106594,2035,8119.666879299998,26261.92718649998,9.78977890376344,48,0.5835024642473118,80,8.747460556133099,40,3.8636516785704207,3551.645563,1.0
2025-11-05,NC-SBY-UTR-6,0.9913368622083298,1538,6866.159285599997,19815.2940514,10.823635518146718,50,0.6047059386973181,57,8.903698066092923,11,3.2527475152148084,3129.623943,1.0
2025-11-05,NC-SBY-UTR-7,0.969058462729755,4764,10713.436195399998,32729.802089499997,8.344245565277772,58,0.6813826388888888,101,8.77154639109122,18,3.60653961607617,4693.954468999998,1.0
2025-11-05,NC-SDA-UTR-24,0.9657509448321046,2710,10394.855246100002,32942.74808530002,9.186044341265823,63,0.6265816791563276,89,8.729617000171679,19,3.162210421140257,3377.694045999999,1.0
2025-11-05,NC-SDA-UTR-25,0.9997606447060444,577,7855.360638000002,26149.89641910001,10.607294864545452,45,0.6045977272727273,58,8.757320006111025,14,4.623000816948476,2613.414162000001,1.0
2025-11-05,NC-SDA-UTR-26,0.999997198879552,873,8926.124861800003,29357.73329810001,11.01659605469613,44,0.6014640883977905,66,8.982730425220522,20,3.32359530218708,3069.514159999999,1.0
2025-11-05,OA_CLUSTER,0.9950956581695752,50680,192934.1171705,628027.6684938999,9.215511962711666,1384,0.6418462514419988,1876,8.78869307341594,450,3.416234046564444,77307.583129,1.0
2025-11-06,NC-SBY-BRT-15,0.9999791888736612,2018,8496.2100964,24950.79561570001,9.5420412404908,62,0.6179969325153372,77,8.800395078402467,34,3.2767523831724885,3639.143252,1.0
2025-11-06,NC-SBY-BRT-16,0.9993498739306286,2677,9633.013891499995,31883.543464099992,8.35866898392857,54,0.6577388392857143,90,8.916921995469346,5,3.2547257748146974,3525.330596,1.0
2025-11-06,NC-SBY-BRT-17,1.0,1885,8916.918972600002,29429.779971499986,10.59324013097826,48,0.5938566576086953,62,8.787468560842363,17,4.057777919032475,3445.945653999999,1.0
2025-11-06,NC-SBY-SEL-18,0.9999282884066942,1818,10085.084557699996,32348.942145200017,11.166010017444725,57,0.5855495169082122,87,8.943807253121665,21,3.5622739459600816,3409.969563000001,1.0
2025-11-06,NC-SBY-SEL-19,0.9997648184360478,1407,8847.6345367,27352.54328869999,9.779749336723166,53,0.6242523539548023,71,8.462289457094764,23,3.5756116114974423,3471.412487,1.0
2025-11-06,NC-SBY-SEL-20,0.979388572770462,4838,8732.515778000008,25085.102346599982,7.990035299708454,88,0.6646071428571427,99,8.372377638033319,36,2.490610281766126,2946.2376399999985,1.0
2025-11-06,NC-SBY-SEL-21,0.9785234922931612,1760,7892.759946700002,23192.03325389999,9.267683777536236,60,0.6238795289855072,71,8.870794168499408,14,2.913065911595979,2842.05739,1.0
2025-11-06,NC-SBY-SEL-22,0.9848658987753994,2839,8938.415121700004,24306.43550819999,12.017954526027395,42,0.5606624107526881,56,9.046702575802568,39,3.888317857006948,2645.992432000001,1.0
2025-11-06,NC-SBY-SEL-23,0.999099344978166,2300,6650.481457599999,21522.844955200013,8.508904351082245,42,0.7008084415584416,44,9.02135622351449,10,3.9820831506323087,2985.633611,1.0
2025-11-06,NC-SBY-TMR-10,1.0,1257,6883.098494800004,22068.93065739999,10.453679711683847,30,0.5959596219931277,53,8.883716069525079,9,4.414191348835139,2858.097608000001,1.0
2025-11-06,NC-SBY-TMR-11,1.0,1266,9345.919649300002,28124.41927539997,9.960283552727269,34,0.6099560606060611,68,8.85740560277553,10,4.319842182067789,4016.419406,1.0
2025-11-06,NC-SBY-TMR-12,0.9999117709772556,745,7277.505761899994,22579.49793029998,11.358026374285716,30,0.5785904761904762,57,8.942418355359248,12,4.541119090809079,3080.794265,1.0
2025-11-06,NC-SBY-TMR-13,0.998174708994709,885,9918.20195630001,30570.163451600016,9.176890226737974,63,0.6335989304812836,101,8.608675538363078,20,3.252248846213789,3321.986844,1.0
2025-11-06,NC-SBY-TMR-14,0.9994629718277396,2038,7998.047045199997,23750.194882,8.813865054964538,54,0.6454080971631205,83,8.727498045549996,17,3.118787789556945,3141.4458879999997,1.0
2025-11-06,NC-SBY-TMR-8,0.981905619087957,609,7459.680390500002,23933.378746299983,8.503336297003742,33,0.6586235955056184,69,8.911904783353007,6,3.4997730928549693,2932.540562,1.0
2025-11-06,NC-SBY-TMR-9,0.999999139086694,963,7026.790597899996,24625.840400499997,10.560856026262622,39,0.6064399552188553,55,8.987325402168958,3,4.285718307391346,2689.373669,1.0
2025-11-06,NC-SBY-UTR-1,1.0,2407,6789.961029800006,22539.697352800005,8.44213162071198,56,0.6391860841423953,56,8.37735509635551,51,3.494031661005843,2802.112117999999,1.0
2025-11-06,NC-SBY-UTR-2,0.9997476362874868,2118,11380.724253500011,41909.72258550004,7.751896816775593,90,0.7005816993464054,118,8.686919848568646,16,3.5722245307343847,4472.797276000001,1.0
2025-11-06,NC-SBY-UTR-3,0.9999090485909692,688,7540.000685299998,25390.781845899983,10.223593627303762,39,0.624526450511945,65,9.131775589863093,8,4.198230157455592,3023.494308,1.0
2025-11-06,NC-SBY-UTR-4,0.9995898451212492,1269,6863.385822900002,22807.783448600003,9.65017903492063,31,0.6659295634920638,57,9.201860362995593,4,4.667125587233555,2559.0043829999995,1.0
2025-11-06,NC-SBY-UTR-5,0.9954448821178242,1934,8397.560836899997,26051.71479460001,9.43099929863014,45,0.5853998637602177,66,8.753305871531554,36,3.8960166325985135,3807.1425170000016,1.0
2025-11-06,NC-SBY-UTR-6,0.971593258949326,1856,6980.528788699998,18992.568203100007,9.8522759108,47,0.637246062992126,63,8.817451339825631,9,3.3450209058593523,3052.478954,1.0
2025-11-06,NC-SBY-UTR-7,0.9991909722222222,2238,10833.932329900008,31110.97892300002,8.460505521068253,61,0.654523228160919,92,8.741446503222942,21,3.4473224897492867,4544.436386999999,1.0
2025-11-06,NC-SDA-UTR-24,0.9657215966129806,1449,10296.388076900015,31936.834921300004,9.253260846803071,64,0.6134509800511508,87,8.733562140400025,19,3.121709762458747,3675.102454000001,1.0
2025-11-06,NC-SDA-UTR-25,0.9999781386633354,616,7916.537786999997,25442.3207423,11.380663892424243,36,0.5842825757575759,60,8.805482658250655,14,3.905239450966488,2419.9640600000007,1.0
2025-11-06,NC-SDA-UTR-26,0.9998705521006824,958,8828.577690200005,28302.08371069999,11.931171928176802,31,0.5717465469613258,52,9.121491464461414,15,4.333748590441382,2995.217516,1.0
2025-11-06,OA_CLUSTER,0.9953794333777218,41815,192888.37200180007,604527.6930461,9.570254000110523,1158,0.6276669832130328,1660,8.807414118751828,421,3.683063955709748,75213.84681,1.0
2025-11-07,NC-SBY-BRT-15,1.0,1703,8841.217943499998,25538.3198368,9.131926572085874,69,0.6267037319018405,79,8.828486934638459,34,3.31993413504392,3557.157239000001,1.0
2025-11-07,NC-SBY-BRT-16,1.0,869,9688.033198699995,32502.077656599984,8.54115106279762,58,0.6577137895833332,97,8.9085369825078,7,3.373724479809525,3434.2077990000003,1.0
2025-11-07,NC-SBY-BRT-17,0.999796714912994,1822,8853.110383400008,28693.78673749998,10.217094967671237,42,0.5911956521739128,66,8.708992910087208,25,3.8122580858885193,3505.3862039999985,1.0
2025-11-07,NC-SBY-SEL-18,0.9999288432064812,1391,9919.1035143,31879.006812700005,12.48860060362319,44,0.5503528582125603,65,9.061686349981803,18,4.271115059166259,3589.6716329999995,1.0
2025-11-07,NC-SBY-SEL-19,1.0,1222,8716.562519599995,27224.55464530001,10.275670701694912,33,0.6018771186440679,57,8.620382800143489,22,4.110165077399821,3300.8018140000004,1.0
2025-11-07,NC-SBY-SEL-20,0.9991743324944314,2151,8565.064836999998,25462.081339699995,9.18349635235294,81,0.6258664214705885,82,8.546458689519955,33,3.047863588283245,3087.4475130000005,1.0
2025-11-07,NC-SBY-SEL-21,0.9942766785354789,1757,7814.5860138000035,23412.11959309998,10.212084960144924,40,0.5983478264492754,59,8.869548897594166,8,3.3298780885817365,2845.425471,1.0
2025-11-07,NC-SBY-SEL-22,0.9996467114845904,2603,8951.559134799996,25775.640668900007,11.744944144623656,38,0.5620909497311829,67,8.966857852524411,40,3.9697411095312,2773.6765220000016,1.0
2025-11-07,NC-SBY-SEL-23,0.9999899437857624,1142,6706.036822200001,21852.9449257,9.284509046753248,31,0.6820422077922083,49,9.086390482374822,8,4.296064252348385,2781.2847,1.0
2025-11-07,NC-SBY-TMR-10,0.9994737306726342,1356,6899.228878599998,21746.95369530001,11.204137118900343,15,0.5714266896907214,31,8.945780625084891,10,5.34368841044107,2636.267952,1.0
2025-11-07,NC-SBY-TMR-11,0.9999619007152468,1484,9306.682343600003,28257.536576199996,9.510587269090914,39,0.6193772727272732,72,8.842266901152863,4,4.163849747552487,3664.029649,1.0
2025-11-07,NC-SBY-TMR-12,0.9999402395732484,1416,7551.0132013999955,23056.80368760001,11.278292111217947,27,0.5756243387301586,53,8.893219325854792,18,4.3797955437748906,3031.365462999999,1.0
2025-11-07,NC-SBY-TMR-13,0.9999453052826068,874,9953.417603199998,31209.532524100003,9.256534440641715,71,0.6320565954545457,97,8.56921520661684,12,3.173491933626195,3343.2462149999983,1.0
2025-11-07,NC-SBY-TMR-14,1.0,1469,7908.068896599995,24082.13752470001,9.404060562056737,41,0.621625,70,8.876154822200242,7,3.7663382375703303,3134.925885000001,1.0
2025-11-07,NC-SBY-TMR-8,0.9891043793063662,938,7400.252927500003,24605.39076420001,8.271487890636708,39,0.6455945692883895,66,8.944871721164743,6,3.821456818391719,2737.386783,1.0
2025-11-07,NC-SBY-TMR-9,1.0,702,7070.655922600004,24861.11023979999,10.612930873400678,27,0.5992794612794613,52,8.955252144178372,8,4.646523709975642,2547.656742,1.0
2025-11-07,NC-SBY-UTR-1,0.9986026284835324,2495,6618.233573300005,22246.0838697,8.444699791909377,55,0.6484573893203881,55,8.417191580772846,44,3.779672265210309,2654.797023,1.0
2025-11-07,NC-SBY-UTR-2,0.9956602381624704,4051,11356.9427085,41770.86389340005,7.872996675545852,85,0.7022984751633995,110,8.701086504381994,13,3.64942076926072,4022.521968000001,1.0
2025-11-07,NC-SBY-UTR-3,1.0,837,7646.743681400003,25961.483510800008,9.666848153242316,32,0.6341740614334473,62,9.105840289016646,10,4.448950029341426,2838.965951,1.0
2025-11-07,NC-SBY-UTR-4,0.998506738468874,3594,7015.823988500006,23185.472484000013,9.911375379365072,30,0.659251984126984,49,9.258312515602874,4,4.951312744083233,2553.7699130000005,1.0
2025-11-07,NC-SBY-UTR-5,0.9923880021724008,2762,8638.495980799995,26003.02793290002,9.270475123415984,49,0.594115803814714,79,8.818652122035846,38,3.92970020749917,3728.720261000001,1.0
2025-11-07,NC-SBY-UTR-6,0.9818723862604548,1973,7399.9486784,20180.975853900007,9.521483541698842,60,0.6540299227799231,66,8.860023494043894,7,3.09010328111183,3220.660933999998,1.0
2025-11-07,NC-SBY-UTR-7,0.9986079144778528,1807,10879.0568017,31255.338204900017,8.732682665517233,35,0.6568113427777782,80,8.797964220554672,16,4.269190891515675,4231.899598999999,1.0
2025-11-07,NC-SDA-UTR-24,0.9803448462772646,942,10419.308444700006,32427.33918190001,9.750889686956528,58,0.6075134271099744,87,8.722673042579865,20,3.1861778338890554,3688.614591,1.0
2025-11-07,NC-SDA-UTR-25,0.9952116776629578,1055,8184.883674600002,25341.61159769999,10.461751306060608,39,0.6124896463636363,59,8.7474206764498,13,3.610360341127004,2414.681341000001,1.0
2025-11-07,NC-SDA-UTR-26,0.999881251696826,880,8659.5112621,28704.66694909998,12.592202969859157,26,0.5666838028169011,49,9.15206934205811,11,4.811460377112275,3132.882173,1.0
2025-11-07,OA_CLUSTER,0.9978464013094244,40418,193699.83955339997,610763.2429778,9.750680429635857,1041,0.6211101877547294,1563,8.838355211381664,392,3.9338605502566018,73221.273233,1.0
2025-11-08,NC-SBY-BRT-15,0.999867742965294,2088,8928.0037837,26312.909461499985,8.709811988650312,61,0.6411173312883438,83,8.943919945662334,37,3.4191980434947165,3616.595112999999,1.0
2025-11-08,NC-SBY-BRT-16,1.0,795,9480.092323599998,33119.4751605,9.38087503333333,32,0.6308422619047623,73,8.967082763003331,6,4.43271137125456,3662.460904999998,1.0
2025-11-08,NC-SBY-BRT-17,0.9999805758895908,1089,8741.6744345,29261.443145400008,10.89030718288043,45,0.572577219293478,59,8.741273543732206,20,3.501143650844431,3660.248647000001,1.0
2025-11-08,NC-SBY-SEL-18,0.9992682070878705,1968,9682.410869800004,32517.431537699995,13.009526658048776,42,0.5388285026570048,66,9.095525900443562,22,4.217639981142729,3805.265991999999,1.0
2025-11-08,NC-SBY-SEL-19,0.9956689655172414,1015,7922.7267609,26022.2914917,12.477143321489976,32,0.5392660076271187,42,8.659095561348332,20,4.5988228973223535,3298.590605,1.0
2025-11-08,NC-SBY-SEL-20,0.999882198962046,996,7506.4704607,24063.734225799995,11.19650654558823,45,0.5546958332352941,55,8.721003923575372,31,3.8197522495920526,2843.295241999999,1.0
2025-11-08,NC-SBY-SEL-21,0.9993957882106504,1576,7237.827591900004,23298.72552160002,10.990534529999996,27,0.5761600239130432,47,8.929172257639767,9,3.6426382654637295,2956.213978,1.0
2025-11-08,NC-SBY-SEL-22,0.9995056596556936,1812,8660.339520699996,25858.26983669999,12.105444110054355,40,0.5405224018817205,60,9.198741389111298,23,3.756947884380223,2957.543303000001,1.0
2025-11-08,NC-SBY-SEL-23,1.0,2038,6474.771081,21662.752342399992,9.759841645454546,32,0.6597554112554112,45,9.099231027770744,7,4.498837931932106,2453.5097670000005,1.0
2025-11-08,NC-SBY-TMR-10,0.9867165207522698,1189,6647.483449600001,21645.195953799997,11.143026639655178,21,0.5693775862068965,37,8.92499477659315,17,5.080741600333833,2609.2714790000005,1.0
2025-11-08,NC-SBY-TMR-11,0.9978940199798588,1252,8351.576723999997,26712.7235561,10.139587876969689,40,0.6113904042424243,76,8.821262429388302,7,4.1975906094122735,3307.371944,1.0
2025-11-08,NC-SBY-TMR-12,0.9993249075459896,1288,6949.0483730000005,22458.586657200016,12.791010435081969,22,0.5473761901587303,42,9.14212225755648,12,5.461064677767765,2814.514872,1.0
2025-11-08,NC-SBY-TMR-13,0.9995843401923944,1404,9168.391534099994,30829.658314100016,10.69322192326204,40,0.5893061497326206,69,8.705030505297259,9,4.217903922219899,3312.856654,1.0
2025-11-08,NC-SBY-TMR-14,0.99999750092555,836,7425.243664800001,24552.502162699988,11.236343669366192,27,0.5717174299295773,45,9.008721677885378,6,4.545417211455683,3157.457161,1.0
2025-11-08,NC-SBY-TMR-8,0.988947879330944,436,7515.919655200001,25742.834573800013,8.302214776404503,45,0.6530477528089885,71,8.85551330510776,14,3.526107155893876,2678.618487,1.0
2025-11-08,NC-SBY-TMR-9,1.0,409,7054.873456499995,26074.904868600017,11.125732365993269,18,0.5940479797979802,40,9.013775425852188,4,5.6874250129483865,2677.330198000001,1.0
2025-11-08,NC-SBY-UTR-1,0.9983041622977328,1239,5532.364607099999,20556.9890526,11.48652443754045,28,0.5372971948220066,29,8.718858525455135,42,4.989048343877967,1916.8350510000005,1.0
2025-11-08,NC-SBY-UTR-2,0.9968681116969342,2182,11760.383007399983,44914.873809100034,8.675909294771245,73,0.6820835150326786,94,8.741652965734486,18,4.118390997723345,4023.066346,1.0
2025-11-08,NC-SBY-UTR-3,1.0,487,7099.715877900002,25711.141567399995,11.362097236860064,18,0.575049488395905,36,9.22526687436478,5,5.282672186561332,2578.388425000001,1.0
2025-11-08,NC-SBY-UTR-4,0.9995794285386754,1712,6648.895897300001,22941.964332800017,10.96286672936508,31,0.6196240075396823,42,9.324259726056525,1,4.933871537653477,2367.126992,1.0
2025-11-08,NC-SBY-UTR-5,0.9852660994368232,2180,8752.35624189999,26244.432510300016,8.900947856111113,63,0.6070610035911602,85,8.738184085646624,44,3.314550181669936,3846.291184,1.0
2025-11-08,NC-SBY-UTR-6,0.9920984253189352,1362,6450.415131000002,18635.8740827,11.380059873484846,37,0.5826590909090908,51,9.029372406360904,16,2.859016571731269,2665.9363889999995,1.0
2025-11-08,NC-SBY-UTR-7,0.999410888941962,1158,9436.4054308,31244.54050239997,10.069032819444445,35,0.6062560183333333,64,8.912751850568531,15,4.55468981943105,3950.109382,1.0
2025-11-08,NC-SDA-UTR-24,0.9950892314854216,1102,10150.648661699996,34123.1349845,10.016857375191812,52,0.5919829498721225,77,8.766665352491607,23,3.6976537908457887,3822.695079999999,1.0
2025-11-08,NC-SDA-UTR-25,0.9999505132302476,446,7494.047183200005,25354.7372965,13.25392646953846,15,0.5427279486153844,38,8.969921505307658,8,5.176776193315977,2752.56039,1.0
2025-11-08,NC-SDA-UTR-26,1.0,817,8391.006095499999,29344.695055100008,12.626083322816893,20,0.5568960092957739,43,9.17591536355317,14,5.341412655048294,3136.018936999999,1.0
2025-11-08,OA_CLUSTER,0.997333439253568,30511,183427.38987739995,610383.2546669003,10.729468484049928,854,0.5908301565083427,1311,8.922466832552457,385,4.267195670798488,71158.898116,1.0
2025-11-09,NC-SBY-BRT-15,0.9999682357529665,1939,8674.701162899997,26730.148636500024,9.306703741411043,62,0.6224941208588959,75,9.058915772756864,39,3.512682701979684,3661.669124,1.0
2025-11-09,NC-SBY-BRT-16,1.0,810,9364.500525100008,34867.60604379999,9.35068601785714,37,0.6309811508928571,75,8.976943136305884,5,4.1824092021977215,3831.915787,1.0
2025-11-09,NC-SBY-BRT-17,0.9999350691939398,1457,8607.785153799994,30413.098861300023,11.59316156413044,36,0.5533475994565215,57,8.87501753219774,14,3.911596317483652,3781.509978,1.0
2025-11-09,NC-SBY-SEL-18,0.9994650874642362,1215,9119.971222700004,32518.106704299986,13.780009288405802,27,0.5136503625603862,56,9.164372507781472,24,4.96902227032155,3725.7956559999993,1.0
2025-11-09,NC-SBY-SEL-19,0.999681652669908,1115,7537.202033399993,26395.12039400001,12.273400776553672,27,0.5371513649717513,47,8.620849770332182,22,4.676844616863806,3276.215774,1.0
2025-11-09,NC-SBY-SEL-20,0.9986755773777052,1497,6919.1612295,23829.81867849997,12.077135389411756,52,0.5238482844117645,51,8.731736777227137,30,3.6050603487301314,2650.671416,1.0
2025-11-09,NC-SBY-SEL-21,0.9990470218841828,1445,6840.374133800001,23173.9558242,11.849917545421238,31,0.5621880340659339,44,8.970237614680904,6,4.34209827135918,3017.544018999999,1.0
2025-11-09,NC-SBY-SEL-22,0.9989412464346216,2599,8610.055402599997,26574.48210740001,12.584679718279569,53,0.5408958333333332,68,9.165453502352616,28,3.2227592341424662,2998.0771389999995,1.0
2025-11-09,NC-SBY-SEL-23,1.0,725,6116.8045524000045,22286.70015359999,11.61871467099568,15,0.600467532467532,35,9.24897743652957,3,5.694668830933386,2671.9984360000003,1.0
2025-11-09,NC-SBY-TMR-10,0.999507375293098,933,6089.947266399999,22080.314007300007,12.045523522680412,25,0.5384312714776635,43,8.889092440791144,14,5.014686739732295,2638.287541,1.0
2025-11-09,NC-SBY-TMR-11,0.9998465112856256,966,7758.5482522,27327.128621699976,11.95323510446428,23,0.5473115077380949,46,8.981677380044589,4,5.101179145476422,3364.427928,1.0
2025-11-09,NC-SBY-TMR-12,0.9968614013495236,2647,6731.551096599998,22447.4654624,12.490286815032675,24,0.541042857142857,53,9.147172264690504,15,5.302949567140538,2799.1137499999995,1.0
2025-11-09,NC-SBY-TMR-13,0.9865196774227464,589,8479.551803000002,30096.3266592,11.67479638903743,46,0.5579494208556152,67,8.803238402590681,16,4.256961344382914,3165.706458000001,1.0
2025-11-09,NC-SBY-TMR-14,0.999958698960909,1136,7211.0538246000015,24610.45488870001,10.911078435460997,35,0.582306631338028,55,8.940805769932568,7,4.00668530180336,3236.488625999999,1.0
2025-11-09,NC-SBY-TMR-8,0.9881728193781296,1048,7493.098203500002,26685.28963499997,8.10381275131086,37,0.6538033707865171,66,8.883982652852811,8,3.900061091909272,2785.055045999999,1.0
2025-11-09,NC-SBY-TMR-9,0.9994968987740466,1546,7031.002056800003,27268.87911639999,10.592032426599324,24,0.6114671717171711,54,8.886215379893539,9,4.9991189146180455,2899.8580329999995,1.0
2025-11-09,NC-SBY-UTR-1,1.0,1146,5206.9921487,20040.6347193,13.674383969255672,25,0.4849668288025888,27,8.760356786698052,36,3.4581189554304848,1928.1650139999997,1.0
2025-11-09,NC-SBY-UTR-2,0.9978981779125408,28691,12129.186910599994,48096.6411244,7.996398368409587,76,0.6926730213507627,113,8.717612908313937,20,3.7926025739302234,4417.828499,1.0
2025-11-09,NC-SBY-UTR-3,0.99874966207083,836,6746.522126499998,26049.487776599995,12.391491842662116,28,0.5565199088737203,49,9.250240074489088,8,4.82679235932458,2602.4201970000013,1.0
2025-11-09,NC-SBY-UTR-4,1.0,1208,6400.001678300007,23209.95849160001,12.262972257142865,25,0.5896445103174598,49,9.526358376920625,4,4.742320940958751,2304.4858980000004,1.0
2025-11-09,NC-SBY-UTR-5,0.9998050793650792,2018,8224.719361899999,26808.28579000001,11.288727759785518,34,0.529264521983914,58,9.13060949179978,40,5.106957827944032,3777.282525000001,1.0
2025-11-09,NC-SBY-UTR-6,0.997283392980202,1291,5868.547265099999,18880.93183540001,15.319694610714295,10,0.4744477700704225,23,9.39519405109242,5,6.654627177009131,2660.6499180000005,1.0
2025-11-09,NC-SBY-UTR-7,0.999517256696989,1311,9080.214173699997,31987.688945100028,11.393302239890708,16,0.5641755464480874,58,9.024196646130571,12,5.335044878658378,3944.082060000001,1.0
2025-11-09,NC-SDA-UTR-24,0.9968357905367442,876,9831.1718768,34789.328370600015,10.48842824552429,54,0.594710145012788,84,8.747372378645538,20,3.5799584596341263,4029.080144,1.0
2025-11-09,NC-SDA-UTR-25,0.996230446426326,623,6940.085298300001,25417.2216997,13.680387852307694,21,0.525980512615384,41,8.961198522862395,8,4.494369848887392,2668.0011939999995,1.0
2025-11-09,NC-SDA-UTR-26,0.9998583067251664,828,8211.294513700006,29288.001593300003,12.12385059859155,29,0.557272300563381,54,9.04906136499008,19,4.329839525354089,3156.0868760000008,1.0
2025-11-09,OA_CLUSTER,0.998217906976398,58168,176241.4915841,622378.5244767001,11.5484100688783,768,0.5659046478072076,1269,8.992502455612088,369,4.510626863171268,72139.248822,1.0
2025-11-10,NC-SBY-BRT-15,0.999581212749028,1826,8532.097446599999,25627.20836809998,9.341985027300616,75,0.6242837423312882,89,8.846441169575144,38,3.057360118899703,3354.3800520000004,1.0
2025-11-10,NC-SBY-BRT-16,0.9990574319105064,763,9708.659770199993,32759.498208200035,6.878204208333337,76,0.706513888988095,114,8.835778765368143,9,2.717638492659241,3492.2837970000023,1.0
2025-11-10,NC-SBY-BRT-17,0.9999892100444676,1108,8401.851962600002,28871.512054900013,11.40541354320651,36,0.5681152624999999,60,8.886123872029657,18,4.151196747845997,3407.896078,1.0
2025-11-10,NC-SBY-SEL-18,0.9986971884378129,2512,10563.9399542,32026.855102300007,9.158032002657002,98,0.6358073671497584,101,8.849623768395327,43,2.3601741111601964,3663.017799000001,1.0
2025-11-10,NC-SBY-SEL-19,0.9996743634039804,2347,9567.497616299996,27439.4669521,9.695542132485873,60,0.6202676553672315,69,8.293727610168325,31,2.336044438756105,3813.430817,1.0
2025-11-10,NC-SBY-SEL-20,0.9911177068465896,2240,8804.2303907,25915.950004399994,8.519190028402361,81,0.6437914217647059,86,8.490464962025916,38,2.7105987421580977,3225.7886490000005,1.0
2025-11-10,NC-SBY-SEL-21,0.999649963045085,2244,7737.762555099998,23389.6846476,9.61190354139194,48,0.6200137362637361,71,8.76202592767276,11,2.488899871142145,3092.50327,1.0
2025-11-10,NC-SBY-SEL-22,0.9989115189796784,1979,8964.680565,26356.46675340001,10.397081499462365,62,0.5996142473118276,99,8.826933625785955,41,3.099427188104644,3043.794871,1.0
2025-11-10,NC-SBY-SEL-23,0.9994943683409436,1805,6629.447663600003,21758.8533049,8.279661263913043,59,0.7073434341991336,62,8.904450952673075,16,3.459612504749199,2630.0759120000007,1.0
2025-11-10,NC-SBY-TMR-10,0.997298451611197,1414,7021.1573634,22470.87566970002,9.956754972508598,40,0.6118762886597938,60,8.778494772782265,9,4.05928082041852,2726.235046,1.0
2025-11-10,NC-SBY-TMR-11,0.9993220978138668,1971,9191.2887428,28489.190693500022,8.933695816369053,58,0.638788690476191,82,8.737541266251533,11,3.7137473939349217,3698.188973999997,1.0
2025-11-10,NC-SBY-TMR-12,0.995726459697675,1313,7503.562090900003,23168.800593100004,10.500172624115756,43,0.6010188679245283,76,8.787097047712395,17,3.31869128884197,2899.924472999999,1.0
2025-11-10,NC-SBY-TMR-13,0.9999408136717614,862,9886.811520700005,30528.199640100025,8.082158723592501,90,0.6610766486631013,111,8.520181009907365,20,2.498254579876072,3415.6266469999987,1.0
2025-11-10,NC-SBY-TMR-14,0.9995621504134906,2243,8055.953186099994,24244.977428799997,8.302935023591552,67,0.6606901408450703,94,8.648696550575337,13,2.6217452437567057,3395.949934,1.0
2025-11-10,NC-SBY-TMR-8,0.9889393410175806,1256,7230.868929500002,24495.1420676,8.577644780524338,48,0.6503417602996251,67,8.996106792885644,9,3.4968469567970484,2535.5879010000003,1.0
2025-11-10,NC-SBY-TMR-9,1.0,819,7031.539113800001,25137.329360500007,10.036619306734003,39,0.6278706508417509,70,8.915969400457545,7,4.092080654739922,2584.9499180000003,1.0
2025-11-10,NC-SBY-UTR-1,0.9982197658636563,1967,6681.350764900002,21806.602675099974,6.715254386319221,85,0.7001615427184464,85,8.260612785349657,47,2.6875346201691235,2219.8683240000005,1.0
2025-11-10,NC-SBY-UTR-2,0.9968159033948508,2381,11588.593728299991,43675.442165499975,6.488868621132898,127,0.7589738562091501,175,8.614869387474704,28,2.758751749460513,3987.109196999999,1.0
2025-11-10,NC-SBY-UTR-3,1.0,887,7579.332229999999,26292.12645359998,9.333108364505122,60,0.6605836177474401,77,9.049619698258056,12,3.4632896700288778,2707.48768,1.0
2025-11-10,NC-SBY-UTR-4,0.9999026175325736,1287,7029.818340700003,23694.082412000007,9.070009188095238,53,0.6763085317460316,67,9.268352429870678,2,3.7994827399633935,2565.11968,1.0
2025-11-10,NC-SBY-UTR-5,1.0,1963,8011.525655399995,25831.09811420001,10.252952583378017,51,0.5633558981233242,69,8.833873029180749,34,4.20184115733067,3429.9282170000006,1.0
2025-11-10,NC-SBY-UTR-6,0.9993666845864536,1694,7260.0252957999965,20786.168808299997,11.204564792307687,41,0.5961704545454547,51,8.962587397508235,10,3.0838077608224785,3029.635003000001,1.0
2025-11-10,NC-SBY-UTR-7,0.9999665242165242,1805,10378.1544293,32533.89589500001,9.374912599999998,33,0.6449861112021864,85,8.89438667964564,18,4.5097934823415695,4231.413455,1.0
2025-11-10,NC-SDA-UTR-24,0.9946232548337812,1429,10480.7996421,33575.65200340001,8.485956309230767,79,0.6551596335038363,102,8.712235479866937,22,2.864139249616257,3929.6418010000007,1.0
2025-11-10,NC-SDA-UTR-25,0.9960738055137716,969,8053.8303969,24728.41806999999,9.734976335435428,56,0.6269221720720722,78,8.647112602343617,23,3.150946483868223,2689.4467990000016,1.0
2025-11-10,NC-SDA-UTR-26,0.9981213681986264,3309,8769.9153568,28014.47888520001,11.0202150695055,69,0.6069608516483516,78,8.921053091631943,23,2.6291880096724567,3225.497695000001,1.0
2025-11-10,OA_CLUSTER,0.9983418708639324,38686,193360.1493159,617299.4273729001,9.112702600567223,1430,0.6425152577775549,1920,8.768284111694207,482,3.2294084611776923,73150.195694,1.0
2025-11-11,NC-SBY-BRT-15,0.9930723134006232,2600,8704.765969800002,25279.984163100013,9.09722060246154,73,0.6307914110429451,86,8.73767255553813,31,2.983486766019595,3342.522232999999,1.0
2025-11-11,NC-SBY-BRT-16,0.9999364448857994,1824,9754.803326899995,33181.65456039999,7.259264032738095,68,0.6983794642857143,112,8.868826849602044,6,3.1683647368623467,3518.1543930000003,1.0
2025-11-11,NC-SBY-BRT-17,1.0,2070,8641.428676300002,28870.71830110002,11.021374836413043,42,0.5841976902173917,63,8.842491131967174,16,4.183791011522054,3347.2368620000016,1.0
2025-11-11,NC-SBY-SEL-18,0.9827583151532584,2799,10818.8486833,32192.08416080002,10.694993754611644,78,0.5980726647342998,88,8.918041151257823,32,2.977661512442173,3576.067100999999,1.0
2025-11-11,NC-SBY-SEL-19,0.9999842945093604,1967,9016.710141699996,28029.065896599997,9.415674674858762,57,0.6340932203389829,77,8.49766876416977,28,3.729337531024042,3666.772493,1.0
2025-11-11,NC-SBY-SEL-20,0.999895610550156,2208,8640.611987400003,25813.5754317,8.89039379117647,75,0.6382992647058823,83,8.508432930936607,36,2.77518465848521,3209.983176,1.0
2025-11-11,NC-SBY-SEL-21,1.0,1929,7618.235438699998,23012.13927750001,9.158325142145594,51,0.647772988505747,78,8.707980133917486,13,2.722908413099727,3024.617909,1.0
2025-11-11,NC-SBY-SEL-22,0.9999354036345778,2200,9154.8353276,26256.434871799986,11.639116677111714,56,0.5788918010752686,80,8.949075265766918,36,3.6470062685979903,3090.403007000001,1.0
2025-11-11,NC-SBY-SEL-23,0.999118961352657,3318,7052.532066599997,22045.0449844,7.369114458874454,66,0.7330335497835494,68,8.724572840226719,19,2.576667322711282,2754.5195770000005,1.0
2025-11-11,NC-SBY-TMR-10,0.9935707050689214,2265,7145.462489700001,22412.3714813,9.587587160481098,39,0.6277319587628869,71,8.821653464980402,11,4.105880740229941,2661.5448020000003,1.0
2025-11-11,NC-SBY-TMR-11,0.987928080142488,3663,9651.044663900007,28715.9283739,8.165017855357146,74,0.6664712303571425,108,8.625025823343409,12,2.940704999769105,3788.852157,1.0
2025-11-11,NC-SBY-TMR-12,0.9942892572721296,1400,7679.243081599997,23512.1367523,10.057294398070743,45,0.6144339622641507,71,8.769288190944224,20,3.3369908811008324,2924.591044000001,1.0
2025-11-11,NC-SBY-TMR-13,0.9999975285758418,1637,10052.393643400002,31447.76064060001,8.544287439839577,74,0.6549411764705881,122,8.54546438796234,17,3.0683430551025053,3506.898630000001,1.0
2025-11-11,NC-SBY-TMR-14,0.9999261699920678,2744,8163.385980999999,24586.1193152,8.472957521201415,68,0.6609154929577464,85,8.707679660768958,12,2.8119055737818788,3372.5785530000003,1.0
2025-11-11,NC-SBY-TMR-8,0.9888888888888888,988,7292.951023400002,24293.56148440001,8.367010039700371,55,0.6652350187265915,70,8.96509753596689,8,3.4236583546223973,2460.094413,1.0
2025-11-11,NC-SBY-TMR-9,0.9993518719763016,2485,7084.3027591000055,24855.6822449,9.179229176767672,69,0.6632087542087537,77,8.81276025743573,7,3.246357220013876,2577.071706000001,1.0
2025-11-11,NC-SBY-UTR-1,0.9698802514083664,3353,6886.8702984,22243.13422290001,7.848316768608407,78,0.6694805825242712,76,8.281591908739543,56,3.076763695644655,2339.219739,1.0
2025-11-11,NC-SBY-UTR-2,0.9999737494303972,3357,11457.517049500002,42431.37601720006,7.443689770704845,97,0.7255511982570803,137,8.67517332229852,21,3.3095326450501363,3730.8953320000014,1.0
2025-11-11,NC-SBY-UTR-3,0.999289298916356,1726,7679.200768599996,26179.9089514,8.947859880546076,60,0.6629044368600674,88,9.030927034013,13,3.4455730260679136,2691.628963,1.0
2025-11-11,NC-SBY-UTR-4,0.9999598920528568,1640,6983.047347899998,23392.125842300004,9.153012525,46,0.6799722222222221,66,9.235688446635224,4,4.027931261617045,2529.05484,1.0
2025-11-11,NC-SBY-UTR-5,1.0,2256,8282.189199100005,26228.1108332,9.76591317533512,38,0.5773109919571047,62,8.838477019504019,42,4.210861401002251,3577.5909629999987,1.0
2025-11-11,NC-SBY-UTR-6,1.0,2233,7278.987435899997,20827.9218114,11.33777410769231,45,0.6000882867132873,61,8.897771021052042,11,3.1447073871978755,2916.889562000001,1.0
2025-11-11,NC-SBY-UTR-7,0.9855077989646456,2925,10828.1205076,32805.535449599985,8.29580227961432,55,0.6664633423497263,102,8.757566170241473,20,3.9351394658457406,4260.787190000001,1.0
2025-11-11,NC-SDA-UTR-24,0.9979343843560916,3635,10332.805985399998,33141.50244339999,9.147066659590797,51,0.6358209718670077,92,8.807872545434185,17,3.3823645318126987,3717.196323999999,1.0
2025-11-11,NC-SDA-UTR-25,0.9999950946221569,2041,8181.134391500002,25741.51258949999,10.655870431515146,37,0.5967732035928147,64,8.79554503570257,16,3.95733555207038,2738.6444350000006,1.0
2025-11-11,NC-SDA-UTR-26,0.9999192548714532,1067,8820.809809999999,28721.813952099983,12.210199694308947,39,0.5785130983739833,61,9.0854217144906,22,4.188548021480826,3170.037276,1.0
2025-11-11,OA_CLUSTER,0.9952774192871608,53587,195867.4878674,618612.375068,9.14592127221815,1409,0.6452111802106777,1931,8.763669224014064,471,3.357986583175792,72867.97464500001,1.0
2025-11-12,NC-SBY-BRT-15,0.999987840502988,2006,8665.365822499996,25498.466866800016,9.095951236503067,72,0.6308875254601233,87,8.802557543576526,33,3.069740671905186,3412.208338000001,1.0
2025-11-12,NC-SBY-BRT-16,0.9999333192719144,749,9706.3860491,32167.30807690002,7.592342441369047,63,0.6889064979166665,106,8.92413626343601,10,3.267744203843456,3489.884565,1.0
2025-11-12,NC-SBY-BRT-17,1.0,1157,8565.787959000007,28586.433096600005,11.027766433695652,42,0.5758933423913042,59,8.88688533188431,14,4.2775646714996505,3300.335163999999,1.0
2025-11-12,NC-SBY-SEL-18,0.9996347040475214,1276,10136.799070700004,32107.262037400007,11.166610478743973,72,0.5940958130434784,87,8.912113042971892,35,3.257414135437125,3539.703106,1.0
2025-11-12,NC-SBY-SEL-19,0.9999895645574424,1463,8846.9184097,27562.947631199997,9.732331793502812,41,0.6257196327683613,65,8.553404470455002,24,4.004305083001066,3587.8414920000005,1.0
2025-11-12,NC-SBY-SEL-20,0.9989025375787942,1369,8705.209331499998,25872.130637300022,8.797982297058827,66,0.6498546570588234,81,8.545568045639959,32,2.990834132300096,3227.4412579999994,1.0
2025-11-12,NC-SBY-SEL-21,0.9998990482733616,1900,8082.306558000001,23351.1012878,8.801520090441175,63,0.6551318681318686,86,8.709845368966686,10,2.609464696048953,3078.261936000001,1.0
2025-11-12,NC-SBY-SEL-22,0.9993854017240728,1874,9336.973863700005,26349.1350189,10.42350814838709,75,0.6133499102150533,88,8.789671259840247,48,3.242129910513226,3187.3705530000007,1.0
2025-11-12,NC-SBY-SEL-23,0.9997274300038838,1142,6790.496085100003,21761.626160000003,8.589992986580087,42,0.7104408367965369,52,8.994059539170598,11,3.7754224431233694,2612.8639730000004,1.0
2025-11-12,NC-SBY-TMR-10,0.9663321078571064,1452,7326.317631500006,22113.662383699997,9.080691193006992,45,0.6321188429553262,78,8.7607820352393,13,3.735366410571377,2640.433621,1.0
2025-11-12,NC-SBY-TMR-11,0.99897571603167,2071,9453.478863600008,28583.1030016,8.72051328898809,49,0.6464067461309517,81,8.729413237386957,12,3.697972194692108,3789.3927010000007,1.0
2025-11-12,NC-SBY-TMR-12,0.9989083079477316,819,7751.667813599997,24116.65259310002,9.879450097142849,47,0.6270896226415096,77,8.721382298730184,24,3.193239374253513,2967.2309379999992,1.0
2025-11-12,NC-SBY-TMR-13,0.999821926171498,957,10121.3961419,31271.28738930001,8.466574723056297,72,0.6553693029490618,102,8.604246924247374,14,3.0913620668531885,3592.907458,1.0
2025-11-12,NC-SBY-TMR-14,0.9998344525521716,2176,8205.293210699996,24363.941533400008,8.97379011197183,65,0.6586713619718313,87,8.732063334348855,19,2.78663611047518,3321.718679,1.0
2025-11-12,NC-SBY-TMR-8,0.9888501742160278,1424,7303.5194514,24067.143299600008,8.561469940449436,55,0.6603692262172284,80,8.993109868459618,10,3.4084554446267936,2398.3410400000007,1.0
2025-11-12,NC-SBY-TMR-9,0.9998511569276268,1341,7062.988690999999,24286.572696799994,9.607448439730636,42,0.648618686868687,68,8.8568096683761,15,4.233950225155787,2491.5240970000004,1.0
2025-11-12,NC-SBY-UTR-1,1.0,2156,6829.931979099998,22445.24071959999,7.894666890614886,63,0.6656359223300975,75,8.308840346346503,50,3.4675394442731333,2372.8742850000003,1.0
2025-11-12,NC-SBY-UTR-2,0.9999962752654824,2041,11369.595207200004,41736.25043000001,7.532566589978213,111,0.7259656867102399,144,8.6599950842339,15,3.4362646057427177,3728.879796999999,1.0
2025-11-12,NC-SBY-UTR-3,0.999583541562552,1416,7645.613945899997,25658.351510900004,9.21564257918089,56,0.662282423208191,77,9.026906393956612,15,3.627468601055861,2683.972348,1.0
2025-11-12,NC-SBY-UTR-4,1.0,1228,7047.204051599999,23139.559197100003,9.221904550396824,54,0.6772371031746033,68,9.226693275076537,6,3.8416114005627975,2461.147437,1.0
2025-11-12,NC-SBY-UTR-5,0.9997748321370687,1947,8327.337940099997,25937.79172240003,10.00851622252011,42,0.5714001343163536,65,8.877573213324226,40,4.129803037297708,3544.577084999999,1.0
2025-11-12,NC-SBY-UTR-6,0.999984332005876,2274,7372.905113500008,20385.372167700003,11.668018315734264,40,0.591534965034965,51,9.010139305123989,15,3.520529578597217,3016.360138,1.0
2025-11-12,NC-SBY-UTR-7,0.9956188976583308,1904,10896.969554400008,32682.1186326,8.420086191803279,57,0.6723916210382515,94,8.785160990529446,18,3.917736692822079,4280.170814999998,1.0
2025-11-12,NC-SDA-UTR-24,0.9988912125789088,1136,10296.74308859999,33025.42204800002,9.11211398081841,51,0.6341839301790282,84,8.831618916134857,7,3.4634135187761093,3597.07144,1.0
2025-11-12,NC-SDA-UTR-25,0.9991461705795288,1930,8095.886741999993,25233.32962800001,10.359533585628732,42,0.6092801895209577,67,8.703397437016692,23,3.7391603478955218,2629.156790000001,1.0
2025-11-12,NC-SDA-UTR-26,0.9981647441271264,1004,8855.627920600004,28334.726096800005,11.697846825885549,43,0.5946668924119242,72,9.073338539606391,20,3.5554721013512056,3193.264038,1.0
2025-11-12,OA_CLUSTER,0.9978280252500276,36142,195550.46274480005,614043.4580907001,9.249623928774149,1334,0.6439887878211186,1858,8.789676321324835,483,3.506724562187499,72725.44082399999,1.0
2025-11-13,NC-SBY-BRT-15,0.9730657724799776,4997,8876.842511200011,25343.1869353,8.656853664110438,81,0.6426441717791413,85,8.814799033050983,34,2.990285387020404,3394.5399089999983,1.0
2025-11-13,NC-SBY-BRT-16,0.9991736270562266,1692,9814.091699200006,32169.94942790001,7.8466315872023795,50,0.6773385416666667,97,8.921743407024893,7,3.618372931582944,3577.050547,1.0
2025-11-13,NC-SBY-BRT-17,0.9999356541464904,1758,8549.354611799992,28493.61048749999,11.52935510923914,28,0.5697158062500002,47,8.885789268353014,11,4.747870313659757,3217.617865,1.0
2025-11-13,NC-SBY-SEL-18,0.9999103481696862,1528,10223.8228105,32214.32638840001,10.843897614285718,72,0.6009186794685989,95,8.927619461820175,29,3.4873624678621025,3365.3977099999984,1.0
2025-11-13,NC-SBY-SEL-19,0.9996428133141187,2051,8814.140456099996,27463.6609659,9.5865863361582,40,0.6229216101694914,65,8.593051826721403,19,3.8180358693494254,3486.7090580000004,1.0
2025-11-13,NC-SBY-SEL-20,0.9997072324562534,1676,8763.767856800001,26188.6987764,8.242778435588233,83,0.6697644608823532,102,8.480587848347149,42,2.862664186272757,3229.554617999999,1.0
2025-11-13,NC-SBY-SEL-21,0.998741164025702,1872,7983.381189299999,23595.879688899997,8.830154498901097,53,0.6576016483516486,80,8.795876769778081,9,2.90358028694537,3140.805947000001,1.0
2025-11-13,NC-SBY-SEL-22,0.9851458697876828,3486,9463.1494338,26496.05670529998,10.726206696994538,72,0.5971108870967741,87,8.83956694856639,44,3.317044692111314,2993.7093389999995,1.0
2025-11-13,NC-SBY-SEL-23,0.9891605871630048,1896,6940.530074499997,21410.323243099992,7.773843878165939,40,0.7343452380952381,64,8.946471782323863,14,3.328835582104162,2539.0123050000007,1.0
2025-11-13,NC-SBY-TMR-10,0.9590015346592076,1584,6891.144084599997,21692.518847399995,9.938364139492752,30,0.6221074880434784,61,8.854205441919307,10,3.910655836261852,2558.5373469999995,1.0
2025-11-13,NC-SBY-TMR-11,0.9953356580848712,2825,9417.187096199988,28533.91904670001,8.777805648809524,62,0.6389516369047619,85,8.703749770964928,11,3.656371158917479,3693.974823000001,1.0
2025-11-13,NC-SBY-TMR-12,0.999644492648831,1218,7700.299826300001,23902.07331810002,10.322635978301886,37,0.6160665619496857,67,8.767129953115807,18,3.5453848785603777,2816.203002,1.0
2025-11-13,NC-SBY-TMR-13,0.9996890771449172,1013,10100.37298870001,31365.279852400003,8.303874238770057,76,0.6645496879679146,106,8.55553055237824,20,3.0894464540875166,3369.053397000001,1.0
2025-11-13,NC-SBY-TMR-14,1.0,2212,8133.670891600003,24294.753764899982,8.806770685563373,59,0.6550114436619717,81,8.767333767946573,12,3.167059563308218,3256.180694,1.0
2025-11-13,NC-SBY-TMR-8,0.987612028812356,2006,7365.674407300004,24050.13888840002,8.158038093632953,46,0.6556763419475657,72,8.908508737135188,16,3.658099846354873,2413.1690320000007,1.0
2025-11-13,NC-SBY-TMR-9,0.9932580402673656,1609,7223.129790400001,24566.708136200003,10.25729363771044,33,0.6198984286195284,50,8.98358294238918,15,4.689259860364829,2494.197366,1.0
2025-11-13,NC-SBY-UTR-1,0.9999979724249796,2226,6780.089082499999,22518.825126999986,8.308212494498385,71,0.6750040453074436,71,8.310542963535987,54,3.4751963536597934,2352.193087,1.0
2025-11-13,NC-SBY-UTR-2,0.9972050406122258,3453,11467.903312399994,41909.64270630007,7.845710865577349,76,0.7139324618736386,119,8.717458744912767,16,3.8602931157294886,3762.477735,1.0
2025-11-13,NC-SBY-UTR-3,0.9981617889767788,1506,7710.642413800002,26097.5541868,9.32638431433447,55,0.6524172354948804,75,9.09847576303521,16,3.8713331422266006,2638.583997,1.0
2025-11-13,NC-SBY-UTR-4,0.9999065229130588,1335,7054.985248499998,23117.648945399997,9.612659911111106,39,0.6740168650793646,60,9.235685515196945,5,4.1988380171009885,2409.527338,1.0
2025-11-13,NC-SBY-UTR-5,0.9988251613708148,2279,8568.397120699998,26156.49317879999,9.821425231062676,44,0.5788478552278823,68,8.918149739656878,35,3.8889646470140784,3647.525175,1.0
2025-11-13,NC-SBY-UTR-6,0.9990616548886164,2725,7521.293737399999,20991.223093500004,10.953034725874126,49,0.6110847902097898,60,9.02231665401052,12,3.350128141707002,3064.9672920000003,1.0
2025-11-13,NC-SBY-UTR-7,0.987980385911061,3884,10893.4383859,32882.132818300015,8.92046748360656,49,0.6537322404371584,93,8.774159365404413,20,4.303250389538036,4255.537008000001,1.0
2025-11-13,NC-SDA-UTR-24,0.9941091990250462,1736,10556.478181900004,33473.83873529999,8.673901932051274,66,0.6531871271099748,99,8.683954847344475,24,3.1277973799339374,3699.7134029999984,1.0
2025-11-13,NC-SDA-UTR-25,0.9996557858485982,907,8130.319980699993,25731.7932184,10.757936960778446,36,0.6012220559880238,66,8.799817127403422,17,4.039779212977585,2653.502183,1.0
2025-11-13,NC-SDA-UTR-26,0.9980256146719442,1719,8786.385489800008,28259.527496699982,12.36518136612466,26,0.5785101626016259,54,9.17467156144989,14,4.709470220040022,2989.513592999999,1.0
2025-11-13,OA_CLUSTER,0.9941871240610194,50831,196257.30902949997,615454.6045289,9.29995746832524,1245,0.6420478315848173,1790,8.8078393405512,469,3.6495559208105344,71676.52459100001,1.0
2025-11-14,NC-SBY-BRT-15,0.9995042535313868,1892,9068.233845100003,25770.63310630001,8.829563170087972,65,0.6273294234604111,72,8.855715941555884,36,3.3744831478306465,3429.029504999999,1.0
2025-11-14,NC-SBY-BRT-16,0.9980382966660634,2002,9633.7591779,32359.707651399985,7.682900286309524,57,0.6838526785714285,95,8.93397621764942,6,3.378445640629794,3542.7229080000006,1.0
2025-11-14,NC-SBY-BRT-17,1.0,1516,8689.234623199998,29294.13072929999,10.462034841576084,48,0.5956564763586958,71,8.775969681849093,16,3.9995153567751,3377.4470260000007,1.0
2025-11-14,NC-SBY-SEL-18,0.9914693713613788,1453,10183.651151999997,32280.575838800007,10.570926130825244,64,0.6049743743341405,82,8.91188144786129,34,3.672114012418898,3526.8300260000024,1.0
2025-11-14,NC-SBY-SEL-19,0.9991745189329456,1308,8772.094314000002,27182.26312089999,9.829224805084747,51,0.6258175612994348,63,8.549226570141364,28,4.269148321703605,3445.323808,1.0
2025-11-14,NC-SBY-SEL-20,0.9990839515994724,1521,8603.302375699997,26045.323268,9.35011222999999,55,0.6400595588235293,86,8.592897115556228,33,3.114286361098828,3150.898695,1.0
2025-11-14,NC-SBY-SEL-21,0.9987845567466253,2063,7893.632451400005,23750.716442199995,9.411721405166048,47,0.6326040904761906,70,8.765319051886252,5,2.7936816761849608,3097.636555,1.0
2025-11-14,NC-SBY-SEL-22,0.9971761980473146,2969,9029.160384899991,26446.384016499986,10.759131637329702,65,0.59192321598916,81,8.8375539800452,54,3.6143846312091976,2999.0106490000003,1.0
2025-11-14,NC-SBY-SEL-23,0.994426142134532,1211,6718.700754800001,22087.1445002,8.350593065800872,37,0.7058012264069262,56,9.042451235590246,8,3.962328168119985,2613.3694970000006,1.0
2025-11-14,NC-SBY-TMR-10,0.973972286811012,1561,7132.620064299991,22201.55866410001,10.501223892758617,28,0.6045017182130586,50,8.88756001607854,8,4.649979287921165,2559.1922040000004,1.0
2025-11-14,NC-SBY-TMR-11,0.994341243200259,3028,9225.676785800004,28569.904427700025,8.784628415476188,53,0.6447313988095235,85,8.725811435939207,9,3.793138094296436,3645.457138000001,1.0
2025-11-14,NC-SBY-TMR-12,0.9997903689639476,1498,7586.707633699994,23734.37420010002,10.257018778233435,41,0.6147353248427675,76,8.81833991287098,20,3.648399685880482,2932.2439130000007,1.0
2025-11-14,NC-SBY-TMR-13,0.9997461821082084,964,10041.0153419,31812.123178099988,8.671585811497325,70,0.6510862299465241,100,8.59320986303179,14,2.945843964288091,3423.032240000001,1.0
2025-11-14,NC-SBY-TMR-14,0.9993207660879352,1730,8009.349155199998,24183.289788499995,8.627700342198581,60,0.6511028368794325,75,8.786881856253808,13,3.170301672689035,3184.7586800000004,1.0
2025-11-14,NC-SBY-TMR-8,0.9888372093023255,946,7308.637143099998,24553.68160409997,8.080812517228468,52,0.6681619850187267,76,8.90732973554557,15,3.5575097011213024,2477.021097,1.0
2025-11-14,NC-SBY-TMR-9,1.0,769,7073.891069900002,24825.05053480001,10.013297442087543,42,0.6285707070707065,62,8.951654369991404,9,4.331728531303626,2587.3974060000005,1.0
2025-11-14,NC-SBY-UTR-1,1.0,2153,6660.5359954000005,22665.64254889997,9.02805359385113,60,0.6409296116504855,62,8.464384829110346,50,3.473062739839991,2310.3527700000004,1.0
2025-11-14,NC-SBY-UTR-2,1.0,2014,11382.597534100005,42951.1123115,7.422436635511974,98,0.7236263616557741,125,8.687550930457313,21,3.4738040641505963,3839.740939000002,1.0
2025-11-14,NC-SBY-UTR-3,0.999983128980135,745,7725.044888600001,26400.29634040001,9.236106738225262,52,0.6606689419795222,66,9.11622343014914,13,3.792102407552264,2736.883095,1.0
2025-11-14,NC-SBY-UTR-4,1.0,1407,7003.856412100001,23413.24731340001,9.599824465079372,37,0.6714629630952386,53,9.270503743575128,5,4.354002343964084,2478.99778,1.0
2025-11-14,NC-SBY-UTR-5,0.9995831888938412,2048,8560.187877899998,26540.602139299983,9.465730248876412,43,0.5919446738292012,64,8.97718354699565,28,4.30064996990814,3746.574901,1.0
2025-11-14,NC-SBY-UTR-6,0.9999627729517824,2126,7617.4585682000015,21601.197497599987,10.29754798943661,50,0.6306390845070425,67,9.046882645517634,15,3.606766787870747,3159.1504910000003,1.0
2025-11-14,NC-SBY-UTR-7,0.9999578194712334,1855,10545.920471199988,32540.013421799995,9.080481759562836,31,0.646028005464481,77,8.837499367715251,20,4.479979585123948,4174.227815999999,1.0
2025-11-14,NC-SDA-UTR-24,0.9970349250356182,1724,10533.443094,33810.10572810003,9.049260053196932,58,0.6336138107416881,88,8.750580537067856,20,3.3496462878100584,3813.514459,1.0
2025-11-14,NC-SDA-UTR-25,1.0,771,8072.030756,26371.499653699982,10.779120857784424,29,0.5995778443113778,55,8.83337398568689,13,4.704015405586463,2701.33177,1.0
2025-11-14,NC-SDA-UTR-26,0.9997021983351716,864,8730.427214999998,28559.517134400012,12.230175581147542,25,0.5693888891598913,51,9.135261962667997,14,4.9690967697668,3129.2839940000003,1.0
2025-11-14,OA_CLUSTER,0.9972551160861436,38779,194465.2680204,621208.9726439,9.315939027925,1206,0.6399307737449038,1714,8.82749741448145,460,3.722225017496027,72437.299139,1.0
2025-11-15,NC-SBY-BRT-15,0.9991257067919712,1710,8952.916929100007,26841.247921900005,9.124707691202346,58,0.635107771260997,78,8.97545255562423,46,4.003373331288123,3540.13758,1.0
2025-11-15,NC-SBY-BRT-16,1.0,2967,9501.34272909999,32951.632429999976,9.465360169940489,36,0.6147090773809523,68,9.035024945721512,5,4.850881707694817,3495.5100039999998,1.0
2025-11-15,NC-SBY-BRT-17,0.9997648789178216,3506,8853.651028700002,30440.0437366,11.023070920923912,42,0.5707968750000001,48,8.818964890874527,15,4.04380333444091,3629.193528,1.0
2025-11-15,NC-SBY-SEL-18,0.9944116198645232,2004,10034.1212659,32875.3126451,11.587727603414631,64,0.5701123190821255,76,8.954435175846873,33,3.647755268480124,3750.862849999998,1.0
2025-11-15,NC-SBY-SEL-19,0.9993509654904068,1126,7854.226649500003,26460.334218099983,11.960997756609194,23,0.5516923076923079,36,8.709262527524059,19,5.457383374239953,3344.4070569999994,1.0
2025-11-15,NC-SBY-SEL-20,0.9996032205290868,1406,7475.334024599997,24718.11906559998,11.433432030294131,30,0.563226470588235,41,8.820622991088136,31,4.666003897131359,2724.0492449999983,1.0
2025-11-15,NC-SBY-SEL-21,0.999916817324126,978,7209.831936100002,23463.762796500003,10.42788163223443,29,0.5881822344322345,48,8.92825748533487,9,3.87853041425095,2969.503540000002,1.0
2025-11-15,NC-SBY-SEL-22,0.9993631727430556,1500,8772.786110899999,25806.13616040002,11.893219561290316,50,0.5486731631720432,61,9.142861927923764,30,3.610385201016527,2854.166520999999,1.0
2025-11-15,NC-SBY-SEL-23,0.9949142384177432,1328,6666.424226299998,21973.868261099997,9.120366251541848,40,0.6681158008658007,40,9.01547946779157,7,4.092949777504111,2530.298232,1.0
2025-11-15,NC-SBY-TMR-10,0.99501991469892,1020,6573.164161100004,22113.349874099997,11.684265650174224,13,0.5577123843750003,29,8.987858545620849,12,5.950734373979916,2558.5937589999994,1.0
2025-11-15,NC-SBY-TMR-11,0.99998024035047,898,8551.461039200005,28216.3609347,11.135834006547617,19,0.5763415178571428,64,8.886574024884018,5,4.994292035676674,3579.8847190000006,1.0
2025-11-15,NC-SBY-TMR-12,0.999299875440526,680,6926.179275200001,22732.638193500006,12.476542038888889,19,0.5514591346153846,35,9.157385073483416,12,5.8008713546098365,2929.0252130000013,1.0
2025-11-15,NC-SBY-TMR-13,0.9963417734606111,588,9188.440039100002,31091.969946999987,10.73437426283422,46,0.5865325312834226,63,8.752489551721304,16,4.517915420059994,3197.752504,1.0
2025-11-15,NC-SBY-TMR-14,0.999976522731262,938,7563.01217560001,24712.529540399995,10.593583664893623,32,0.5882358156028366,45,9.01197022807036,8,4.379576496916175,3331.7869,1.0
2025-11-15,NC-SBY-TMR-8,0.9918007099696586,558,7483.968740299998,25676.8585426,9.080738814444436,33,0.633347222222222,50,8.983796758721182,3,4.583295989482658,2682.451518,1.0
2025-11-15,NC-SBY-TMR-9,0.9996256133115268,479,7035.261721600004,26030.8526917,11.335621750841756,15,0.5810592030303033,33,9.123955962410417,6,6.217919247460211,2594.720941999999,1.0
2025-11-15,NC-SBY-UTR-1,0.9999691420897368,1996,5571.313314899999,20306.570164699995,12.050522532362454,32,0.5310517799352751,25,8.713084940813577,39,5.221752433164922,1828.1099710000003,1.0
2025-11-15,NC-SBY-UTR-2,1.0,1612,11461.787718800007,44119.526121300005,9.189325082788674,47,0.6563033769063185,73,8.83429115124841,14,4.825601000122376,3989.962457,1.0
2025-11-15,NC-SBY-UTR-3,0.998168827490822,676,7202.346815400001,25775.302509399997,11.034101937457049,19,0.5903640501706485,35,9.22355291686078,13,5.273304034236788,2621.986346,1.0
2025-11-15,NC-SBY-UTR-4,1.0,1422,6896.617126499998,23542.877552099984,10.700732972222214,29,0.6297222222222219,44,9.49095624058525,5,3.665503251610048,2430.7645500000003,1.0
2025-11-15,NC-SBY-UTR-5,1.0,1706,9052.216603599987,27712.42702830002,8.722169567759558,60,0.6094590163934426,73,8.83124758252846,52,3.61264988898378,4054.415449000001,1.0
2025-11-15,NC-SBY-UTR-6,0.999925533999608,1948,6784.3168207,20092.63945330001,13.27051891643357,24,0.5342987804878052,37,9.346547841326284,9,5.188175869859365,2879.75599,1.0
2025-11-15,NC-SBY-UTR-7,0.9999023124252764,1137,9733.277996900004,32266.771368399997,10.772439646994531,14,0.5914665300546447,50,8.961265264349532,20,5.770777080825975,3899.596633,1.0
2025-11-15,NC-SDA-UTR-24,0.9996450968013468,742,10252.541280400004,34532.35599110001,10.24687632225064,42,0.592187553452686,62,8.845845740428121,15,4.269886490233932,3911.046923000001,1.0
2025-11-15,NC-SDA-UTR-25,0.996557185049394,1662,7567.181512300002,25942.166671600007,12.272992860429447,16,0.5552796907185626,25,8.971277183163437,13,5.594112655168053,2561.5090709999995,1.0
2025-11-15,NC-SDA-UTR-26,0.9980525803310614,2108,8551.894955500002,29407.894056599987,12.875053350806452,30,0.5508293010752687,33,9.226807939261649,18,5.035194948457327,3265.896069,1.0
2025-11-15,OA_CLUSTER,0.9986093162020668,32183,185343.99844910004,619921.1311567998,10.809009043047048,774,0.5877647801251945,1152,8.972316097721874,409,4.692762519761463,71416.93550799998,1.0
2025-11-16,NC-SBY-BRT-15,1.0,1459,8709.2970472,27321.192691799995,9.765851562756602,49,0.60771212111437,67,9.120532435040817,34,3.9722526401582967,3728.846053,1.0
2025-11-16,NC-SBY-BRT-16,0.9994250819912512,1179,9405.359452799998,34424.04093080002,9.115982162462467,34,0.6467247023809524,68,9.058472484285652,3,4.608933714674991,3655.936155000001,1.0
2025-11-16,NC-SBY-BRT-17,0.9999917228694052,1737,8536.777193100004,31041.44223519997,12.025046326902162,25,0.5502282608695648,50,8.944323310030901,9,4.7036238683934775,3594.593090000001,1.0
2025-11-16,NC-SBY-SEL-18,0.9938986613972072,1241,9101.930422000003,32604.22908110002,12.421103824637685,45,0.551710748792271,58,9.002269756699548,33,4.575173407889072,3523.736213,1.0
2025-11-16,NC-SBY-SEL-19,0.9999099758726973,687,7364.767813200003,26614.29305589999,12.381786927350433,24,0.5418646723646723,39,8.792266020981007,10,5.166860960643229,3250.285406,1.0
2025-11-16,NC-SBY-SEL-20,1.0,777,6766.258686000004,23900.5294241,12.733508711470575,28,0.5101816176470589,43,8.864731748695462,24,4.471949726646517,2709.827561,1.0
2025-11-16,NC-SBY-SEL-21,1.0,786,6788.384185499998,23612.190041600006,11.576232189010982,27,0.5632628205128207,48,9.077774889985063,9,4.2879192894587055,2961.184757,1.0
2025-11-16,NC-SBY-SEL-22,0.9961070520626376,1381,8546.407692399993,26203.9148812,12.872622652419354,43,0.5395512991935479,75,9.19252537081246,30,3.150132953820582,2796.045705999999,1.0
2025-11-16,NC-SBY-SEL-23,0.9940001615574134,1288,6148.621689599998,22263.4098007,11.3936426090909,22,0.606125541125541,31,9.193469101204302,6,5.12262342821799,2597.1161580000003,1.0
2025-11-16,NC-SBY-TMR-10,0.9999102048057362,1040,6323.513466599999,21883.59197830001,11.685649196527782,24,0.5637769097222223,43,8.938102952046444,14,4.446367933135283,2564.8226680000007,1.0
2025-11-16,NC-SBY-TMR-11,1.0,960,7738.183232799996,27569.539746899976,11.977712805059523,19,0.5479471726190477,41,8.976574126047858,8,5.565359812955536,3348.7110099999995,1.0
2025-11-16,NC-SBY-TMR-12,1.0,570,6655.407873599999,23023.173344600003,13.425347383333325,22,0.5251180554487183,43,9.16592250136889,14,5.640767522454362,2928.24995,1.0
2025-11-16,NC-SBY-TMR-13,0.999042620317788,798,8153.255344300001,30191.361973499985,12.008495916711585,35,0.5471717914438505,49,8.862351848361364,14,4.742822635161622,3061.277808,1.0
2025-11-16,NC-SBY-TMR-14,1.0,669,7164.001054100004,24906.237242399995,11.087126865248225,34,0.5896870567375887,53,8.967762981887557,6,4.010336356525647,3265.157945,1.0
2025-11-16,NC-SBY-TMR-8,1.0,624,7445.686613900005,27065.56503860001,8.335765297777781,36,0.6549249999999998,70,8.881017578141781,9,3.964300597919039,2825.031239000001,1.0
2025-11-16,NC-SBY-TMR-9,1.0,637,6983.262310899997,27483.63394099998,10.603512707070704,20,0.6180336700336703,49,8.975856246227623,7,5.647881682380698,2714.913450999999,1.0
2025-11-16,NC-SBY-UTR-1,0.999928842477868,1161,4997.436426500002,20012.30002300001,13.788262287055025,22,0.4694468715210361,21,8.945464878563198,35,6.381526675826438,1843.09322,1.0
2025-11-16,NC-SBY-UTR-2,1.0,1623,12070.010999800012,47851.74053359999,8.026515542483656,72,0.6954422657952073,102,8.688088076414331,18,3.9704651736570566,4559.205716000001,1.0
2025-11-16,NC-SBY-UTR-3,1.0,506,6825.038241299999,26153.541295699983,12.171336363822526,31,0.572620307167236,52,9.257577301284217,11,4.829705169017663,2729.910926000001,1.0
2025-11-16,NC-SBY-UTR-4,1.0,1077,6354.5886506,23241.687394099998,12.367171471031742,29,0.5824404761904762,39,9.551948560885991,2,4.331323427229217,2297.053482,1.0
2025-11-16,NC-SBY-UTR-5,1.0,1745,8415.884358300003,27160.214796699995,10.059923017213112,39,0.5632226775956284,62,9.110630837300292,37,3.989925334383767,3979.774556,1.0
2025-11-16,NC-SBY-UTR-6,0.9999832986320998,1220,6121.3207212,19240.918416199995,14.382198019860626,18,0.4842735191637627,24,9.633719644154477,9,4.746143755238205,2665.644710000001,1.0
2025-11-16,NC-SBY-UTR-7,1.0,839,9093.8309949,32396.73393570001,11.128664145081958,26,0.5799100636612021,56,9.049602915808034,18,5.099398330837674,3853.951422000001,1.0
2025-11-16,NC-SDA-UTR-24,0.999974800047666,635,9702.175125799997,35518.09981630002,10.832256557033244,40,0.5891828644501285,66,8.892337088769073,14,4.548925740713623,3905.00686,1.0
2025-11-16,NC-SDA-UTR-25,0.9998665458474786,824,6905.8827661000005,25687.740311599988,14.289473545508976,22,0.5057584829341314,37,8.99955494215258,9,5.5997380135311055,2524.304462000001,1.0
2025-11-16,NC-SDA-UTR-26,0.996058819032642,3062,8513.367685799998,30725.33561700002,13.063369696774204,32,0.5447997311827957,47,9.253671461121131,12,5.056721920998863,3334.6921500000017,1.0
2025-11-16,OA_CLUSTER,0.9992023055204388,24004,175709.22447060002,626165.4818027,11.484920855411849,724,0.570858641895943,1183,9.037633800216636,360,4.648265583534278,71454.36920200003,1.0
2025-11-17,NC-SBY-BRT-15,0.999637677317186,1486,8493.496596200004,25081.1898341,9.085741004692078,62,0.6351348973607042,78,8.836832358844113,39,3.4371269677032985,3321.183858,1.0
2025-11-17,NC-SBY-BRT-16,0.9999723769115176,1550,9581.098368899997,31528.496499999965,7.542183097619047,50,0.6928149800595236,95,8.909041852693406,11,3.460472372788576,3490.975766000001,1.0
2025-11-17,NC-SBY-BRT-17,1.0,1127,8475.839852399997,28100.46898140002,10.95614361494565,43,0.5912805706521741,60,8.874638966231583,18,4.330245341415146,3296.5201580000003,1.0
2025-11-17,NC-SBY-SEL-18,0.9995065288119988,1041,9730.490084299996,30999.816684300007,11.378021283333323,61,0.5892699277777778,82,8.944816673676149,29,3.702706924962447,3345.7984520000014,1.0
2025-11-17,NC-SBY-SEL-19,0.9973302925837532,1163,8511.608876099997,26593.9140029,9.89745248746439,32,0.6203459165242166,60,8.644167512417084,20,4.357590972352425,3433.277712000001,1.0
2025-11-17,NC-SBY-SEL-20,0.9997751829613102,1988,8364.154649899994,25206.414948700003,9.379533674411764,56,0.6253867647058826,76,8.62441114140531,35,3.3142350593840533,2960.797897000001,1.0
2025-11-17,NC-SBY-SEL-21,1.0,966,7636.639399799998,23285.91961500002,9.910493624542124,50,0.62956684981685,65,8.831681617318699,8,3.2166081042506,2980.181484000001,1.0
2025-11-17,NC-SBY-SEL-22,0.9963817598782544,1881,8790.115076799999,25109.11862449999,11.445682033242504,68,0.5707645607526884,75,8.86011546667575,43,3.5613712078714483,2782.5798670000004,1.0
2025-11-17,NC-SBY-SEL-23,0.9960470026198182,1142,6530.724150100002,21077.75684360001,8.813046988495579,30,0.7010566376623378,53,9.053828562131343,7,3.916196582323377,2537.1931319999994,1.0
2025-11-17,NC-SBY-TMR-10,0.9996990446196956,1760,7056.9888667000005,21501.495814999995,10.338331684375,35,0.6061707177083329,54,8.870131734035631,9,4.161526562687862,2788.189053000001,1.0
2025-11-17,NC-SBY-TMR-11,0.9998619809040108,1240,9141.173931099993,27727.39674219999,9.227746754464295,57,0.6269077380952377,85,8.688896662502954,14,3.656479813938159,3650.962442,1.0
2025-11-17,NC-SBY-TMR-12,1.0,800,7408.318780300001,22715.01762010001,10.162994209294872,42,0.6146754807692307,69,8.806484781345818,15,4.018396051362566,2973.2914240000005,1.0
2025-11-17,NC-SBY-TMR-13,1.0,914,9517.153969600004,30173.98985289999,8.857251694385027,66,0.6449146612299467,92,8.639893906125106,16,3.287315715453889,3358.042182,1.0
2025-11-17,NC-SBY-TMR-14,0.9952710076391416,1845,7962.300638400002,23592.6432485,9.016231959929074,54,0.6542358156028368,80,8.803226082027766,14,3.224461373356852,3284.172345999999,1.0
2025-11-17,NC-SBY-TMR-8,0.99726596778855,721,7242.623757299995,23575.1805735,8.555831181851854,45,0.6514771603703708,73,8.95166997288924,8,3.914088724412498,2417.1239970000006,1.0
2025-11-17,NC-SBY-TMR-9,0.9995234222381691,618,6963.9935044,24178.25598809998,9.92747017777778,34,0.6409304154882155,57,8.954652334549882,8,4.43527930007044,2504.569622000002,1.0
2025-11-17,NC-SBY-UTR-1,1.0,1577,6442.785107999999,21478.817528199987,9.057760223948224,50,0.6288406148867315,57,8.440036562060163,50,3.8746043279683575,2284.788874,1.0
2025-11-17,NC-SBY-UTR-2,1.0,1613,11317.884584000009,41510.54381879999,7.624334971895426,90,0.716424655119825,140,8.689668976445683,18,3.545865455812081,3828.852531000001,1.0
2025-11-17,NC-SBY-UTR-3,1.0,577,7573.947830700002,25558.326213899996,9.413776670307168,55,0.6547815699658701,75,9.085211080583246,15,3.729878856608432,2667.7289449999994,1.0
2025-11-17,NC-SBY-UTR-4,0.9998101430922536,1208,6901.415277699999,22893.5520252,9.540385212301588,35,0.6678343253968257,57,9.218132757565254,5,4.205493554798893,2407.7982880000004,1.0
2025-11-17,NC-SBY-UTR-5,0.999108522898401,1752,8125.334207399997,25204.23116800001,9.340495950958903,47,0.5826871584699456,74,8.851216514030519,33,4.351064316224892,3527.102927,1.0
2025-11-17,NC-SBY-UTR-6,0.9998662837010056,1401,7121.022252599993,20194.560017999996,11.647786792013893,40,0.5968127892361113,53,8.944148626182958,11,3.640791644134776,2884.809442,1.0
2025-11-17,NC-SBY-UTR-7,0.999095048359206,2924,10405.0836581,31650.959399300013,9.211089980054648,33,0.644062613934426,70,8.84567481156541,16,4.729323046949375,4107.140754999998,1.0
2025-11-17,NC-SDA-UTR-24,0.9998909530055116,613,10284.209170000002,32826.5903162,9.90753540409207,29,0.6126792411764708,58,8.988568628596193,12,4.39887655039304,3568.561744,1.0
2025-11-17,NC-SDA-UTR-25,0.9996302805952444,632,7867.6203786000015,24935.942857,10.38153226918429,42,0.601208083832335,74,8.79495282355099,16,4.176052455192099,2594.8919530000007,1.0
2025-11-17,NC-SDA-UTR-26,0.9998723266653288,976,8800.804839600001,28051.588346999983,11.42753200537635,46,0.6008702956989243,64,9.005482555846442,21,3.959641257401682,3175.107893999999,1.0
2025-11-17,OA_CLUSTER,0.999109011227148,31294,189294.1934208,598938.0660462,9.578205003117512,1135,0.6332095357684138,1680,8.830452436869246,442,3.8265369111473593,70833.08115400001,1.0
2025-11-18,NC-SBY-BRT-15,0.9994790422685372,2290,8618.523927600007,25910.44493340001,9.374300591253638,78,0.6325779883381927,77,8.839632399411709,40,3.481534730956048,3423.155972999999,1.0
2025-11-18,NC-SBY-BRT-16,0.998814600258155,2109,9646.177836699992,32662.466830900023,7.386146065773819,73,0.7093809523809523,101,8.883051639445453,10,3.369929307324602,3596.8182369999986,1.0
2025-11-18,NC-SBY-BRT-17,0.9999994895980074,1446,8558.331269399996,29094.231207800007,10.668164323369568,39,0.604885190217391,65,8.8258837239463,17,4.101180002105461,3397.2710080000006,1.0
2025-11-18,NC-SBY-SEL-18,0.9999163306175076,1287,9943.037583400008,32432.577381600004,10.3028335504831,70,0.6161781400966186,88,8.867849586700261,38,3.409474477660883,3505.6821350000014,1.0
2025-11-18,NC-SBY-SEL-19,0.9989123956366468,1514,8659.701723899994,27543.588697300005,9.65275771196581,39,0.6345026116809114,63,8.608141738277059,18,4.108893661500134,3579.325407,1.0
2025-11-18,NC-SBY-SEL-20,0.9995774294141472,2116,8392.936479799997,25535.202487700004,8.916215934117654,68,0.6428867647058825,83,8.53760931298105,36,3.0026628544185487,3039.7917630000006,1.0
2025-11-18,NC-SBY-SEL-21,0.997175925925926,1203,7724.893000499993,23750.66028499998,9.252385474725276,54,0.6523513432234431,73,8.81128301300934,16,3.01133367369554,3068.5279760000008,1.0
2025-11-18,NC-SBY-SEL-22,0.9878398976132774,2300,9206.214724899995,24486.610188999995,10.738322445762703,84,0.6151610208672089,99,8.733259109638071,39,2.4675501264459,2964.945603,1.0
2025-11-18,NC-SBY-SEL-23,0.9933350092173622,1529,6743.638689899995,21498.882632,7.651992024242426,54,0.7330259740259739,72,8.996028283881895,10,3.1793546679215936,2605.486675,1.0
2025-11-18,NC-SBY-TMR-10,0.9999142733211572,1655,7059.480509699997,22488.779550499992,9.653488309027782,35,0.6264722222222228,61,8.787966040744678,9,3.9842613506511166,2804.5124880000008,1.0
2025-11-18,NC-SBY-TMR-11,0.998234052078156,1490,9298.1151691,28735.8971267,8.796642063690468,60,0.6488514383928575,93,8.65561166813535,12,3.599613401389096,3581.334539000001,1.0
2025-11-18,NC-SBY-TMR-12,0.999884347949482,1040,7656.3320381,24161.801036600013,9.533185171153844,51,0.6377868589743592,77,8.771772716760822,13,3.426983697695726,3178.49125,1.0
2025-11-18,NC-SBY-TMR-13,0.9999473449098496,1106,10029.252760200006,31993.69952070001,8.2842072446524,70,0.6703605168449196,100,8.56860919868112,19,3.218126321813089,3490.126663000001,1.0
2025-11-18,NC-SBY-TMR-14,0.9872051288881784,2515,8235.6519459,24166.61226210001,8.691460454092528,59,0.666456560283688,84,8.754419492475709,11,3.257264527451325,3308.6491419999984,1.0
2025-11-18,NC-SBY-TMR-8,0.999976329713172,868,7261.577055700008,24242.575723299982,8.101440366666665,48,0.6678444444444445,76,8.864537679220689,13,3.672574045598975,2329.1468669999995,1.0
2025-11-18,NC-SBY-TMR-9,0.998071188071188,1240,7116.8822493,24817.24165440002,8.945510937710434,47,0.6590642538720538,73,8.926354906092177,10,3.889873524755415,2503.6357730000022,1.0
2025-11-18,NC-SBY-UTR-1,1.0,1966,6682.0132426000055,22463.689163899973,8.199268541423947,63,0.6511526430420717,68,8.383859353613984,59,3.412674037788376,2393.9517050000004,1.0
2025-11-18,NC-SBY-UTR-2,0.9999990831155732,1753,11403.613031499995,42372.58468829997,7.0979541052287605,114,0.7291147422657948,142,8.60699914888065,21,3.269049172313882,3892.7587330000015,1.0
2025-11-18,NC-SBY-UTR-3,0.9999994014699896,837,7624.202053399997,26000.635360100016,8.845775631058011,56,0.6679428327645055,84,9.035573588838526,16,3.641863859750939,2687.393989000001,1.0
2025-11-18,NC-SBY-UTR-4,1.0,1352,6910.529815100001,23193.41985770001,9.5175134234127,33,0.6771107805555556,62,9.228370212028402,5,4.378318515951277,2513.2141389999992,1.0
2025-11-18,NC-SBY-UTR-5,1.0,1545,8183.542597300002,26010.046739200014,9.024016793169396,57,0.5920799180327869,74,8.71817903725475,50,4.034661376719342,3664.669339,1.0
2025-11-18,NC-SBY-UTR-6,0.9998070161503556,1556,7247.226654499998,20766.585032000003,11.152153971527785,45,0.6067219329861114,53,8.910578140804718,20,3.6241275425430586,2873.762113999999,1.0
2025-11-18,NC-SBY-UTR-7,1.0,1845,10689.88963739999,32929.88764450001,8.857181001366115,46,0.658931010928962,103,8.789351638096873,23,4.053479926843891,4262.954590999999,1.0
2025-11-18,NC-SDA-UTR-24,0.9996249228345786,1019,10256.943368899998,33890.6062498,9.263518892583122,40,0.6379411764705883,82,8.904975972213993,5,3.9292796946030175,3549.798669,1.0
2025-11-18,NC-SDA-UTR-25,0.9995218498922204,799,7998.310975700002,26190.4379684,9.466454505688631,49,0.6373922155688622,69,8.696074306643128,13,3.5415826842341827,2687.810879,1.0
2025-11-18,NC-SDA-UTR-26,0.9999923306780116,919,8807.462031299998,29103.39205840001,11.545638887096764,35,0.6035067204301074,65,9.116548648228424,16,4.6305447154539205,3204.061169,1.0
2025-11-18,OA_CLUSTER,0.9982864712021754,36562,192891.7639958999,617258.1200047001,9.074755544259622,1343,0.6512557955103131,1871,8.773263393078635,505,3.5385057874736425,72665.60610900001,1.0
2025-11-19,NC-SBY-BRT-15,0.9998868800586148,1766,8687.318008099997,25755.251863200006,8.95659772565598,77,0.6362524294460641,85,8.741842097317306,47,3.313287043272457,3480.9500830000006,1.0
2025-11-19,NC-SBY-BRT-16,0.9962979980664994,941,9730.040286,32822.69841699998,7.6315974202380925,49,0.6996431050595242,94,8.892734205414367,6,3.649545372430585,3472.9647909999985,1.0
2025-11-19,NC-SBY-BRT-17,0.9998858238947752,1218,8620.864365799995,28655.40505050001,10.535126937499996,34,0.5915876358695653,55,8.829378870004518,21,4.571169117113874,3303.817717,1.0
2025-11-19,NC-SBY-SEL-18,0.9975051386314592,1397,10110.803311199992,32764.21753780002,10.469538416183566,71,0.608039452415459,85,8.864335866879646,33,3.705484142772224,3648.380039000001,1.0
2025-11-19,NC-SBY-SEL-19,0.9999386366559933,1033,8733.005842800001,27544.02666660001,10.190034396296308,35,0.6168525641025646,66,8.621757003077663,17,4.2428834153622095,3685.844154,1.0
2025-11-19,NC-SBY-SEL-20,0.9981974981535962,1896,8396.557739200001,25376.8289336,9.27096145264706,63,0.6296267155882354,81,8.568799106256161,41,3.037056682351315,3157.548406000001,1.0
2025-11-19,NC-SBY-SEL-21,0.999924728291343,1425,7853.017234000001,24278.406766599997,9.292514340659338,47,0.6389331501831502,71,8.849108977054042,12,3.203079259403321,3104.226865,1.0
2025-11-19,NC-SBY-SEL-22,0.9928269645507664,2140,9145.579189000004,26147.758585000003,9.917760386559143,80,0.6077874104838706,98,8.769472551611134,51,3.100177455809453,2996.60857,1.0
2025-11-19,NC-SBY-SEL-23,1.0,2015,6820.279691399998,22005.53762780001,8.152250033333335,42,0.7160519480519482,61,8.94353567529319,13,3.7120648934418567,2660.248467,1.0
2025-11-19,NC-SBY-TMR-10,0.9920501777629664,1839,7149.992620499997,22369.25961210001,10.015114888541667,40,0.6135083913194441,63,8.828438787352281,9,4.048782528031152,2885.999213999999,1.0
2025-11-19,NC-SBY-TMR-11,0.9962455151566516,1786,9452.952608800002,29115.0424542,8.572039906845234,58,0.6493139880952382,94,8.640049111712436,13,3.640137339406293,3684.372154000001,1.0
2025-11-19,NC-SBY-TMR-12,1.0,718,7710.279715300001,24123.0369414,9.723017879487172,39,0.634556356730769,74,8.787950750430596,14,3.670078697352865,3079.1718419999997,1.0
2025-11-19,NC-SBY-TMR-13,0.9984893679717872,919,10045.697722399998,31764.1255429,8.354680569518717,68,0.6639946524064168,104,8.585270067772358,16,3.2377927750443702,3593.7188479999995,1.0
2025-11-19,NC-SBY-TMR-14,0.9990739301626774,1714,8061.807690300002,24365.2447406,8.506877652482274,62,0.662639184397163,83,8.70484434172192,15,3.2001466115058803,3303.302570000002,1.0
2025-11-19,NC-SBY-TMR-8,0.9988813913375112,950,7311.337997099997,24212.7687932,8.384207996666664,45,0.6546027777777776,71,8.909793667197722,7,3.673258948817028,2444.8530130000004,1.0
2025-11-19,NC-SBY-TMR-9,0.9956599465687486,1705,7152.046158600003,24974.939518499985,9.115852143434344,44,0.6659031986531985,75,8.835719316517588,8,3.971033914013556,2585.592348,1.0
2025-11-19,NC-SBY-UTR-1,0.9999896825396826,2605,6710.033472900002,22426.6232748,8.323403649838191,53,0.6532184466019417,54,8.390059071239753,50,3.735926013276509,2422.036957,1.0
2025-11-19,NC-SBY-UTR-2,0.999067446123867,1773,11527.184039599995,42446.6362302,6.765739033986919,102,0.7385816993464057,150,8.640666580451729,13,3.4007471828099813,3879.950559999999,1.0
2025-11-19,NC-SBY-UTR-3,0.9988127015904794,694,7750.625783599999,26552.720103700005,8.53500233924915,56,0.6817696245733798,80,9.049943912426889,13,3.87958931786804,2661.369468,1.0
2025-11-19,NC-SBY-UTR-4,1.0,1600,7018.169818700003,23590.30740820001,9.3083982297619,37,0.6768035714285715,55,9.24772409720975,4,4.37901463999729,2513.5649150000004,1.0
2025-11-19,NC-SBY-UTR-5,0.986754976005035,2773,8359.051946100004,25601.776039500008,8.802507512568308,50,0.602728825136612,71,8.856850965279254,52,4.113736139623132,3594.189634000001,1.0
2025-11-19,NC-SBY-UTR-6,0.999986634053758,1633,7305.644049999998,20910.9484235,10.907636774652778,45,0.6107951388888891,58,8.926532318243263,14,3.589388411437594,2971.227887,1.0
2025-11-19,NC-SBY-UTR-7,0.9976016204917132,1704,10813.764478200002,33013.59239950001,8.765350873497267,34,0.6592984972677598,93,8.803456131962577,16,4.180949875928795,4304.659339999997,1.0
2025-11-19,NC-SDA-UTR-24,0.997736280433178,2603,10341.0858358,33530.93123160001,9.562916712886606,49,0.626119201030928,80,8.940050121732801,11,3.732133765929572,3672.2809590000015,1.0
2025-11-19,NC-SDA-UTR-25,0.9997222542698064,805,8049.2917456999985,26139.233474000008,9.53505663712575,45,0.6279580838323354,71,8.743756990755466,13,4.015546138918492,2648.907822999999,1.0
2025-11-19,NC-SDA-UTR-26,0.9994624148768988,2341,8928.870419700004,29095.371198399986,11.97594038467742,30,0.5914771505376347,57,9.160117155977746,14,4.802206615294437,3290.812081000002,1.0
2025-11-19,OA_CLUSTER,0.9975860749421448,36244,194466.0537696,620817.1529304,9.052872978363371,1231,0.647703282395344,1821,8.78291827386762,485,3.7007599624856224,73434.59784199999,1.0
2025-11-20,NC-SBY-BRT-15,1.0,3213,8863.793178000007,26388.712055199994,9.098004120116618,67,0.6364278425655971,83,8.859035600423317,37,3.658397906721408,3554.9184330000007,1.0
2025-11-20,NC-SBY-BRT-16,0.9921369973435924,1040,9835.776705900003,32010.112776600017,7.355097104761906,62,0.7056855160714292,93,8.893402278709775,15,3.205879807587195,3490.2055560000017,1.0
2025-11-20,NC-SBY-BRT-17,0.99997903435715,1668,8721.278269299997,29146.8489395,10.059974987500008,43,0.6086895380434783,69,8.708871305198336,17,3.977548490381559,3482.021067,1.0
2025-11-20,NC-SBY-SEL-18,0.9987348814037806,1358,10104.879504899996,32117.18221210002,10.268654115700482,64,0.6136092995169081,80,8.892201284359567,33,3.6932528820405417,3616.237611,1.0
2025-11-20,NC-SBY-SEL-19,0.9992742829369948,1307,8714.9843631,27365.1777065,9.677617080056988,41,0.6280676638176638,63,8.585772089919828,20,4.4186621476311965,3555.664153,1.0
2025-11-20,NC-SBY-SEL-20,0.9991926550797536,1072,8465.341109,25840.75751099999,8.629086117058828,69,0.6425468138235291,89,8.503781556666212,39,2.873903306298777,3184.1324649999992,1.0
2025-11-20,NC-SBY-SEL-21,0.9999925648471724,1042,7736.153542300004,24003.698983900005,9.048100508791206,54,0.6436672772893774,76,8.805179044731759,8,3.2281288545884648,3110.4439969999994,1.0
2025-11-20,NC-SBY-SEL-22,0.9966988492396824,1738,8890.767932400006,26507.744727699992,11.02670693467742,54,0.5835672043010757,78,8.910267308555829,46,3.8373510288441968,3112.776569999999,1.0
2025-11-20,NC-SBY-SEL-23,1.0,2000,6868.5059770000025,22242.565975999994,7.514334727272729,50,0.7271443004329006,57,8.933715217567162,16,3.5422618708198748,2644.2732100000007,1.0
2025-11-20,NC-SBY-TMR-10,1.0,1214,7070.239693700006,22609.569163900007,9.981923613541667,40,0.6153695024305557,60,8.881732155940238,12,4.475447528229643,2822.0877310000005,1.0
2025-11-20,NC-SBY-TMR-11,0.9981353755360252,1672,9428.4430456,29197.19389360001,8.531433784226193,58,0.6507713294642856,90,8.676792544785556,12,3.758244145097965,3728.119604,1.0
2025-11-20,NC-SBY-TMR-12,0.9998574864567176,724,7662.563520900005,23913.4491194,9.748476195512811,35,0.6251458333333334,65,8.86188578469204,12,3.808527592798925,3166.7010780000005,1.0
2025-11-20,NC-SBY-TMR-13,0.9998422883869496,847,10008.493634400002,31860.83255959999,8.494111883689838,65,0.6562172459893044,92,8.60464066956053,12,3.2955520765574438,3533.385403,1.0
2025-11-20,NC-SBY-TMR-14,0.9996915365336418,1898,8051.040598400004,24091.760498099997,8.349865169858152,62,0.6691096336879436,81,8.717370273143171,14,3.278617838424492,3385.992846000001,1.0
2025-11-20,NC-SBY-TMR-8,0.9990440130876588,1450,7338.197965199994,24424.69744210001,8.129128945185183,38,0.6603728392592594,74,8.905902817412946,9,3.8364574580674433,2568.3026770000006,1.0
2025-11-20,NC-SBY-TMR-9,1.0,531,7146.9051947,25008.0546142,9.282220347811444,31,0.6562685185185185,56,8.899453501699362,9,4.7581937477660965,2682.592503,1.0
2025-11-20,NC-SBY-UTR-1,0.9999920014625896,2161,6699.245160900002,22135.3953084,8.09364082880259,66,0.6588737864077667,67,8.348105096349611,55,3.599232682517159,2393.291648000001,1.0
2025-11-20,NC-SBY-UTR-2,1.0,1622,11325.370790399998,41839.899241100014,8.031095642919393,80,0.7055893246187364,118,8.705686057484565,18,3.8560345799199465,3845.5205509999982,1.0
2025-11-20,NC-SBY-UTR-3,0.9993133956422188,611,7699.107887300005,25975.928487900008,8.857159840273043,54,0.6603788395904436,75,9.062863219195895,12,3.5545695565633504,2699.1622290000014,1.0
2025-11-20,NC-SBY-UTR-4,0.9996505824410732,1389,7188.673896599998,23747.066851599997,8.571481645634918,40,0.6970899472222222,64,9.1467830627596,4,4.180034387410315,2588.589346,1.0
2025-11-20,NC-SBY-UTR-5,0.9875469979621656,1500,8576.672867299994,26392.718248,8.886783180327873,54,0.6131008653005467,78,8.794081027141969,41,3.88080692225243,3819.259559999999,1.0
2025-11-20,NC-SBY-UTR-6,0.9999892360270176,2047,7430.4672296,21228.735651600004,11.08711382083333,47,0.6069947916666666,62,9.029424715978696,14,3.56576400029282,3128.623379999999,1.0
2025-11-20,NC-SBY-UTR-7,0.9965344843264872,1359,10903.870698000004,32986.06357350002,8.693814845901631,47,0.6591024590163937,96,8.789322900111213,22,3.9718688031751577,4308.871172,1.0
2025-11-20,NC-SDA-UTR-24,0.9999380034777672,924,10317.717519300004,33990.769004400034,9.700550402061848,45,0.6190876288659789,81,8.91819378860671,7,3.827712536058502,3759.298981,1.0
2025-11-20,NC-SDA-UTR-25,0.9998717497700056,590,7996.9277038,26275.43789160001,9.754738822754488,48,0.625526447005988,73,8.714756841639751,16,3.9580581219700983,2743.866758,1.0
2025-11-20,NC-SDA-UTR-26,1.0,1266,9183.812267600011,30081.450541599992,10.881827483739835,34,0.6039733514905146,61,9.092961288597811,15,4.6135293170690765,3468.285530000002,1.0
2025-11-20,OA_CLUSTER,0.998387557906634,33463,194730.77276490003,621034.1655415002,9.045730878894132,1221,0.6473891238877071,1766,8.794527818246088,477,3.750471804197599,74421.17279000001,1.0
2025-11-21,NC-SBY-BRT-15,0.9999088817110886,1954,8998.270611199998,26945.3562814,8.517309791253643,70,0.6506501457725943,85,8.871061676748367,37,3.4267920441141726,3554.0930789999998,1.0
2025-11-21,NC-SBY-BRT-16,0.994675943603015,1074,9837.542992600003,33739.721330500004,6.644357746428573,85,0.7382604166666671,115,8.841148834835234,15,3.047140093932406,3656.817504000001,1.0
2025-11-21,NC-SBY-BRT-17,0.9971637479569032,1293,8851.599494299993,30242.427214200005,9.912352339130432,60,0.6225149456521742,89,8.741498313534192,18,3.777615660236505,3463.879455,1.0
2025-11-21,NC-SBY-SEL-18,0.9994394148729882,2503,9877.302574499996,32632.664777299997,11.27982128357488,56,0.5901467391304341,79,8.968170955750974,33,3.805185848665916,3577.864951,1.0
2025-11-21,NC-SBY-SEL-19,0.9991682742957216,1591,8802.535406399997,28136.08563379998,9.635647017378917,40,0.6340330008547008,63,8.63062431353212,15,4.011769929380832,3629.941320999999,1.0
2025-11-21,NC-SBY-SEL-20,0.999449092952046,3682,8637.480129699996,26675.05942420001,8.213464665882352,78,0.6676124999999996,94,8.447241199607957,39,2.9267025953619648,3212.564952,1.0
2025-11-21,NC-SBY-SEL-21,0.9948414605081272,1239,7847.712978700006,24573.88089480001,8.877322609157519,61,0.6613382175824176,73,8.822527009188457,11,3.04092098671776,3148.3707550000004,1.0
2025-11-21,NC-SBY-SEL-22,0.996505194913525,1822,9053.267618899989,27296.525400700004,10.15398145510752,75,0.6205450268817205,94,8.769459744481763,48,3.217186188230935,3133.489277999999,1.0
2025-11-21,NC-SBY-SEL-23,0.9999798973310072,2307,6812.829579099996,22571.357585299997,7.446561378787877,47,0.7293885281385282,58,8.972701302846675,10,3.4698934015526213,2581.34996,1.0
2025-11-21,NC-SBY-TMR-10,0.9992888778706858,15323,7002.038338299991,23061.492531300024,10.411931440972218,26,0.6057821180555554,49,9.010214650543686,7,4.943146282831917,2819.936575,1.0
2025-11-21,NC-SBY-TMR-11,0.999337183718372,1527,9505.3040778,29812.81342850001,8.173112150297618,75,0.6525930059523808,95,8.647588694123707,17,3.375997805429304,3865.862055,1.0
2025-11-21,NC-SBY-TMR-12,0.999880002451267,753,7545.253293800003,24060.7385293,10.1215539525641,48,0.6173846153846154,71,8.85624642346433,17,3.607790317725713,3175.744929999999,1.0
2025-11-21,NC-SBY-TMR-13,0.9995239370835248,997,10214.321216399998,32494.479445800003,8.427241096791438,84,0.6688957219251337,105,8.623839997002099,16,2.9299572774410056,3613.016388,1.0
2025-11-21,NC-SBY-TMR-14,1.0,1718,7895.656788900002,25047.8054357,8.652519830496457,57,0.6679982269503549,86,8.812566788993463,14,3.22214523895508,3356.3986649999997,1.0
2025-11-21,NC-SBY-TMR-8,1.0,2002,7452.727186400003,25494.390198199988,7.953466412592601,62,0.6797499999999997,88,8.854934532525668,9,3.3764083691590794,2665.7563870000004,1.0
2025-11-21,NC-SBY-TMR-9,0.999934101820676,592,7142.2517178,25771.9814406,9.200324992929293,48,0.6622483164983162,64,8.870538707476541,11,4.224481747893338,2643.736179,1.0
2025-11-21,NC-SBY-UTR-1,0.999985167206041,2229,6674.226075999999,22785.428245000003,8.09186201618123,73,0.6646537216828478,79,8.381254844640793,57,3.3137916417772666,2407.4151369999995,1.0
2025-11-21,NC-SBY-UTR-2,1.0,1824,11422.774209199995,43284.21827269998,6.856847756427019,119,0.7432151416122006,150,8.55426158313494,21,3.083441240684987,3956.967492999999,1.0
2025-11-21,NC-SBY-UTR-3,1.0,706,7791.422731099998,27518.17543200001,8.615180018088743,59,0.6842883959044371,87,9.042540977026997,20,3.483984049820086,2811.066012,1.0
2025-11-21,NC-SBY-UTR-4,1.0,1405,7108.875555300002,24410.553851499983,9.033897600793647,46,0.6881924603174597,58,9.234666720080371,2,3.903840717748455,2525.26956,1.0
2025-11-21,NC-SBY-UTR-5,0.9996429000178452,2117,8641.222253700009,27303.411110299985,8.788920909016394,52,0.6083834245901631,64,8.84810502285199,41,3.903686090255479,3976.243207,1.0
2025-11-21,NC-SBY-UTR-6,0.9975096765029652,3565,7365.421012299999,21377.22157640001,10.984527188888883,45,0.6100989583333334,62,8.987598636173143,13,3.592160307941943,3150.957726,1.0
2025-11-21,NC-SBY-UTR-7,0.9994067191540272,1474,10674.541213499991,33493.73124559999,8.893222704644797,31,0.6612433969945355,92,8.833980023674942,20,4.250319572175498,4395.022527,1.0
2025-11-21,NC-SDA-UTR-24,1.0,995,10550.488217499997,35326.711932199985,8.192291283247425,75,0.6667106958762887,108,8.786697928096878,18,3.2184017653558965,3743.888854,1.0
2025-11-21,NC-SDA-UTR-25,0.9997514309764308,728,8069.5808755,27413.3193051,9.725210458083833,43,0.6346212574850293,76,8.70855808241943,20,4.069315050102196,2706.970791,1.0
2025-11-21,NC-SDA-UTR-26,0.9999732961801928,1017,8979.487556699993,30430.55467230002,11.070779357181571,44,0.6087642276422761,69,9.060136545824708,22,4.409306988696344,3556.246528000001,1.0
2025-11-21,OA_CLUSTER,0.9989330788852588,53697,195154.5770559,638729.5192851,8.913490153373807,1397,0.6569018254874589,1900,8.79531670339034,491,3.5523437419515567,75321.76409599998,1.0
2025-11-22,NC-SBY-BRT-15,0.999858706817508,1914,9039.613132,27919.352472199986,8.321241849562684,79,0.6558294463556854,81,8.928512720139526,39,3.426356862325004,3787.083085,1.0
2025-11-22,NC-SBY-BRT-16,0.9935741838366732,935,9783.738007400005,35030.063206800005,7.8979831985119,46,0.6835374502976194,80,8.92952389412459,10,4.144143255010364,3760.500317,1.0
2025-11-22,NC-SBY-BRT-17,0.9920911303893218,1216,9055.471181599996,31840.619341700018,10.33746851168478,46,0.6049959239130435,72,8.769643482998443,23,4.089462406704957,3853.3789890000007,1.0
2025-11-22,NC-SBY-SEL-18,0.9913395328788076,1779,9844.402108300006,33512.30976140003,10.967593070772953,49,0.5897214171497583,73,8.999694008074785,26,3.9461685084270735,3755.687569000001,1.0
2025-11-22,NC-SBY-SEL-19,0.9997343455423484,1505,7927.669812099999,27907.952712999984,12.603846905128211,24,0.5499081196581196,44,8.859548916441982,13,5.5373498938569305,3432.347329000001,1.0
2025-11-22,NC-SBY-SEL-20,0.9963757561892876,3235,7634.199017800003,25821.939381199994,10.782248419411772,34,0.5848193626470588,54,8.708401507427928,30,4.229984947495987,2959.4920540000003,1.0
2025-11-22,NC-SBY-SEL-21,0.9870118981481482,1206,7340.547423599997,24398.816213900005,10.68828783663004,37,0.6100268619047619,52,9.005178179328746,8,4.2952564163852,3084.581283999999,1.0
2025-11-22,NC-SBY-SEL-22,0.9962195319800472,1491,8700.982988799999,27420.585032599996,11.404099077419351,50,0.5728723118279568,68,9.137739982541184,34,3.689040063093546,3007.248682999998,1.0
2025-11-22,NC-SBY-SEL-23,0.9999921582820606,1623,6728.425799200003,22993.15112390001,8.14489248658009,35,0.7050887445887444,57,8.972128896435574,6,3.9133616924570345,2636.134271999999,1.0
2025-11-22,NC-SBY-TMR-10,0.9999052500003544,922,6633.093050600003,22875.914524100008,11.325387365972215,17,0.5656840277777774,28,8.932325197753888,13,5.843100746946979,2726.318078,1.0
2025-11-22,NC-SBY-TMR-11,0.9983413246789504,1452,8705.082739499998,29542.0953754,10.268539825595234,29,0.5948988095238088,63,8.809115766512756,12,4.813617502107198,3741.660402,1.0
2025-11-22,NC-SBY-TMR-12,1.0,693,7169.130156900003,24471.9115364,11.983720994871796,29,0.5689823717948719,42,9.091042347729552,14,5.158771912513728,3174.861224,1.0
2025-11-22,NC-SBY-TMR-13,0.9889722174876427,1851,9472.564583600002,32385.403788900025,10.56440322700536,35,0.5996530748663104,64,8.798861400810937,13,4.7105435496449415,3399.9490610000007,1.0
2025-11-22,NC-SBY-TMR-14,0.9976767751540124,865,7638.9714423,26004.70828159999,10.580541582269504,31,0.6181917847517727,58,9.006942311348606,6,4.499994360846779,3462.148025999999,1.0
2025-11-22,NC-SBY-TMR-8,0.9951257187484898,756,7569.201437599997,26817.26664359999,8.449657070370371,50,0.6698111111111108,76,8.88846082952894,8,3.8597190598160633,2780.9148769999997,1.0
2025-11-22,NC-SBY-TMR-9,0.9999909799097992,697,7178.675984700003,26999.33115480001,10.949174003703698,26,0.6159781144781146,44,9.035072336791004,7,5.331811632345959,2727.6071539999984,1.0
2025-11-22,NC-SBY-UTR-1,1.0,1207,5642.696030000001,21392.874577999995,10.677650542394815,32,0.5692888349514564,42,8.557555774425728,53,4.901967067719616,1881.231483,1.0
2025-11-22,NC-SBY-UTR-2,0.999872906101122,1657,11899.000404100005,44971.16831869999,7.905797484531591,88,0.7089694989106754,125,8.64420442968533,25,3.771386180044318,4204.269428,1.0
2025-11-22,NC-SBY-UTR-3,1.0,556,7363.955844799996,27093.75132120001,10.499677558361782,30,0.6129249146757679,50,9.163272668293876,7,4.649966388118541,2708.9211720000003,1.0
2025-11-22,NC-SBY-UTR-4,0.9999008019867612,1176,6723.898284899998,23893.2747554,9.885286359523803,46,0.6476230158730154,50,9.271794565662304,3,4.488114875523461,2462.458208,1.0
2025-11-22,NC-SBY-UTR-5,1.0,1842,8897.749355900001,27711.901694400003,8.5318735431694,60,0.6084624316939892,72,8.859575163698956,56,3.0344314047238363,4285.105191,1.0
2025-11-22,NC-SBY-UTR-6,0.9885006478655224,3276,6440.755806200001,19107.8889422,13.929887897552453,23,0.4916568288194445,33,9.344691031720895,11,5.305458072788756,2653.9166720000003,1.0
2025-11-22,NC-SBY-UTR-7,0.9780529487400924,3073,9911.403231099994,32648.471505700007,10.409269766120222,23,0.6022472677595628,57,8.968509046329803,19,4.8057072374992655,4071.148849999999,1.0
2025-11-22,NC-SDA-UTR-24,0.9984908846074166,783,10441.357926100003,36633.625053799966,9.916877588402064,41,0.6174703608247424,78,8.948296257097311,8,4.474540580475343,3907.230845000001,1.0
2025-11-22,NC-SDA-UTR-25,1.0,614,7719.1715863,27728.5039469,12.258908344311388,11,0.5608547904191621,27,9.062208555550129,8,6.220680030890732,2731.9430310000007,1.0
2025-11-22,NC-SDA-UTR-26,0.9999723799239468,803,8704.484633500006,30944.568009899987,12.157466027100266,24,0.567823848238482,47,9.197931407660036,13,5.693705169240876,3488.871129,1.0
2025-11-22,OA_CLUSTER,0.9955973856805131,34927,187301.227823,642760.7516671001,10.285967134497502,919,0.6099860050993935,1385,8.929517464358083,436,4.42042802612417,74556.96340800001,1.0
2025-11-23,NC-SBY-BRT-15,1.0,1626,8482.381049299995,27487.99756260002,9.95995857638484,49,0.6137376093294468,72,9.09685055650126,42,4.121867386627924,3667.182928000002,1.0
2025-11-23,NC-SBY-BRT-16,0.993097952821932,1093,9583.725704100005,36073.02818900002,8.228325473511907,42,0.6791426089285711,77,8.96297317965316,11,4.385533860165849,3753.904811,1.0
2025-11-23,NC-SBY-BRT-17,0.9967119269048784,1088,8795.2662431,32261.421929499986,10.375810782880434,43,0.5961222826086956,74,8.69775267062196,27,3.874774713555059,3799.86851,1.0
2025-11-23,NC-SBY-SEL-18,0.9941813184927876,2021,9240.401396300003,33859.1616713,13.111447151449282,36,0.5402705314009661,57,9.07735796842224,19,4.781716646495986,3780.963816,1.0
2025-11-23,NC-SBY-SEL-19,0.9989348403807986,792,7615.483001799997,27945.47591619998,11.728133948148152,24,0.5662564102564109,46,8.887592402450226,9,5.314211297509032,3383.6291559999995,1.0
2025-11-23,NC-SBY-SEL-20,0.9935834887344338,786,6993.290654999999,25197.218077899965,11.460452869411762,41,0.5568730394117647,51,8.795636421329156,34,3.890493519959517,2844.271414999999,1.0
2025-11-23,NC-SBY-SEL-21,0.9891182813769152,914,6915.132089100006,24105.91762750001,11.040893464468864,33,0.5977728937728941,50,9.066789326238958,10,4.258568211081281,2889.816892,1.0
2025-11-23,NC-SBY-SEL-22,0.9888974384052258,1381,8627.0419373,27604.256657699974,12.051122250806444,59,0.5708501344086022,74,9.183797215440174,31,3.188511615610194,2941.7267099999995,1.0
2025-11-23,NC-SBY-SEL-23,0.9999897787397788,1453,6492.642893500002,23502.488662,10.164117617748918,27,0.6442261904761907,45,9.158811565955402,7,4.787420968586144,2828.590557000001,1.0
2025-11-23,NC-SBY-TMR-10,0.9998545088915248,1178,6343.948752100001,23087.42319819999,11.650435614930544,18,0.5572621527777776,38,8.939888896182223,15,5.3855874796656735,2700.256781000001,1.0
2025-11-23,NC-SBY-TMR-11,0.9999994833002646,1354,8002.882757699997,28883.896652699998,11.589568799107145,31,0.5678080357142857,59,8.95290367879574,8,5.009944899697821,3431.9639219999995,1.0
2025-11-23,NC-SBY-TMR-12,0.99983017254202,800,6880.881558,23786.67997960001,11.78149084262821,30,0.5582996794871793,43,9.069411387902957,14,4.81948907788981,3022.8851039999995,1.0
2025-11-23,NC-SBY-TMR-13,1.0,688,8384.4543609,31518.30805349997,11.415830324331544,56,0.5640942513368983,73,8.789906459485271,23,4.226526564857621,3157.5336470000007,1.0
2025-11-23,NC-SBY-TMR-14,0.9991216755045834,1014,7369.208040499998,25733.7843838,10.247687002135237,40,0.6060443262411348,58,8.908188565733528,9,4.048748187184232,3410.804374000002,1.0
2025-11-23,NC-SBY-TMR-8,0.9697905610433212,758,7636.8188717999965,26835.881556800017,8.229905677777774,43,0.6665398148148151,76,8.87653149113728,8,3.42256090572987,2676.779557,1.0
2025-11-23,NC-SBY-TMR-9,1.0,636,7075.480589900007,27769.795988299997,10.863462852188553,25,0.614201178451178,44,9.003740936857572,7,5.431504860841675,2751.6753240000007,1.0
2025-11-23,NC-SBY-UTR-1,1.0,1098,5110.516342699997,20667.60043700001,14.017459287378635,22,0.4798503236245958,18,8.944720372903788,42,6.00675328545087,1782.1663070000002,1.0
2025-11-23,NC-SBY-UTR-2,1.0,2202,12460.918934900006,48526.17688019999,8.04721756052632,78,0.6988081140350874,117,8.54394681853378,25,2.956036140825666,4963.147061000002,1.0
2025-11-23,NC-SBY-UTR-3,1.0,662,6987.480320900002,27057.258796899987,11.64456344709897,38,0.5890776450511943,55,9.189930303701075,14,4.508618353186941,2655.2246800000007,1.0
2025-11-23,NC-SBY-UTR-4,1.0,1365,6451.065088299998,23895.003015599978,12.484348975793644,24,0.5795089285714285,38,9.5286215991706,2,5.189986101548835,2412.731095000001,1.0
2025-11-23,NC-SBY-UTR-5,1.0,1327,8197.191836300004,26707.1555257,10.559125420977006,46,0.5645050287356324,64,9.135728734396643,28,3.610551303588068,3957.319911,1.0
2025-11-23,NC-SBY-UTR-6,0.9888590717837266,1230,5739.191147900001,18436.338109300013,15.57032340104166,9,0.4469739583333331,15,9.442446114174889,4,6.82900908253883,2593.611889,1.0
2025-11-23,NC-SBY-UTR-7,0.9998885070637648,1204,9357.864450499992,32828.67785749999,10.826358227049186,30,0.598674180327869,57,9.014743831670058,17,4.477742431600824,4100.787958999998,1.0
2025-11-23,NC-SDA-UTR-24,1.0,686,9929.883897899996,37342.463007999984,9.94333279407217,45,0.6222918814432993,63,8.970044906275714,9,4.48692992697909,3907.536797000001,1.0
2025-11-23,NC-SDA-UTR-25,0.9999922138047138,601,7057.959934699999,27109.3064835,12.826089931736524,26,0.5463682634730543,44,8.958155779686324,12,4.912420968213524,2653.297014,1.0
2025-11-23,NC-SDA-UTR-26,0.9992120224061534,1128,8439.47595090001,31199.93635599999,12.982400719512194,23,0.5574579945799455,56,9.293551681213795,11,5.525065137308902,3604.330892,1.0
2025-11-23,OA_CLUSTER,0.9963514579655304,26670,178743.26802190003,643770.9467287998,11.13585320483992,844,0.5858793758054482,1301,8.993670080573184,406,4.485004672510793,73506.842406,1.0
2025-11-24,NC-SBY-BRT-15,0.9998154018273354,2500,8555.698093099998,25652.6195796,9.917861118658893,52,0.6082359087463555,62,8.876199961232604,36,3.975274793983599,3322.070526000001,1.0
2025-11-24,NC-SBY-BRT-16,0.9958931742236764,819,9727.447728700006,32568.285933700037,7.433928402380949,51,0.7062070931547623,96,8.933633264247563,9,3.5313074727084097,3487.6124929999983,1.0
2025-11-24,NC-SBY-BRT-17,0.9992477427676432,1266,8621.8653166,29237.9748118,11.164521188858702,32,0.5829257244565221,64,8.863719925300343,11,4.594920182460707,3437.570869000001,1.0
2025-11-24,NC-SBY-SEL-18,0.9980850239468252,1154,9805.487325199998,31949.852397700004,11.701908221014495,48,0.5869559178743963,76,9.015373020455902,23,4.4885639368319765,3397.429685999999,1.0
2025-11-24,NC-SBY-SEL-19,1.0,1058,8607.940899099996,27487.722510300016,10.591257850712257,22,0.6094138176638175,52,8.760252182218128,15,4.780654516523638,3571.629414,1.0
2025-11-24,NC-SBY-SEL-20,0.9856855828758871,1070,8450.642886500002,25593.36507840002,9.161885497941176,59,0.6285227947058829,68,8.618598830499847,36,3.417100063944223,3006.308572000001,1.0
2025-11-24,NC-SBY-SEL-21,0.948681677090585,1781,7996.802499599999,23146.8374752,9.18510137362637,52,0.6483937728937734,73,8.901906192208706,11,3.272782254085469,2899.664618,1.0
2025-11-24,NC-SBY-SEL-22,0.9940059771358436,1485,8762.3164011,26209.68481200001,11.82245102231183,44,0.5710474911290322,65,8.978393224645824,37,3.8241867247096457,2910.646873,1.0
2025-11-24,NC-SBY-SEL-23,1.0,1086,6750.095554999996,22043.511361100005,8.637463492207793,34,0.7036847043290043,60,9.195861614663627,5,4.028997517503096,2457.226378,1.0
2025-11-24,NC-SBY-TMR-10,0.9990850649686622,1186,7250.173172500002,22481.244884900017,10.52678143506944,33,0.6017829861111115,52,8.847378104470145,8,3.822422449823103,2758.5474510000004,1.0
2025-11-24,NC-SBY-TMR-11,0.9963883504588812,2805,9477.563161499997,28934.42070520001,8.421645851190476,65,0.6561312002976193,98,8.673163607654576,10,3.6009966946423293,3773.850049000001,1.0
2025-11-24,NC-SBY-TMR-12,0.9987190923317684,606,7450.2424172,23403.252293999994,10.357246341666666,35,0.6071706730769233,64,8.87030063008161,13,3.881114852482455,3019.342835,1.0
2025-11-24,NC-SBY-TMR-13,1.0,841,9864.671168099996,31439.02212319997,8.93273677834225,71,0.6555675133689838,97,8.648571173498402,15,3.600752314423522,3530.203188,1.0
2025-11-24,NC-SBY-TMR-14,1.0,1791,8022.762426299995,24321.2394497,8.603242462411346,59,0.6613297872340428,73,8.727158983109438,15,3.349440587999804,3318.0150180000005,1.0
2025-11-24,NC-SBY-TMR-8,0.9789028086744982,572,7478.4011397,24088.190870300004,8.497697785555559,49,0.6721373455555558,66,8.94102949293237,11,3.734149927327731,2392.317879,1.0
2025-11-24,NC-SBY-TMR-9,0.9999990619576944,1096,7047.4606209999965,24862.27135950001,10.167735229966322,37,0.6401321548821551,60,8.972186035092838,13,4.72472419786868,2497.95872,1.0
2025-11-24,NC-SBY-UTR-1,1.0,1595,6606.851974999996,22481.245030600006,8.324314495145634,54,0.6481990291262136,71,8.334456503041675,53,3.759412529570256,2280.2699710000006,1.0
2025-11-24,NC-SBY-UTR-2,0.9997030041638056,1271,11569.939415000004,42191.94726830002,7.636110762938602,85,0.7256874999999995,123,8.649436584657462,17,3.702856631957104,4078.6362880000006,1.0
2025-11-24,NC-SBY-UTR-3,1.0,757,7620.799004800001,26083.002545799995,9.396179907167234,51,0.6562337883959036,68,9.08147479519338,16,3.8497169614398983,2620.516989,1.0
2025-11-24,NC-SBY-UTR-4,0.9981058973856758,1288,6927.893126500004,23188.135234700007,9.527964911507928,31,0.6713382936507929,51,9.25407923557194,7,4.662070495759375,2417.0161129999988,1.0
2025-11-24,NC-SBY-UTR-5,0.9997868630979184,1335,8180.603387299995,25357.64174430001,9.8013633909836,37,0.5759239530054648,58,8.953733248923896,35,4.708777121355542,3577.1090549999994,1.0
2025-11-24,NC-SBY-UTR-6,0.9937342812033392,1454,7128.767813399999,19735.46645520001,11.58675706376306,33,0.5820362951219518,50,8.989946793478191,14,4.19472093435325,3018.8426910000007,1.0
2025-11-24,NC-SBY-UTR-7,0.9755926688527924,1075,10858.707745399992,32504.54625870001,8.890168898360653,36,0.6558066939890715,84,8.864780981537196,17,4.272870614653074,4308.049697999999,1.0
2025-11-24,NC-SDA-UTR-24,0.999967001506552,854,10539.724151400009,34218.19129819999,9.194983957731946,45,0.6355173969072169,82,8.941334317979114,10,4.009407115903963,3723.7618779999993,1.0
2025-11-24,NC-SDA-UTR-25,0.9993010821241256,569,7893.075508700003,25764.35903830002,10.13266430059881,38,0.6176519461077841,57,8.832996208351082,17,4.517795008446771,2564.310268,1.0
2025-11-24,NC-SDA-UTR-26,0.9961357792411414,949,8817.977480199996,28379.3132425,11.951924019241206,30,0.5765738482384822,54,9.195660303033488,12,4.808897936652515,3282.5456099999988,1.0
2025-11-24,OA_CLUSTER,0.994329977541142,29891,192763.1332786,614961.4801842,9.598051740400043,1070,0.6359654592830867,1631,8.85558844564699,427,3.998768127431648,72080.83537400002,1.0
2025-11-25,NC-SBY-BRT-15,0.9998672586507262,1831,8906.325740700002,26316.9889703,9.210144679883369,62,0.6298904276967928,73,8.859438087362829,40,3.512578036413936,3487.0441090000004,1.0
2025-11-25,NC-SBY-BRT-16,0.9915660452118784,1114,9937.256811700005,32783.3593658,7.40930741398809,62,0.6940441467261906,102,8.931127572465085,9,3.279061839301725,3402.6992079999995,1.0
2025-11-25,NC-SBY-BRT-17,0.9926210370542696,1027,8735.501091400003,29420.53366150001,10.713729441304343,46,0.6059146285326088,70,8.789176730627982,19,4.337011109661927,3508.787200999999,1.0
2025-11-25,NC-SBY-SEL-18,0.9940030271473432,2451,10073.382624600004,32077.223501699995,9.587169598309178,74,0.6371463364734303,94,8.809625446713593,36,3.491521374391142,3620.960332,1.0
2025-11-25,NC-SBY-SEL-19,0.9937568643324564,1194,8938.832512500001,28194.61923429997,9.285144847863243,46,0.6481581196581199,76,8.556955235592154,19,3.868610794281743,3766.391548,1.0
2025-11-25,NC-SBY-SEL-20,0.9991570603555814,1535,8666.458387100003,26454.8395695,8.551649293823525,70,0.6531220585294115,94,8.51396545191043,39,2.905575548727727,3109.068846999998,1.0
2025-11-25,NC-SBY-SEL-21,0.9973315268375478,1184,7896.352688500006,24060.251418,9.452667882783883,51,0.6455689864468864,72,8.829095433010082,13,3.214384936325576,3127.4850800000013,1.0
2025-11-25,NC-SBY-SEL-22,0.9861101480857808,1512,9186.559197899996,26815.68752210001,10.979393106989248,65,0.6037820338709677,88,9.052061698067384,39,3.473700074950855,2967.040648,1.0
2025-11-25,NC-SBY-SEL-23,0.9997435870003782,1215,6820.714618799995,21954.528428300026,7.368658406493511,49,0.7285804476190474,64,9.030450937695347,12,3.3553057162247835,2493.034749,1.0
2025-11-25,NC-SBY-TMR-10,1.0,1308,7265.172296999999,23134.81907840001,10.304133192361125,19,0.6052928243055555,46,8.899716760459992,7,4.495450596819064,2856.808512,1.0
2025-11-25,NC-SBY-TMR-11,0.99995039436309,1863,9602.316702899998,29620.019483800017,7.964669299999997,66,0.6670756446428574,88,8.620868048225175,14,3.65632131517366,3732.976824,1.0
2025-11-25,NC-SBY-TMR-12,0.9990218452207992,928,7731.937774800001,23618.2659696,9.45732714358974,51,0.6328421474358975,75,8.740544424906625,17,3.266633136542305,3157.626484,1.0
2025-11-25,NC-SBY-TMR-13,1.0,872,10113.4578369,31928.820650700007,8.281868656417114,71,0.6726200981283418,106,8.583024905088402,18,3.156731039625147,3580.9132180000006,1.0
2025-11-25,NC-SBY-TMR-14,0.9919290534979424,2158,8182.012470200001,24295.666741399986,8.294639845744676,73,0.6722420216312062,86,8.656279065053829,11,2.867931057032548,3262.187943,1.0
2025-11-25,NC-SBY-TMR-8,1.0,670,7408.208665400001,24523.604383800022,8.29349226259259,49,0.662999691111111,67,8.924246528560356,8,3.8355616110154056,2460.8982090000004,1.0
2025-11-25,NC-SBY-TMR-9,1.0,588,7189.742815999999,25387.124386100004,9.47951446094276,38,0.6466531986531989,62,8.897354544127538,11,4.582332159611559,2526.520817,1.0
2025-11-25,NC-SBY-UTR-1,1.0,1817,6824.1524965,22672.69760820001,8.391311185436892,64,0.6622324702265363,62,8.285326473320097,58,3.676935715718149,2340.3586380000006,1.0
2025-11-25,NC-SBY-UTR-2,0.999978359291963,1559,11571.940855200008,42361.71638880003,7.157193850000001,88,0.7414055186403508,142,8.59357199701149,14,3.5917817832747287,4106.283946,1.0
2025-11-25,NC-SBY-UTR-3,1.0,677,7796.7982985,26538.683800500006,8.720948958020479,52,0.6741248573378835,70,9.00467518275465,17,3.767765562753533,2764.8153709999992,1.0
2025-11-25,NC-SBY-UTR-4,1.0,1236,7056.066023100001,23617.12431880001,9.11846831031746,38,0.674872684920635,54,9.26417691577146,6,4.146666910332546,2459.7827,1.0
2025-11-25,NC-SBY-UTR-5,0.999882137345679,1857,8433.162492400003,26250.389851999986,9.11339389945356,47,0.5950869765027321,70,8.811970360939604,45,4.061091594085762,3703.274439999999,1.0
2025-11-25,NC-SBY-UTR-6,0.9989517528444736,1372,7285.674282100002,20409.8192875,11.220253695818812,36,0.5944761905923346,57,9.02262412076583,14,4.049122294359169,3026.8870840000004,1.0
2025-11-25,NC-SBY-UTR-7,0.9999582574377656,1599,10784.556111700003,33026.68932079999,8.615111650273219,31,0.6639123404371587,102,8.80991300547036,23,4.334720121134646,4298.486111999998,1.0
2025-11-25,NC-SDA-UTR-24,0.9968715507163636,1470,10622.471336799998,34750.780861900006,8.684898103865983,44,0.6577845791237112,88,8.869767975714776,12,3.806907079925397,3681.822401000001,1.0
2025-11-25,NC-SDA-UTR-25,1.0,704,8086.484197699998,26674.6999201,9.601743128143717,46,0.6282926646706588,74,8.720700348496644,15,3.9687089581025865,2660.0708909999994,1.0
2025-11-25,NC-SDA-UTR-26,0.9998799493938384,799,8875.095578100001,29461.83171259999,11.640540941734423,35,0.5914548327913278,57,9.085016977861944,17,4.968057252376555,3224.2935589999997,1.0
2025-11-25,OA_CLUSTER,0.9974089758443516,31567,196406.58279590003,625463.4729419,8.994494828211177,1248,0.6525301878001043,1820,8.789853610420531,489,3.688882967582093,73760.33201999999,1.0
2025-11-26,NC-SBY-BRT-15,0.998172500137582,2460,9044.746258799998,26790.2138487,8.833912553352768,77,0.6383610300291548,81,8.82041069063119,38,3.423783025302416,3448.713934,1.0
2025-11-26,NC-SBY-BRT-16,0.998420237680284,979,9880.72073069999,33882.86312219999,7.233335567261907,53,0.7073159723214284,99,8.916633391866338,9,3.476658786069098,3531.822722999999,1.0
2025-11-26,NC-SBY-BRT-17,0.9949478625553944,1303,8892.189812500004,30100.120342799983,10.481073783423916,45,0.6042153532608694,67,8.797278261305127,21,4.2502189086269455,3485.65623,1.0
2025-11-26,NC-SBY-SEL-18,1.0,1151,10054.651657299994,32891.6735687,11.35061817342995,50,0.5909607487922707,73,8.963597336647188,21,4.127814683364843,3545.750486000001,1.0
2025-11-26,NC-SBY-SEL-19,0.9998229130963662,1091,8997.2951693,28243.4206196,10.33425889202279,26,0.6086125356125355,54,8.625904589570624,16,4.143195445653118,3750.354977,1.0
2025-11-26,NC-SBY-SEL-20,1.0,1136,8574.120285399998,26440.61508630001,9.432271041176469,58,0.622608088235294,82,8.631787668045051,32,3.452269804853885,3049.502242,1.0
2025-11-26,NC-SBY-SEL-21,0.988831548695128,1238,8020.105332500006,24526.9094678,9.149396257142854,49,0.6481877289377292,56,8.869682875122443,12,3.4682215768052744,3052.9987070000016,1.0
2025-11-26,NC-SBY-SEL-22,0.9716997727048128,1457,9367.237280499998,26833.254513400003,11.79698688037635,58,0.5834271954301081,83,9.067561399302722,35,3.56794719869532,3073.100011999998,1.0
2025-11-26,NC-SBY-SEL-23,0.9991752344877344,2210,6818.398764100005,22167.4134554,8.570761090043291,49,0.7100259740259734,54,9.122600358587636,13,3.986057531749206,2489.660597,1.0
2025-11-26,NC-SBY-TMR-10,0.999281496896694,1562,7257.252052400003,23313.355748699996,10.051433061111108,28,0.6142986111111108,50,8.910908843764162,8,4.66727520918105,2872.858632,1.0
2025-11-26,NC-SBY-TMR-11,0.9994618995648464,1704,9708.553832500002,29570.37164110001,7.840361096428568,56,0.6750186011904762,89,8.565835344491427,17,3.6803971357920062,3705.724067000002,1.0
2025-11-26,NC-SBY-TMR-12,0.9983815460784274,734,7721.793528,23988.35728889998,9.84173863814102,40,0.6152139423076926,65,8.799936785621881,13,3.959364033297241,3130.000327999999,1.0
2025-11-26,NC-SBY-TMR-13,0.9994437636165576,999,10057.091406100006,32230.991596899992,9.01921317058823,62,0.6441143048128337,84,8.647284822721952,17,3.6488988475968354,3475.233953,1.0
2025-11-26,NC-SBY-TMR-14,0.9977683789729446,2729,8333.345553400006,25371.1254655,8.816875702482266,47,0.6639601063829786,72,8.79993259508249,9,3.251110797101847,3309.515134,1.0
2025-11-26,NC-SBY-TMR-8,0.9973376287325983,535,7515.6028598999965,25439.849712299994,8.2512114025926,53,0.6761456788888889,72,8.945364265053835,8,3.5428620566107374,2535.659433,1.0
2025-11-26,NC-SBY-TMR-9,0.9991965176455916,542,7222.511537000002,25777.76512830001,9.249659138047136,43,0.6632853535353541,67,8.93170873662273,11,4.4085499508908015,2589.139544,1.0
2025-11-26,NC-SBY-UTR-1,0.9999984268248832,1939,6910.944085900002,23289.074996200005,7.778670928478961,71,0.6665517799352746,77,8.257777429979189,54,3.257589062381708,2368.421318,1.0
2025-11-26,NC-SBY-UTR-2,0.9978671357509216,2339,11646.824427599997,43350.68612920003,6.980118937280705,111,0.7464380482456139,160,8.561204249692931,20,3.223869328179265,4196.093613000001,1.0
2025-11-26,NC-SBY-UTR-3,1.0,674,7767.174895499997,26918.49256850001,8.496229847098977,64,0.6793686006825939,78,9.01424953428634,18,3.624552085311182,2794.1051499999985,1.0
2025-11-26,NC-SBY-UTR-4,1.0,1229,7118.4965284,24160.0274609,8.778646464285716,44,0.6918630952380955,62,9.212807560941634,4,3.8940226216024794,2613.741466,1.0
2025-11-26,NC-SBY-UTR-5,1.0,1524,8441.757968300006,26717.0662989,9.462805636338793,43,0.5896236338797817,64,8.867537054293814,37,4.531964415728784,3711.2949940000008,1.0
2025-11-26,NC-SBY-UTR-6,0.9851211984342064,1387,7027.664390000001,19983.34938050001,11.331877018374554,30,0.5872455830388686,47,8.96007251697062,9,4.54684766679201,3005.3440600000004,1.0
2025-11-26,NC-SBY-UTR-7,0.9993627097182652,1365,10772.225098,33503.27951399998,8.8982562590164,34,0.6504396628415297,80,8.841468258624147,19,4.571596952441524,4794.1685,1.0
2025-11-26,NC-SDA-UTR-24,0.999185348305096,1085,10514.298396799992,34845.79915489999,9.433814258505148,36,0.631402706185567,72,8.917267012488008,9,4.217583052527145,3645.536716999998,1.0
2025-11-26,NC-SDA-UTR-25,0.9999416948254156,647,8074.8562751,26718.472375500005,9.951668062874242,38,0.6237851796407183,64,8.710619296118196,16,4.411386443092919,2661.900599000001,1.0
2025-11-26,NC-SDA-UTR-26,0.9909351365254144,867,8904.377477200007,29481.057761100044,12.011419516802189,21,0.5773780487804876,50,9.169345251052198,12,5.294703086321859,3763.134324,1.0
2025-11-26,OA_CLUSTER,0.9966693301842636,32287,197150.7034541,635490.2769547999,9.235776390969706,1191,0.6456004775336834,1716,8.81844780483139,441,3.853133460114147,74528.8601,1.0
2025-11-27,NC-SBY-BRT-15,0.9965831980350528,2171,9072.1890552,26300.62499880001,8.798389650437322,63,0.6436438288629734,82,8.842174433408214,35,3.45025194217681,3578.477194,1.0
2025-11-27,NC-SBY-BRT-16,0.9998899246468692,860,9745.862170399998,33144.41817480001,7.60869819404762,47,0.690564732142858,88,8.897842172645262,8,3.946630331585279,3490.557424,1.0
2025-11-27,NC-SBY-BRT-17,1.0,1311,8872.9993129,29596.061158100023,10.77902515543478,35,0.5904449728260868,60,8.74884544890788,20,4.282247626579732,3597.5926570000006,1.0
2025-11-27,NC-SBY-SEL-18,0.999973584017052,1245,10097.232528600003,32978.39172889999,11.32200262560386,46,0.5845120772946859,72,9.013584709880623,10,4.497755980801875,3631.311885,1.0
2025-11-27,NC-SBY-SEL-19,0.9988041522305482,1379,8858.544164199995,28144.3389753,10.101222241880336,23,0.6165868945868949,52,8.677509018267216,17,4.690595797696982,3736.4230350000007,1.0
2025-11-27,NC-SBY-SEL-20,1.0,1519,8613.9286884,26461.609709800003,8.926251685588237,63,0.6388904411764706,87,8.58927185111756,38,3.3365153044351232,3119.2080850000007,1.0
2025-11-27,NC-SBY-SEL-21,0.9995888027878757,1768,7824.1380359,24017.572779199974,9.760254131135534,45,0.6347499999999999,61,8.850081463844907,9,3.5128168589999578,3009.669539000001,1.0
2025-11-27,NC-SBY-SEL-22,0.9618056176224036,1496,9710.709916099995,26011.25783610001,11.223299602419354,60,0.5845286739247306,81,9.154379340189385,37,2.983653146766464,3104.439131,1.0
2025-11-27,NC-SBY-SEL-23,0.9999715909090908,2254,6743.233390500001,21692.16548200002,8.305179624675326,42,0.7171046177489175,53,9.156184452766482,12,4.082182635143721,2476.589231,1.0
2025-11-27,NC-SBY-TMR-10,0.9929625056252936,1690,7258.937343099999,22983.581350200013,10.352435460763898,17,0.6078287038194443,41,8.81574463933517,11,4.23647758949069,2775.8356120000003,1.0
2025-11-27,NC-SBY-TMR-11,0.998335193452381,1784,9486.592307800003,29225.1935998,8.734436626785724,41,0.6323072916666668,75,8.708873062701171,13,4.435185279547376,3736.7421530000006,1.0
2025-11-27,NC-SBY-TMR-12,0.9892286086982748,1481,7812.159484099997,23739.58823599999,9.402875056913176,41,0.6194040729903537,66,8.778411998001717,16,3.461298816838251,3124.685856000001,1.0
2025-11-27,NC-SBY-TMR-13,0.9974801926942052,952,10016.105318900003,31760.55448040001,8.794665548663101,52,0.6461316844919791,77,8.665884606276656,14,3.738155917840563,3413.046937999999,1.0
2025-11-27,NC-SBY-TMR-14,0.994893297670462,2990,8124.996941100001,24277.825846299995,9.440345047887323,55,0.6429489436619718,66,8.874698597990399,7,3.2132108781881423,3221.626043,1.0
2025-11-27,NC-SBY-TMR-8,0.9947751681989366,2236,7459.441507199996,24786.010849899983,7.9614081011111075,40,0.6567731481481481,67,8.919590319184762,10,4.070762746818482,2438.364439999999,1.0
2025-11-27,NC-SBY-TMR-9,0.9999840223219852,617,7132.204972799995,25146.903054499984,9.743286609427614,33,0.6345353535353537,54,8.906281719015332,12,4.78269971617691,2551.258056,1.0
2025-11-27,NC-SBY-UTR-1,0.9994828748651564,2638,6948.662426899997,23064.781522300014,7.683529652103566,78,0.6725555556634308,77,8.224080547832774,53,3.38497087856323,2476.139568000001,1.0
2025-11-27,NC-SBY-UTR-2,0.9999959375766496,1527,11648.284470000004,42737.21491109996,7.363673936842095,88,0.7260959429824565,132,8.605715832598287,18,3.7611080987947614,4288.766772,1.0
2025-11-27,NC-SBY-UTR-3,0.9998958333333332,771,7799.006885700001,26426.485328100003,8.830742379180895,49,0.6667130262798633,74,9.020875133606092,12,3.775428781284319,2757.910569999999,1.0
2025-11-27,NC-SBY-UTR-4,1.0,1360,7270.585799099999,23659.98146460001,8.351257277777773,48,0.7020257936507937,69,9.093762094468223,7,3.703060213713973,2641.249152000001,1.0
2025-11-27,NC-SBY-UTR-5,1.0,1485,8525.54334190001,26488.308808300026,9.035489676229496,44,0.588791439071038,70,8.862402895625587,37,4.524740851328357,3829.801767999999,1.0
2025-11-27,NC-SBY-UTR-6,0.9858057206292236,1404,7208.271270400003,20223.08419950001,11.143441924381625,34,0.6001272084805651,48,8.898954496966873,16,4.396566943191414,3113.192533000001,1.0
2025-11-27,NC-SBY-UTR-7,1.0,1334,10731.76891510001,32634.430448700008,9.763519561475416,34,0.6302372494535516,62,8.85620557612296,24,4.883957643358063,4912.329973999999,1.0
2025-11-27,NC-SDA-UTR-24,1.0,777,10421.640843000006,34692.117319,9.336726272164949,42,0.632094716494845,82,8.896580819196915,5,4.198116513142917,3740.0052490000016,1.0
2025-11-27,NC-SDA-UTR-25,0.9997583503252744,730,8013.028560100003,26384.37241580001,10.20267244550898,37,0.6111349799401199,61,8.748501069764279,13,4.561184999022661,2614.014607,1.0
2025-11-27,NC-SDA-UTR-26,0.9996927135468802,1604,8891.9230513,29356.01909609999,11.736266398373983,20,0.5829794490514907,42,9.158135648015875,12,5.202050987605216,3823.059037000002,1.0
2025-11-27,OA_CLUSTER,0.9960085003617164,36272,196961.3982463001,625500.3849427,9.302574371383404,1078,0.6387868684606215,1614,8.823453327709494,436,3.9727641473469206,75025.217616,1.0
2025-11-28,NC-SBY-BRT-15,1.0,2097,9228.583630999998,26567.774392900006,9.352301708163262,57,0.6222237609329445,79,8.966734978376694,37,3.921495181850037,3718.273016999997,1.0
2025-11-28,NC-SBY-BRT-16,1.0,788,9679.983250500009,32978.2799682,8.20873369880953,41,0.6753080357142861,75,8.935923750450742,9,4.1870450125318674,3556.2175399999983,1.0
2025-11-28,NC-SBY-BRT-17,0.9997781955601132,1588,9040.166844299998,30004.5142197,10.86178860706522,32,0.586909646739131,62,8.789734796016644,15,4.469974684098059,3574.4993729999974,1.0
2025-11-28,NC-SBY-SEL-18,0.9989715467862396,1142,9948.369675199998,32222.692456300003,12.4915375910628,31,0.5602612719806762,51,9.179612637793152,12,5.0109842068692645,3594.728628,1.0
2025-11-28,NC-SBY-SEL-19,0.9994778884118428,1033,8903.979124699998,27433.856930099995,10.767715221367512,38,0.5925415478632483,52,8.619439477420343,14,2.801544128962048,3637.690766,1.0
2025-11-28,NC-SBY-SEL-20,1.0,1076,8620.8513547,26197.6071804,8.684730242647058,47,0.6387022058823533,74,8.60686630051193,33,3.61651565386641,3050.292228000001,1.0
2025-11-28,NC-SBY-SEL-21,0.9999604414478612,1037,7791.045811100001,24043.708013099997,9.062638744688645,35,0.6429761904761913,59,8.810885591010608,10,3.656690772323792,2982.473252,1.0
2025-11-28,NC-SBY-SEL-22,0.9984676193105818,1810,9138.491368400002,26418.831048199994,11.841127949193552,43,0.5607741935483869,66,9.141834893615613,38,3.932895987137228,2969.5760010000004,1.0
2025-11-28,NC-SBY-SEL-23,1.0,936,6772.973947299999,22175.535538700005,9.144732193073594,35,0.6910811688311688,46,9.186525712416756,12,4.465061384947916,2508.723944,1.0
2025-11-28,NC-SBY-TMR-10,1.0,1264,7051.713678400004,22546.0098584,11.093524576041666,7,0.574972222222222,35,9.037460291331042,5,5.930625942783618,2659.883733000001,1.0
2025-11-28,NC-SBY-TMR-11,1.0,1128,9319.489861199998,28949.7457378,9.146453990178571,24,0.6264233630952382,69,8.793334279400636,7,4.736710500504173,3676.4571540000006,1.0
2025-11-28,NC-SBY-TMR-12,0.9935157207617008,797,7557.141656199998,23064.145951400005,10.79398818942307,34,0.5954917201923072,59,8.872790087178489,14,4.545427586824975,3129.244378000001,1.0
2025-11-28,NC-SBY-TMR-13,0.9991307375222817,657,10028.893833499997,31778.4211079,9.527855935026732,49,0.622347593582888,74,8.702085000931486,10,4.087409898608391,3443.410381,1.0
2025-11-28,NC-SBY-TMR-14,0.9999977544151668,1007,7943.327281000002,24550.348729799996,9.894188701056342,44,0.6231839788732403,66,8.956926045484199,4,3.706210981023532,3198.8585230000003,1.0
2025-11-28,NC-SBY-TMR-8,0.9997552065874182,709,7410.6746742,24728.288210300005,8.816988989999986,37,0.6374740740740735,64,8.935715675144447,6,4.11513319810689,2501.0326299999992,1.0
2025-11-28,NC-SBY-TMR-9,0.9934767781176388,1019,7127.161227100001,25072.20196250001,10.235046841750844,25,0.622580247138047,37,9.001736221378437,5,5.527750032329752,2549.335989,1.0
2025-11-28,NC-SBY-UTR-1,0.9999968536497664,1966,6629.0200924000055,22211.22240270002,8.37143622847897,52,0.6379676375404527,63,8.334964577410771,53,3.70469444625982,2344.0180869999995,1.0
2025-11-28,NC-SBY-UTR-2,0.9968837591053658,1476,11560.159021200008,42368.60053110001,7.8408122932017505,67,0.7100758405701746,106,8.635983492171757,14,4.116430022504882,4169.468973,1.0
2025-11-28,NC-SBY-UTR-3,1.0,668,7727.847997999998,26448.16367839999,9.282038999317406,37,0.6466194539249152,56,9.103124318897867,11,4.342688894901281,2808.758225,1.0
2025-11-28,NC-SBY-UTR-4,1.0,1261,7044.523391199995,23733.92444070001,9.747950968253964,33,0.6608164682539681,48,9.246845509255245,2,4.7555919650775325,2465.753595,1.0
2025-11-28,NC-SBY-UTR-5,1.0,1978,8958.985247800003,27135.900824899956,9.133133827049171,47,0.6008722677595628,68,8.869206363651982,45,4.203479113046578,4049.531892,1.0
2025-11-28,NC-SBY-UTR-6,0.985480943738657,1459,7344.3906177000035,20658.726446800003,11.204572186572449,29,0.5968966431095399,47,8.972174955032933,14,4.808792678112993,3206.241069,1.0
2025-11-28,NC-SBY-UTR-7,0.9999177165553532,1459,10672.449544600004,32680.444902700005,10.100383143989072,20,0.620232923497268,62,8.90147339030455,20,5.07193400312345,5225.468974000001,1.0
2025-11-28,NC-SDA-UTR-24,1.0,768,10547.8445084,34472.88241400001,9.79305248298969,39,0.621417525773196,76,8.851293799197801,5,4.052625444509325,3831.205071,1.0
2025-11-28,NC-SDA-UTR-25,0.9997110496571412,717,8046.254944599997,26469.3922292,10.181156461492542,30,0.6091905474626864,55,8.741088417521862,17,4.801021579494998,2666.8517960000004,1.0
2025-11-28,NC-SDA-UTR-26,1.0,585,8919.768148700006,29363.35738160001,12.124042179132802,25,0.5686144986449866,48,9.185179575253024,11,5.106127502309723,4035.3327489999992,1.0
2025-11-28,OA_CLUSTER,0.998501071920342,28355,195500.2231317,623968.944533,9.827638782343008,864,0.6226260589306726,1418,8.88446110886451,390,4.3226239131856925,75019.93835200001,1.0
2025-11-29,NC-SBY-BRT-15,0.999579990835915,2852,9183.647831599992,26902.502062099986,8.980024734402335,66,0.632825072886297,66,8.956032362503345,35,4.04552081273862,3782.096142,1.0
2025-11-29,NC-SBY-BRT-16,0.999845183365871,1402,9663.9025077,34238.471685000004,9.055888057440471,22,0.6457581845238097,51,9.023819497196634,3,5.320018102706276,3668.036174,1.0
2025-11-29,NC-SBY-BRT-17,1.0,1304,9088.4686914,30840.894211500006,11.09793830244566,38,0.5714069293478259,55,8.753103562665746,21,4.102369352960271,3720.0085880000006,1.0
2025-11-29,NC-SBY-SEL-18,1.0,1104,9592.193228100004,32771.663457700015,13.470807490096629,29,0.5330609903381637,44,9.265866612683864,8,5.707244873048932,3772.023746,1.0
2025-11-29,NC-SBY-SEL-19,0.9999432644113432,858,7761.038781900003,26620.606518000004,13.107393203133894,10,0.5258012820512823,22,8.918801411820352,8,6.771761926350277,3307.784711,1.0
2025-11-29,NC-SBY-SEL-20,0.999646651586212,1259,7716.660937700001,24987.767745599987,11.20781606470588,25,0.5640470588235296,43,8.891892425898149,29,4.71476657229694,2841.410172,1.0
2025-11-29,NC-SBY-SEL-21,1.0,892,7281.811933299998,24293.5964157,10.507098110256418,20,0.601800366300366,40,8.96374272001646,10,4.89011948152702,3038.464446999999,1.0
2025-11-29,NC-SBY-SEL-22,0.995164352004439,1598,8857.460008000004,26479.784055699987,12.250177375000002,44,0.5501653225806449,62,9.277166694172276,27,3.749188121304201,2937.180135000001,1.0
2025-11-29,NC-SBY-SEL-23,1.0,941,6425.930544000002,21608.85920170001,9.61686212380952,31,0.6540584415584417,37,9.103192572200232,8,4.943399892336575,2453.3729180000005,1.0
2025-11-29,NC-SBY-TMR-10,1.0,1568,6612.264481299999,22113.34226679999,11.84781387361111,14,0.5492960069444445,27,8.963824564019946,12,6.1223008864333694,2582.4451450000006,1.0
2025-11-29,NC-SBY-TMR-11,1.0,1028,8336.324017100002,27605.851303299994,11.85395163214285,14,0.5491465773809522,29,9.008877759384731,7,6.339958499983721,3555.4466729999986,1.0
2025-11-29,NC-SBY-TMR-12,0.9999794506875213,827,6872.719467500005,22994.70657470001,12.45490827596154,14,0.5401282051282054,32,9.079765648964392,12,6.474852787251438,2843.4942829999995,1.0
2025-11-29,NC-SBY-TMR-13,0.9999128760259502,960,9126.710498300004,30743.27503469999,11.85487052620322,25,0.5540875668449204,49,8.925178455083179,8,5.518368005748179,3178.590817,1.0
2025-11-29,NC-SBY-TMR-14,1.0,1290,7373.427653299997,24582.704293599985,11.824363105281696,19,0.5551619718309859,33,9.112882262337306,1,5.609872324041673,3233.519553000001,1.0
2025-11-29,NC-SBY-TMR-8,1.0,486,7395.621656900003,25818.137732100007,9.174055993333337,27,0.6385018518518517,57,8.991381140603652,9,4.724716336665491,2635.956,1.0
2025-11-29,NC-SBY-TMR-9,0.9998363861334492,524,7022.656790000002,25851.24156239999,11.137874698316496,15,0.5960319865319865,23,9.113128476721904,6,6.119657329656853,2624.370596,1.0
2025-11-29,NC-SBY-UTR-1,0.9985287280974392,1525,5607.571068300002,20579.6044822,11.477929990938508,22,0.5347437974110038,29,8.61595031864254,50,5.201674715856841,1955.308431,1.0
2025-11-29,NC-SBY-UTR-2,0.994382767575589,1973,11642.089522600005,43995.51056720004,9.068668616228065,49,0.6656789107456141,74,8.789826230658052,15,4.824093795779831,4464.961577999999,1.0
2025-11-29,NC-SBY-UTR-3,0.9996536299485708,869,7275.1038742,25906.5080252,10.617903725255974,31,0.6014394197952216,39,9.17377197279718,18,5.141838894961514,2688.8479950000005,1.0
2025-11-29,NC-SBY-UTR-4,0.9968147493535702,1605,6649.154554099995,22917.602721700005,10.498286548015876,19,0.6226785714285717,33,9.328037125390257,4,5.639721540912003,2353.9822699999995,1.0
2025-11-29,NC-SBY-UTR-5,0.9993117095966156,2110,9117.9378272,27365.441557099988,8.721135783879777,55,0.6037090163934429,69,8.892257561801229,59,3.019544905791657,4145.546834000001,1.0
2025-11-29,NC-SBY-UTR-6,0.9853776465720916,1254,6284.9322072,18805.127532600003,13.780749955319138,11,0.4989355123674913,18,9.29796878088511,8,7.070874045880921,2750.0666620000006,1.0
2025-11-29,NC-SBY-UTR-7,1.0,925,9635.777320099996,31707.631310600016,11.624845471857917,7,0.5658353825136613,35,9.103181239441955,18,6.368823376854429,4958.626356999999,1.0
2025-11-29,NC-SDA-UTR-24,0.9999750374284864,2742,10339.032624100002,35413.95555130003,10.625557802319582,23,0.597666881443299,54,8.996679767167935,6,5.336117848897819,3959.031069,1.0
2025-11-29,NC-SDA-UTR-25,1.0,877,7604.262708899995,26006.83260559998,12.788743398214288,13,0.5342760416666664,27,9.064111286251768,5,6.797601986060547,2631.8273630000003,1.0
2025-11-29,NC-SDA-UTR-26,0.9999725078980978,1132,8620.10815,29809.52480900001,13.565474911653116,14,0.5238753387533875,33,9.313337364900113,12,6.632400632937874,3962.251347,1.0
2025-11-29,OA_CLUSTER,0.998587684929674,29154,184523.4054018,619730.8303172,11.112755468721703,607,0.5799310544912507,967,9.015988497866957,376,5.289565443120235,73491.54022699999,1.0
2025-11-30,NC-SBY-BRT-15,0.9995295495200252,1871,8752.3678404,26710.3323535,9.910888936734692,49,0.6031445577259473,60,9.164836018363124,38,4.407511690129362,3707.14025,1.0
2025-11-30,NC-SBY-BRT-16,1.0,886,9370.439914,34751.55474419997,9.391319127083332,25,0.6438050595238094,59,9.05633668562188,8,4.953877321511551,3813.703311,1.0
2025-11-30,NC-SBY-BRT-17,1.0,1186,8765.320817999993,30672.34749,11.331120182608691,35,0.5717182972826089,54,8.821628704093168,22,4.0004646458744455,3726.520121,1.0
2025-11-30,NC-SBY-SEL-18,1.0,872,8938.576527500003,32350.326427999986,15.06585113405798,20,0.4956207729468599,35,9.356194182853312,6,6.048935147093166,3559.4244040000003,1.0
2025-11-30,NC-SBY-SEL-19,1.0,909,7589.684999800001,26521.408827399977,13.044858632,25,0.5275868945868948,40,8.718531198002141,12,3.6746614947370784,3201.5311899999992,1.0
2025-11-30,NC-SBY-SEL-20,0.999940492160788,729,6972.048761300002,24366.703916099992,12.041013743823523,35,0.5317360294117645,53,8.823956413462536,35,4.5177137672213465,2650.1610490000007,1.0
2025-11-30,NC-SBY-SEL-21,1.0,823,6886.937656400001,23767.0340677,10.56688648461538,18,0.5894826007326007,31,9.032074151109631,6,5.16327947622075,3035.317075999999,1.0
2025-11-30,NC-SBY-SEL-22,0.9964241147092096,1764,8994.159065199994,26887.5779084,11.83154116344086,52,0.55269623655914,71,9.148553263995368,35,2.9024975097282293,3001.701575,1.0
2025-11-30,NC-SBY-SEL-23,1.0,708,6072.844259699999,21690.005956400026,11.36505677056277,20,0.6069783549783547,30,9.186381856971789,8,5.496288198084764,2497.476068,1.0
2025-11-30,NC-SBY-TMR-10,0.9999854493788168,1205,6343.858179999998,22151.995379600008,11.883820601388887,16,0.5535975114583332,28,8.951705089712041,21,5.655096887092232,2529.730482,1.0
2025-11-30,NC-SBY-TMR-11,1.0,844,7778.722316099997,27251.7465736,12.411552587797628,17,0.5258526785714286,32,9.09584701273873,9,6.256608347108186,3355.28252,1.0
2025-11-30,NC-SBY-TMR-12,1.0,577,6577.046503799995,22526.080876500004,12.890843557371792,21,0.5356105769230768,42,9.119620479954264,12,5.70010383324431,2994.815406000001,1.0
2025-11-30,NC-SBY-TMR-13,1.0,440,8324.483795800003,30223.406668000007,12.394433032258071,31,0.5359953208556151,52,8.92683188679882,13,4.886085671004033,3226.570805,1.0
2025-11-30,NC-SBY-TMR-14,0.999883911925822,957,7165.386815800001,24594.5356337,11.17421898767606,30,0.5827473591549296,46,8.97916940145057,4,4.749263644419086,3211.9181709999984,1.0
2025-11-30,NC-SBY-TMR-8,0.9999831198490716,524,7443.718063399999,26802.98393640001,8.89327830259259,31,0.636261111111111,57,8.975717111592976,5,4.4562411589744055,2671.9894589999994,1.0
2025-11-30,NC-SBY-TMR-9,1.0,418,6993.205832899998,27016.483295799997,11.2821382320132,15,0.5956716171617165,32,9.017108082751337,8,5.871253773103655,2753.127248999999,1.0
2025-11-30,NC-SBY-UTR-1,0.9999992034230052,1137,5039.0525232,19669.185431,14.346842027508098,15,0.4624700647249194,23,8.887899067817532,36,6.163259261630483,1835.1858959999995,1.0
2025-11-30,NC-SBY-UTR-2,0.993305439330544,1811,12133.687291199998,46856.12583610002,8.352974940176606,69,0.696205298013245,98,8.660951275201466,23,4.18744285715921,4840.957967999999,1.0
2025-11-30,NC-SBY-UTR-3,1.0,454,6730.8297341,25573.1350117,12.990005303071678,21,0.5445622866894195,39,9.309449724165582,12,5.315368553267956,2596.975039999999,1.0
2025-11-30,NC-SBY-UTR-4,0.9998352237458382,882,6290.3501045,22248.88036720001,12.492733771031752,16,0.5611289682539681,29,9.564928658407853,1,5.797809659558818,2330.352082000001,1.0
2025-11-30,NC-SBY-UTR-5,1.0,1500,8806.989096900008,27548.74686260001,10.227597106353588,47,0.5628624661246615,65,9.08817207657392,43,3.5574925224355547,4077.659405,1.0
2025-11-30,NC-SBY-UTR-6,0.985308620445244,1173,6156.465228999999,18525.315880100003,14.874270289679725,9,0.4690709657243819,15,9.806584710987396,4,7.017577124903624,2749.390049,1.0
2025-11-30,NC-SBY-UTR-7,0.9999976037113718,859,9085.219302799998,31366.735861000023,12.329802822404362,10,0.5520038707650272,25,9.17498654376661,17,6.322897695945735,4677.182847000003,1.0
2025-11-30,NC-SDA-UTR-24,0.9993436218621862,573,9895.451216299998,35856.638829700016,10.65774651056701,27,0.6033840206185564,54,9.020258658153734,8,5.213237693513379,3832.8533320000015,1.0
2025-11-30,NC-SDA-UTR-25,1.0,471,6910.616897499996,25758.33444879999,14.23845621547619,15,0.4996741071428572,26,9.08980720914168,14,6.323039372714812,2544.7374670000004,1.0
2025-11-30,NC-SDA-UTR-26,0.9999458925750396,489,8436.4627908,30550.107067700024,13.879594751490526,11,0.5187933604336037,33,9.39672300478292,8,7.230446629389923,4236.574048,1.0
2025-11-30,OA_CLUSTER,0.9988186055389252,22529,177211.39463179995,620072.6493050001,11.76401980156448,627,0.5631017786808855,1016,9.06642931690912,378,5.032874887509265,73044.112423,1.0
2025-12-01,NC-SBY-BRT-15,1.0,2102,8786.557525199994,25848.44451670001,9.743667465597673,46,0.61040889212828,64,8.908971058000613,30,4.172192898000091,3398.347904,1.0
2025-12-01,NC-SBY-BRT-16,1.0,788,9631.6538702,32364.5067011,7.929912160119053,43,0.6759255952380963,75,8.935669735820962,6,4.198058669101903,3410.927436000001,1.0
2025-12-01,NC-SBY-BRT-17,1.0,1140,8939.057596899996,29673.713496100023,10.590613082336956,34,0.5942010869565217,56,8.792795576086025,14,4.50810317893426,3403.400492,1.0
2025-12-01,NC-SBY-SEL-18,1.0,1149,9939.52582379999,32077.57776630001,12.5618937531401,27,0.5530356280193237,52,9.19888004402342,10,5.304551967290683,3559.835604000001,1.0
2025-12-01,NC-SBY-SEL-19,0.99997134509866,1058,8753.5924902,27228.8160978,10.492484719943018,21,0.6025698005698008,45,8.72550384143686,14,5.281538039830698,3578.984128999999,1.0
2025-12-01,NC-SBY-SEL-20,0.9995488834422658,2738,8528.169826800002,25481.06371949999,9.392478846176466,47,0.6169029411764703,73,8.66457155498227,32,3.5725639082247325,2958.141041000001,1.0
2025-12-01,NC-SBY-SEL-21,1.0,916,7737.828574999992,23558.7311661,8.85347099194139,53,0.6510430402930403,70,8.77658132973404,10,3.425042185646808,3010.565104,1.0
2025-12-01,NC-SBY-SEL-22,0.9755007446594164,1405,9235.9601029,25600.31686319998,11.285492284408598,48,0.5698653674731184,73,9.023824233999385,40,3.5365965855037427,3054.7930409999994,1.0
2025-12-01,NC-SBY-SEL-23,1.0,945,6747.754027100001,21659.35832709999,9.045690940692635,37,0.6877770562770567,52,9.205804899450968,11,4.287975626306188,2524.737427000001,1.0
2025-12-01,NC-SBY-TMR-10,0.998372067964039,1464,7106.2749365,22012.19741790001,10.336025361111114,18,0.6022135416666661,41,8.981623854535512,4,5.034126470231706,2726.079384000001,1.0
2025-12-01,NC-SBY-TMR-11,0.9999892181988536,1281,9197.265439699991,28276.4873762,8.922349219642857,41,0.6280275297619053,61,8.726173260643119,8,4.249305495016985,3638.127008000001,1.0
2025-12-01,NC-SBY-TMR-12,0.999886306959406,596,7360.616265000002,22974.9155038,11.07277453589744,26,0.5824062500000006,46,8.968742680796877,8,4.379609820594488,2913.3361949999994,1.0
2025-12-01,NC-SBY-TMR-13,0.9998992684194892,611,9998.135861300005,30960.24856780001,9.41684345294118,53,0.6200955882352939,65,8.701261354713266,13,3.9500771981204177,3409.284475000001,1.0
2025-12-01,NC-SBY-TMR-14,1.0,1404,8093.6264943,24291.646560099995,9.83095540739438,48,0.6201980633802817,66,8.923640589734749,2,3.3315052769495,3241.832382,1.0
2025-12-01,NC-SBY-TMR-8,0.9999282407407408,558,7425.614640699997,24664.013328800007,8.513671474074071,41,0.6561851851851851,61,8.950532140930394,13,4.079619975257709,2502.697438000001,1.0
2025-12-01,NC-SBY-TMR-9,0.9956579111798428,706,7168.889103099999,24685.229194700016,10.051461734983498,32,0.6261914191419141,49,8.903114472807053,8,5.036454505172875,2522.177434000001,1.0
2025-12-01,NC-SBY-UTR-1,0.998560994246674,4645,6575.967469700004,21785.185231999996,8.247700488673141,47,0.6359239482200644,52,8.298182392764495,56,3.946158381552228,2205.538866000001,1.0
2025-12-01,NC-SBY-UTR-2,0.9955908313586552,1315,11802.577693799998,42461.26856100001,7.847948727412279,80,0.7082284357456142,127,8.702505549356589,22,3.964098768947277,4178.105033000002,1.0
2025-12-01,NC-SBY-UTR-3,0.9999998419921629,683,7781.286861299998,26094.218402499984,9.658160431399317,41,0.6459078498293511,59,9.10805017898376,17,4.213024583726384,2675.411366999999,1.0
2025-12-01,NC-SBY-UTR-4,0.9966455637364272,1218,7126.158993200001,23024.9367367,9.352640625396823,34,0.6655125662698411,42,9.173492286310356,3,4.417894847188367,2417.99546,1.0
2025-12-01,NC-SBY-UTR-5,0.9998731953372104,1805,8623.686527999998,26415.801770900038,9.8066400897019,43,0.5713834688346889,66,8.902049599817865,37,4.745593614770541,3760.333691,1.0
2025-12-01,NC-SBY-UTR-6,0.9854578504885252,1376,7349.253504699996,19592.8074004,10.793433797526504,20,0.5755998233215549,31,9.07838678883254,12,5.127331592895753,2985.398020000001,1.0
2025-12-01,NC-SBY-UTR-7,0.9995768192019476,1759,10398.705878599996,31565.878217899997,10.043186374590167,22,0.6221017759562842,57,8.935489698885693,17,5.254773763119412,4739.699999,1.0
2025-12-01,NC-SDA-UTR-24,0.9999799424765364,1834,10487.444766099998,33625.74797079998,10.292912816237116,28,0.6029703608247425,62,8.993192083695646,2,4.608592959592191,3737.268828000001,1.0
2025-12-01,NC-SDA-UTR-25,0.9993268415325152,1044,7965.7388572,25844.606853899997,10.881394588690474,25,0.5892428074404763,57,8.801825211562782,13,4.517292554358654,2545.601517999999,1.0
2025-12-01,NC-SDA-UTR-26,0.9932920020517676,1665,8816.0842631,28685.918253500025,12.348630292140916,18,0.5598538842818427,44,9.220042906879724,10,5.860381730723837,3858.307546,1.0
2025-12-01,OA_CLUSTER,0.9974946532653814,31662,194308.15950799995,612297.3629246,9.762357935062449,902,0.6211141717412579,1383,8.885887268341484,387,4.360775843479677,72815.74893000002,1.0
2025-12-02,NC-SBY-BRT-15,1.0,1947,8887.42351009999,25911.940738599995,8.891250906997087,61,0.6276783285714284,82,8.798963647934615,33,3.679201284913205,3480.2470969999995,1.0
2025-12-02,NC-SBY-BRT-16,1.0,764,9657.710722799991,33056.60531390001,8.026105925297621,42,0.6734084821428571,81,8.9495359495063,7,4.1663116198969785,3378.262173,1.0
2025-12-02,NC-SBY-BRT-17,0.9998259267685384,1149,8936.55165909999,29683.20714250002,10.376942895652174,41,0.6015298913043484,70,8.720962225407725,17,4.203624932131835,3525.074425000001,1.0
2025-12-02,NC-SBY-SEL-18,0.9995383039203783,1613,10135.290029999993,32819.600731999984,11.68685982512076,35,0.5738339371980684,59,9.097617875859427,12,4.804037460165448,3637.403707,1.0
2025-12-02,NC-SBY-SEL-19,1.0,850,8917.732634499998,28183.35411929999,9.7324342968661,35,0.6196296296296293,62,8.605838191687344,17,4.672169141603415,3646.964103,1.0
2025-12-02,NC-SBY-SEL-20,0.9989790889080294,902,8600.862400499995,26060.7376113,9.292400748529426,60,0.6281838235294116,76,8.618150008586218,36,3.194200207006606,3006.5654629999995,1.0
2025-12-02,NC-SBY-SEL-21,0.9999421569141042,921,7790.759142799996,24021.4663334,9.514388989743592,48,0.6346108058608059,64,8.822865151347848,7,3.642688829734145,3041.880715,1.0
2025-12-02,NC-SBY-SEL-22,0.9970895487983984,1045,9270.444605499995,26653.34438529999,10.627688952956992,56,0.5888026432795698,68,8.875206011344837,44,3.6180495042014535,3067.428213999999,1.0
2025-12-02,NC-SBY-SEL-23,0.999873837582171,804,6865.523081900002,22040.733521100006,7.874862600000002,45,0.7159621212121217,56,9.08366977766141,13,3.9251886730407977,2635.6482690000007,1.0
2025-12-02,NC-SBY-TMR-10,0.98177769726248,1165,7033.006138200003,22214.6188255,11.12257981567944,22,0.5807073170731705,40,9.02634606185303,6,5.348786193488018,2683.6506300000005,1.0
2025-12-02,NC-SBY-TMR-11,0.9999822599757496,1353,9332.426761399998,28867.73774289997,8.766087494642868,37,0.6332023809523809,71,8.709126650134742,13,4.442419436393048,3603.6120489999994,1.0
2025-12-02,NC-SBY-TMR-12,1.0,562,7516.023325499999,23833.96928900001,10.734228643124997,32,0.5953242187500001,55,8.880856435388342,12,3.828493776735359,3034.9996370000017,1.0
2025-12-02,NC-SBY-TMR-13,0.9990933814054912,603,10123.3084723,31862.09719280002,8.914367733155084,44,0.637105614973262,73,8.669823041054526,13,3.680563615871307,3499.913481,1.0
2025-12-02,NC-SBY-TMR-14,0.999665001202665,1098,8231.676146600004,24918.62660719999,9.292942795422542,46,0.6391910211267604,69,8.873350903542008,6,3.2792612472022045,3395.847708999999,1.0
2025-12-02,NC-SBY-TMR-8,0.999200797786785,597,7467.876678400005,24779.0586403,8.413190196296291,39,0.6559333333333337,70,8.892825097954487,7,3.805538147028594,2523.437522,1.0
2025-12-02,NC-SBY-TMR-9,0.9900964148647384,538,7225.427573900001,25347.62482260001,9.701173692666664,30,0.6390974999999995,58,8.873243013875706,11,5.0951127443739725,2609.457819000001,1.0
2025-12-02,NC-SBY-UTR-1,0.9999510845730863,1618,6858.120737000002,22769.897150200017,7.953748421035598,67,0.6527969255663431,62,8.21217489775153,64,3.5053700502620857,2344.8924759999995,1.0
2025-12-02,NC-SBY-UTR-2,0.9949329827896328,2766,11712.282406000004,42830.7692329,7.504783068421052,75,0.723314692982456,131,8.666579587347474,20,3.959168397844665,4201.694060999999,1.0
2025-12-02,NC-SBY-UTR-3,0.9968636410390308,502,7928.123684800001,26732.32302299999,8.647028498976098,50,0.668554891808874,72,9.052619444864526,12,3.9270500900245806,2798.563093,1.0
2025-12-02,NC-SBY-UTR-4,0.995006670398358,1778,7110.725629900004,23209.2156339,8.831229836111106,31,0.6853194444444448,61,9.077515821891826,6,3.918778090189545,2550.435074,1.0
2025-12-02,NC-SBY-UTR-5,0.9977066572052332,2437,8508.537557099997,26396.909469300004,9.49752641138211,44,0.576581526558265,59,8.84569340560442,36,4.632001552166519,3783.485121,1.0
2025-12-02,NC-SBY-UTR-6,0.9911568213783404,1165,7237.3655715,19938.340500799983,11.721835904794508,20,0.5703527397260278,34,9.029529676107776,16,5.779101972822293,2994.102169999999,1.0
2025-12-02,NC-SBY-UTR-7,0.9999995285509542,1366,10466.9932993,32499.947898099992,10.03567266505376,22,0.6158026432795698,67,8.88678712510267,15,5.197692291258809,4893.285625,1.0
2025-12-02,NC-SDA-UTR-24,0.999998294691032,1032,10555.246854300009,34367.6397402,9.61319936143617,31,0.6265384451030928,64,8.969936978844977,5,4.407489809256131,3734.3685800000007,1.0
2025-12-02,NC-SDA-UTR-25,0.9999071259709558,1142,8014.668653199993,26297.44375239997,10.305616886309522,35,0.6065200892857139,56,8.774054096691316,14,4.413951079906216,2656.4700050000006,1.0
2025-12-02,NC-SDA-UTR-26,0.9952680035685704,5666,8850.193447500002,28918.310324600006,11.998656697289972,23,0.5643326558265583,44,9.178131171480048,11,5.283194437966189,3797.277066999999,1.0
2025-12-02,OA_CLUSTER,0.9975395869141092,27543,195814.1917691,624632.1259259,9.464151607963649,982,0.6306394115713055,1540,8.82800882384497,423,4.196265743319463,74336.85063300001,1.0
2025-12-03,NC-SBY-BRT-15,1.0,2103,9361.36746889999,26395.91293900002,8.735190103207001,62,0.6337405247813411,83,8.74932681429116,37,3.4498918387424253,3558.9407110000016,1.0
2025-12-03,NC-SBY-BRT-16,0.9981598407281002,786,9710.336231999996,32874.61603529999,7.500415938690472,54,0.6909880952380949,96,8.843669199009677,8,3.6046104090069537,3382.820641999999,1.0
2025-12-03,NC-SBY-BRT-17,1.0,1280,8983.278955600003,29848.519257500004,9.910011958423915,33,0.605398097826087,60,8.733628133172237,15,4.292280086170842,3557.5191680000003,1.0
2025-12-03,NC-SBY-SEL-18,1.0,922,10140.090364899994,33089.70236259999,11.856561679227042,36,0.5807795893719805,70,9.095246553850853,16,4.637244539443076,3586.9058939999995,1.0
2025-12-03,NC-SBY-SEL-19,1.0,802,8977.085104000003,28078.6439485,9.703186375213676,30,0.6213205128205127,59,8.59965066110339,18,4.703819381932908,3754.8483260000016,1.0
2025-12-03,NC-SBY-SEL-20,0.9998010893782208,1255,8640.032870199997,26473.909683899998,8.923228558235296,60,0.6419022058823527,79,8.605844788124525,37,3.3591960640504666,3119.919935999999,1.0
2025-12-03,NC-SBY-SEL-21,0.9996043036670248,860,7828.029694099996,24212.4202443,8.934967092673995,52,0.6513104395604394,74,8.720848855861012,11,3.2266625943708505,3113.8031189999992,1.0
2025-12-03,NC-SBY-SEL-22,0.9844256080404729,977,9466.007377999997,26326.052174400007,10.290877153225804,68,0.6026164873655914,80,8.937540806095202,46,3.13832109277946,2945.810275,1.0
2025-12-03,NC-SBY-SEL-23,0.9986913580246912,824,6937.5783257,22472.96710900001,7.718155175757574,45,0.7333445164502164,49,9.134528749134276,11,3.868362198432744,2722.696773000001,1.0
2025-12-03,NC-SBY-TMR-10,0.9923077016344148,1200,7049.026428199997,22631.99652880002,10.70324082013889,24,0.5899696180555558,48,9.002866348210981,5,4.954650112604045,2632.657302000001,1.0
2025-12-03,NC-SBY-TMR-11,1.0,1196,9412.323298499994,28969.269936699995,8.549719160714291,51,0.6403288690476183,73,8.689924201242249,9,4.000547925732529,3766.334654999999,1.0
2025-12-03,NC-SBY-TMR-12,1.0,648,7486.7136730999955,23622.29545000001,10.825054798750006,30,0.5948859374999995,55,8.884079543164868,17,4.317099516984076,3061.042631000001,1.0
2025-12-03,NC-SBY-TMR-13,1.0,563,9926.121433600005,32428.266072899994,8.271507309358295,66,0.6611497326203208,100,8.563938854850974,12,3.38233305913002,3617.077636,1.0
2025-12-03,NC-SBY-TMR-14,0.9991175815392952,1130,8272.039362600002,24950.017065899985,9.096625954577458,51,0.6393931926056347,71,8.86599234412813,5,3.262169407086103,3394.4120290000005,1.0
2025-12-03,NC-SBY-TMR-8,0.9998644187589965,540,7385.759895300001,24927.164823599986,8.331858949259251,32,0.652312037037037,62,8.899621410907073,7,4.001689039785578,2563.7981739999987,1.0
2025-12-03,NC-SBY-TMR-9,0.995082909963308,477,7221.035875399996,25348.8504683,10.033162046864684,31,0.6261476897689773,52,8.891656707295024,7,5.03503769626472,2597.878728,1.0
2025-12-03,NC-SBY-UTR-1,0.9999984245943332,1761,6816.624953799996,22959.242964400044,7.839122751456312,63,0.6545833333333335,61,8.261286475131687,58,3.732070169910544,2440.434744,1.0
2025-12-03,NC-SBY-UTR-2,0.9998409164695516,2291,11778.214142799992,42996.30061280001,7.386966491447366,88,0.7222368421052631,130,8.651046834869287,20,3.666645277564621,4256.568373000001,1.0
2025-12-03,NC-SBY-UTR-3,1.0,542,7840.018703800004,26754.3912522,9.000608680887375,50,0.6570733788395912,68,9.084739407504568,7,3.9024578255604174,2805.4147559999983,1.0
2025-12-03,NC-SBY-UTR-4,1.0,1685,7084.594826200003,23492.4507124,8.837172872222226,39,0.6739920634920636,61,9.127497249422715,4,3.971496536827464,2607.27114,1.0
2025-12-03,NC-SBY-UTR-5,0.9997859779310878,1759,8716.11412089999,26547.094223500004,8.924032057452576,40,0.606909891598916,72,8.791419787447557,37,4.332849578202023,3988.9647139999993,1.0
2025-12-03,NC-SBY-UTR-6,0.996827581799591,1183,7205.0406218,20208.82178340001,11.117032824315068,21,0.5775456619863013,31,8.987726744721561,12,5.665100505002029,2914.9403070000008,1.0
2025-12-03,NC-SBY-UTR-7,0.9941619203637032,948,10528.719287,32223.200712600006,10.01782873064517,26,0.6184247311827955,72,8.860037966300025,17,4.41623453881073,4863.281694000003,1.0
2025-12-03,NC-SDA-UTR-24,0.9999820174687446,526,10407.766850900003,34578.79136060001,9.630903582428935,28,0.6236411082474229,71,8.952652561792098,6,4.37627519652151,3743.185946000001,1.0
2025-12-03,NC-SDA-UTR-25,0.9999383092901613,353,8054.086637100006,26524.04539899999,9.550782825,41,0.6276212797619044,69,8.670081912778013,17,3.981519164631313,2726.123819000001,1.0
2025-12-03,NC-SDA-UTR-26,0.999130206475647,1766,8866.418087799993,28989.60609270001,11.923295914363145,17,0.5660772357723576,42,9.206684554740836,15,5.524054811034808,3850.970511000001,1.0
2025-12-03,OA_CLUSTER,0.998127152518936,25732,196766.15301639997,627832.106362,9.259002186257622,1052,0.6370580329446064,1606,8.81386484531204,416,4.034502674986846,75253.341727,1.0
2025-12-04,NC-SBY-BRT-15,0.9984636739536022,3211,9006.4343055,26786.303489399983,8.303001561988301,73,0.6502207602339184,92,8.750697431557892,41,3.4883934575357496,3821.786008999999,1.0
2025-12-04,NC-SBY-BRT-16,0.9999943273139832,891,9703.461769399992,33647.5591101,7.347825504166666,54,0.6949327874999998,93,8.891167355759134,6,3.759870216507847,3524.539851000001,1.0
2025-12-04,NC-SBY-BRT-17,0.9999657512445412,1428,8970.727195200003,30503.661366200013,9.778010721195647,42,0.6160153986413042,67,8.712956856980862,19,4.233568545609706,3701.0392669999983,1.0
2025-12-04,NC-SBY-SEL-18,0.9999966900889552,1246,10058.650360399994,33691.3945084,11.344049608454108,40,0.5878524557971015,74,9.044069594827418,18,4.478777451695501,3711.851518,1.0
2025-12-04,NC-SBY-SEL-19,0.9635045345178604,1759,8918.929597299999,27760.390824799983,8.740364484523822,55,0.6537958830357142,79,8.491426133194384,22,3.5235905176935325,3775.230425999999,1.0
2025-12-04,NC-SBY-SEL-20,0.995417746864444,992,8852.985420999994,26975.544131200008,7.836452992941172,84,0.6686389705882356,101,8.449877035832495,46,2.646995541703007,3263.0741180000014,1.0
2025-12-04,NC-SBY-SEL-21,0.9999341511895692,782,7908.187098300001,24717.455764700004,8.638109695238098,66,0.6642805252747256,72,8.70623500975209,10,3.1734923074901324,3313.1137759999992,1.0
2025-12-04,NC-SBY-SEL-22,0.9664185615294756,1000,9622.256189699998,26722.8267958,10.100267050537642,72,0.6130203854838716,86,8.958230097458507,43,2.839470924777004,3119.761957,1.0
2025-12-04,NC-SBY-SEL-23,0.9999984860183796,1004,6904.081925099999,22682.6647195,7.265377315584416,48,0.7489599567099572,68,8.873971342934901,15,3.6380173663327953,2846.9924210000004,1.0
2025-12-04,NC-SBY-TMR-10,0.999625420415498,1649,7007.496144100006,23292.89278339998,10.384737742708335,27,0.613304108680556,45,8.969891136595733,6,4.789843875834878,2740.16292,1.0
2025-12-04,NC-SBY-TMR-11,0.9998324119106012,1182,9433.536491599998,29539.101026299995,8.284293148809521,49,0.6476145833333333,80,8.685918213286651,8,3.694686470397308,3994.56474,1.0
2025-12-04,NC-SBY-TMR-12,0.9999840235316954,629,7501.612118700003,24234.260222299992,10.531542492812502,32,0.5947945312499995,56,8.887892355701819,15,4.158825550754346,3192.0743189999994,1.0
2025-12-04,NC-SBY-TMR-13,0.9998348221810214,1140,9996.665603699994,32947.61845829999,8.393511220588241,71,0.6703270943850271,104,8.56162899252161,17,3.304272406005432,3824.8277910000006,1.0
2025-12-04,NC-SBY-TMR-14,0.999589326603396,1261,8218.789556400006,25181.870452099985,8.316698883098585,58,0.6656945422535211,82,8.824254512052146,8,2.978325537528862,3529.6469530000004,1.0
2025-12-04,NC-SBY-TMR-8,0.9999947939036612,1175,7447.366473400005,25541.669025399995,7.381989308518516,39,0.6792419751851854,72,8.857913571220474,9,3.908385764764781,2577.3040379999998,1.0
2025-12-04,NC-SBY-TMR-9,0.994388361021825,913,7316.0848609,26044.6250215,9.511589601980202,35,0.6457722772277238,57,8.831586391268964,12,4.685149097859514,2740.351038,1.0
2025-12-04,NC-SBY-UTR-1,0.9999984193114972,2038,6855.933244299999,23529.2224932,7.223205425889968,74,0.6805469255663438,86,8.218160342153261,55,3.394138305663687,2617.475848,1.0
2025-12-04,NC-SBY-UTR-2,0.9998604938271604,1699,11812.682495,43929.68219379996,7.171183236184206,83,0.7311350510964908,136,8.645734550888138,15,3.605229279573562,4419.001271,1.0
2025-12-04,NC-SBY-UTR-3,1.0,563,7750.277160900003,26889.67908460001,8.958916202730375,49,0.6664343003412976,75,9.04996141529004,10,3.9290052738060126,2929.029048000001,1.0
2025-12-04,NC-SBY-UTR-4,1.0,1548,7271.243372099998,24267.3617324,7.698551415873025,56,0.7107662035714281,76,8.984754211160428,4,3.4585638461257173,2685.461205000001,1.0
2025-12-04,NC-SBY-UTR-5,0.999884385253812,1433,8798.217235600001,27570.4951629,8.747586453658538,45,0.6074979672086718,78,8.781881018121238,45,3.994703812199897,4291.284516,1.0
2025-12-04,NC-SBY-UTR-6,0.9931540736715684,1138,7193.145555500003,20798.23783819999,11.530000860273972,32,0.5792465753424657,42,8.986477707194512,11,5.365344078147501,3091.0572920000013,1.0
2025-12-04,NC-SBY-UTR-7,0.9967994902429312,871,10421.091594400004,32642.56418890001,10.025453407258066,42,0.626373655913978,84,8.87939757514572,16,4.343119754188552,5103.123324999997,1.0
2025-12-04,NC-SDA-UTR-24,0.999421523497933,735,10411.092349199998,35233.244967199986,9.226501159793814,29,0.6306849226804121,76,8.927101178071993,5,4.241909166707359,3831.124937000001,1.0
2025-12-04,NC-SDA-UTR-25,1.0,573,8074.266172800003,26836.273977499983,9.449720326190477,43,0.6347529761904759,71,8.678193040081029,23,3.863154663953169,2760.175368,1.0
2025-12-04,NC-SDA-UTR-26,0.9998546005034878,553,8966.715846800005,29888.10040459999,11.665801804065046,20,0.5932299008130077,58,9.147988710136085,17,5.100699454705498,4103.63909,1.0
2025-12-04,OA_CLUSTER,0.9956576806363696,29552,196969.85576849995,639897.0803933999,8.88542427164456,1226,0.651150299351414,1805,8.77805017392777,451,3.796966203363744,78812.753647,1.0
2025-12-05,NC-SBY-BRT-15,0.996511891709248,2375,9353.888033899988,27246.0515068,7.518951634821427,77,0.6794950395833339,91,8.777147201172255,43,3.167128882819545,3912.660021999998,1.0
2025-12-05,NC-SBY-BRT-16,0.9921386319300232,1656,9799.3395304,33164.90713260001,5.7632614375000015,95,0.7354615577380953,99,8.801347152698304,18,2.9022456600088886,3493.6361310000007,1.0
2025-12-05,NC-SBY-BRT-17,0.99983750923243,2061,9143.639166500005,30464.50457480001,9.254059504076093,40,0.6266827445652171,72,8.729681784686854,16,4.190127786061019,3697.8517039999983,1.0
2025-12-05,NC-SBY-SEL-18,1.0,1040,10014.093777199996,33511.797773299964,11.647694275845415,48,0.5856086956521739,70,9.029384641723556,22,4.3782217352003805,3665.549731999999,1.0
2025-12-05,NC-SBY-SEL-19,0.9992134742508808,1151,8855.695382600003,28518.800535600018,9.887335848717957,39,0.6187393162393163,63,8.728338798126092,14,4.682967053224619,3817.269762,1.0
2025-12-05,NC-SBY-SEL-20,0.9993075210303658,989,8576.481582399996,26216.565582299994,8.458968495588229,58,0.6484139705882357,82,8.497465753136188,41,3.2968657065951668,3146.485874999999,1.0
2025-12-05,NC-SBY-SEL-21,0.9929390147259888,940,7827.590902200001,24497.993562300016,8.896212817948719,53,0.6642646520146517,66,8.806186029412196,15,3.239819319962961,3201.306106999999,1.0
2025-12-05,NC-SBY-SEL-22,0.9658611798274892,1170,9732.213480300004,27218.906204099992,9.660824406451614,76,0.6180873655913975,86,8.894542998601366,53,2.441806423631327,3155.392941000001,1.0
2025-12-05,NC-SBY-SEL-23,0.9932899931858266,1155,6886.074724600002,22606.3011112,8.09917018874459,47,0.7257175324675326,63,9.072192050305857,12,3.514931833046973,2818.341222,1.0
2025-12-05,NC-SBY-TMR-10,0.9987030000361886,1672,6989.380718299995,23167.72348849999,10.602007135069444,24,0.6004933447916667,41,8.955709969498733,9,4.680610305950442,2702.091581,1.0
2025-12-05,NC-SBY-TMR-11,0.9999080714317744,1210,9318.687609100003,29481.765381000005,8.621489675,48,0.6436086309523807,80,8.762488015407207,10,3.899268064274772,3884.017414,1.0
2025-12-05,NC-SBY-TMR-12,0.9992740704733224,1093,7460.1405952,23734.486781600004,10.429784950624995,35,0.6017242187500005,65,8.859082617364507,22,4.176948797595099,3068.504432,1.0
2025-12-05,NC-SBY-TMR-13,0.9988214924558776,1925,9909.118509700003,32640.3585378,8.522958393315516,71,0.6531490641711224,106,8.618271665416323,17,3.2992966923804645,3624.997714999999,1.0
2025-12-05,NC-SBY-TMR-14,0.9980102533620624,641,7922.504692900002,24464.996252599984,8.81148484823943,52,0.6534339788732394,69,8.902568822383445,12,3.569275568937905,3317.202163000001,1.0
2025-12-05,NC-SBY-TMR-8,0.999541354309429,2464,7365.989583499998,25425.324582,7.484798431481479,49,0.6688435185185189,72,8.887046777188257,6,3.7755195749537793,2523.269599,1.0
2025-12-05,NC-SBY-TMR-9,0.9898009769087692,525,7195.3525303000015,25937.1958337,9.874488431666666,34,0.6403383333333332,65,8.909822960520511,9,4.528571827166777,2663.628644,1.0
2025-12-05,NC-SBY-UTR-1,0.997290326021938,1964,6726.201941400003,22420.85755079999,7.950391636245954,72,0.6518770226537215,66,8.285394263463548,56,3.41091102830289,2326.3283220000008,1.0
2025-12-05,NC-SBY-UTR-2,0.9992348637007727,1969,11730.1906433,44086.95653519999,7.410023416447366,88,0.7206940789473685,126,8.653068144921512,24,3.5960697861371296,4308.611233000002,1.0
2025-12-05,NC-SBY-UTR-3,1.0,624,7790.0410802,26863.12713489998,9.07680879112628,53,0.6589274744027303,67,9.048272493421102,11,3.8814936986180673,2847.7191570000005,1.0
2025-12-05,NC-SBY-UTR-4,0.9998365684962072,1725,7167.035440300001,24089.806496200006,8.54434013015873,39,0.6858462301587299,61,9.108371096225849,7,3.905903974315362,2600.212771999999,1.0
2025-12-05,NC-SBY-UTR-5,0.9967584537299136,1621,9001.350567100002,27404.076064799992,8.588265773170727,47,0.6005311653116526,68,8.82851658766249,38,3.772178223902183,4156.400438,1.0
2025-12-05,NC-SBY-UTR-6,0.9999779541446208,1076,7213.596638299998,20620.358933999985,11.050315822260265,31,0.58778595890411,45,8.885528399447917,10,5.070296260391446,3019.341442,1.0
2025-12-05,NC-SBY-UTR-7,0.999552089657964,1485,10432.936486899996,32925.92917779998,10.180945041397855,34,0.6174280913978496,69,8.874801721491473,16,4.446512839537542,4963.675832999998,1.0
2025-12-05,NC-SDA-UTR-24,0.9930191037144878,1394,10592.703354000016,34948.153085899976,8.610853979381439,65,0.6564437283505156,101,8.821416482004418,8,3.5919873891541068,3912.865542,1.0
2025-12-05,NC-SDA-UTR-25,1.0,455,7989.398175500001,26973.2533714,10.290252978273813,36,0.6150066964285715,65,8.742959667314606,15,4.302400909299207,2798.4641019999995,1.0
2025-12-05,NC-SDA-UTR-26,0.9958869429850166,692,8836.456119000004,29805.582679299994,11.909986572357736,29,0.572969512195122,49,9.229442904152132,18,5.278809084499784,3984.3699029999993,1.0
2025-12-05,OA_CLUSTER,0.9962839485205668,32531,196411.5436166,636708.7907339,8.98692212343746,1210,0.6459910153866559,1692,8.81199550207247,481,3.81206372517305,76914.49424100001,1.0
2025-12-06,NC-SBY-BRT-15,0.9951447708901864,3373,9465.735098999994,27090.116962699984,8.186777935798824,55,0.6548833825443786,77,9.007728651755594,41,3.96203610869146,4103.372196000001,1.0
2025-12-06,NC-SBY-BRT-16,0.9994754277863211,817,9530.477730799998,34223.953565500015,8.870279537202386,20,0.6544122023809524,58,8.9879393511744,7,5.18781554238757,3703.425613,1.0
2025-12-06,NC-SBY-BRT-17,0.9999597694590276,1609,9183.2699106,31233.05119730001,10.28938886684784,33,0.591012001902174,57,8.76769201311143,19,3.584551566650948,3980.97086,1.0
2025-12-06,NC-SBY-SEL-18,0.9999795474770996,1367,10632.9705255,34102.2612212,12.537947206280192,45,0.5617081321256041,64,9.022847583896343,15,2.661648964153642,4119.329154000002,1.0
2025-12-06,NC-SBY-SEL-19,0.9995994527753762,1298,7598.354097900004,26637.8472975,13.675029098860406,12,0.5052084518518518,34,8.973889150504693,6,6.465946916686474,3281.142189,1.0
2025-12-06,NC-SBY-SEL-20,0.99986228209963,684,7575.8032839,25314.3964645,11.094744083529404,30,0.5667696076470586,46,8.794627140083149,30,4.774641129178549,2903.051607,1.0
2025-12-06,NC-SBY-SEL-21,0.9997995092884684,761,7361.065970499998,24403.603239600005,10.295859149816849,26,0.6085763128205135,45,8.94115127366185,11,4.8374440537328,3171.162605,1.0
2025-12-06,NC-SBY-SEL-22,0.9968932297616327,1043,8812.7471208,26230.806404100003,10.276660544903583,60,0.5839139118457295,75,9.029500746930228,41,3.14340988282512,2895.376071000001,1.0
2025-12-06,NC-SBY-SEL-23,0.9990955389506512,1398,6750.6564917000005,22316.19958709998,8.496695253246756,48,0.6936713567099567,51,8.981154813914797,12,3.788585908040336,2833.803618,1.0
2025-12-06,NC-SBY-TMR-10,0.99977920998039,3033,6674.515526300003,22531.375149799976,11.11714503819444,19,0.574092014236111,25,8.875305733436296,18,5.4251948604316205,2750.873282,1.0
2025-12-06,NC-SBY-TMR-11,1.0,978,8443.155088800004,28121.73512800003,11.2000704845238,15,0.5644561011904761,40,8.931861545897597,5,6.021117820413132,3659.2205410000015,1.0
2025-12-06,NC-SBY-TMR-12,0.9990568357627267,588,6893.708308799996,23555.451995699983,13.66326805766872,16,0.5147244374233129,34,9.192883950085344,11,5.820310299139496,3023.671475999999,1.0
2025-12-06,NC-SBY-TMR-13,0.9995356881091618,581,8936.9320841,31429.840916800003,11.054952614209125,32,0.5802286096256684,55,8.797463021085397,12,4.950220952406972,3357.190282,1.0
2025-12-06,NC-SBY-TMR-14,0.9997816588556924,489,7441.101428200006,24748.4051129,12.577058989527035,16,0.5490436375000005,39,9.072974074643923,9,5.55811678912362,3466.0410780000016,1.0
2025-12-06,NC-SBY-TMR-8,0.9995918736358118,3548,7379.119970900002,26164.951543,8.744417995185183,21,0.6447814814814817,55,8.919526422463875,3,4.858178447163095,2572.817118000001,1.0
2025-12-06,NC-SBY-TMR-9,0.9898437885680031,926,7055.117643599999,26126.1674744,11.593770791666662,19,0.5884758333333332,36,9.038049963969414,8,5.742772527505172,2791.045872,1.0
2025-12-06,NC-SBY-UTR-1,0.999893592961983,968,5507.327028599999,20863.585442000007,11.939585279288025,24,0.5241259440129447,27,8.720767562885607,40,5.891796753009495,1936.92161,1.0
2025-12-06,NC-SBY-UTR-2,0.999723897786714,2176,11680.158231700005,44993.06491060005,8.758742530921065,49,0.6804950660087726,85,8.720466900247162,13,4.901654490276877,4562.716796,1.0
2025-12-06,NC-SBY-UTR-3,1.0,443,7113.309648299997,26049.775742699992,11.415091646757686,20,0.5806493174061431,35,9.21629684361226,5,5.519371821530005,2613.8691660000013,1.0
2025-12-06,NC-SBY-UTR-4,0.999947303509362,2466,6644.420404999998,22933.13915629999,10.227807963492063,23,0.6300456349206346,40,9.226643262315363,2,5.1482608064095405,2421.1534080000006,1.0
2025-12-06,NC-SBY-UTR-5,1.0,2021,9466.181486199996,28327.3575612,8.990778693066668,58,0.6019633333333334,64,8.83939450982167,55,2.8924723683716853,4451.511418000002,1.0
2025-12-06,NC-SBY-UTR-6,0.9999887382026272,1228,6603.854189499998,19909.703932599983,13.24335858527398,14,0.5110065412969285,26,9.163831290057365,4,6.107046089096466,2998.063126,1.0
2025-12-06,NC-SBY-UTR-7,1.0,850,9705.323789399998,32410.59776329998,12.186982947849454,6,0.56400425672043,35,9.058545662334485,14,6.475985910408039,4918.005446000001,1.0
2025-12-06,NC-SDA-UTR-24,0.988184264888402,1038,10260.934534200003,35344.68617859998,9.952624560309284,26,0.6169626288659795,55,8.962542854320494,7,5.087167782376583,3875.951513,1.0
2025-12-06,NC-SDA-UTR-25,1.0,561,7525.124389799994,26683.33504920001,12.238059780059526,10,0.5551051586309527,28,9.037772186102996,4,6.355328732543224,2715.7743200000004,1.0
2025-12-06,NC-SDA-UTR-26,0.9947750975010834,1973,8519.159789600002,29734.450772799984,13.402807512195126,18,0.5319415086720866,31,9.349416567389737,16,6.752005527282145,3980.632224,1.0
2025-12-06,OA_CLUSTER,0.9990218787094078,32645,186455.30506010004,629717.3877688,10.89612781116508,661,0.587639717414318,1103,8.958958282513345,381,4.898474609587702,76514.734532,1.0
2025-12-07,NC-SBY-BRT-15,0.9940321462208008,2089,8900.316263599994,27352.27763700001,8.685309005654764,55,0.634898809523809,78,9.070730434748096,40,3.829314383083413,4112.138775,1.0
2025-12-07,NC-SBY-BRT-16,1.0,897,9442.453923399991,36112.4504981,8.517997321428568,31,0.6761240080357144,64,8.985099357751334,8,5.026728312140765,4011.585469000001,1.0
2025-12-07,NC-SBY-BRT-17,0.9998354462982572,1373,8873.143831399993,31841.690636099986,10.36426553913044,32,0.5937839673913047,60,8.817318483721463,18,4.384931618746916,3996.76976,1.0
2025-12-07,NC-SBY-SEL-18,0.9998135740900466,3917,9102.349666000002,33556.5886235,13.670065477536234,29,0.5409378019323671,51,9.242260436433252,12,5.303337930813313,3902.693694,1.0
2025-12-07,NC-SBY-SEL-19,0.998981040841506,898,7598.159524099998,26561.600321,12.986918157549855,21,0.53274905042735,42,8.826918119164244,6,5.365687559498218,3353.7962800000005,1.0
2025-12-07,NC-SBY-SEL-20,1.0,648,6973.2276175000015,25149.4443943,11.812361552941177,30,0.5395367647058823,48,8.826101291369586,35,4.2788382369338045,2838.656151,1.0
2025-12-07,NC-SBY-SEL-21,1.0,682,6801.972940400006,24077.577970999995,10.992136402930402,26,0.5924963369963363,40,8.954475289248371,8,4.8306781158081895,3148.8873470000003,1.0
2025-12-07,NC-SBY-SEL-22,0.9976657078300742,1474,8671.674899699994,26788.806773400007,10.147249667679556,58,0.6031850828729287,79,9.000771899124448,38,2.67830766891181,2931.659301,1.0
2025-12-07,NC-SBY-SEL-23,0.9999336248355856,668,6478.4532905000015,22741.7566486,10.410393948484852,21,0.6371345597402596,42,9.12402615638233,8,5.149749685670029,3023.966563999999,1.0
2025-12-07,NC-SBY-TMR-10,0.9980744813377412,1528,6162.009782100001,22552.2441355,12.819776407333343,17,0.5297841666666663,36,8.990794323069018,24,6.09108292987166,2694.3115800000005,1.0
2025-12-07,NC-SBY-TMR-11,1.0,926,7712.816523299994,27740.1907473,12.107900770535714,17,0.5480937499999996,45,9.04618758738347,7,5.706974886352834,3479.0697810000006,1.0
2025-12-07,NC-SBY-TMR-12,0.9968884018098032,1162,6471.896256399999,22802.8405387,13.686706773926373,24,0.5168765337423312,44,9.1580458967533,9,4.916223338019861,2907.537716,1.0
2025-12-07,NC-SBY-TMR-13,0.9999887747761156,459,8110.412475000001,31061.91317509999,11.940678139304824,40,0.5546751336898398,52,8.850287165070108,16,4.543122889410235,3396.326233,1.0
2025-12-07,NC-SBY-TMR-14,0.999833093241602,1024,7228.976786100001,25297.5463809,11.539604519594585,28,0.5686942567567569,45,8.973302694380067,13,5.364834640558378,3472.3910679999994,1.0
2025-12-07,NC-SBY-TMR-8,0.9999557123716716,1927,7366.524492199995,27378.11613100001,8.130507861111107,35,0.6638324074074075,64,8.863225037312745,8,4.258208924023777,2784.326258,1.0
2025-12-07,NC-SBY-TMR-9,0.9943434877653198,529,7038.161889399998,27580.065598800003,11.43623351089108,18,0.5924455445544556,38,8.989711172115706,7,5.806322334518544,2888.767614000001,1.0
2025-12-07,NC-SBY-UTR-1,0.9999385102294563,1875,5291.300085299996,20818.505081200004,13.035788662012994,37,0.4826218987055015,28,8.72470091918906,41,4.3128711696111575,1934.457711,1.0
2025-12-07,NC-SBY-UTR-2,1.0,2769,12242.257349799997,48427.954605000006,7.673377433552638,71,0.7112987938596489,128,8.605976505786401,23,3.972644587693143,5129.951617000001,1.0
2025-12-07,NC-SBY-UTR-3,1.0,565,6808.7583715,26396.3089129,12.276448885324234,36,0.5720648464163822,46,9.2627157274295,11,4.821280666669032,2673.443169,1.0
2025-12-07,NC-SBY-UTR-4,1.0,1562,6293.362333700004,22762.821001399992,11.93801833015872,21,0.5772271825396824,43,9.364002427061614,2,5.1026378209856125,2338.817618,1.0
2025-12-07,NC-SBY-UTR-5,1.0,1196,8643.51338300001,28117.586689899963,10.36560653893333,40,0.5643553333333334,61,9.083054890395198,49,3.53451926823537,4376.0335700000005,1.0
2025-12-07,NC-SBY-UTR-6,0.9998645327502776,884,6009.214587100001,18736.1455105,14.973331882935154,11,0.4708046075085326,19,9.356683424759307,6,6.674681233660249,2820.1834010000016,1.0
2025-12-07,NC-SBY-UTR-7,1.0,683,9047.063979300005,32290.080407199966,12.300203494354845,11,0.5586196236559137,42,9.085618422386242,19,5.974954870572403,4944.581954999999,1.0
2025-12-07,NC-SDA-UTR-24,0.9999285498896984,499,9764.538880200002,36281.857729700016,10.879179057216492,19,0.5939780927835053,50,8.999647905036216,6,5.307359452006914,3961.314578,1.0
2025-12-07,NC-SDA-UTR-25,1.0,285,6896.114745899997,26496.6756339,13.999812442559527,17,0.5128311011904764,25,9.05494065765551,12,6.294225400503322,2673.935202,1.0
2025-12-07,NC-SDA-UTR-26,0.9999733176453948,883,8296.031199799996,30618.41956650001,13.746360650406512,15,0.5253839205962062,38,9.383274536004675,13,6.770143154659261,4184.170821000001,1.0
2025-12-07,OA_CLUSTER,0.9991008827580194,29735,177268.02025079995,636144.5124183998,11.340378545506802,709,0.5777019178361631,1195,8.997410303901686,408,4.822499802188344,77160.35263200001,1.0
2025-12-08,NC-SBY-BRT-15,0.9941453104780988,2349,9209.038031900003,26099.09124509999,8.224563579250727,68,0.6664848703170029,79,8.723938594790276,51,3.5939209042702123,3569.711728,1.0
2025-12-08,NC-SBY-BRT-16,0.99806841563786,1410,9885.089692199996,33815.51589010002,7.023205335714289,63,0.7151450892857144,95,8.852269464426046,9,3.3735755441195225,3591.307467000001,1.0
2025-12-08,NC-SBY-BRT-17,0.9998315222936436,1263,8683.646556599999,29470.04067750001,10.284810458516487,31,0.5995714285714281,60,8.799755943909274,16,4.614462474024197,3566.8243939999998,1.0
2025-12-08,NC-SBY-SEL-18,0.9998662068461764,994,9673.323711799996,32322.77481799999,12.11491828623188,40,0.5657288647342992,64,9.078672842251128,17,4.745012654336137,3489.033104999998,1.0
2025-12-08,NC-SBY-SEL-19,0.9995672417431676,983,8350.716455900003,26909.458268400005,11.052648861823366,25,0.5841666666666668,45,8.8211344179019,10,5.05334406950685,3472.0167350000006,1.0
2025-12-08,NC-SBY-SEL-20,0.9998785760279644,1230,8366.373563199995,26359.96087689997,9.10534998882353,61,0.6328264705882353,83,8.663462086932606,41,3.475373177040073,3130.033613000001,1.0
2025-12-08,NC-SBY-SEL-21,0.9998123504743536,718,7757.712912700001,24264.0863004,9.288997682783885,39,0.6438507326007326,61,8.875223323385708,7,3.682132340927311,3167.519517999999,1.0
2025-12-08,NC-SBY-SEL-22,0.9994622663052652,1023,8828.458499100005,26462.862507099955,10.801038484324325,42,0.5801444892473119,65,8.936674199089547,41,3.971239410148261,2913.2164940000007,1.0
2025-12-08,NC-SBY-SEL-23,1.0,754,6583.897754399998,21835.498520299992,8.691288153679647,41,0.7054329004329006,51,9.031031765334896,14,4.300927978560499,2712.6983410000007,1.0
2025-12-08,NC-SBY-TMR-10,0.9997043164081502,1858,7019.988408099996,22698.871510299992,11.59000541301588,25,0.5614634920634923,38,9.024186417224072,13,5.269488127253681,2694.9472260000007,1.0
2025-12-08,NC-SBY-TMR-11,0.9999989446133064,1264,9196.6234376,28529.060581899997,8.40966298145897,52,0.6526648936170213,84,8.688356588507396,12,3.5963923461403358,3825.784293999999,1.0
2025-12-08,NC-SBY-TMR-12,0.9903647044790362,658,7124.086512299999,23054.868213699992,11.772424593617025,23,0.5446241130699085,46,9.004586700327415,13,5.127274762887336,2917.8731380000004,1.0
2025-12-08,NC-SBY-TMR-13,1.0,1040,9803.8431201,32029.19002170001,8.617726365240642,66,0.657914438502674,98,8.572003115705897,12,3.4335622237531727,3613.613872,1.0
2025-12-08,NC-SBY-TMR-14,0.9987291698900536,1562,8564.213647400005,25075.391466100005,9.005026744805194,46,0.6399074675324676,71,8.790401570543972,15,3.5255681771387657,3492.6185700000005,1.0
2025-12-08,NC-SBY-TMR-8,0.9999593621399177,2158,7418.9682324,25287.584244799986,8.115131081111114,37,0.6693675925925925,64,8.867964559907227,8,4.0449728148303965,2561.7377620000007,1.0
2025-12-08,NC-SBY-TMR-9,0.9999098625140292,11159,7094.968309600005,25182.819986500024,10.008469255775577,32,0.6374117161716168,60,8.85454712337023,10,4.765634626240448,2653.453648999999,1.0
2025-12-08,NC-SBY-UTR-1,1.0,1600,6511.185982900007,22411.484744200006,8.397490844012944,53,0.6431407766990297,58,8.384295123407247,56,3.932434713785931,2355.7311330000007,1.0
2025-12-08,NC-SBY-UTR-2,0.9997209191807702,2049,11839.929404200002,44183.27992450002,7.344298966228072,86,0.7334830043859647,131,8.632225611826446,21,3.6049530070664297,4457.200181,1.0
2025-12-08,NC-SBY-UTR-3,1.0,660,7572.396042,26326.19128359999,9.72509992457338,41,0.6437755972696246,66,9.097865468290363,9,4.299362042824568,2744.038488,1.0
2025-12-08,NC-SBY-UTR-4,0.9945227781696412,1503,7040.555026399998,23346.431037399983,9.086110774603172,36,0.6682123015873013,57,9.102823814056414,4,3.848071088017956,2620.4105690000006,1.0
2025-12-08,NC-SBY-UTR-5,1.0,1203,8381.4867478,26840.369424999968,9.738398124202124,37,0.5775285904255314,57,8.824117364826739,33,4.7647044906284535,3862.826338,1.0
2025-12-08,NC-SBY-UTR-6,0.99955,1234,7107.8598277,20664.1961229,11.269766301706488,32,0.5893216723549485,45,8.972733049055481,14,5.116174638932026,3184.540731,1.0
2025-12-08,NC-SBY-UTR-7,0.9978519844200772,1376,10593.223774799995,32505.6549064,9.899280052380943,34,0.6354340828042322,82,8.850328325891766,20,4.345319346936652,5025.489331999997,1.0
2025-12-08,NC-SDA-UTR-24,0.999550408719346,1362,10121.2763072,34186.52358410001,9.28203890265958,32,0.647779920212766,71,8.879291686409225,12,4.387720359492201,3870.0218990000008,1.0
2025-12-08,NC-SDA-UTR-25,1.0,478,7813.9479627,26388.61338319999,10.32604893541666,36,0.618787946428571,54,8.766492381917143,14,4.533432262865026,2671.401717,1.0
2025-12-08,NC-SDA-UTR-26,0.9999517587491072,796,8767.1280035,29404.362524000004,12.075445730623295,31,0.5788875338753384,52,9.217722749690306,14,4.917101462646261,3915.2673059999993,1.0
2025-12-08,OA_CLUSTER,0.9987544285438624,40048,192607.5856511,625674.6825728,9.56107756273123,1010,0.6314478705598057,1560,8.835933692634551,446,4.1945659976099385,75622.626678,1.0
2025-12-09,NC-SBY-BRT-15,0.9988391619295552,2414,8997.7134844,26409.373472900017,8.216931879250719,69,0.654397694524495,88,8.728182868060593,40,3.709040293936043,3812.5665310000018,1.0
2025-12-09,NC-SBY-BRT-16,0.9996659650886396,1085,9810.102889100006,33373.9804124,7.203687155952379,60,0.7052388392857148,96,8.84519148353921,12,3.327431905569308,3603.132858,1.0
2025-12-09,NC-SBY-BRT-17,0.9998411566533876,1320,8781.748074700008,29719.14127729999,9.89111313097826,32,0.6202194293478257,62,8.746181040035689,18,4.499500720291674,3521.2313579999995,1.0
2025-12-09,NC-SBY-SEL-18,0.9992975761559736,1319,9736.89583069999,32690.169656900005,12.1253308263285,38,0.5750062400966182,52,9.159970584048027,14,5.006275906965177,3482.157901,1.0
2025-12-09,NC-SBY-SEL-19,0.9982112772053812,925,8482.461898299996,27272.92076599997,10.449898954985755,31,0.597691120797721,55,8.738386975077146,12,4.548709803730877,3532.7859240000003,1.0
2025-12-09,NC-SBY-SEL-20,0.9993441839344184,1713,8533.843804699993,26753.385978700004,8.512079152941181,64,0.6489316176470581,80,8.576403177933148,42,3.46290401822878,3186.6476299999986,1.0
2025-12-09,NC-SBY-SEL-21,0.9998999440246292,769,7802.872525400006,24629.24182850001,9.101159811721612,49,0.660516483516484,65,8.82483446922169,9,3.4646173301232777,3187.121416000001,1.0
2025-12-09,NC-SBY-SEL-22,0.9966749373225344,932,8966.18473929999,26851.65143309999,10.285562584677422,51,0.6044495965053762,71,8.922796104427178,44,3.9370448941197327,2908.4128659999988,1.0
2025-12-09,NC-SBY-SEL-23,0.9999351473922904,936,6664.354794699996,22066.70171130001,8.098404734199136,42,0.722034632034632,55,9.00830190469172,13,3.958241253867856,2656.7931839999983,1.0
2025-12-09,NC-SBY-TMR-10,0.9998513797919002,1733,6957.533433099996,22606.023770499985,10.478847871428576,22,0.5770899473015875,39,8.902522642164767,15,5.492390738789212,2729.907173,1.0
2025-12-09,NC-SBY-TMR-11,0.9999548792631316,1104,9470.066276,29342.28399509998,8.134043442261909,55,0.6516651785714285,89,8.638034924245876,13,3.5826024471573694,3949.279312,1.0
2025-12-09,NC-SBY-TMR-12,0.9935103152862222,593,7301.647326800003,23391.2371587,12.227278145481929,36,0.5588772590361448,61,8.955066054029844,14,3.860673959012604,2995.010400999999,1.0
2025-12-09,NC-SBY-TMR-13,1.0,715,9890.355548700005,32207.0155034,8.041394416574589,69,0.6816975138121544,106,8.520111862287434,14,3.1148756860215228,3622.312515,1.0
2025-12-09,NC-SBY-TMR-14,0.998921977675159,1602,8189.110911599997,25342.5369462,8.658447594915259,51,0.6549304614864866,70,8.747824516422051,7,3.791200568719181,3391.057404,1.0
2025-12-09,NC-SBY-TMR-8,0.9970135995623278,2626,7412.061803100006,24997.445930500013,7.746026218148149,40,0.679818518518519,73,8.891208743289084,7,3.927934067103868,2464.31205,1.0
2025-12-09,NC-SBY-TMR-9,0.9997986624428018,6667,7163.027547400004,25339.26834709998,9.59211719108911,35,0.6434034653465345,55,8.879989999651691,10,4.585549591557535,2658.7670510000003,1.0
2025-12-09,NC-SBY-UTR-1,1.0,1668,6600.227964,22644.66391680001,8.493670254368928,62,0.6380792880258899,57,8.372392197440625,57,3.971953400291665,2420.0758690000007,1.0
2025-12-09,NC-SBY-UTR-2,0.9998141148319644,1559,11716.164296699988,43338.2579952,7.423380780263161,84,0.7268371710526312,136,8.673035353183954,14,3.743839618296788,4393.696997999999,1.0
2025-12-09,NC-SBY-UTR-3,1.0,540,7639.744146400001,26490.46521279999,9.510166951877128,40,0.652969283276451,63,9.062745366491583,9,4.231390767324971,2751.669839,1.0
2025-12-09,NC-SBY-UTR-4,0.9939432176656152,1377,7186.750183800004,23673.7568627,7.980652338095241,43,0.6956230158730158,69,9.045910287682563,9,3.737733785807851,2612.107706,1.0
2025-12-09,NC-SBY-UTR-5,1.0,1186,8441.912268200002,26967.992432800016,10.099677719999995,33,0.5767059999999997,59,8.872757976450607,35,4.807724655175844,3913.073451,1.0
2025-12-09,NC-SBY-UTR-6,0.9926126754946768,1181,7228.455596700002,20930.501600699987,10.715284617747438,37,0.605586177474403,58,8.86334603843731,14,4.446955149547339,3256.061181,1.0
2025-12-09,NC-SBY-UTR-7,0.9997173109391376,1737,10580.4989068,33154.111185300004,9.90863249232804,29,0.6322447089947087,77,8.840645915296628,26,4.916562588981066,5201.826400999999,1.0
2025-12-09,NC-SDA-UTR-24,0.9984705257063676,721,10153.823036999998,34456.11300760002,8.625333923936171,43,0.6740924202127662,83,8.854433663316915,10,4.254956264472198,3778.351503,1.0
2025-12-09,NC-SDA-UTR-25,0.9998058220420004,912,7962.7161921000015,26814.514536999977,10.484555991666667,37,0.6153668154761908,62,8.768016588098748,17,4.533989288443968,2819.732547,1.0
2025-12-09,NC-SDA-UTR-26,0.999982403941517,932,8813.7384664,29394.1862779,11.879102501897007,24,0.5801991869918707,48,9.178522560595852,13,5.093263703245063,3941.309236,1.0
2025-12-09,OA_CLUSTER,0.9986477587910092,35701,193553.73425059995,630192.1273949,9.30279074393514,1072,0.6401025607340173,1636,8.812366075717312,448,4.107882077154398,76250.007019,1.0
2025-12-10,NC-SBY-BRT-15,0.9910952224413764,3819,9206.191726000005,26719.118749399997,8.83657981008646,62,0.6668825648414983,82,8.766348524009114,44,3.9498949548837214,3771.918989999999,1.0
2025-12-10,NC-SBY-BRT-16,1.0,1903,9816.9242413,33706.3096661,7.167467375595239,56,0.7272224702380947,92,8.83111298075626,10,3.5786642512780147,3681.177239000001,1.0
2025-12-10,NC-SBY-BRT-17,0.9976550753937784,2727,8855.8565021,30133.06875180001,9.64590876032609,43,0.6136240942934778,63,8.795142566542943,19,4.554306642704889,3427.324656000001,1.0
2025-12-10,NC-SBY-SEL-18,0.9998006342448946,1333,9684.9959608,32680.94684810001,12.705084679951703,38,0.5668369565217388,55,9.162513898047523,9,4.929526878729138,3482.4297320000014,1.0
2025-12-10,NC-SBY-SEL-19,0.9957258214219415,3122,8516.5447009,26611.657094100006,9.946000295441593,46,0.6042953464387469,48,8.7262662588593,14,4.012541510616587,3466.423459,1.0
2025-12-10,NC-SBY-SEL-20,0.9996113494008716,1780,8574.7981916,26884.14638470002,8.484781715882347,63,0.6563463235294117,83,8.56834236384645,39,3.384694067614304,3144.4510980000005,1.0
2025-12-10,NC-SBY-SEL-21,0.9747451069501436,1131,8106.406982000004,24187.697817000004,7.217875452014656,79,0.7041794871794871,83,8.674652819704962,17,2.606554874203761,3251.5964880000006,1.0
2025-12-10,NC-SBY-SEL-22,0.9947524606589262,3334,9358.677168600008,26770.80243870001,8.990405068010757,102,0.6480600357526883,101,8.759336571660889,54,2.395440358936484,3062.869322999999,1.0
2025-12-10,NC-SBY-SEL-23,1.0,829,6801.743541199995,22286.358930499988,7.947847488311688,43,0.7274967532467536,59,8.990323390202466,13,3.798308933256812,2730.166845999999,1.0
2025-12-10,NC-SBY-TMR-10,0.9999780648990264,1715,7023.090205699999,23533.023984900003,10.20508902774194,25,0.5872959677419352,47,8.873370565773968,20,5.413602686357391,2897.6175280000007,1.0
2025-12-10,NC-SBY-TMR-11,0.9949713199391472,1644,9602.829719999998,29846.86891610001,7.68359868363095,59,0.6755505952380948,88,8.61539682176077,16,3.5886550690307457,4018.041710000001,1.0
2025-12-10,NC-SBY-TMR-12,1.0,553,7036.758230400002,23310.389892800013,12.12931914578313,25,0.5537899096385539,47,8.938733750884353,12,4.827459910382903,2896.5200060000006,1.0
2025-12-10,NC-SBY-TMR-13,1.0,845,9931.829722000008,32863.671325599986,7.894576252486183,71,0.6837997237569056,110,8.559155565445957,12,3.081418000776448,3677.902788,1.0
2025-12-10,NC-SBY-TMR-14,0.999436952578724,820,8194.1825623,25869.1820117,8.992021072297309,44,0.654204673310811,71,8.760879765797212,14,3.647104923676707,3560.6449539999994,1.0
2025-12-10,NC-SBY-TMR-8,0.994239665030174,5225,7423.053807500007,24968.702471900007,7.252655921851856,52,0.6985092592592592,73,8.808889102835717,13,3.4092968123124345,2548.077355,1.0
2025-12-10,NC-SBY-TMR-9,0.9999689019827908,1823,7180.834873100003,25659.711427999995,9.316382474917496,36,0.654609735973597,68,8.816330271200478,8,4.406678594229644,2730.288771,1.0
2025-12-10,NC-SBY-UTR-1,1.0,1917,6758.008033199993,23375.762675800004,8.544729587702268,53,0.6401059870550161,58,8.416938539968006,57,3.8916716824896738,2464.4829820000004,1.0
2025-12-10,NC-SBY-UTR-2,0.9996368847562868,1529,11565.28868910002,43316.79648780002,7.642813984868422,92,0.7271008771929829,146,8.65379902725539,21,3.6285609758194974,4436.524506,1.0
2025-12-10,NC-SBY-UTR-3,0.9998745842855418,602,7713.702415900001,26886.08024019999,9.272138747781566,54,0.657085324232082,74,9.029535358773838,10,4.012679976540694,2848.1061640000007,1.0
2025-12-10,NC-SBY-UTR-4,1.0,1342,7068.696944000001,23624.8474689,8.293784745634927,44,0.6897976190476192,65,9.067148904674385,4,4.025681823977025,2602.30512,1.0
2025-12-10,NC-SBY-UTR-5,0.9998078386605784,1215,8505.7925919,27419.562376499984,9.61032041671087,46,0.5941518567639261,70,8.766184260320149,38,4.365802062842194,3936.869308,1.0
2025-12-10,NC-SBY-UTR-6,0.978680678826546,1817,7427.443889000002,20698.28654590001,10.198352095563145,47,0.6138481228668943,57,8.871398381170652,19,3.644129522895916,3252.4056280000013,1.0
2025-12-10,NC-SBY-UTR-7,0.9998879837067208,2188,10742.276563200005,33718.1926466,9.422777571164026,36,0.6518928571428576,93,8.80329655693492,24,4.288759724769915,5345.768035,1.0
2025-12-10,NC-SDA-UTR-24,0.9962721796063846,1119,10052.989855499996,33738.8434603,9.175653479521266,55,0.6646210106382977,81,8.839392071033473,12,3.704804965122994,3551.0400709999994,1.0
2025-12-10,NC-SDA-UTR-25,0.9999958508036338,437,7951.0673929,26898.93847990001,10.36636548660714,36,0.6326413690476186,60,8.748502750204262,19,4.668776004640298,2754.394802,1.0
2025-12-10,NC-SDA-UTR-26,0.9999516301832728,688,8803.736357800002,29887.07870150001,12.5747121802168,20,0.5833468834688348,46,9.218890360501325,14,5.461082680807915,3992.299042999999,1.0
2025-12-10,OA_CLUSTER,0.9967751068804758,43213,195095.92726180004,635071.1851531002,9.07867962997763,1216,0.6500696144097905,1733,8.788335809134166,487,3.901664967210839,77233.91268600001,1.0
2025-12-11,NC-SBY-BRT-15,0.9995231344183606,3954,9172.391483699994,27416.112229199996,8.86819898559078,51,0.6741080691642648,85,8.81765341838856,48,4.023158866627927,3795.931357000001,1.0
2025-12-11,NC-SBY-BRT-16,1.0,1236,9731.3567066,33804.76763789999,7.259655315178574,67,0.7454263392857143,106,8.840220311807462,23,3.4585059986526985,3702.256245,1.0
2025-12-11,NC-SBY-BRT-17,0.993244448247015,4148,8727.455736900005,30061.2476143,10.3198394138587,31,0.6185108695652176,68,8.872394351707923,20,4.546046924865527,3430.7563700000005,1.0
2025-12-11,NC-SBY-SEL-18,1.0,803,9698.716732599994,33261.40343089997,12.397858731400968,45,0.5814474637681162,68,9.132556516671327,14,4.62725557454069,3523.6607710000008,1.0
2025-12-11,NC-SBY-SEL-19,0.9873864056398988,1323,8476.890422099994,27096.517652400016,10.061916300854705,38,0.6228224122507127,54,8.705354251748162,19,4.573130952906627,3505.049143999999,1.0
2025-12-11,NC-SBY-SEL-20,0.999965107570806,1742,8687.615409199994,27057.1998454,8.610157102647051,67,0.6709514705882356,90,8.543414345347381,49,3.0218950287321795,3117.595215,1.0
2025-12-11,NC-SBY-SEL-21,0.986537045821913,1495,7975.927982300002,24549.851757,8.991156569963369,54,0.6846868131868129,70,8.754841818630265,21,3.256004331529005,3191.4693729999985,1.0
2025-12-11,NC-SBY-SEL-22,0.9969857841464802,2152,8887.593962899993,27193.924846600006,10.018053120698928,54,0.6109941755376344,75,8.993353149342699,44,3.726209802376816,3039.137440000001,1.0
2025-12-11,NC-SBY-SEL-23,1.0,816,6790.704681199998,22785.33713249999,7.803852894372288,48,0.7542770562770561,70,9.00102092907697,16,3.5511819105756914,2761.582693,1.0
2025-12-11,NC-SBY-TMR-10,0.9802238335950793,2927,7055.174971999994,23164.1739831,10.279767388709676,30,0.589900806451613,49,8.85491853806576,21,5.227820569733136,2934.72901,1.0
2025-12-11,NC-SBY-TMR-11,0.99558181315644,1231,9463.1788062,29985.087033999967,7.902667089880951,58,0.6786971726190478,92,8.658982383519174,18,3.6430356083724384,3945.839071,1.0
2025-12-11,NC-SBY-TMR-12,0.999449944003579,703,7089.145882899995,23298.68604420001,12.32208252259036,29,0.5521573795180728,52,8.951285648132755,10,3.953934352703032,3040.2618649999986,1.0
2025-12-11,NC-SBY-TMR-13,0.9937156614487416,1799,10034.338825200006,32686.2339575,7.938691685635352,76,0.6968073201657456,113,8.555265885704266,17,3.1224140150622848,3793.89099,1.0
2025-12-11,NC-SBY-TMR-14,0.9987179154896216,2023,8210.571158500006,26105.3516213,8.863071202364864,42,0.6759667793918916,67,8.780737810041254,12,3.687032601292629,3534.9349990000005,1.0
2025-12-11,NC-SBY-TMR-8,0.9932901341921632,2246,7400.485657999998,25251.238925099973,7.473890511481483,52,0.6929481481481483,74,8.862980686479055,10,3.7232083257249577,2548.3341750000004,1.0
2025-12-11,NC-SBY-TMR-9,1.0,397,7136.1043792000055,25488.510906400017,9.567632675247523,37,0.6550099009900995,67,8.813936235926905,13,4.277324070677066,2738.541194,1.0
2025-12-11,NC-SBY-UTR-1,0.9999758779815414,1718,6757.166499900002,23569.324017100003,8.86642694660194,63,0.6436618122977346,61,8.466454288802563,53,3.711660304740543,2525.801714,1.0
2025-12-11,NC-SBY-UTR-2,1.0,1622,11586.224467099992,43853.21198120002,7.565517455043855,93,0.7346222587719297,151,8.647744431368546,13,3.653903696953804,4439.897983,1.0
2025-12-11,NC-SBY-UTR-3,1.0,626,7744.089876999994,26948.4860348,8.77184657064847,51,0.6814291808873716,84,8.972279976845826,9,3.704224376473596,3093.386367,1.0
2025-12-11,NC-SBY-UTR-4,0.9996434813327384,1842,7025.141772800001,23655.195780800004,8.40103386309523,48,0.6975902777777777,63,9.050258700957308,11,3.9273563235244944,2555.364665,1.0
2025-12-11,NC-SBY-UTR-5,0.994858918697878,1312,8528.034511799997,27445.108385200005,9.327543924137938,54,0.6149874005305037,70,8.757332809940511,49,3.916080036651155,3934.853001000001,1.0
2025-12-11,NC-SBY-UTR-6,0.9996696127946127,2376,7617.044883299999,22294.6625164,10.600975346757664,35,0.6448259385665528,58,8.915910248045803,18,4.671683804878074,3451.1455220000003,1.0
2025-12-11,NC-SBY-UTR-7,0.9999840455840456,1858,10459.656754500003,33422.71828859997,10.401318644708995,30,0.6280954584656083,75,8.871338117399855,25,4.634717821489614,5272.500579000001,1.0
2025-12-11,NC-SDA-UTR-24,0.992540216707728,715,10276.618388400002,34949.978223800004,8.978373383244671,49,0.6907406914893617,82,8.84010594849229,18,3.972478072607289,3837.012498000001,1.0
2025-12-11,NC-SDA-UTR-25,0.9998807864654778,713,8026.102701899997,27032.87992379998,9.942421285119046,33,0.6481101190476191,64,8.734895554268912,27,4.504790810044644,2803.880226,1.0
2025-12-11,NC-SDA-UTR-26,0.9999977270144336,841,8915.923739299993,30572.71913500001,12.271065714905149,34,0.6133407859078591,54,9.168788861803286,22,5.072133619959613,4107.116806,1.0
2025-12-11,OA_CLUSTER,0.9965403900763184,40349,194255.0115659,640394.3516218999,9.299691669430189,1153,0.6563427753520199,1762,8.813452735227944,533,3.953186442289211,77876.91974300002,1.0
2025-12-12,NC-SBY-BRT-15,0.9886240585827022,2849,9487.878486099997,27856.81618690002,8.671196905475508,53,0.6812082132564842,79,8.82049284427077,53,4.070683572421485,4036.5834140000006,1.0
2025-12-12,NC-SBY-BRT-16,0.9852108756155,2021,9824.9267817,33222.46479889999,7.402302829761901,51,0.7221934523809524,92,8.840260528464277,17,3.892497065559449,3744.689649999999,1.0
2025-12-12,NC-SBY-BRT-17,0.9999544289376248,2411,9039.791777300004,30271.785021999996,10.296970035597822,44,0.6211365483695657,70,8.753095472693312,22,4.462012492397508,3607.954433,1.0
2025-12-12,NC-SBY-SEL-18,1.0,1719,9931.307237599984,33412.54502839998,13.113221785990328,34,0.5738091787439614,61,9.156852595416442,11,5.009467719528215,3746.8462690000006,1.0
2025-12-12,NC-SBY-SEL-19,0.9917586354880884,1057,8436.5258184,27668.79892900001,10.693943789080446,28,0.5996518201149428,50,8.750763559448156,12,4.7230409806171165,3644.406136999998,1.0
2025-12-12,NC-SBY-SEL-20,0.999901550548102,1360,8815.028794799999,27333.548652400008,8.632139443235298,55,0.6590242647058822,83,8.576424645723112,48,3.430798985030759,3330.465158,1.0
2025-12-12,NC-SBY-SEL-21,0.996796456944921,1104,7804.114784099999,24758.9285406,9.179511381318688,40,0.6786163003663002,61,8.756394708662308,17,3.631504674731499,3322.3054,1.0
2025-12-12,NC-SBY-SEL-22,0.9911598241135856,2219,9039.010142499998,27145.21197749998,10.588072131720429,45,0.6008503586021506,63,8.958878834788806,44,3.800550532083015,3116.626807000001,1.0
2025-12-12,NC-SBY-SEL-23,0.9967679366799084,1723,6856.378612600005,23113.11467280001,7.836096542424244,32,0.736149350649351,58,9.103893614746193,14,4.330211436756894,2889.0572259999994,1.0
2025-12-12,NC-SBY-TMR-10,0.9998065640572452,1615,7013.397148000003,23339.91578550001,10.540608677460307,13,0.5681992063492065,36,8.881427918435595,16,5.887373670543008,2894.029757,1.0
2025-12-12,NC-SBY-TMR-11,0.9964345168756,1085,9477.845475100006,29769.179535400017,8.59085553988095,44,0.6626666666666667,74,8.690250460257321,14,4.020889537098011,4070.069941,1.0
2025-12-12,NC-SBY-TMR-12,0.9991482941548644,725,7410.030754899998,23888.431459799973,12.27740874615384,30,0.5546568047337275,53,8.968806656358845,14,3.9193711462754814,3119.9100450000005,1.0
2025-12-12,NC-SBY-TMR-13,0.9928017045034242,859,9999.5472354,32139.77762450002,8.667103063259676,64,0.6820614640883979,94,8.56294183761537,21,3.4619456705681566,3707.911736000001,1.0
2025-12-12,NC-SBY-TMR-14,0.9982240376830794,735,8299.018508099996,26349.916534800013,10.1158313564935,32,0.6403536256493503,55,8.836642711658156,23,4.856414869347573,3802.1104609999993,1.0
2025-12-12,NC-SBY-TMR-8,0.9989899146358254,2842,7386.403482099998,25445.721116900004,7.971040776666667,37,0.6713222222222219,64,8.875743024013293,10,3.776196359801199,2746.562325,1.0
2025-12-12,NC-SBY-TMR-9,0.9994036343225988,2042,7199.280669999998,25794.06731480001,10.00349846963697,28,0.6284785478547857,53,8.890330893791468,10,4.98291421170133,2675.588394,1.0
2025-12-12,NC-SBY-UTR-1,1.0,1902,6606.250198100004,22834.52578810001,8.54321088511327,59,0.6468721682847893,56,8.420473490255285,47,4.062704889818768,2526.318231,1.0
2025-12-12,NC-SBY-UTR-2,0.9999469541673732,1721,11811.5444662,45006.48334749996,7.422123118064509,77,0.7244946236559138,133,8.672799522169589,13,3.776501350647604,4531.190155999999,1.0
2025-12-12,NC-SBY-UTR-3,0.9585096569042986,1200,8111.271452099999,26535.1438171,8.843033061433449,53,0.6729488054607508,77,8.931334310966713,13,3.874138528168867,2935.767433,1.0
2025-12-12,NC-SBY-UTR-4,0.9999666815784078,2063,7048.413098599998,23800.75281210001,9.226335294047622,31,0.6803214285714287,56,9.051215299895176,4,4.399047963457209,2798.189476,1.0
2025-12-12,NC-SBY-UTR-5,0.9915963220495798,2376,9033.413103299998,28275.59193870001,9.172324053387538,36,0.6188249336870028,72,8.823712056636841,44,4.360844215423923,4321.433787999999,1.0
2025-12-12,NC-SBY-UTR-6,0.9966806601232476,1853,7818.194813600001,22531.297979000003,10.37243627508532,41,0.6338506825938565,53,8.874447640548038,17,4.586504663818737,3497.306705999999,1.0
2025-12-12,NC-SBY-UTR-7,0.999803529203495,1900,10689.230081199992,33664.236344000004,10.01586637037038,31,0.6309179894179896,67,8.858628146752446,21,4.90486710256269,5344.017752999998,1.0
2025-12-12,NC-SDA-UTR-24,0.9975171980129536,1970,10280.6645415,35345.37246879998,9.334075468882986,51,0.684817154255319,77,8.826558002315661,16,4.4871297444399785,3830.074007,1.0
2025-12-12,NC-SDA-UTR-25,0.97304409020651,665,7892.532305699994,26762.0922374,10.885137696941891,39,0.6239436798165131,50,8.801800893995123,18,4.936077035105351,2730.830597,1.0
2025-12-12,NC-SDA-UTR-26,0.9998581980446553,1280,8926.813989899994,30365.045188599997,12.764662891598922,25,0.5886964769647698,43,9.18517390483234,15,5.435003654990533,3992.715642,1.0
2025-12-12,OA_CLUSTER,0.9949774546799762,39381,197138.80292179997,644158.2552067001,9.532290805201722,958,0.6455734882401185,1560,8.82262047882411,505,4.268356780347997,80409.34069599998,1.0
2025-12-13,NC-SBY-BRT-15,0.9940782394838792,2182,9066.021895800002,27837.974597299988,8.719271522478381,54,0.6721167149855911,74,8.940361013413243,50,4.502158168287578,4260.053859,1.0
2025-12-13,NC-SBY-BRT-16,0.9999800970009324,1979,9144.155802400002,34211.9349965,9.690961768750006,11,0.6594937997023805,32,9.029693879352264,12,6.095455358121028,3773.355318,1.0
2025-12-13,NC-SBY-BRT-17,0.9998879071230448,2381,8548.664741600005,31281.4590469,11.600474185597824,20,0.591119791576087,44,8.945844664552864,17,5.712844863278376,3746.479052000001,1.0
2025-12-13,NC-SBY-SEL-18,0.9997008260977666,1854,10097.917522400005,34209.41720189999,12.906289502898556,46,0.5672089371980673,59,9.018652434997607,15,2.793345020888579,3974.393411000001,1.0
2025-12-13,NC-SBY-SEL-19,0.9947796587598836,841,7816.697277400001,27696.8680088,12.187691741310536,21,0.554438746723647,36,8.764613127232833,13,4.556467545619318,3397.515214000001,1.0
2025-12-13,NC-SBY-SEL-20,0.995965029015834,1245,7689.774238299998,25941.292032199977,10.760855279411755,35,0.5850115199999998,52,8.785602052114937,31,4.151498889635678,3294.396232999999,1.0
2025-12-13,NC-SBY-SEL-21,0.9941631038859216,1226,7126.793426899997,24197.59773130003,11.078353957142856,30,0.6193406589743589,45,8.867141131601498,14,4.368481763947414,3346.1994609999983,1.0
2025-12-13,NC-SBY-SEL-22,0.998742342130066,1961,8994.119669899996,27715.11900630001,11.110849375537637,48,0.5852168456989247,68,9.036059193134522,43,3.735978225066155,3268.405817000001,1.0
2025-12-13,NC-SBY-SEL-23,1.0,1928,6949.656494200002,22560.062881699985,9.001642762770565,38,0.6876435787878792,40,8.689364491283389,19,2.2326710025729115,3010.322672,1.0
2025-12-13,NC-SBY-TMR-10,0.9998706981495558,1610,6443.159201799998,22763.7659161,12.117039460634924,16,0.5279888888888888,28,8.882399643427192,20,6.88215600734773,2821.9975229999995,1.0
2025-12-13,NC-SBY-TMR-11,1.0,1216,8265.097264499993,28676.2467657,11.347415566071424,23,0.5763244047619052,46,8.911072902246845,13,5.787859915012676,3911.9915890000007,1.0
2025-12-13,NC-SBY-TMR-12,0.9998899789910848,679,6327.399758700005,22345.311809199982,15.35560735473372,10,0.4718611928994088,26,9.178012905929732,11,6.771332588270362,2918.709620999999,1.0
2025-12-13,NC-SBY-TMR-13,1.0,694,9099.3703953,31717.300664900027,11.316071917451524,32,0.6045267035911599,53,8.73627706950173,16,4.824986309628397,3733.751489999999,1.0
2025-12-13,NC-SBY-TMR-14,0.9998794191146916,852,7375.0283386,25534.473471399982,12.862492393506487,19,0.5640083870129865,31,9.01229780642482,15,6.484310854948056,3706.091691,1.0
2025-12-13,NC-SBY-TMR-8,0.9998478356833111,3029,7173.543653099997,26252.5441799,9.466533301851852,16,0.6311209874074077,48,9.006402215299861,3,5.489353592049437,2857.3265140000003,1.0
2025-12-13,NC-SBY-TMR-9,1.0,451,6869.8001499,26189.37699539999,11.875187210231015,15,0.5757953795379539,36,9.111074357536353,5,6.229166099781967,2807.459194,1.0
2025-12-13,NC-SBY-UTR-1,1.0,1243,5450.958585000001,20776.84441200001,12.22219219417475,24,0.5312567420711976,29,8.815823512897243,44,5.16921719235575,2158.716118,1.0
2025-12-13,NC-SBY-UTR-2,0.9995902643752106,1751,11432.919417500014,45504.68285659995,9.381364107096775,49,0.667890860215054,74,8.76082724576981,20,5.073089908365619,4632.15722,1.0
2025-12-13,NC-SBY-UTR-3,0.9993446528573248,457,6913.063608800009,26137.473842899995,11.73524888703071,17,0.575838737201365,28,9.273562501299772,5,6.025361860294658,2794.9938110000003,1.0
2025-12-13,NC-SBY-UTR-4,0.9999768957873476,1346,6561.5462349,23168.789517099995,11.235337092063489,18,0.6156570765873022,30,9.280358402801244,4,5.777602457552365,2729.097637,1.0
2025-12-13,NC-SBY-UTR-5,1.0,1837,8886.023823800004,28659.4860875,9.13482457665782,61,0.6114014145888597,67,8.720950677431423,63,3.189154537646256,4545.885913000001,1.0
2025-12-13,NC-SBY-UTR-6,1.0,1272,6751.585374199998,20528.29311440001,13.229011359589045,33,0.5543759952218436,41,9.011096752520237,11,3.986190094993377,3260.4549850000008,1.0
2025-12-13,NC-SBY-UTR-7,0.9995763302314484,1188,9496.001775000004,32561.7024854,11.896322970634923,14,0.5712078923280427,40,8.991770048001305,24,6.005757754632537,5019.831522,1.0
2025-12-13,NC-SDA-UTR-24,1.0,860,9523.0663046,34910.690306300006,12.432724925531913,11,0.5955164005319149,36,9.137121772626616,6,6.485573403797346,3785.280973000001,1.0
2025-12-13,NC-SDA-UTR-25,0.9869709047136712,1564,7355.793641700002,26437.3462854,13.15696069255953,13,0.5521572425595243,19,9.06408586694256,8,7.114883341212719,2693.5032299999984,1.0
2025-12-13,NC-SDA-UTR-26,0.9995485874207162,453,8297.799533700003,30121.826463199985,14.315529792140923,23,0.5390794943089426,29,9.3269392215117,17,6.341867427453721,3948.867711000001,1.0
2025-12-13,OA_CLUSTER,0.9989258483249644,33222,182479.29865,636468.0176214,11.312406630687592,650,0.5910919603852706,1027,8.939917704838152,468,5.020421833965284,79969.585865,1.0
2025-12-14,NC-SBY-BRT-15,0.9996703270314682,1811,8526.168107000003,28235.829021399983,9.540235927665709,48,0.6431623440922188,67,9.094565610647752,47,4.719286672265095,4456.252194000001,1.0
2025-12-14,NC-SBY-BRT-16,1.0,1609,9116.025675100002,36263.066150200015,8.945474590773816,22,0.6847686011904761,56,9.013430969619597,13,5.395254779284867,4175.541525999999,1.0
2025-12-14,NC-SBY-BRT-17,1.0,1999,8583.682411900001,32596.30038029998,11.63125982934783,31,0.5892359600543478,49,8.900865225635386,15,5.007068018848344,3888.163133999999,1.0
2025-12-14,NC-SBY-SEL-18,0.999950429289962,1476,8817.961152900007,34655.31217139997,14.607651344444449,22,0.5365847425120774,44,9.222202759497192,18,6.2336525118581205,4092.555878999999,1.0
2025-12-14,NC-SBY-SEL-19,0.9984157560288214,1539,7223.139688899995,27862.786651899976,12.51245942905983,15,0.5469679487179486,38,8.916037363714436,8,6.130939202314262,3472.6216160000017,1.0
2025-12-14,NC-SBY-SEL-20,0.9861826730919384,1225,6964.723810100004,25660.12604629998,11.804649540178572,32,0.5461899800595237,54,8.927908312787997,33,4.431161899666072,3319.2405979999985,1.0
2025-12-14,NC-SBY-SEL-21,0.9806499554482212,1363,6754.039338299999,24161.894112199985,11.18052109450549,29,0.6233846153846154,42,8.938962514483897,13,4.442155736470316,3388.1936660000006,1.0
2025-12-14,NC-SBY-SEL-22,0.9995477948303452,1095,8869.478428799997,28718.029596600016,10.746352502956984,58,0.6049511647849457,80,9.022540482854463,37,3.031341653184389,3539.017619,1.0
2025-12-14,NC-SBY-SEL-23,1.0,997,5988.702617499999,22762.597876000003,10.349302619480524,18,0.6456165225108227,32,9.093799827181408,17,5.5259685590443,2887.911462,1.0
2025-12-14,NC-SBY-TMR-10,1.0,1134,6273.100644600003,23520.51112019997,11.694673767301593,16,0.5348981488888885,28,8.76204363726184,18,5.384339289098023,3065.932834,1.0
2025-12-14,NC-SBY-TMR-11,1.0,805,7697.656863200003,28331.57406090002,11.168290920238109,32,0.5879114583333332,50,8.97115773419458,18,4.894454694968137,3743.176506,1.0
2025-12-14,NC-SBY-TMR-12,0.9997038506282832,559,6287.243822499999,23684.141631000024,14.716241341498558,16,0.4783475025936599,36,9.07865556917904,12,5.777909703747809,2991.081238,1.0
2025-12-14,NC-SBY-TMR-13,0.9999773814702044,592,8290.847648999998,31919.7982833,11.812761760941823,41,0.5873153781767952,61,8.82245605613237,20,4.491874939643445,3749.511712000001,1.0
2025-12-14,NC-SBY-TMR-14,0.9981126116884108,1301,7028.906733999997,26152.092378199977,12.36108011915584,23,0.5740579006493501,44,8.971907558474813,18,5.555255970406549,3795.102696,1.0
2025-12-14,NC-SBY-TMR-8,0.9998884452050452,3045,7262.479633500003,27884.245531999997,8.77118123442029,26,0.6413025362318839,46,8.910357980942122,6,4.438311406226532,3110.4793769999983,1.0
2025-12-14,NC-SBY-TMR-9,1.0,399,6839.307376900003,27521.46950280001,11.025625888778878,17,0.5973369085808581,35,9.012055827054988,10,5.8891494927677455,3124.78256,1.0
2025-12-14,NC-SBY-UTR-1,0.9999976212322016,1438,4927.7156365,20491.600959500003,14.2872390540453,14,0.4695088996763753,21,9.034195438022248,36,6.500305145698929,2171.3996809999994,1.0
2025-12-14,NC-SBY-UTR-2,0.99994775689576,1904,12001.795785099994,49539.34945690002,8.156937833978494,72,0.7033381718279563,116,8.660574483651217,29,4.345286460938139,5203.670467,1.0
2025-12-14,NC-SBY-UTR-3,0.9942880782790128,440,6606.516505800004,26209.8774289,12.531148689078496,27,0.5793410119453929,45,9.262531437909148,12,5.2928965041389,2812.063801999999,1.0
2025-12-14,NC-SBY-UTR-4,1.0,1658,6137.5372144,23155.0730932,12.43259534880952,19,0.5799580023809522,37,9.412948207400836,5,5.5305839609244325,2753.367756000001,1.0
2025-12-14,NC-SBY-UTR-5,1.0,1556,8396.881940600002,28565.688815099995,10.57851569098144,35,0.5711224580901859,55,9.09837562188192,53,3.6752040538946384,4583.32647,1.0
2025-12-14,NC-SBY-UTR-6,1.0,967,6116.981906399998,20049.09631710002,15.36925157064847,17,0.4831094993174058,23,9.417609517208756,6,4.849999165963833,3037.033115000001,1.0
2025-12-14,NC-SBY-UTR-7,1.0,815,8936.210535000007,33205.35003590002,11.846576121693127,20,0.5716944444444447,46,9.037397098405794,20,5.922879014231267,5083.613626,1.0
2025-12-14,NC-SDA-UTR-24,1.0,538,9344.215841499992,36684.70557449998,11.399720487765956,29,0.6255948582446811,56,9.024006748439612,4,5.7025819067311945,4031.057785,1.0
2025-12-14,NC-SDA-UTR-25,0.9999631649497788,299,6771.461030200002,27152.385599900008,13.767175016666666,12,0.5417884422619048,20,9.077998099438403,12,6.624278439681798,2862.993514999999,1.0
2025-12-14,NC-SDA-UTR-26,0.99683084624402,507,8238.953708400004,31607.55016180001,13.0984309810298,19,0.5760085815718158,42,9.281467951382243,20,6.576338492316839,4313.017819,1.0
2025-12-14,OA_CLUSTER,0.998265584662238,29727,173647.10347800003,651145.8106213,11.621723552971709,650,0.5826207180512997,1105,9.014148704803445,464,5.082432999977383,82444.03953400001,1.0
2025-12-15,NC-SBY-BRT-15,1.0,1588,8409.362263199995,26898.15765319997,9.438473254466864,51,0.6547038904899138,70,8.836725138786854,42,4.464940377634881,3829.631666,1.0
2025-12-15,NC-SBY-BRT-16,0.999973905328532,1846,9317.37623779999,33247.936805000005,7.267785028571428,41,0.732091517857143,96,8.847592128544436,21,3.902257145744112,3810.186126,1.0
2025-12-15,NC-SBY-BRT-17,0.9988302709860856,2627,8405.973326099998,29534.317740600007,11.193731758967392,31,0.6090095108695648,60,8.85366613756114,15,4.741703402321809,3512.960093,1.0
2025-12-15,NC-SBY-SEL-18,1.0,867,9431.775355799997,33050.86995660002,13.060484605072451,33,0.5802192028985509,60,9.183583392161797,17,5.208776130268258,3681.540551999999,1.0
2025-12-15,NC-SBY-SEL-19,0.9991779608644068,1027,8180.142357600005,27655.810066099977,10.638913101139604,35,0.6090852327635329,62,8.680534133887289,18,4.544211424267323,3669.387818000002,1.0
2025-12-15,NC-SBY-SEL-20,0.9881287885864196,1313,8057.760025199996,25752.3756296,9.720464380882358,50,0.6291705882352937,79,8.673756943413933,37,3.5936134193849627,3316.840751,1.0
2025-12-15,NC-SBY-SEL-21,0.9899071917749142,2965,7419.638506799998,24148.449493200016,9.51587352527472,47,0.6690119047619048,60,8.785318262161393,15,3.578608410557548,3365.5486759999994,1.0
2025-12-15,NC-SBY-SEL-22,0.9969923811169328,2350,8835.232090300007,27225.533822599984,10.436613298924732,50,0.6080728045698929,73,8.943493917507295,39,3.9889909847363465,3289.3268379999995,1.0
2025-12-15,NC-SBY-SEL-23,0.99982245496863,803,6419.371809299994,22156.053119100005,8.887096124675326,32,0.7170995670995668,60,9.165766751398309,13,4.13029260263739,2847.2801939999995,1.0
2025-12-15,NC-SBY-TMR-10,0.9950604868434326,1450,6797.192370699998,22642.9653246,10.007919652063492,29,0.5933277777777778,49,8.685358349930134,21,4.998694146029566,2898.238208999999,1.0
2025-12-15,NC-SBY-TMR-11,0.993230491607975,1321,8933.115304599998,28912.034202100003,7.749990883630951,52,0.6792886904761903,89,8.613592998393756,19,3.639746505292048,3910.356702,1.0
2025-12-15,NC-SBY-TMR-12,0.999944731523506,742,6653.450808200003,23175.69883599998,13.420932087608074,24,0.5251678674351591,44,8.989306689980372,18,4.434767497034217,2916.131945,1.0
2025-12-15,NC-SBY-TMR-13,0.999503492942047,704,9555.7708973,31981.728476600027,8.75141491049724,60,0.6880101290055244,89,8.567593191267498,22,3.5478918759923483,3817.274056,1.0
2025-12-15,NC-SBY-TMR-14,0.998052360952831,1093,7691.341868299996,25495.256669000024,10.048092762337662,39,0.6334626623376626,62,8.799445135888224,19,3.9997816484656026,3578.684149999999,1.0
2025-12-15,NC-SBY-TMR-8,0.9996060640429474,4920,7037.983324999999,25276.941768400007,8.270742603272728,36,0.6675733695652177,57,8.856337915888844,8,4.64910402646115,2746.531007999999,1.0
2025-12-15,NC-SBY-TMR-9,0.997961345961346,1441,6886.611055199993,25255.759596100004,8.804333841584159,42,0.6683347082508252,69,8.813204038107408,11,4.0060435299770605,2616.740187,1.0
2025-12-15,NC-SBY-UTR-1,0.999870206955104,2632,6343.7049475,22466.519306600007,7.857747674110033,58,0.6621003236245949,62,8.311142200979038,47,3.5692437012765743,2632.2881379999985,1.0
2025-12-15,NC-SBY-UTR-2,0.999594602006422,1693,11295.630761000004,44118.5109518,7.242004106451615,93,0.7434026881720434,150,8.559823980711032,22,3.591542834117266,4502.200578999999,1.0
2025-12-15,NC-SBY-UTR-3,1.0,655,7295.764846099996,26128.5676805,9.234926620477816,43,0.6662679180887369,68,9.008351655271294,13,4.122896428928808,2923.502103000001,1.0
2025-12-15,NC-SBY-UTR-4,0.9984541103328068,1560,6750.8718112,23616.786710399992,8.949013866269844,38,0.6969973543650794,58,9.08906357106544,6,4.2712362507573856,2871.920017,1.0
2025-12-15,NC-SBY-UTR-5,0.9999524690651508,1792,8128.725331500002,27552.89685420001,10.072775481432355,45,0.5947203803713527,63,8.837827306298392,43,4.485797728426287,4186.522588999999,1.0
2025-12-15,NC-SBY-UTR-6,0.9971469752691275,1710,6901.1700592,21008.39451130001,10.763589942229718,41,0.6170101351351354,48,8.865124359062452,20,3.938442535828414,3256.6796080000004,1.0
2025-12-15,NC-SBY-UTR-7,0.9986847620366524,2209,10219.9272004,33226.60140649999,8.907986763756615,62,0.6614722222222221,96,8.700759090369008,27,3.7617305163930057,5209.203065999999,1.0
2025-12-15,NC-SDA-UTR-24,1.0,544,9688.901627700005,34537.22045410001,10.647364382712771,31,0.6466050531914889,66,8.997506745251124,8,4.980920578954263,3787.122518,1.0
2025-12-15,NC-SDA-UTR-25,0.9996376541994032,497,7487.151910699996,26399.22134950003,10.784664158630957,29,0.6306391369047617,52,8.809798590897152,17,4.955210289246135,2760.267497000001,1.0
2025-12-15,NC-SDA-UTR-26,0.9976176295413935,489,8432.895614499996,29679.62415340002,12.488851633333333,32,0.5974647696476969,51,9.163421744167666,22,5.25635860168017,3855.920039,1.0
2025-12-15,OA_CLUSTER,0.9979065706984144,39308,184967.89255829997,630528.1665801002,9.615623737573967,1032,0.6466202117923913,1624,8.80335535194493,513,4.141655913051724,79388.97507100001,1.0
2025-12-16,NC-SBY-BRT-15,0.9943846068559564,1768,8587.523054800002,27135.950538,8.751590890201726,64,0.6770691642651293,91,8.752525930442717,41,3.781823930065534,3993.44604,1.0
2025-12-16,NC-SBY-BRT-16,1.0,1610,9327.650174300008,33219.94363,7.578872102678562,39,0.7237819940476189,89,8.877719081222544,16,4.133264788230928,3765.367398,1.0
2025-12-16,NC-SBY-BRT-17,0.9999911603059304,2435,8641.51800239999,30192.87046289999,10.597019189402182,45,0.6194605978260868,61,8.736297825391098,24,4.350997554916678,3658.273294,1.0
2025-12-16,NC-SBY-SEL-18,0.9999945955987908,904,9675.78184879999,33623.414788199974,12.179675902657008,43,0.6019166666666664,73,9.06872011364046,23,4.45543323199003,3724.0256489999992,1.0
2025-12-16,NC-SBY-SEL-19,0.989074205972354,2442,8270.856998799994,28147.1171265,9.561392547008555,62,0.6352922601139597,61,8.551278834189999,18,3.40565156396255,3752.730844999999,1.0
2025-12-16,NC-SBY-SEL-20,0.98248590068461,2755,8304.4503141,26302.711914999985,8.568574539999997,70,0.6568803920588233,85,8.540314058817891,46,3.0098499544290997,3405.9058519999985,1.0
2025-12-16,NC-SBY-SEL-21,0.999559152554041,1174,7558.227644100002,25044.71813439999,9.080674413553108,48,0.6859343710622706,64,8.716046971904456,14,3.4181639383187554,3515.6962550000003,1.0
2025-12-16,NC-SBY-SEL-22,0.995069201527251,2771,8909.880471800001,27793.359775900022,10.56956425618279,45,0.615695564516129,65,8.902247543954099,42,3.979141812244061,3359.8977710000004,1.0
2025-12-16,NC-SBY-SEL-23,1.0,818,6534.183758500003,22770.813461000005,8.405461589177488,43,0.734347402597403,62,9.07218449140505,11,4.12970345327824,2964.9608430000008,1.0
2025-12-16,NC-SBY-TMR-10,0.999687534706664,1310,6751.3043235000005,23308.043789000003,9.907265519365083,23,0.5818436507936514,44,8.810245173977796,25,5.784652710041968,2896.4909850000017,1.0
2025-12-16,NC-SBY-TMR-11,0.9948650638134636,1139,9017.058269999994,29553.332675499994,7.941495165178564,65,0.6822574404761902,85,8.559622557906298,22,3.7054876845974873,3964.563284,1.0
2025-12-16,NC-SBY-TMR-12,0.999246118899768,1390,6721.258662499999,23418.6544522,13.779834735734866,29,0.5180799711815562,49,9.040812973729915,15,4.325515054996633,3077.958830999999,1.0
2025-12-16,NC-SBY-TMR-13,1.0,667,9749.514918300009,32746.436089100003,8.887464419060775,64,0.6833418508287297,91,8.54358901791862,24,3.4026605102602674,3837.154621,1.0
2025-12-16,NC-SBY-TMR-14,0.9999532228219886,688,7878.309224500005,26194.26101989999,10.179926967207788,46,0.6442224025974027,69,8.743916021305235,24,3.951998717552805,3763.908318000001,1.0
2025-12-16,NC-SBY-TMR-8,0.9937718900966184,3952,7115.5506967,25254.705628400006,8.11491827898551,31,0.6681893115942036,59,8.910209656743245,10,4.514704984509669,2773.81005,1.0
2025-12-16,NC-SBY-TMR-9,0.9999670433145008,363,6902.4632717,25313.188184700004,9.581232655775572,36,0.6407244224422444,61,8.849216869930444,9,4.656792968115282,2789.949202,1.0
2025-12-16,NC-SBY-UTR-1,0.999996067062208,2650,6556.362789200004,23206.81324360001,8.369793812297736,55,0.6503163430420712,58,8.388848204142104,44,3.700351179791861,2717.472682999999,1.0
2025-12-16,NC-SBY-UTR-2,1.0,1859,11339.174772999992,44387.39277250005,7.560647503440858,83,0.7288204301075274,135,8.62177975715567,16,3.9411492452841,4427.910628000001,1.0
2025-12-16,NC-SBY-UTR-3,0.9999797354948804,705,7388.906658,26533.22336790001,9.075925584982928,52,0.671538395904437,78,9.000627730436975,11,4.06195838376087,2999.4560519999995,1.0
2025-12-16,NC-SBY-UTR-4,1.0,1427,6835.116551300001,23720.126492299984,9.242609453571427,35,0.6878244047619052,59,9.060291875370453,6,4.266966128621662,2883.058615,1.0
2025-12-16,NC-SBY-UTR-5,1.0,1312,8264.901342199995,27945.05511320001,9.80003308594164,39,0.5986591511936338,67,8.786460868082106,46,4.80423392334585,4257.103884,1.0
2025-12-16,NC-SBY-UTR-6,0.9964028776978416,1201,6984.318973400001,21314.646676699987,11.788416320677964,22,0.5952466101694917,41,9.020665366450356,12,5.251841672119831,3251.5259660000006,1.0
2025-12-16,NC-SBY-UTR-7,1.0,981,10308.100046400014,33789.77291490004,9.662391385185174,25,0.6379662698412699,69,8.848685636795166,22,5.046805976105737,5159.293848000002,1.0
2025-12-16,NC-SDA-UTR-24,0.9974883866917764,911,9787.920600600002,34442.1440979,9.173000509042549,43,0.6804793882978722,77,8.951895808443563,17,4.631631946727862,3741.651388999998,1.0
2025-12-16,NC-SDA-UTR-25,0.9990559015259114,455,7618.449023800003,27109.48813640001,10.269054584523806,34,0.6428067952380956,52,8.809458097218922,14,4.7286867539653406,2681.2344049999983,1.0
2025-12-16,NC-SDA-UTR-26,1.0,940,8591.5379274,30333.991308400004,12.630687161246618,27,0.6017025745257454,50,9.175481758163953,19,5.47598610992813,3870.399493,1.0
2025-12-16,OA_CLUSTER,0.9975684400401374,36321,187622.41276829995,640916.5522518002,9.562071219783064,1064,0.6480810885749994,1616,8.79139475581064,521,4.1733553318540295,80939.960914,1.0
2025-12-17,NC-SBY-BRT-15,0.9998309120420674,1793,8641.2299965,27184.389497099997,9.10505357089337,49,0.6676717103746397,72,8.7943547002775,43,4.359620863135551,4045.718831000001,1.0
2025-12-17,NC-SBY-BRT-16,0.9998465518686108,1612,9374.656142499998,33737.55457689998,7.732308872023812,42,0.715229662797619,83,8.874077980536558,15,4.303757139574944,3669.888523999999,1.0
2025-12-17,NC-SBY-BRT-17,0.99832654976099,2298,8623.846569199999,30170.05394770001,10.59109544728261,35,0.6196211505434785,55,8.746643546557486,25,4.548990146137137,3557.765858000002,1.0
2025-12-17,NC-SBY-SEL-18,1.0,877,9687.893074300002,33541.97170909996,12.575646737681158,39,0.5905531400966187,68,9.12003977355386,17,4.899070424833408,3745.750661,1.0
2025-12-17,NC-SBY-SEL-19,0.9987905880791186,1559,8285.121131500004,28092.78085850001,10.763736514529908,24,0.6064672364672364,53,8.682967881496097,11,4.8778810747857735,4196.094224,1.0
2025-12-17,NC-SBY-SEL-20,0.9972868153352576,3599,8144.007192100002,26034.58526399999,9.023911333529416,52,0.6360460785294118,72,8.621386313499935,42,3.696578070956864,3287.273498,1.0
2025-12-17,NC-SBY-SEL-21,0.9979920594804532,761,7540.589151000004,25009.95008890001,9.98599131029412,30,0.6550320512820514,50,8.83986946966444,12,4.16101998916107,3497.177451999998,1.0
2025-12-17,NC-SBY-SEL-22,0.996126098857286,1200,8979.069877300002,27695.396261699992,10.72084590913978,51,0.6126789876344084,85,8.977533896785664,47,3.925649423619606,3492.443941,1.0
2025-12-17,NC-SBY-SEL-23,1.0,769,6634.400694200003,22830.19879370001,7.6014509952381,44,0.7475101008658008,67,8.967595761089665,12,3.849700843556057,3146.1682389999987,1.0
2025-12-17,NC-SBY-TMR-10,0.9993991099715726,1879,6809.997827899997,23015.38572850001,10.023790291746028,18,0.5889365082539684,45,8.722786063819317,20,5.519850427165906,2922.5633189999994,1.0
2025-12-17,NC-SBY-TMR-11,0.9991935584157184,2451,8993.075261599994,29400.31818200002,8.729704363988096,45,0.6648400300595235,73,8.678878784289775,20,4.121332368984312,3971.927219,1.0
2025-12-17,NC-SBY-TMR-12,0.9998603724362578,887,6780.666160100002,23317.22598930001,13.87312123458214,21,0.5236878002881838,39,9.030820476512694,14,4.611328793061279,3117.691484,1.0
2025-12-17,NC-SBY-TMR-13,0.9991609184432486,909,10096.046282900004,32604.71728590001,8.496890865240644,58,0.6784754901069516,89,8.490240823698528,23,3.5194290181806243,3813.551712,1.0
2025-12-17,NC-SBY-TMR-14,0.999568671795394,1028,7903.482477699997,25935.64404160001,10.652219806168835,41,0.6347697509740259,63,8.783050266677646,30,4.015757226749012,3696.518870000001,1.0
2025-12-17,NC-SBY-TMR-8,0.9996627097002566,4632,7087.245612899995,25252.744771300004,8.528200799637682,24,0.6534827898550727,55,8.884598622516533,3,4.892061646390115,2959.6261080000004,1.0
2025-12-17,NC-SBY-TMR-9,0.9998554418839632,494,6924.860527399996,25288.867784799982,10.287623848514851,38,0.6281919686468646,65,8.904107785291433,7,4.9072141153269655,2874.965131,1.0
2025-12-17,NC-SBY-UTR-1,0.9999977398065274,4327,6543.556631899996,22946.843795500008,8.149324232038834,54,0.6572588996763754,59,8.312276151255409,47,3.858232651586023,2671.897316000001,1.0
2025-12-17,NC-SBY-UTR-2,0.9970148083210326,2733,11360.184227099997,43901.10344729999,7.452192061075273,95,0.7315482079569885,142,8.626682784478486,16,3.756225101553635,4547.894318000001,1.0
2025-12-17,NC-SBY-UTR-3,0.9993644167200844,1260,7474.705021699998,26505.115231200005,9.524499781911258,43,0.6499954498293515,63,9.052748570811302,9,4.214050082880266,3030.4134160000003,1.0
2025-12-17,NC-SBY-UTR-4,0.9996039340776184,1373,6884.655880099999,23934.551216000003,9.066570543650796,34,0.6958300261904763,51,9.065416201248294,10,4.531454335958164,2867.9142810000003,1.0
2025-12-17,NC-SBY-UTR-5,0.9999952410865552,1512,8459.947256099997,28073.6811266,9.462076950663132,47,0.613144341114058,70,8.747104120342271,53,4.515064845026914,4214.917482,1.0
2025-12-17,NC-SBY-UTR-6,0.9978683081045998,1194,7043.654389099997,21011.683228800008,12.242247487162157,19,0.5725098537162163,34,9.043989737068449,10,5.595806858879831,3600.1499900000003,1.0
2025-12-17,NC-SBY-UTR-7,0.9999613243192558,2260,10279.785059500002,33564.1800029,10.174460876190476,31,0.627044532804233,68,8.877983311861588,21,5.084078352800215,4978.740107,1.0
2025-12-17,NC-SDA-UTR-24,0.9990518056343354,641,9715.1206174,34274.879379600025,10.298738760904248,28,0.6544069148936164,54,8.965985123255205,14,5.2590790974500745,3765.469564000001,1.0
2025-12-17,NC-SDA-UTR-25,0.9901086395342452,416,7593.3297483,26836.4854135,10.950399518018015,25,0.6311559060060056,54,8.816065152649031,20,4.944312829566452,2706.0910189999995,1.0
2025-12-17,NC-SDA-UTR-26,0.999187293455402,731,8692.266682899995,30028.72755260002,12.620747806233064,24,0.5968943092140916,44,9.217071535866898,18,5.712123297895062,4027.3566810000007,1.0
2025-12-17,OA_CLUSTER,0.9990240434906168,41407,188552.6764446,639048.9428293,9.803920936458727,934,0.6409522038637253,1521,8.811737920024852,507,4.4152611867005565,81907.05198100001,1.0
2025-12-18,NC-SBY-BRT-15,0.999795630018013,2461,8907.844513500004,28265.07095159998,8.738742963294797,51,0.6767435158501443,81,8.838062764289282,46,4.402552789859315,4308.845829,1.0
2025-12-18,NC-SBY-BRT-16,0.9997284298873392,1586,9343.468768899998,34610.468407799985,7.506553222321432,45,0.7429144345238095,99,8.848297401468852,18,4.131742941005184,3885.769190000002,1.0
2025-12-18,NC-SBY-BRT-17,1.0,2116,8525.803739099998,30899.02132810001,10.43772708179347,35,0.6232819293478259,61,8.74559994843504,22,4.853174884491723,3639.765744,1.0
2025-12-18,NC-SBY-SEL-18,1.0,875,9610.063019599997,34361.24337290002,12.679179369082126,33,0.5844673913043482,63,9.1658343894019,18,5.143445580504808,3852.620217999999,1.0
2025-12-18,NC-SBY-SEL-19,0.9959756440684138,1078,8310.226579699995,28425.680935599983,10.668356439601144,31,0.6293884142450143,64,8.642685538172195,18,4.679668878056263,4391.665980000001,1.0
2025-12-18,NC-SBY-SEL-20,0.9960833807207092,1925,8079.604900600004,25995.934944299992,8.802315520882347,66,0.6579779411764706,86,8.461353795197509,54,3.32509838984021,3365.9696610000005,1.0
2025-12-18,NC-SBY-SEL-21,1.0,667,7497.513605099999,25101.709574099998,9.857224788644684,35,0.6742673992673991,53,8.839737481987918,14,4.112620135918893,3585.514597,1.0
2025-12-18,NC-SBY-SEL-22,0.9976547878456242,1040,8708.4736433,27919.699601300013,11.221593111559145,46,0.5997838260752691,65,9.03541598710554,35,4.398812630837979,3439.7140630000004,1.0
2025-12-18,NC-SBY-SEL-23,0.9999089441945826,749,6507.880753000001,22673.835305799985,8.434093261038962,43,0.7318701298701303,61,9.07570539308344,13,4.269270807846612,3101.662860000001,1.0
2025-12-18,NC-SBY-TMR-10,1.0,1091,6575.012213999996,23381.862327499995,11.14955234603175,18,0.5807079365079363,33,8.821675479727498,24,6.216142987372373,2957.799224999999,1.0
2025-12-18,NC-SBY-TMR-11,1.0,1126,8897.812956000003,30181.964875199992,9.053089430654762,50,0.6669337797619042,75,8.672340017379028,17,4.361111795439486,4117.006958,1.0
2025-12-18,NC-SBY-TMR-12,0.9996010291853716,577,6687.862992500001,23425.448854600003,13.941796463976935,29,0.5294128242074929,45,9.01772483821607,15,4.941363018911415,3126.267761,1.0
2025-12-18,NC-SBY-TMR-13,1.0,535,9788.615820900002,33462.198763199995,8.854221762566853,68,0.6824097593582887,94,8.56044114928952,23,3.731146105961352,4034.766906,1.0
2025-12-18,NC-SBY-TMR-14,0.9997598094089234,580,7806.059059000002,26549.654878800004,10.954929111363636,33,0.6277215909090906,58,8.840363364041288,22,4.212540962655394,3750.488818,1.0
2025-12-18,NC-SBY-TMR-8,0.9995162715544448,1589,7051.440514500002,25629.730253200007,8.095215886956526,38,0.6681132246376812,67,8.841549970204388,11,4.635895265424384,3073.867113,1.0
2025-12-18,NC-SBY-TMR-9,1.0,354,6934.363298099995,26078.893923400003,9.65011358316831,36,0.650271452145214,71,8.821151686828106,14,4.7092385352596455,2874.611249,1.0
2025-12-18,NC-SBY-UTR-1,0.9997874134296898,1767,6557.142511400004,23493.6444078,8.191608312297731,57,0.6542257281553393,61,8.341035229869247,54,3.711662955730565,2809.133697,1.0
2025-12-18,NC-SBY-UTR-2,0.9884687754537778,5033,11373.769727700015,45483.78278750005,7.295090114935069,85,0.742820887445887,151,8.632362027008565,18,3.8120189128981297,4695.677462000001,1.0
2025-12-18,NC-SBY-UTR-3,0.999703965365494,1133,7436.322250900007,27065.50490740003,9.868309437201365,48,0.6653182593856651,73,9.054028210039112,16,4.293486018850981,3143.516378,1.0
2025-12-18,NC-SBY-UTR-4,0.9999730995131848,1576,6921.4278374000005,24696.688973299984,8.881952073412702,36,0.7110416666666666,62,9.024751372668163,7,4.453813587057982,2996.463353000001,1.0
2025-12-18,NC-SBY-UTR-5,0.997035909804372,1511,8569.9668504,28724.42210529999,9.185818140318304,47,0.6363580901856762,72,8.734216363910248,48,4.153084014809546,4418.988956999998,1.0
2025-12-18,NC-SBY-UTR-6,0.994423679653478,1835,7040.857635199996,21339.28041520002,11.756170472972972,27,0.5991601915540539,44,8.943487645563733,16,5.1218028086559775,3631.773545,1.0
2025-12-18,NC-SBY-UTR-7,1.0,1033,10129.891919400015,33795.55368010002,10.454630814021172,28,0.6170291005291003,63,8.904933545960516,21,5.416756023665935,5187.713687,1.0
2025-12-18,NC-SDA-UTR-24,0.9998538655525444,606,9765.4137874,35227.73352570001,10.126449390425533,39,0.6600219414893617,67,8.93119383053981,10,4.824073736887428,3999.657917000001,1.0
2025-12-18,NC-SDA-UTR-25,0.9905771495877504,386,7600.730828600005,27531.8954731,10.729812384984983,30,0.6394391891891884,64,8.768497815353255,12,4.789711291253902,2855.307412000001,1.0
2025-12-18,NC-SDA-UTR-26,0.9999294632416732,619,8826.371292799999,31638.372639399997,11.86076123604336,28,0.6247513550135501,60,9.135000852020424,22,5.260497174669032,4231.711573,1.0
2025-12-18,OA_CLUSTER,0.9983768404349488,32237,187261.42511020007,651561.295574,9.839362064248546,985,0.6486835329672807,1602,8.813243270662781,544,4.479342515834264,84389.603251,1.0
