date_column,nc_5g,avail_auto_5g,da_5g,g5_cdr,sgnb_addition_sr,traffic_5g,g5_eut_bhv,g5_userdl_thp,sum_en_dc_user_5g_wd,g5_dlprb_util,dl_prb_util_5g_count_gt_085,inter_esgnb,intra_esgnb,intra_sgnb_intrafreq,inter_sgnb_intrafreq
2025-07-01,NC-SBY-BRT-15,0.0,0.0,0.0,0.0,0.0,0.0,0.0,0.0,0.0,0,0.0,0.0,0.0,0.0
2025-07-01,NC-SBY-BRT-16,0.0,0.0,0.0,0.0,0.0,0.0,0.0,0.0,0.0,0,0.0,0.0,0.0,0.0
2025-07-01,NC-SBY-BRT-17,0.0,0.0,0.0,0.0,0.0,0.0,0.0,0.0,0.0,0,0.0,0.0,0.0,0.0
2025-07-01,NC-SBY-SEL-18,0.0,0.0,0.0,0.0,0.0,0.0,0.0,0.0,0.0,0,0.0,0.0,0.0,0.0
2025-07-01,NC-SBY-SEL-19,0.0,0.0,0.0,0.0,0.0,0.0,0.0,0.0,0.0,0,0.0,0.0,0.0,0.0
2025-07-01,NC-SBY-SEL-20,0.0,0.0,0.0,0.0,0.0,0.0,0.0,0.0,0.0,0,0.0,0.0,0.0,0.0
2025-07-01,NC-SBY-SEL-21,0.0,0.0,0.0,0.0,0.0,0.0,0.0,0.0,0.0,0,0.0,0.0,0.0,0.0
2025-07-01,NC-SBY-SEL-22,0.0,0.0,0.0,0.0,0.0,0.0,0.0,0.0,0.0,0,0.0,0.0,0.0,0.0
2025-07-01,NC-SBY-SEL-23,0.0,0.0,0.0,0.0,0.0,0.0,0.0,0.0,0.0,0,0.0,0.0,0.0,0.0
2025-07-01,NC-SBY-TMR-10,0.0,0.0,0.0,0.0,0.0,0.0,0.0,0.0,0.0,0,0.0,0.0,0.0,0.0
2025-07-01,NC-SBY-TMR-11,0.0,0.0,0.0,0.0,0.0,0.0,0.0,0.0,0.0,0,0.0,0.0,0.0,0.0
2025-07-01,NC-SBY-TMR-12,0.0,0.0,0.0,0.0,0.0,0.0,0.0,0.0,0.0,0,0.0,0.0,0.0,0.0
2025-07-01,NC-SBY-TMR-13,0.0,0.0,0.0,0.0,0.0,0.0,0.0,0.0,0.0,0,0.0,0.0,0.0,0.0
2025-07-01,NC-SBY-TMR-14,0.0,0.0,0.0,0.0,0.0,0.0,0.0,0.0,0.0,0,0.0,0.0,0.0,0.0
2025-07-01,NC-SBY-TMR-8,0.0,0.0,0.0,0.0,0.0,0.0,0.0,0.0,0.0,0,0.0,0.0,0.0,0.0
2025-07-01,NC-SBY-TMR-9,0.0,0.0,0.0,0.0,0.0,0.0,0.0,0.0,0.0,0,0.0,0.0,0.0,0.0
2025-07-01,NC-SBY-UTR-1,0.0,0.0,0.0,0.0,0.0,0.0,0.0,0.0,0.0,0,0.0,0.0,0.0,0.0
2025-07-01,NC-SBY-UTR-2,0.0,0.0,0.0,0.0,0.0,0.0,0.0,0.0,0.0,0,0.0,0.0,0.0,0.0
2025-07-01,NC-SBY-UTR-3,0.0,0.0,0.0,0.0,0.0,0.0,0.0,0.0,0.0,0,0.0,0.0,0.0,0.0
2025-07-01,NC-SBY-UTR-4,0.0,0.0,0.0,0.0,0.0,0.0,0.0,0.0,0.0,0,0.0,0.0,0.0,0.0
2025-07-01,NC-SBY-UTR-5,0.0,0.0,0.0,0.0,0.0,0.0,0.0,0.0,0.0,0,0.0,0.0,0.0,0.0
2025-07-01,NC-SBY-UTR-6,0.0,0.0,0.0,0.0,0.0,0.0,0.0,0.0,0.0,0,0.0,0.0,0.0,0.0
2025-07-01,NC-SBY-UTR-7,0.0,0.0,0.0,0.0,0.0,0.0,0.0,0.0,0.0,0,0.0,0.0,0.0,0.0
2025-07-01,NC-SDA-UTR-24,0.0,0.0,0.0,0.0,0.0,0.0,0.0,0.0,0.0,0,0.0,0.0,0.0,0.0
2025-07-01,NC-SDA-UTR-25,0.0,0.0,0.0,0.0,0.0,0.0,0.0,0.0,0.0,0,0.0,0.0,0.0,0.0
2025-07-01,NC-SDA-UTR-26,0.0,0.0,0.0,0.0,0.0,0.0,0.0,0.0,0.0,0,0.0,0.0,0.0,0.0
2025-07-01,OA_CLUSTER,0.0,0.0,0.0,0.0,0.0,0.0,0.0,0.0,0.0,0,0.0,0.0,0.0,0.0
2025-07-02,NC-SBY-BRT-15,0.0,0.0,0.0,0.0,0.0,0.0,0.0,0.0,0.0,0,0.0,0.0,0.0,0.0
2025-07-02,NC-SBY-BRT-16,0.0,0.0,0.0,0.0,0.0,0.0,0.0,0.0,0.0,0,0.0,0.0,0.0,0.0
2025-07-02,NC-SBY-BRT-17,0.0,0.0,0.0,0.0,0.0,0.0,0.0,0.0,0.0,0,0.0,0.0,0.0,0.0
2025-07-02,NC-SBY-SEL-18,0.0,0.0,0.0,0.0,0.0,0.0,0.0,0.0,0.0,0,0.0,0.0,0.0,0.0
2025-07-02,NC-SBY-SEL-19,0.0,0.0,0.0,0.0,0.0,0.0,0.0,0.0,0.0,0,0.0,0.0,0.0,0.0
2025-07-02,NC-SBY-SEL-20,0.0,0.0,0.0,0.0,0.0,0.0,0.0,0.0,0.0,0,0.0,0.0,0.0,0.0
2025-07-02,NC-SBY-SEL-21,0.0,0.0,0.0,0.0,0.0,0.0,0.0,0.0,0.0,0,0.0,0.0,0.0,0.0
2025-07-02,NC-SBY-SEL-22,0.0,0.0,0.0,0.0,0.0,0.0,0.0,0.0,0.0,0,0.0,0.0,0.0,0.0
2025-07-02,NC-SBY-SEL-23,0.0,0.0,0.0,0.0,0.0,0.0,0.0,0.0,0.0,0,0.0,0.0,0.0,0.0
2025-07-02,NC-SBY-TMR-10,0.0,0.0,0.0,0.0,0.0,0.0,0.0,0.0,0.0,0,0.0,0.0,0.0,0.0
2025-07-02,NC-SBY-TMR-11,0.0,0.0,0.0,0.0,0.0,0.0,0.0,0.0,0.0,0,0.0,0.0,0.0,0.0
2025-07-02,NC-SBY-TMR-12,0.0,0.0,0.0,0.0,0.0,0.0,0.0,0.0,0.0,0,0.0,0.0,0.0,0.0
2025-07-02,NC-SBY-TMR-13,0.0,0.0,0.0,0.0,0.0,0.0,0.0,0.0,0.0,0,0.0,0.0,0.0,0.0
2025-07-02,NC-SBY-TMR-14,0.0,0.0,0.0,0.0,0.0,0.0,0.0,0.0,0.0,0,0.0,0.0,0.0,0.0
2025-07-02,NC-SBY-TMR-8,0.0,0.0,0.0,0.0,0.0,0.0,0.0,0.0,0.0,0,0.0,0.0,0.0,0.0
2025-07-02,NC-SBY-TMR-9,0.0,0.0,0.0,0.0,0.0,0.0,0.0,0.0,0.0,0,0.0,0.0,0.0,0.0
2025-07-02,NC-SBY-UTR-1,0.0,0.0,0.0,0.0,0.0,0.0,0.0,0.0,0.0,0,0.0,0.0,0.0,0.0
2025-07-02,NC-SBY-UTR-2,0.0,0.0,0.0,0.0,0.0,0.0,0.0,0.0,0.0,0,0.0,0.0,0.0,0.0
2025-07-02,NC-SBY-UTR-3,0.0,0.0,0.0,0.0,0.0,0.0,0.0,0.0,0.0,0,0.0,0.0,0.0,0.0
2025-07-02,NC-SBY-UTR-4,0.0,0.0,0.0,0.0,0.0,0.0,0.0,0.0,0.0,0,0.0,0.0,0.0,0.0
2025-07-02,NC-SBY-UTR-5,0.0,0.0,0.0,0.0,0.0,0.0,0.0,0.0,0.0,0,0.0,0.0,0.0,0.0
2025-07-02,NC-SBY-UTR-6,0.0,0.0,0.0,0.0,0.0,0.0,0.0,0.0,0.0,0,0.0,0.0,0.0,0.0
2025-07-02,NC-SBY-UTR-7,0.0,0.0,0.0,0.0,0.0,0.0,0.0,0.0,0.0,0,0.0,0.0,0.0,0.0
2025-07-02,NC-SDA-UTR-24,0.0,0.0,0.0,0.0,0.0,0.0,0.0,0.0,0.0,0,0.0,0.0,0.0,0.0
2025-07-02,NC-SDA-UTR-25,0.0,0.0,0.0,0.0,0.0,0.0,0.0,0.0,0.0,0,0.0,0.0,0.0,0.0
2025-07-02,NC-SDA-UTR-26,0.0,0.0,0.0,0.0,0.0,0.0,0.0,0.0,0.0,0,0.0,0.0,0.0,0.0
2025-07-02,OA_CLUSTER,0.0,0.0,0.0,0.0,0.0,0.0,0.0,0.0,0.0,0,0.0,0.0,0.0,0.0
2025-07-03,NC-SBY-BRT-15,0.0,0.0,0.0,0.0,0.0,0.0,0.0,0.0,0.0,0,0.0,0.0,0.0,0.0
2025-07-03,NC-SBY-BRT-16,0.0,0.0,0.0,0.0,0.0,0.0,0.0,0.0,0.0,0,0.0,0.0,0.0,0.0
2025-07-03,NC-SBY-BRT-17,0.0,0.0,0.0,0.0,0.0,0.0,0.0,0.0,0.0,0,0.0,0.0,0.0,0.0
2025-07-03,NC-SBY-SEL-18,0.0,0.0,0.0,0.0,0.0,0.0,0.0,0.0,0.0,0,0.0,0.0,0.0,0.0
2025-07-03,NC-SBY-SEL-19,0.0,0.0,0.0,0.0,0.0,0.0,0.0,0.0,0.0,0,0.0,0.0,0.0,0.0
2025-07-03,NC-SBY-SEL-20,0.0,0.0,0.0,0.0,0.0,0.0,0.0,0.0,0.0,0,0.0,0.0,0.0,0.0
2025-07-03,NC-SBY-SEL-21,0.0,0.0,0.0,0.0,0.0,0.0,0.0,0.0,0.0,0,0.0,0.0,0.0,0.0
2025-07-03,NC-SBY-SEL-22,0.0,0.0,0.0,0.0,0.0,0.0,0.0,0.0,0.0,0,0.0,0.0,0.0,0.0
2025-07-03,NC-SBY-SEL-23,0.0,0.0,0.0,0.0,0.0,0.0,0.0,0.0,0.0,0,0.0,0.0,0.0,0.0
2025-07-03,NC-SBY-TMR-10,0.0,0.0,0.0,0.0,0.0,0.0,0.0,0.0,0.0,0,0.0,0.0,0.0,0.0
2025-07-03,NC-SBY-TMR-11,0.0,0.0,0.0,0.0,0.0,0.0,0.0,0.0,0.0,0,0.0,0.0,0.0,0.0
2025-07-03,NC-SBY-TMR-12,0.0,0.0,0.0,0.0,0.0,0.0,0.0,0.0,0.0,0,0.0,0.0,0.0,0.0
2025-07-03,NC-SBY-TMR-13,0.0,0.0,0.0,0.0,0.0,0.0,0.0,0.0,0.0,0,0.0,0.0,0.0,0.0
2025-07-03,NC-SBY-TMR-14,0.0,0.0,0.0,0.0,0.0,0.0,0.0,0.0,0.0,0,0.0,0.0,0.0,0.0
2025-07-03,NC-SBY-TMR-8,0.0,0.0,0.0,0.0,0.0,0.0,0.0,0.0,0.0,0,0.0,0.0,0.0,0.0
2025-07-03,NC-SBY-TMR-9,0.0,0.0,0.0,0.0,0.0,0.0,0.0,0.0,0.0,0,0.0,0.0,0.0,0.0
2025-07-03,NC-SBY-UTR-1,0.0,0.0,0.0,0.0,0.0,0.0,0.0,0.0,0.0,0,0.0,0.0,0.0,0.0
2025-07-03,NC-SBY-UTR-2,0.0,0.0,0.0,0.0,0.0,0.0,0.0,0.0,0.0,0,0.0,0.0,0.0,0.0
2025-07-03,NC-SBY-UTR-3,0.0,0.0,0.0,0.0,0.0,0.0,0.0,0.0,0.0,0,0.0,0.0,0.0,0.0
2025-07-03,NC-SBY-UTR-4,0.0,0.0,0.0,0.0,0.0,0.0,0.0,0.0,0.0,0,0.0,0.0,0.0,0.0
2025-07-03,NC-SBY-UTR-5,0.0,0.0,0.0,0.0,0.0,0.0,0.0,0.0,0.0,0,0.0,0.0,0.0,0.0
2025-07-03,NC-SBY-UTR-6,0.0,0.0,0.0,0.0,0.0,0.0,0.0,0.0,0.0,0,0.0,0.0,0.0,0.0
2025-07-03,NC-SBY-UTR-7,0.0,0.0,0.0,0.0,0.0,0.0,0.0,0.0,0.0,0,0.0,0.0,0.0,0.0
2025-07-03,NC-SDA-UTR-24,0.0,0.0,0.0,0.0,0.0,0.0,0.0,0.0,0.0,0,0.0,0.0,0.0,0.0
2025-07-03,NC-SDA-UTR-25,0.0,0.0,0.0,0.0,0.0,0.0,0.0,0.0,0.0,0,0.0,0.0,0.0,0.0
2025-07-03,NC-SDA-UTR-26,0.0,0.0,0.0,0.0,0.0,0.0,0.0,0.0,0.0,0,0.0,0.0,0.0,0.0
2025-07-03,OA_CLUSTER,0.0,0.0,0.0,0.0,0.0,0.0,0.0,0.0,0.0,0,0.0,0.0,0.0,0.0
2025-07-04,NC-SBY-BRT-15,0.0,0.0,0.0,0.0,0.0,0.0,0.0,0.0,0.0,0,0.0,0.0,0.0,0.0
2025-07-04,NC-SBY-BRT-16,0.0,0.0,0.0,0.0,0.0,0.0,0.0,0.0,0.0,0,0.0,0.0,0.0,0.0
2025-07-04,NC-SBY-BRT-17,0.0,0.0,0.0,0.0,0.0,0.0,0.0,0.0,0.0,0,0.0,0.0,0.0,0.0
2025-07-04,NC-SBY-SEL-18,0.0,0.0,0.0,0.0,0.0,0.0,0.0,0.0,0.0,0,0.0,0.0,0.0,0.0
2025-07-04,NC-SBY-SEL-19,0.0,0.0,0.0,0.0,0.0,0.0,0.0,0.0,0.0,0,0.0,0.0,0.0,0.0
2025-07-04,NC-SBY-SEL-20,0.0,0.0,0.0,0.0,0.0,0.0,0.0,0.0,0.0,0,0.0,0.0,0.0,0.0
2025-07-04,NC-SBY-SEL-21,0.0,0.0,0.0,0.0,0.0,0.0,0.0,0.0,0.0,0,0.0,0.0,0.0,0.0
2025-07-04,NC-SBY-SEL-22,0.0,0.0,0.0,0.0,0.0,0.0,0.0,0.0,0.0,0,0.0,0.0,0.0,0.0
2025-07-04,NC-SBY-SEL-23,0.0,0.0,0.0,0.0,0.0,0.0,0.0,0.0,0.0,0,0.0,0.0,0.0,0.0
2025-07-04,NC-SBY-TMR-10,0.0,0.0,0.0,0.0,0.0,0.0,0.0,0.0,0.0,0,0.0,0.0,0.0,0.0
2025-07-04,NC-SBY-TMR-11,0.0,0.0,0.0,0.0,0.0,0.0,0.0,0.0,0.0,0,0.0,0.0,0.0,0.0
2025-07-04,NC-SBY-TMR-12,0.0,0.0,0.0,0.0,0.0,0.0,0.0,0.0,0.0,0,0.0,0.0,0.0,0.0
2025-07-04,NC-SBY-TMR-13,0.0,0.0,0.0,0.0,0.0,0.0,0.0,0.0,0.0,0,0.0,0.0,0.0,0.0
2025-07-04,NC-SBY-TMR-14,0.0,0.0,0.0,0.0,0.0,0.0,0.0,0.0,0.0,0,0.0,0.0,0.0,0.0
2025-07-04,NC-SBY-TMR-8,0.0,0.0,0.0,0.0,0.0,0.0,0.0,0.0,0.0,0,0.0,0.0,0.0,0.0
2025-07-04,NC-SBY-TMR-9,0.0,0.0,0.0,0.0,0.0,0.0,0.0,0.0,0.0,0,0.0,0.0,0.0,0.0
2025-07-04,NC-SBY-UTR-1,0.0,0.0,0.0,0.0,0.0,0.0,0.0,0.0,0.0,0,0.0,0.0,0.0,0.0
2025-07-04,NC-SBY-UTR-2,0.0,0.0,0.0,0.0,0.0,0.0,0.0,0.0,0.0,0,0.0,0.0,0.0,0.0
2025-07-04,NC-SBY-UTR-3,0.0,0.0,0.0,0.0,0.0,0.0,0.0,0.0,0.0,0,0.0,0.0,0.0,0.0
2025-07-04,NC-SBY-UTR-4,0.0,0.0,0.0,0.0,0.0,0.0,0.0,0.0,0.0,0,0.0,0.0,0.0,0.0
2025-07-04,NC-SBY-UTR-5,0.0,0.0,0.0,0.0,0.0,0.0,0.0,0.0,0.0,0,0.0,0.0,0.0,0.0
2025-07-04,NC-SBY-UTR-6,0.0,0.0,0.0,0.0,0.0,0.0,0.0,0.0,0.0,0,0.0,0.0,0.0,0.0
2025-07-04,NC-SBY-UTR-7,0.0,0.0,0.0,0.0,0.0,0.0,0.0,0.0,0.0,0,0.0,0.0,0.0,0.0
2025-07-04,NC-SDA-UTR-24,0.0,0.0,0.0,0.0,0.0,0.0,0.0,0.0,0.0,0,0.0,0.0,0.0,0.0
2025-07-04,NC-SDA-UTR-25,0.0,0.0,0.0,0.0,0.0,0.0,0.0,0.0,0.0,0,0.0,0.0,0.0,0.0
2025-07-04,NC-SDA-UTR-26,0.0,0.0,0.0,0.0,0.0,0.0,0.0,0.0,0.0,0,0.0,0.0,0.0,0.0
2025-07-04,OA_CLUSTER,0.0,0.0,0.0,0.0,0.0,0.0,0.0,0.0,0.0,0,0.0,0.0,0.0,0.0
2025-07-05,NC-SBY-BRT-15,0.0,0.0,0.0,0.0,0.0,0.0,0.0,0.0,0.0,0,0.0,0.0,0.0,0.0
2025-07-05,NC-SBY-BRT-16,0.0,0.0,0.0,0.0,0.0,0.0,0.0,0.0,0.0,0,0.0,0.0,0.0,0.0
2025-07-05,NC-SBY-BRT-17,0.0,0.0,0.0,0.0,0.0,0.0,0.0,0.0,0.0,0,0.0,0.0,0.0,0.0
2025-07-05,NC-SBY-SEL-18,0.0,0.0,0.0,0.0,0.0,0.0,0.0,0.0,0.0,0,0.0,0.0,0.0,0.0
2025-07-05,NC-SBY-SEL-19,0.0,0.0,0.0,0.0,0.0,0.0,0.0,0.0,0.0,0,0.0,0.0,0.0,0.0
2025-07-05,NC-SBY-SEL-20,0.0,0.0,0.0,0.0,0.0,0.0,0.0,0.0,0.0,0,0.0,0.0,0.0,0.0
2025-07-05,NC-SBY-SEL-21,0.0,0.0,0.0,0.0,0.0,0.0,0.0,0.0,0.0,0,0.0,0.0,0.0,0.0
2025-07-05,NC-SBY-SEL-22,0.0,0.0,0.0,0.0,0.0,0.0,0.0,0.0,0.0,0,0.0,0.0,0.0,0.0
2025-07-05,NC-SBY-SEL-23,0.0,0.0,0.0,0.0,0.0,0.0,0.0,0.0,0.0,0,0.0,0.0,0.0,0.0
2025-07-05,NC-SBY-TMR-10,0.0,0.0,0.0,0.0,0.0,0.0,0.0,0.0,0.0,0,0.0,0.0,0.0,0.0
2025-07-05,NC-SBY-TMR-11,0.0,0.0,0.0,0.0,0.0,0.0,0.0,0.0,0.0,0,0.0,0.0,0.0,0.0
2025-07-05,NC-SBY-TMR-12,0.0,0.0,0.0,0.0,0.0,0.0,0.0,0.0,0.0,0,0.0,0.0,0.0,0.0
2025-07-05,NC-SBY-TMR-13,0.0,0.0,0.0,0.0,0.0,0.0,0.0,0.0,0.0,0,0.0,0.0,0.0,0.0
2025-07-05,NC-SBY-TMR-14,0.0,0.0,0.0,0.0,0.0,0.0,0.0,0.0,0.0,0,0.0,0.0,0.0,0.0
2025-07-05,NC-SBY-TMR-8,0.0,0.0,0.0,0.0,0.0,0.0,0.0,0.0,0.0,0,0.0,0.0,0.0,0.0
2025-07-05,NC-SBY-TMR-9,0.0,0.0,0.0,0.0,0.0,0.0,0.0,0.0,0.0,0,0.0,0.0,0.0,0.0
2025-07-05,NC-SBY-UTR-1,0.0,0.0,0.0,0.0,0.0,0.0,0.0,0.0,0.0,0,0.0,0.0,0.0,0.0
2025-07-05,NC-SBY-UTR-2,0.0,0.0,0.0,0.0,0.0,0.0,0.0,0.0,0.0,0,0.0,0.0,0.0,0.0
2025-07-05,NC-SBY-UTR-3,0.0,0.0,0.0,0.0,0.0,0.0,0.0,0.0,0.0,0,0.0,0.0,0.0,0.0
2025-07-05,NC-SBY-UTR-4,0.0,0.0,0.0,0.0,0.0,0.0,0.0,0.0,0.0,0,0.0,0.0,0.0,0.0
2025-07-05,NC-SBY-UTR-5,0.0,0.0,0.0,0.0,0.0,0.0,0.0,0.0,0.0,0,0.0,0.0,0.0,0.0
2025-07-05,NC-SBY-UTR-6,0.0,0.0,0.0,0.0,0.0,0.0,0.0,0.0,0.0,0,0.0,0.0,0.0,0.0
2025-07-05,NC-SBY-UTR-7,0.0,0.0,0.0,0.0,0.0,0.0,0.0,0.0,0.0,0,0.0,0.0,0.0,0.0
2025-07-05,NC-SDA-UTR-24,0.0,0.0,0.0,0.0,0.0,0.0,0.0,0.0,0.0,0,0.0,0.0,0.0,0.0
2025-07-05,NC-SDA-UTR-25,0.0,0.0,0.0,0.0,0.0,0.0,0.0,0.0,0.0,0,0.0,0.0,0.0,0.0
2025-07-05,NC-SDA-UTR-26,0.0,0.0,0.0,0.0,0.0,0.0,0.0,0.0,0.0,0,0.0,0.0,0.0,0.0
2025-07-05,OA_CLUSTER,0.0,0.0,0.0,0.0,0.0,0.0,0.0,0.0,0.0,0,0.0,0.0,0.0,0.0
2025-07-06,NC-SBY-BRT-15,0.0,0.0,0.0,0.0,0.0,0.0,0.0,0.0,0.0,0,0.0,0.0,0.0,0.0
2025-07-06,NC-SBY-BRT-16,0.0,0.0,0.0,0.0,0.0,0.0,0.0,0.0,0.0,0,0.0,0.0,0.0,0.0
2025-07-06,NC-SBY-BRT-17,0.0,0.0,0.0,0.0,0.0,0.0,0.0,0.0,0.0,0,0.0,0.0,0.0,0.0
2025-07-06,NC-SBY-SEL-18,0.0,0.0,0.0,0.0,0.0,0.0,0.0,0.0,0.0,0,0.0,0.0,0.0,0.0
2025-07-06,NC-SBY-SEL-19,0.0,0.0,0.0,0.0,0.0,0.0,0.0,0.0,0.0,0,0.0,0.0,0.0,0.0
2025-07-06,NC-SBY-SEL-20,0.0,0.0,0.0,0.0,0.0,0.0,0.0,0.0,0.0,0,0.0,0.0,0.0,0.0
2025-07-06,NC-SBY-SEL-21,0.0,0.0,0.0,0.0,0.0,0.0,0.0,0.0,0.0,0,0.0,0.0,0.0,0.0
2025-07-06,NC-SBY-SEL-22,0.0,0.0,0.0,0.0,0.0,0.0,0.0,0.0,0.0,0,0.0,0.0,0.0,0.0
2025-07-06,NC-SBY-SEL-23,0.0,0.0,0.0,0.0,0.0,0.0,0.0,0.0,0.0,0,0.0,0.0,0.0,0.0
2025-07-06,NC-SBY-TMR-10,0.0,0.0,0.0,0.0,0.0,0.0,0.0,0.0,0.0,0,0.0,0.0,0.0,0.0
2025-07-06,NC-SBY-TMR-11,0.0,0.0,0.0,0.0,0.0,0.0,0.0,0.0,0.0,0,0.0,0.0,0.0,0.0
2025-07-06,NC-SBY-TMR-12,0.0,0.0,0.0,0.0,0.0,0.0,0.0,0.0,0.0,0,0.0,0.0,0.0,0.0
2025-07-06,NC-SBY-TMR-13,0.0,0.0,0.0,0.0,0.0,0.0,0.0,0.0,0.0,0,0.0,0.0,0.0,0.0
2025-07-06,NC-SBY-TMR-14,0.0,0.0,0.0,0.0,0.0,0.0,0.0,0.0,0.0,0,0.0,0.0,0.0,0.0
2025-07-06,NC-SBY-TMR-8,0.0,0.0,0.0,0.0,0.0,0.0,0.0,0.0,0.0,0,0.0,0.0,0.0,0.0
2025-07-06,NC-SBY-TMR-9,0.0,0.0,0.0,0.0,0.0,0.0,0.0,0.0,0.0,0,0.0,0.0,0.0,0.0
2025-07-06,NC-SBY-UTR-1,0.0,0.0,0.0,0.0,0.0,0.0,0.0,0.0,0.0,0,0.0,0.0,0.0,0.0
2025-07-06,NC-SBY-UTR-2,0.0,0.0,0.0,0.0,0.0,0.0,0.0,0.0,0.0,0,0.0,0.0,0.0,0.0
2025-07-06,NC-SBY-UTR-3,0.0,0.0,0.0,0.0,0.0,0.0,0.0,0.0,0.0,0,0.0,0.0,0.0,0.0
2025-07-06,NC-SBY-UTR-4,0.0,0.0,0.0,0.0,0.0,0.0,0.0,0.0,0.0,0,0.0,0.0,0.0,0.0
2025-07-06,NC-SBY-UTR-5,0.0,0.0,0.0,0.0,0.0,0.0,0.0,0.0,0.0,0,0.0,0.0,0.0,0.0
2025-07-06,NC-SBY-UTR-6,0.0,0.0,0.0,0.0,0.0,0.0,0.0,0.0,0.0,0,0.0,0.0,0.0,0.0
2025-07-06,NC-SBY-UTR-7,0.0,0.0,0.0,0.0,0.0,0.0,0.0,0.0,0.0,0,0.0,0.0,0.0,0.0
2025-07-06,NC-SDA-UTR-24,0.0,0.0,0.0,0.0,0.0,0.0,0.0,0.0,0.0,0,0.0,0.0,0.0,0.0
2025-07-06,NC-SDA-UTR-25,0.0,0.0,0.0,0.0,0.0,0.0,0.0,0.0,0.0,0,0.0,0.0,0.0,0.0
2025-07-06,NC-SDA-UTR-26,0.0,0.0,0.0,0.0,0.0,0.0,0.0,0.0,0.0,0,0.0,0.0,0.0,0.0
2025-07-06,OA_CLUSTER,0.0,0.0,0.0,0.0,0.0,0.0,0.0,0.0,0.0,0,0.0,0.0,0.0,0.0
2025-07-07,NC-SBY-BRT-15,0.0,0.0,0.0,0.0,0.0,0.0,0.0,0.0,0.0,0,0.0,0.0,0.0,0.0
2025-07-07,NC-SBY-BRT-16,0.0,0.0,0.0,0.0,0.0,0.0,0.0,0.0,0.0,0,0.0,0.0,0.0,0.0
2025-07-07,NC-SBY-BRT-17,0.0,0.0,0.0,0.0,0.0,0.0,0.0,0.0,0.0,0,0.0,0.0,0.0,0.0
2025-07-07,NC-SBY-SEL-18,0.0,0.0,0.0,0.0,0.0,0.0,0.0,0.0,0.0,0,0.0,0.0,0.0,0.0
2025-07-07,NC-SBY-SEL-19,0.0,0.0,0.0,0.0,0.0,0.0,0.0,0.0,0.0,0,0.0,0.0,0.0,0.0
2025-07-07,NC-SBY-SEL-20,0.0,0.0,0.0,0.0,0.0,0.0,0.0,0.0,0.0,0,0.0,0.0,0.0,0.0
2025-07-07,NC-SBY-SEL-21,0.0,0.0,0.0,0.0,0.0,0.0,0.0,0.0,0.0,0,0.0,0.0,0.0,0.0
2025-07-07,NC-SBY-SEL-22,0.0,0.0,0.0,0.0,0.0,0.0,0.0,0.0,0.0,0,0.0,0.0,0.0,0.0
2025-07-07,NC-SBY-SEL-23,0.0,0.0,0.0,0.0,0.0,0.0,0.0,0.0,0.0,0,0.0,0.0,0.0,0.0
2025-07-07,NC-SBY-TMR-10,0.0,0.0,0.0,0.0,0.0,0.0,0.0,0.0,0.0,0,0.0,0.0,0.0,0.0
2025-07-07,NC-SBY-TMR-11,0.0,0.0,0.0,0.0,0.0,0.0,0.0,0.0,0.0,0,0.0,0.0,0.0,0.0
2025-07-07,NC-SBY-TMR-12,0.0,0.0,0.0,0.0,0.0,0.0,0.0,0.0,0.0,0,0.0,0.0,0.0,0.0
2025-07-07,NC-SBY-TMR-13,0.0,0.0,0.0,0.0,0.0,0.0,0.0,0.0,0.0,0,0.0,0.0,0.0,0.0
2025-07-07,NC-SBY-TMR-14,0.0,0.0,0.0,0.0,0.0,0.0,0.0,0.0,0.0,0,0.0,0.0,0.0,0.0
2025-07-07,NC-SBY-TMR-8,0.0,0.0,0.0,0.0,0.0,0.0,0.0,0.0,0.0,0,0.0,0.0,0.0,0.0
2025-07-07,NC-SBY-TMR-9,0.0,0.0,0.0,0.0,0.0,0.0,0.0,0.0,0.0,0,0.0,0.0,0.0,0.0
2025-07-07,NC-SBY-UTR-1,0.0,0.0,0.0,0.0,0.0,0.0,0.0,0.0,0.0,0,0.0,0.0,0.0,0.0
2025-07-07,NC-SBY-UTR-2,0.0,0.0,0.0,0.0,0.0,0.0,0.0,0.0,0.0,0,0.0,0.0,0.0,0.0
2025-07-07,NC-SBY-UTR-3,0.0,0.0,0.0,0.0,0.0,0.0,0.0,0.0,0.0,0,0.0,0.0,0.0,0.0
2025-07-07,NC-SBY-UTR-4,0.0,0.0,0.0,0.0,0.0,0.0,0.0,0.0,0.0,0,0.0,0.0,0.0,0.0
2025-07-07,NC-SBY-UTR-5,0.0,0.0,0.0,0.0,0.0,0.0,0.0,0.0,0.0,0,0.0,0.0,0.0,0.0
2025-07-07,NC-SBY-UTR-6,0.0,0.0,0.0,0.0,0.0,0.0,0.0,0.0,0.0,0,0.0,0.0,0.0,0.0
2025-07-07,NC-SBY-UTR-7,0.0,0.0,0.0,0.0,0.0,0.0,0.0,0.0,0.0,0,0.0,0.0,0.0,0.0
2025-07-07,NC-SDA-UTR-24,0.0,0.0,0.0,0.0,0.0,0.0,0.0,0.0,0.0,0,0.0,0.0,0.0,0.0
2025-07-07,NC-SDA-UTR-25,0.0,0.0,0.0,0.0,0.0,0.0,0.0,0.0,0.0,0,0.0,0.0,0.0,0.0
2025-07-07,NC-SDA-UTR-26,0.0,0.0,0.0,0.0,0.0,0.0,0.0,0.0,0.0,0,0.0,0.0,0.0,0.0
2025-07-07,OA_CLUSTER,0.0,0.0,0.0,0.0,0.0,0.0,0.0,0.0,0.0,0,0.0,0.0,0.0,0.0
2025-07-08,NC-SBY-BRT-15,0.0,0.0,0.0,0.0,0.0,0.0,0.0,0.0,0.0,0,0.0,0.0,0.0,0.0
2025-07-08,NC-SBY-BRT-16,0.0,0.0,0.0,0.0,0.0,0.0,0.0,0.0,0.0,0,0.0,0.0,0.0,0.0
2025-07-08,NC-SBY-BRT-17,0.0,0.0,0.0,0.0,0.0,0.0,0.0,0.0,0.0,0,0.0,0.0,0.0,0.0
2025-07-08,NC-SBY-SEL-18,0.0,0.0,0.0,0.0,0.0,0.0,0.0,0.0,0.0,0,0.0,0.0,0.0,0.0
2025-07-08,NC-SBY-SEL-19,0.0,0.0,0.0,0.0,0.0,0.0,0.0,0.0,0.0,0,0.0,0.0,0.0,0.0
2025-07-08,NC-SBY-SEL-20,0.0,0.0,0.0,0.0,0.0,0.0,0.0,0.0,0.0,0,0.0,0.0,0.0,0.0
2025-07-08,NC-SBY-SEL-21,0.0,0.0,0.0,0.0,0.0,0.0,0.0,0.0,0.0,0,0.0,0.0,0.0,0.0
2025-07-08,NC-SBY-SEL-22,0.0,0.0,0.0,0.0,0.0,0.0,0.0,0.0,0.0,0,0.0,0.0,0.0,0.0
2025-07-08,NC-SBY-SEL-23,0.0,0.0,0.0,0.0,0.0,0.0,0.0,0.0,0.0,0,0.0,0.0,0.0,0.0
2025-07-08,NC-SBY-TMR-10,0.0,0.0,0.0,0.0,0.0,0.0,0.0,0.0,0.0,0,0.0,0.0,0.0,0.0
2025-07-08,NC-SBY-TMR-11,0.0,0.0,0.0,0.0,0.0,0.0,0.0,0.0,0.0,0,0.0,0.0,0.0,0.0
2025-07-08,NC-SBY-TMR-12,0.0,0.0,0.0,0.0,0.0,0.0,0.0,0.0,0.0,0,0.0,0.0,0.0,0.0
2025-07-08,NC-SBY-TMR-13,0.0,0.0,0.0,0.0,0.0,0.0,0.0,0.0,0.0,0,0.0,0.0,0.0,0.0
2025-07-08,NC-SBY-TMR-14,0.0,0.0,0.0,0.0,0.0,0.0,0.0,0.0,0.0,0,0.0,0.0,0.0,0.0
2025-07-08,NC-SBY-TMR-8,0.0,0.0,0.0,0.0,0.0,0.0,0.0,0.0,0.0,0,0.0,0.0,0.0,0.0
2025-07-08,NC-SBY-TMR-9,0.0,0.0,0.0,0.0,0.0,0.0,0.0,0.0,0.0,0,0.0,0.0,0.0,0.0
2025-07-08,NC-SBY-UTR-1,0.0,0.0,0.0,0.0,0.0,0.0,0.0,0.0,0.0,0,0.0,0.0,0.0,0.0
2025-07-08,NC-SBY-UTR-2,0.0,0.0,0.0,0.0,0.0,0.0,0.0,0.0,0.0,0,0.0,0.0,0.0,0.0
2025-07-08,NC-SBY-UTR-3,0.0,0.0,0.0,0.0,0.0,0.0,0.0,0.0,0.0,0,0.0,0.0,0.0,0.0
2025-07-08,NC-SBY-UTR-4,0.0,0.0,0.0,0.0,0.0,0.0,0.0,0.0,0.0,0,0.0,0.0,0.0,0.0
2025-07-08,NC-SBY-UTR-5,0.0,0.0,0.0,0.0,0.0,0.0,0.0,0.0,0.0,0,0.0,0.0,0.0,0.0
2025-07-08,NC-SBY-UTR-6,0.0,0.0,0.0,0.0,0.0,0.0,0.0,0.0,0.0,0,0.0,0.0,0.0,0.0
2025-07-08,NC-SBY-UTR-7,0.0,0.0,0.0,0.0,0.0,0.0,0.0,0.0,0.0,0,0.0,0.0,0.0,0.0
2025-07-08,NC-SDA-UTR-24,0.0,0.0,0.0,0.0,0.0,0.0,0.0,0.0,0.0,0,0.0,0.0,0.0,0.0
2025-07-08,NC-SDA-UTR-25,0.0,0.0,0.0,0.0,0.0,0.0,0.0,0.0,0.0,0,0.0,0.0,0.0,0.0
2025-07-08,NC-SDA-UTR-26,0.0,0.0,0.0,0.0,0.0,0.0,0.0,0.0,0.0,0,0.0,0.0,0.0,0.0
2025-07-08,OA_CLUSTER,0.0,0.0,0.0,0.0,0.0,0.0,0.0,0.0,0.0,0,0.0,0.0,0.0,0.0
2025-07-09,NC-SBY-BRT-15,0.0,0.0,0.0,0.0,0.0,0.0,0.0,0.0,0.0,0,0.0,0.0,0.0,0.0
2025-07-09,NC-SBY-BRT-16,0.0,0.0,0.0,0.0,0.0,0.0,0.0,0.0,0.0,0,0.0,0.0,0.0,0.0
2025-07-09,NC-SBY-BRT-17,0.0,0.0,0.0,0.0,0.0,0.0,0.0,0.0,0.0,0,0.0,0.0,0.0,0.0
2025-07-09,NC-SBY-SEL-18,0.0,0.0,0.0,0.0,0.0,0.0,0.0,0.0,0.0,0,0.0,0.0,0.0,0.0
2025-07-09,NC-SBY-SEL-19,0.0,0.0,0.0,0.0,0.0,0.0,0.0,0.0,0.0,0,0.0,0.0,0.0,0.0
2025-07-09,NC-SBY-SEL-20,0.0,0.0,0.0,0.0,0.0,0.0,0.0,0.0,0.0,0,0.0,0.0,0.0,0.0
2025-07-09,NC-SBY-SEL-21,0.0,0.0,0.0,0.0,0.0,0.0,0.0,0.0,0.0,0,0.0,0.0,0.0,0.0
2025-07-09,NC-SBY-SEL-22,0.0,0.0,0.0,0.0,0.0,0.0,0.0,0.0,0.0,0,0.0,0.0,0.0,0.0
2025-07-09,NC-SBY-SEL-23,0.0,0.0,0.0,0.0,0.0,0.0,0.0,0.0,0.0,0,0.0,0.0,0.0,0.0
2025-07-09,NC-SBY-TMR-10,0.0,0.0,0.0,0.0,0.0,0.0,0.0,0.0,0.0,0,0.0,0.0,0.0,0.0
2025-07-09,NC-SBY-TMR-11,0.0,0.0,0.0,0.0,0.0,0.0,0.0,0.0,0.0,0,0.0,0.0,0.0,0.0
2025-07-09,NC-SBY-TMR-12,0.0,0.0,0.0,0.0,0.0,0.0,0.0,0.0,0.0,0,0.0,0.0,0.0,0.0
2025-07-09,NC-SBY-TMR-13,0.0,0.0,0.0,0.0,0.0,0.0,0.0,0.0,0.0,0,0.0,0.0,0.0,0.0
2025-07-09,NC-SBY-TMR-14,0.0,0.0,0.0,0.0,0.0,0.0,0.0,0.0,0.0,0,0.0,0.0,0.0,0.0
2025-07-09,NC-SBY-TMR-8,0.0,0.0,0.0,0.0,0.0,0.0,0.0,0.0,0.0,0,0.0,0.0,0.0,0.0
2025-07-09,NC-SBY-TMR-9,0.0,0.0,0.0,0.0,0.0,0.0,0.0,0.0,0.0,0,0.0,0.0,0.0,0.0
2025-07-09,NC-SBY-UTR-1,0.0,0.0,0.0,0.0,0.0,0.0,0.0,0.0,0.0,0,0.0,0.0,0.0,0.0
2025-07-09,NC-SBY-UTR-2,0.0,0.0,0.0,0.0,0.0,0.0,0.0,0.0,0.0,0,0.0,0.0,0.0,0.0
2025-07-09,NC-SBY-UTR-3,0.0,0.0,0.0,0.0,0.0,0.0,0.0,0.0,0.0,0,0.0,0.0,0.0,0.0
2025-07-09,NC-SBY-UTR-4,0.0,0.0,0.0,0.0,0.0,0.0,0.0,0.0,0.0,0,0.0,0.0,0.0,0.0
2025-07-09,NC-SBY-UTR-5,0.0,0.0,0.0,0.0,0.0,0.0,0.0,0.0,0.0,0,0.0,0.0,0.0,0.0
2025-07-09,NC-SBY-UTR-6,0.0,0.0,0.0,0.0,0.0,0.0,0.0,0.0,0.0,0,0.0,0.0,0.0,0.0
2025-07-09,NC-SBY-UTR-7,0.0,0.0,0.0,0.0,0.0,0.0,0.0,0.0,0.0,0,0.0,0.0,0.0,0.0
2025-07-09,NC-SDA-UTR-24,0.0,0.0,0.0,0.0,0.0,0.0,0.0,0.0,0.0,0,0.0,0.0,0.0,0.0
2025-07-09,NC-SDA-UTR-25,0.0,0.0,0.0,0.0,0.0,0.0,0.0,0.0,0.0,0,0.0,0.0,0.0,0.0
2025-07-09,NC-SDA-UTR-26,0.0,0.0,0.0,0.0,0.0,0.0,0.0,0.0,0.0,0,0.0,0.0,0.0,0.0
2025-07-09,OA_CLUSTER,0.0,0.0,0.0,0.0,0.0,0.0,0.0,0.0,0.0,0,0.0,0.0,0.0,0.0
2025-07-10,NC-SBY-BRT-15,0.0,0.0,0.0,0.0,0.0,0.0,0.0,0.0,0.0,0,0.0,0.0,0.0,0.0
2025-07-10,NC-SBY-BRT-16,0.0,0.0,0.0,0.0,0.0,0.0,0.0,0.0,0.0,0,0.0,0.0,0.0,0.0
2025-07-10,NC-SBY-BRT-17,0.0,0.0,0.0,0.0,0.0,0.0,0.0,0.0,0.0,0,0.0,0.0,0.0,0.0
2025-07-10,NC-SBY-SEL-18,0.0,0.0,0.0,0.0,0.0,0.0,0.0,0.0,0.0,0,0.0,0.0,0.0,0.0
2025-07-10,NC-SBY-SEL-19,0.0,0.0,0.0,0.0,0.0,0.0,0.0,0.0,0.0,0,0.0,0.0,0.0,0.0
2025-07-10,NC-SBY-SEL-20,0.0,0.0,0.0,0.0,0.0,0.0,0.0,0.0,0.0,0,0.0,0.0,0.0,0.0
2025-07-10,NC-SBY-SEL-21,0.0,0.0,0.0,0.0,0.0,0.0,0.0,0.0,0.0,0,0.0,0.0,0.0,0.0
2025-07-10,NC-SBY-SEL-22,0.0,0.0,0.0,0.0,0.0,0.0,0.0,0.0,0.0,0,0.0,0.0,0.0,0.0
2025-07-10,NC-SBY-SEL-23,0.0,0.0,0.0,0.0,0.0,0.0,0.0,0.0,0.0,0,0.0,0.0,0.0,0.0
2025-07-10,NC-SBY-TMR-10,0.0,0.0,0.0,0.0,0.0,0.0,0.0,0.0,0.0,0,0.0,0.0,0.0,0.0
2025-07-10,NC-SBY-TMR-11,0.0,0.0,0.0,0.0,0.0,0.0,0.0,0.0,0.0,0,0.0,0.0,0.0,0.0
2025-07-10,NC-SBY-TMR-12,0.0,0.0,0.0,0.0,0.0,0.0,0.0,0.0,0.0,0,0.0,0.0,0.0,0.0
2025-07-10,NC-SBY-TMR-13,0.0,0.0,0.0,0.0,0.0,0.0,0.0,0.0,0.0,0,0.0,0.0,0.0,0.0
2025-07-10,NC-SBY-TMR-14,0.0,0.0,0.0,0.0,0.0,0.0,0.0,0.0,0.0,0,0.0,0.0,0.0,0.0
2025-07-10,NC-SBY-TMR-8,0.0,0.0,0.0,0.0,0.0,0.0,0.0,0.0,0.0,0,0.0,0.0,0.0,0.0
2025-07-10,NC-SBY-TMR-9,0.0,0.0,0.0,0.0,0.0,0.0,0.0,0.0,0.0,0,0.0,0.0,0.0,0.0
2025-07-10,NC-SBY-UTR-1,0.0,0.0,0.0,0.0,0.0,0.0,0.0,0.0,0.0,0,0.0,0.0,0.0,0.0
2025-07-10,NC-SBY-UTR-2,0.0,0.0,0.0,0.0,0.0,0.0,0.0,0.0,0.0,0,0.0,0.0,0.0,0.0
2025-07-10,NC-SBY-UTR-3,0.0,0.0,0.0,0.0,0.0,0.0,0.0,0.0,0.0,0,0.0,0.0,0.0,0.0
2025-07-10,NC-SBY-UTR-4,0.0,0.0,0.0,0.0,0.0,0.0,0.0,0.0,0.0,0,0.0,0.0,0.0,0.0
2025-07-10,NC-SBY-UTR-5,0.0,0.0,0.0,0.0,0.0,0.0,0.0,0.0,0.0,0,0.0,0.0,0.0,0.0
2025-07-10,NC-SBY-UTR-6,0.0,0.0,0.0,0.0,0.0,0.0,0.0,0.0,0.0,0,0.0,0.0,0.0,0.0
2025-07-10,NC-SBY-UTR-7,0.0,0.0,0.0,0.0,0.0,0.0,0.0,0.0,0.0,0,0.0,0.0,0.0,0.0
2025-07-10,NC-SDA-UTR-24,0.0,0.0,0.0,0.0,0.0,0.0,0.0,0.0,0.0,0,0.0,0.0,0.0,0.0
2025-07-10,NC-SDA-UTR-25,0.0,0.0,0.0,0.0,0.0,0.0,0.0,0.0,0.0,0,0.0,0.0,0.0,0.0
2025-07-10,NC-SDA-UTR-26,0.0,0.0,0.0,0.0,0.0,0.0,0.0,0.0,0.0,0,0.0,0.0,0.0,0.0
2025-07-10,OA_CLUSTER,0.0,0.0,0.0,0.0,0.0,0.0,0.0,0.0,0.0,0,0.0,0.0,0.0,0.0
2025-07-12,NC-SBY-BRT-15,0.0,0.0,0.0,0.0,0.0,0.0,0.0,0.0,0.0,0,0.0,0.0,0.0,0.0
2025-07-12,NC-SBY-BRT-16,0.0,0.0,0.0,0.0,0.0,0.0,0.0,0.0,0.0,0,0.0,0.0,0.0,0.0
2025-07-12,NC-SBY-BRT-17,0.0,0.0,0.0,0.0,0.0,0.0,0.0,0.0,0.0,0,0.0,0.0,0.0,0.0
2025-07-12,NC-SBY-SEL-18,0.0,0.0,0.0,0.0,0.0,0.0,0.0,0.0,0.0,0,0.0,0.0,0.0,0.0
2025-07-12,NC-SBY-SEL-19,0.0,0.0,0.0,0.0,0.0,0.0,0.0,0.0,0.0,0,0.0,0.0,0.0,0.0
2025-07-12,NC-SBY-SEL-20,0.0,0.0,0.0,0.0,0.0,0.0,0.0,0.0,0.0,0,0.0,0.0,0.0,0.0
2025-07-12,NC-SBY-SEL-21,0.0,0.0,0.0,0.0,0.0,0.0,0.0,0.0,0.0,0,0.0,0.0,0.0,0.0
2025-07-12,NC-SBY-SEL-22,0.0,0.0,0.0,0.0,0.0,0.0,0.0,0.0,0.0,0,0.0,0.0,0.0,0.0
2025-07-12,NC-SBY-SEL-23,0.0,0.0,0.0,0.0,0.0,0.0,0.0,0.0,0.0,0,0.0,0.0,0.0,0.0
2025-07-12,NC-SBY-TMR-10,0.0,0.0,0.0,0.0,0.0,0.0,0.0,0.0,0.0,0,0.0,0.0,0.0,0.0
2025-07-12,NC-SBY-TMR-11,0.0,0.0,0.0,0.0,0.0,0.0,0.0,0.0,0.0,0,0.0,0.0,0.0,0.0
2025-07-12,NC-SBY-TMR-12,0.0,0.0,0.0,0.0,0.0,0.0,0.0,0.0,0.0,0,0.0,0.0,0.0,0.0
2025-07-12,NC-SBY-TMR-13,0.0,0.0,0.0,0.0,0.0,0.0,0.0,0.0,0.0,0,0.0,0.0,0.0,0.0
2025-07-12,NC-SBY-TMR-14,0.0,0.0,0.0,0.0,0.0,0.0,0.0,0.0,0.0,0,0.0,0.0,0.0,0.0
2025-07-12,NC-SBY-TMR-8,0.0,0.0,0.0,0.0,0.0,0.0,0.0,0.0,0.0,0,0.0,0.0,0.0,0.0
2025-07-12,NC-SBY-TMR-9,0.0,0.0,0.0,0.0,0.0,0.0,0.0,0.0,0.0,0,0.0,0.0,0.0,0.0
2025-07-12,NC-SBY-UTR-1,0.0,0.0,0.0,0.0,0.0,0.0,0.0,0.0,0.0,0,0.0,0.0,0.0,0.0
2025-07-12,NC-SBY-UTR-2,0.0,0.0,0.0,0.0,0.0,0.0,0.0,0.0,0.0,0,0.0,0.0,0.0,0.0
2025-07-12,NC-SBY-UTR-3,0.0,0.0,0.0,0.0,0.0,0.0,0.0,0.0,0.0,0,0.0,0.0,0.0,0.0
2025-07-12,NC-SBY-UTR-4,0.0,0.0,0.0,0.0,0.0,0.0,0.0,0.0,0.0,0,0.0,0.0,0.0,0.0
2025-07-12,NC-SBY-UTR-5,0.0,0.0,0.0,0.0,0.0,0.0,0.0,0.0,0.0,0,0.0,0.0,0.0,0.0
2025-07-12,NC-SBY-UTR-6,0.0,0.0,0.0,0.0,0.0,0.0,0.0,0.0,0.0,0,0.0,0.0,0.0,0.0
2025-07-12,NC-SBY-UTR-7,0.0,0.0,0.0,0.0,0.0,0.0,0.0,0.0,0.0,0,0.0,0.0,0.0,0.0
2025-07-12,NC-SDA-UTR-24,0.0,0.0,0.0,0.0,0.0,0.0,0.0,0.0,0.0,0,0.0,0.0,0.0,0.0
2025-07-12,NC-SDA-UTR-25,0.0,0.0,0.0,0.0,0.0,0.0,0.0,0.0,0.0,0,0.0,0.0,0.0,0.0
2025-07-12,NC-SDA-UTR-26,0.0,0.0,0.0,0.0,0.0,0.0,0.0,0.0,0.0,0,0.0,0.0,0.0,0.0
2025-07-12,OA_CLUSTER,0.0,0.0,0.0,0.0,0.0,0.0,0.0,0.0,0.0,0,0.0,0.0,0.0,0.0
2025-07-13,NC-SBY-BRT-15,0.0,0.0,0.0,0.0,0.0,0.0,0.0,0.0,0.0,0,0.0,0.0,0.0,0.0
2025-07-13,NC-SBY-BRT-16,0.0,0.0,0.0,0.0,0.0,0.0,0.0,0.0,0.0,0,0.0,0.0,0.0,0.0
2025-07-13,NC-SBY-BRT-17,0.0,0.0,0.0,0.0,0.0,0.0,0.0,0.0,0.0,0,0.0,0.0,0.0,0.0
2025-07-13,NC-SBY-SEL-18,0.0,0.0,0.0,0.0,0.0,0.0,0.0,0.0,0.0,0,0.0,0.0,0.0,0.0
2025-07-13,NC-SBY-SEL-19,0.0,0.0,0.0,0.0,0.0,0.0,0.0,0.0,0.0,0,0.0,0.0,0.0,0.0
2025-07-13,NC-SBY-SEL-20,0.0,0.0,0.0,0.0,0.0,0.0,0.0,0.0,0.0,0,0.0,0.0,0.0,0.0
2025-07-13,NC-SBY-SEL-21,0.0,0.0,0.0,0.0,0.0,0.0,0.0,0.0,0.0,0,0.0,0.0,0.0,0.0
2025-07-13,NC-SBY-SEL-22,0.0,0.0,0.0,0.0,0.0,0.0,0.0,0.0,0.0,0,0.0,0.0,0.0,0.0
2025-07-13,NC-SBY-SEL-23,0.0,0.0,0.0,0.0,0.0,0.0,0.0,0.0,0.0,0,0.0,0.0,0.0,0.0
2025-07-13,NC-SBY-TMR-10,0.0,0.0,0.0,0.0,0.0,0.0,0.0,0.0,0.0,0,0.0,0.0,0.0,0.0
2025-07-13,NC-SBY-TMR-11,0.0,0.0,0.0,0.0,0.0,0.0,0.0,0.0,0.0,0,0.0,0.0,0.0,0.0
2025-07-13,NC-SBY-TMR-12,0.0,0.0,0.0,0.0,0.0,0.0,0.0,0.0,0.0,0,0.0,0.0,0.0,0.0
2025-07-13,NC-SBY-TMR-13,0.0,0.0,0.0,0.0,0.0,0.0,0.0,0.0,0.0,0,0.0,0.0,0.0,0.0
2025-07-13,NC-SBY-TMR-14,0.0,0.0,0.0,0.0,0.0,0.0,0.0,0.0,0.0,0,0.0,0.0,0.0,0.0
2025-07-13,NC-SBY-TMR-8,0.0,0.0,0.0,0.0,0.0,0.0,0.0,0.0,0.0,0,0.0,0.0,0.0,0.0
2025-07-13,NC-SBY-TMR-9,0.0,0.0,0.0,0.0,0.0,0.0,0.0,0.0,0.0,0,0.0,0.0,0.0,0.0
2025-07-13,NC-SBY-UTR-1,0.0,0.0,0.0,0.0,0.0,0.0,0.0,0.0,0.0,0,0.0,0.0,0.0,0.0
2025-07-13,NC-SBY-UTR-2,0.0,0.0,0.0,0.0,0.0,0.0,0.0,0.0,0.0,0,0.0,0.0,0.0,0.0
2025-07-13,NC-SBY-UTR-3,0.0,0.0,0.0,0.0,0.0,0.0,0.0,0.0,0.0,0,0.0,0.0,0.0,0.0
2025-07-13,NC-SBY-UTR-4,0.0,0.0,0.0,0.0,0.0,0.0,0.0,0.0,0.0,0,0.0,0.0,0.0,0.0
2025-07-13,NC-SBY-UTR-5,0.0,0.0,0.0,0.0,0.0,0.0,0.0,0.0,0.0,0,0.0,0.0,0.0,0.0
2025-07-13,NC-SBY-UTR-6,0.0,0.0,0.0,0.0,0.0,0.0,0.0,0.0,0.0,0,0.0,0.0,0.0,0.0
2025-07-13,NC-SBY-UTR-7,0.0,0.0,0.0,0.0,0.0,0.0,0.0,0.0,0.0,0,0.0,0.0,0.0,0.0
2025-07-13,NC-SDA-UTR-24,0.0,0.0,0.0,0.0,0.0,0.0,0.0,0.0,0.0,0,0.0,0.0,0.0,0.0
2025-07-13,NC-SDA-UTR-25,0.0,0.0,0.0,0.0,0.0,0.0,0.0,0.0,0.0,0,0.0,0.0,0.0,0.0
2025-07-13,NC-SDA-UTR-26,0.0,0.0,0.0,0.0,0.0,0.0,0.0,0.0,0.0,0,0.0,0.0,0.0,0.0
2025-07-13,OA_CLUSTER,0.0,0.0,0.0,0.0,0.0,0.0,0.0,0.0,0.0,0,0.0,0.0,0.0,0.0
2025-07-14,NC-SBY-BRT-15,0.0,0.0,0.0,0.0,0.0,0.0,0.0,0.0,0.0,0,0.0,0.0,0.0,0.0
2025-07-14,NC-SBY-BRT-16,0.0,0.0,0.0,0.0,0.0,0.0,0.0,0.0,0.0,0,0.0,0.0,0.0,0.0
2025-07-14,NC-SBY-BRT-17,0.0,0.0,0.0,0.0,0.0,0.0,0.0,0.0,0.0,0,0.0,0.0,0.0,0.0
2025-07-14,NC-SBY-SEL-18,0.0,0.0,0.0,0.0,0.0,0.0,0.0,0.0,0.0,0,0.0,0.0,0.0,0.0
2025-07-14,NC-SBY-SEL-19,0.0,0.0,0.0,0.0,0.0,0.0,0.0,0.0,0.0,0,0.0,0.0,0.0,0.0
2025-07-14,NC-SBY-SEL-20,0.0,0.0,0.0,0.0,0.0,0.0,0.0,0.0,0.0,0,0.0,0.0,0.0,0.0
2025-07-14,NC-SBY-SEL-21,0.0,0.0,0.0,0.0,0.0,0.0,0.0,0.0,0.0,0,0.0,0.0,0.0,0.0
2025-07-14,NC-SBY-SEL-22,0.0,0.0,0.0,0.0,0.0,0.0,0.0,0.0,0.0,0,0.0,0.0,0.0,0.0
2025-07-14,NC-SBY-SEL-23,0.0,0.0,0.0,0.0,0.0,0.0,0.0,0.0,0.0,0,0.0,0.0,0.0,0.0
2025-07-14,NC-SBY-TMR-10,0.0,0.0,0.0,0.0,0.0,0.0,0.0,0.0,0.0,0,0.0,0.0,0.0,0.0
2025-07-14,NC-SBY-TMR-11,0.0,0.0,0.0,0.0,0.0,0.0,0.0,0.0,0.0,0,0.0,0.0,0.0,0.0
2025-07-14,NC-SBY-TMR-12,0.0,0.0,0.0,0.0,0.0,0.0,0.0,0.0,0.0,0,0.0,0.0,0.0,0.0
2025-07-14,NC-SBY-TMR-13,0.0,0.0,0.0,0.0,0.0,0.0,0.0,0.0,0.0,0,0.0,0.0,0.0,0.0
2025-07-14,NC-SBY-TMR-14,0.0,0.0,0.0,0.0,0.0,0.0,0.0,0.0,0.0,0,0.0,0.0,0.0,0.0
2025-07-14,NC-SBY-TMR-8,0.0,0.0,0.0,0.0,0.0,0.0,0.0,0.0,0.0,0,0.0,0.0,0.0,0.0
2025-07-14,NC-SBY-TMR-9,0.0,0.0,0.0,0.0,0.0,0.0,0.0,0.0,0.0,0,0.0,0.0,0.0,0.0
2025-07-14,NC-SBY-UTR-1,0.0,0.0,0.0,0.0,0.0,0.0,0.0,0.0,0.0,0,0.0,0.0,0.0,0.0
2025-07-14,NC-SBY-UTR-2,0.0,0.0,0.0,0.0,0.0,0.0,0.0,0.0,0.0,0,0.0,0.0,0.0,0.0
2025-07-14,NC-SBY-UTR-3,0.0,0.0,0.0,0.0,0.0,0.0,0.0,0.0,0.0,0,0.0,0.0,0.0,0.0
2025-07-14,NC-SBY-UTR-4,0.0,0.0,0.0,0.0,0.0,0.0,0.0,0.0,0.0,0,0.0,0.0,0.0,0.0
2025-07-14,NC-SBY-UTR-5,0.0,0.0,0.0,0.0,0.0,0.0,0.0,0.0,0.0,0,0.0,0.0,0.0,0.0
2025-07-14,NC-SBY-UTR-6,0.0,0.0,0.0,0.0,0.0,0.0,0.0,0.0,0.0,0,0.0,0.0,0.0,0.0
2025-07-14,NC-SBY-UTR-7,0.0,0.0,0.0,0.0,0.0,0.0,0.0,0.0,0.0,0,0.0,0.0,0.0,0.0
2025-07-14,NC-SDA-UTR-24,0.0,0.0,0.0,0.0,0.0,0.0,0.0,0.0,0.0,0,0.0,0.0,0.0,0.0
2025-07-14,NC-SDA-UTR-25,0.0,0.0,0.0,0.0,0.0,0.0,0.0,0.0,0.0,0,0.0,0.0,0.0,0.0
2025-07-14,NC-SDA-UTR-26,0.0,0.0,0.0,0.0,0.0,0.0,0.0,0.0,0.0,0,0.0,0.0,0.0,0.0
2025-07-14,OA_CLUSTER,0.0,0.0,0.0,0.0,0.0,0.0,0.0,0.0,0.0,0,0.0,0.0,0.0,0.0
2025-07-15,NC-SBY-BRT-15,0.0,0.0,0.0,0.0,0.0,0.0,0.0,0.0,0.0,0,0.0,0.0,0.0,0.0
2025-07-15,NC-SBY-BRT-16,0.0,0.0,0.0,0.0,0.0,0.0,0.0,0.0,0.0,0,0.0,0.0,0.0,0.0
2025-07-15,NC-SBY-BRT-17,0.0,0.0,0.0,0.0,0.0,0.0,0.0,0.0,0.0,0,0.0,0.0,0.0,0.0
2025-07-15,NC-SBY-SEL-18,0.0,0.0,0.0,0.0,0.0,0.0,0.0,0.0,0.0,0,0.0,0.0,0.0,0.0
2025-07-15,NC-SBY-SEL-19,0.0,0.0,0.0,0.0,0.0,0.0,0.0,0.0,0.0,0,0.0,0.0,0.0,0.0
2025-07-15,NC-SBY-SEL-20,0.0,0.0,0.0,0.0,0.0,0.0,0.0,0.0,0.0,0,0.0,0.0,0.0,0.0
2025-07-15,NC-SBY-SEL-21,0.0,0.0,0.0,0.0,0.0,0.0,0.0,0.0,0.0,0,0.0,0.0,0.0,0.0
2025-07-15,NC-SBY-SEL-22,0.0,0.0,0.0,0.0,0.0,0.0,0.0,0.0,0.0,0,0.0,0.0,0.0,0.0
2025-07-15,NC-SBY-SEL-23,0.0,0.0,0.0,0.0,0.0,0.0,0.0,0.0,0.0,0,0.0,0.0,0.0,0.0
2025-07-15,NC-SBY-TMR-10,0.0,0.0,0.0,0.0,0.0,0.0,0.0,0.0,0.0,0,0.0,0.0,0.0,0.0
2025-07-15,NC-SBY-TMR-11,0.0,0.0,0.0,0.0,0.0,0.0,0.0,0.0,0.0,0,0.0,0.0,0.0,0.0
2025-07-15,NC-SBY-TMR-12,0.0,0.0,0.0,0.0,0.0,0.0,0.0,0.0,0.0,0,0.0,0.0,0.0,0.0
2025-07-15,NC-SBY-TMR-13,0.0,0.0,0.0,0.0,0.0,0.0,0.0,0.0,0.0,0,0.0,0.0,0.0,0.0
2025-07-15,NC-SBY-TMR-14,0.0,0.0,0.0,0.0,0.0,0.0,0.0,0.0,0.0,0,0.0,0.0,0.0,0.0
2025-07-15,NC-SBY-TMR-8,0.0,0.0,0.0,0.0,0.0,0.0,0.0,0.0,0.0,0,0.0,0.0,0.0,0.0
2025-07-15,NC-SBY-TMR-9,0.0,0.0,0.0,0.0,0.0,0.0,0.0,0.0,0.0,0,0.0,0.0,0.0,0.0
2025-07-15,NC-SBY-UTR-1,0.0,0.0,0.0,0.0,0.0,0.0,0.0,0.0,0.0,0,0.0,0.0,0.0,0.0
2025-07-15,NC-SBY-UTR-2,0.0,0.0,0.0,0.0,0.0,0.0,0.0,0.0,0.0,0,0.0,0.0,0.0,0.0
2025-07-15,NC-SBY-UTR-3,0.0,0.0,0.0,0.0,0.0,0.0,0.0,0.0,0.0,0,0.0,0.0,0.0,0.0
2025-07-15,NC-SBY-UTR-4,0.0,0.0,0.0,0.0,0.0,0.0,0.0,0.0,0.0,0,0.0,0.0,0.0,0.0
2025-07-15,NC-SBY-UTR-5,0.0,0.0,0.0,0.0,0.0,0.0,0.0,0.0,0.0,0,0.0,0.0,0.0,0.0
2025-07-15,NC-SBY-UTR-6,0.0,0.0,0.0,0.0,0.0,0.0,0.0,0.0,0.0,0,0.0,0.0,0.0,0.0
2025-07-15,NC-SBY-UTR-7,0.0,0.0,0.0,0.0,0.0,0.0,0.0,0.0,0.0,0,0.0,0.0,0.0,0.0
2025-07-15,NC-SDA-UTR-24,0.0,0.0,0.0,0.0,0.0,0.0,0.0,0.0,0.0,0,0.0,0.0,0.0,0.0
2025-07-15,NC-SDA-UTR-25,0.0,0.0,0.0,0.0,0.0,0.0,0.0,0.0,0.0,0,0.0,0.0,0.0,0.0
2025-07-15,NC-SDA-UTR-26,0.0,0.0,0.0,0.0,0.0,0.0,0.0,0.0,0.0,0,0.0,0.0,0.0,0.0
2025-07-15,OA_CLUSTER,0.0,0.0,0.0,0.0,0.0,0.0,0.0,0.0,0.0,0,0.0,0.0,0.0,0.0
2025-07-16,NC-SBY-BRT-15,0.0,0.0,0.0,0.0,0.0,0.0,0.0,0.0,0.0,0,0.0,0.0,0.0,0.0
2025-07-16,NC-SBY-BRT-16,0.0,0.0,0.0,0.0,0.0,0.0,0.0,0.0,0.0,0,0.0,0.0,0.0,0.0
2025-07-16,NC-SBY-BRT-17,0.0,0.0,0.0,0.0,0.0,0.0,0.0,0.0,0.0,0,0.0,0.0,0.0,0.0
2025-07-16,NC-SBY-SEL-18,0.0,0.0,0.0,0.0,0.0,0.0,0.0,0.0,0.0,0,0.0,0.0,0.0,0.0
2025-07-16,NC-SBY-SEL-19,0.0,0.0,0.0,0.0,0.0,0.0,0.0,0.0,0.0,0,0.0,0.0,0.0,0.0
2025-07-16,NC-SBY-SEL-20,0.0,0.0,0.0,0.0,0.0,0.0,0.0,0.0,0.0,0,0.0,0.0,0.0,0.0
2025-07-16,NC-SBY-SEL-21,0.0,0.0,0.0,0.0,0.0,0.0,0.0,0.0,0.0,0,0.0,0.0,0.0,0.0
2025-07-16,NC-SBY-SEL-22,0.0,0.0,0.0,0.0,0.0,0.0,0.0,0.0,0.0,0,0.0,0.0,0.0,0.0
2025-07-16,NC-SBY-SEL-23,0.0,0.0,0.0,0.0,0.0,0.0,0.0,0.0,0.0,0,0.0,0.0,0.0,0.0
2025-07-16,NC-SBY-TMR-10,0.0,0.0,0.0,0.0,0.0,0.0,0.0,0.0,0.0,0,0.0,0.0,0.0,0.0
2025-07-16,NC-SBY-TMR-11,0.0,0.0,0.0,0.0,0.0,0.0,0.0,0.0,0.0,0,0.0,0.0,0.0,0.0
2025-07-16,NC-SBY-TMR-12,0.0,0.0,0.0,0.0,0.0,0.0,0.0,0.0,0.0,0,0.0,0.0,0.0,0.0
2025-07-16,NC-SBY-TMR-13,0.0,0.0,0.0,0.0,0.0,0.0,0.0,0.0,0.0,0,0.0,0.0,0.0,0.0
2025-07-16,NC-SBY-TMR-14,0.0,0.0,0.0,0.0,0.0,0.0,0.0,0.0,0.0,0,0.0,0.0,0.0,0.0
2025-07-16,NC-SBY-TMR-8,0.0,0.0,0.0,0.0,0.0,0.0,0.0,0.0,0.0,0,0.0,0.0,0.0,0.0
2025-07-16,NC-SBY-TMR-9,0.0,0.0,0.0,0.0,0.0,0.0,0.0,0.0,0.0,0,0.0,0.0,0.0,0.0
2025-07-16,NC-SBY-UTR-1,0.0,0.0,0.0,0.0,0.0,0.0,0.0,0.0,0.0,0,0.0,0.0,0.0,0.0
2025-07-16,NC-SBY-UTR-2,0.0,0.0,0.0,0.0,0.0,0.0,0.0,0.0,0.0,0,0.0,0.0,0.0,0.0
2025-07-16,NC-SBY-UTR-3,0.0,0.0,0.0,0.0,0.0,0.0,0.0,0.0,0.0,0,0.0,0.0,0.0,0.0
2025-07-16,NC-SBY-UTR-4,0.0,0.0,0.0,0.0,0.0,0.0,0.0,0.0,0.0,0,0.0,0.0,0.0,0.0
2025-07-16,NC-SBY-UTR-5,0.0,0.0,0.0,0.0,0.0,0.0,0.0,0.0,0.0,0,0.0,0.0,0.0,0.0
2025-07-16,NC-SBY-UTR-6,0.0,0.0,0.0,0.0,0.0,0.0,0.0,0.0,0.0,0,0.0,0.0,0.0,0.0
2025-07-16,NC-SBY-UTR-7,0.0,0.0,0.0,0.0,0.0,0.0,0.0,0.0,0.0,0,0.0,0.0,0.0,0.0
2025-07-16,NC-SDA-UTR-24,0.0,0.0,0.0,0.0,0.0,0.0,0.0,0.0,0.0,0,0.0,0.0,0.0,0.0
2025-07-16,NC-SDA-UTR-25,0.0,0.0,0.0,0.0,0.0,0.0,0.0,0.0,0.0,0,0.0,0.0,0.0,0.0
2025-07-16,NC-SDA-UTR-26,0.0,0.0,0.0,0.0,0.0,0.0,0.0,0.0,0.0,0,0.0,0.0,0.0,0.0
2025-07-16,OA_CLUSTER,0.0,0.0,0.0,0.0,0.0,0.0,0.0,0.0,0.0,0,0.0,0.0,0.0,0.0
2025-07-17,NC-SBY-BRT-15,0.0,0.0,0.0,0.0,0.0,0.0,0.0,0.0,0.0,0,0.0,0.0,0.0,0.0
2025-07-17,NC-SBY-BRT-16,0.0,0.0,0.0,0.0,0.0,0.0,0.0,0.0,0.0,0,0.0,0.0,0.0,0.0
2025-07-17,NC-SBY-BRT-17,0.0,0.0,0.0,0.0,0.0,0.0,0.0,0.0,0.0,0,0.0,0.0,0.0,0.0
2025-07-17,NC-SBY-SEL-18,0.0,0.0,0.0,0.0,0.0,0.0,0.0,0.0,0.0,0,0.0,0.0,0.0,0.0
2025-07-17,NC-SBY-SEL-19,0.0,0.0,0.0,0.0,0.0,0.0,0.0,0.0,0.0,0,0.0,0.0,0.0,0.0
2025-07-17,NC-SBY-SEL-20,0.0,0.0,0.0,0.0,0.0,0.0,0.0,0.0,0.0,0,0.0,0.0,0.0,0.0
2025-07-17,NC-SBY-SEL-21,0.0,0.0,0.0,0.0,0.0,0.0,0.0,0.0,0.0,0,0.0,0.0,0.0,0.0
2025-07-17,NC-SBY-SEL-22,0.0,0.0,0.0,0.0,0.0,0.0,0.0,0.0,0.0,0,0.0,0.0,0.0,0.0
2025-07-17,NC-SBY-SEL-23,0.0,0.0,0.0,0.0,0.0,0.0,0.0,0.0,0.0,0,0.0,0.0,0.0,0.0
2025-07-17,NC-SBY-TMR-10,0.0,0.0,0.0,0.0,0.0,0.0,0.0,0.0,0.0,0,0.0,0.0,0.0,0.0
2025-07-17,NC-SBY-TMR-11,0.0,0.0,0.0,0.0,0.0,0.0,0.0,0.0,0.0,0,0.0,0.0,0.0,0.0
2025-07-17,NC-SBY-TMR-12,0.0,0.0,0.0,0.0,0.0,0.0,0.0,0.0,0.0,0,0.0,0.0,0.0,0.0
2025-07-17,NC-SBY-TMR-13,0.0,0.0,0.0,0.0,0.0,0.0,0.0,0.0,0.0,0,0.0,0.0,0.0,0.0
2025-07-17,NC-SBY-TMR-14,0.0,0.0,0.0,0.0,0.0,0.0,0.0,0.0,0.0,0,0.0,0.0,0.0,0.0
2025-07-17,NC-SBY-TMR-8,0.0,0.0,0.0,0.0,0.0,0.0,0.0,0.0,0.0,0,0.0,0.0,0.0,0.0
2025-07-17,NC-SBY-TMR-9,0.0,0.0,0.0,0.0,0.0,0.0,0.0,0.0,0.0,0,0.0,0.0,0.0,0.0
2025-07-17,NC-SBY-UTR-1,0.0,0.0,0.0,0.0,0.0,0.0,0.0,0.0,0.0,0,0.0,0.0,0.0,0.0
2025-07-17,NC-SBY-UTR-2,0.0,0.0,0.0,0.0,0.0,0.0,0.0,0.0,0.0,0,0.0,0.0,0.0,0.0
2025-07-17,NC-SBY-UTR-3,0.0,0.0,0.0,0.0,0.0,0.0,0.0,0.0,0.0,0,0.0,0.0,0.0,0.0
2025-07-17,NC-SBY-UTR-4,0.0,0.0,0.0,0.0,0.0,0.0,0.0,0.0,0.0,0,0.0,0.0,0.0,0.0
2025-07-17,NC-SBY-UTR-5,0.0,0.0,0.0,0.0,0.0,0.0,0.0,0.0,0.0,0,0.0,0.0,0.0,0.0
2025-07-17,NC-SBY-UTR-6,0.0,0.0,0.0,0.0,0.0,0.0,0.0,0.0,0.0,0,0.0,0.0,0.0,0.0
2025-07-17,NC-SBY-UTR-7,0.0,0.0,0.0,0.0,0.0,0.0,0.0,0.0,0.0,0,0.0,0.0,0.0,0.0
2025-07-17,NC-SDA-UTR-24,0.0,0.0,0.0,0.0,0.0,0.0,0.0,0.0,0.0,0,0.0,0.0,0.0,0.0
2025-07-17,NC-SDA-UTR-25,0.0,0.0,0.0,0.0,0.0,0.0,0.0,0.0,0.0,0,0.0,0.0,0.0,0.0
2025-07-17,NC-SDA-UTR-26,0.0,0.0,0.0,0.0,0.0,0.0,0.0,0.0,0.0,0,0.0,0.0,0.0,0.0
2025-07-17,OA_CLUSTER,0.0,0.0,0.0,0.0,0.0,0.0,0.0,0.0,0.0,0,0.0,0.0,0.0,0.0
2025-07-18,NC-SBY-BRT-15,0.0,0.0,0.0,0.0,0.0,0.0,0.0,0.0,0.0,0,0.0,0.0,0.0,0.0
2025-07-18,NC-SBY-BRT-16,0.0,0.0,0.0,0.0,0.0,0.0,0.0,0.0,0.0,0,0.0,0.0,0.0,0.0
2025-07-18,NC-SBY-BRT-17,0.0,0.0,0.0,0.0,0.0,0.0,0.0,0.0,0.0,0,0.0,0.0,0.0,0.0
2025-07-18,NC-SBY-SEL-18,0.0,0.0,0.0,0.0,0.0,0.0,0.0,0.0,0.0,0,0.0,0.0,0.0,0.0
2025-07-18,NC-SBY-SEL-19,0.0,0.0,0.0,0.0,0.0,0.0,0.0,0.0,0.0,0,0.0,0.0,0.0,0.0
2025-07-18,NC-SBY-SEL-20,0.0,0.0,0.0,0.0,0.0,0.0,0.0,0.0,0.0,0,0.0,0.0,0.0,0.0
2025-07-18,NC-SBY-SEL-21,0.0,0.0,0.0,0.0,0.0,0.0,0.0,0.0,0.0,0,0.0,0.0,0.0,0.0
2025-07-18,NC-SBY-SEL-22,0.0,0.0,0.0,0.0,0.0,0.0,0.0,0.0,0.0,0,0.0,0.0,0.0,0.0
2025-07-18,NC-SBY-SEL-23,0.0,0.0,0.0,0.0,0.0,0.0,0.0,0.0,0.0,0,0.0,0.0,0.0,0.0
2025-07-18,NC-SBY-TMR-10,0.0,0.0,0.0,0.0,0.0,0.0,0.0,0.0,0.0,0,0.0,0.0,0.0,0.0
2025-07-18,NC-SBY-TMR-11,0.0,0.0,0.0,0.0,0.0,0.0,0.0,0.0,0.0,0,0.0,0.0,0.0,0.0
2025-07-18,NC-SBY-TMR-12,0.0,0.0,0.0,0.0,0.0,0.0,0.0,0.0,0.0,0,0.0,0.0,0.0,0.0
2025-07-18,NC-SBY-TMR-13,0.0,0.0,0.0,0.0,0.0,0.0,0.0,0.0,0.0,0,0.0,0.0,0.0,0.0
2025-07-18,NC-SBY-TMR-14,0.0,0.0,0.0,0.0,0.0,0.0,0.0,0.0,0.0,0,0.0,0.0,0.0,0.0
2025-07-18,NC-SBY-TMR-8,0.0,0.0,0.0,0.0,0.0,0.0,0.0,0.0,0.0,0,0.0,0.0,0.0,0.0
2025-07-18,NC-SBY-TMR-9,0.0,0.0,0.0,0.0,0.0,0.0,0.0,0.0,0.0,0,0.0,0.0,0.0,0.0
2025-07-18,NC-SBY-UTR-1,0.0,0.0,0.0,0.0,0.0,0.0,0.0,0.0,0.0,0,0.0,0.0,0.0,0.0
2025-07-18,NC-SBY-UTR-2,0.0,0.0,0.0,0.0,0.0,0.0,0.0,0.0,0.0,0,0.0,0.0,0.0,0.0
2025-07-18,NC-SBY-UTR-3,0.0,0.0,0.0,0.0,0.0,0.0,0.0,0.0,0.0,0,0.0,0.0,0.0,0.0
2025-07-18,NC-SBY-UTR-4,0.0,0.0,0.0,0.0,0.0,0.0,0.0,0.0,0.0,0,0.0,0.0,0.0,0.0
2025-07-18,NC-SBY-UTR-5,0.0,0.0,0.0,0.0,0.0,0.0,0.0,0.0,0.0,0,0.0,0.0,0.0,0.0
2025-07-18,NC-SBY-UTR-6,0.0,0.0,0.0,0.0,0.0,0.0,0.0,0.0,0.0,0,0.0,0.0,0.0,0.0
2025-07-18,NC-SBY-UTR-7,0.0,0.0,0.0,0.0,0.0,0.0,0.0,0.0,0.0,0,0.0,0.0,0.0,0.0
2025-07-18,NC-SDA-UTR-24,0.0,0.0,0.0,0.0,0.0,0.0,0.0,0.0,0.0,0,0.0,0.0,0.0,0.0
2025-07-18,NC-SDA-UTR-25,0.0,0.0,0.0,0.0,0.0,0.0,0.0,0.0,0.0,0,0.0,0.0,0.0,0.0
2025-07-18,NC-SDA-UTR-26,0.0,0.0,0.0,0.0,0.0,0.0,0.0,0.0,0.0,0,0.0,0.0,0.0,0.0
2025-07-18,OA_CLUSTER,0.0,0.0,0.0,0.0,0.0,0.0,0.0,0.0,0.0,0,0.0,0.0,0.0,0.0
2025-07-19,NC-SBY-BRT-15,0.0,0.0,0.0,0.0,0.0,0.0,0.0,0.0,0.0,0,0.0,0.0,0.0,0.0
2025-07-19,NC-SBY-BRT-16,0.0,0.0,0.0,0.0,0.0,0.0,0.0,0.0,0.0,0,0.0,0.0,0.0,0.0
2025-07-19,NC-SBY-BRT-17,0.0,0.0,0.0,0.0,0.0,0.0,0.0,0.0,0.0,0,0.0,0.0,0.0,0.0
2025-07-19,NC-SBY-SEL-18,0.0,0.0,0.0,0.0,0.0,0.0,0.0,0.0,0.0,0,0.0,0.0,0.0,0.0
2025-07-19,NC-SBY-SEL-19,0.0,0.0,0.0,0.0,0.0,0.0,0.0,0.0,0.0,0,0.0,0.0,0.0,0.0
2025-07-19,NC-SBY-SEL-20,0.0,0.0,0.0,0.0,0.0,0.0,0.0,0.0,0.0,0,0.0,0.0,0.0,0.0
2025-07-19,NC-SBY-SEL-21,0.0,0.0,0.0,0.0,0.0,0.0,0.0,0.0,0.0,0,0.0,0.0,0.0,0.0
2025-07-19,NC-SBY-SEL-22,0.0,0.0,0.0,0.0,0.0,0.0,0.0,0.0,0.0,0,0.0,0.0,0.0,0.0
2025-07-19,NC-SBY-SEL-23,0.0,0.0,0.0,0.0,0.0,0.0,0.0,0.0,0.0,0,0.0,0.0,0.0,0.0
2025-07-19,NC-SBY-TMR-10,0.0,0.0,0.0,0.0,0.0,0.0,0.0,0.0,0.0,0,0.0,0.0,0.0,0.0
2025-07-19,NC-SBY-TMR-11,0.0,0.0,0.0,0.0,0.0,0.0,0.0,0.0,0.0,0,0.0,0.0,0.0,0.0
2025-07-19,NC-SBY-TMR-12,0.0,0.0,0.0,0.0,0.0,0.0,0.0,0.0,0.0,0,0.0,0.0,0.0,0.0
2025-07-19,NC-SBY-TMR-13,0.0,0.0,0.0,0.0,0.0,0.0,0.0,0.0,0.0,0,0.0,0.0,0.0,0.0
2025-07-19,NC-SBY-TMR-14,0.0,0.0,0.0,0.0,0.0,0.0,0.0,0.0,0.0,0,0.0,0.0,0.0,0.0
2025-07-19,NC-SBY-TMR-8,0.0,0.0,0.0,0.0,0.0,0.0,0.0,0.0,0.0,0,0.0,0.0,0.0,0.0
2025-07-19,NC-SBY-TMR-9,0.0,0.0,0.0,0.0,0.0,0.0,0.0,0.0,0.0,0,0.0,0.0,0.0,0.0
2025-07-19,NC-SBY-UTR-1,0.0,0.0,0.0,0.0,0.0,0.0,0.0,0.0,0.0,0,0.0,0.0,0.0,0.0
2025-07-19,NC-SBY-UTR-2,0.0,0.0,0.0,0.0,0.0,0.0,0.0,0.0,0.0,0,0.0,0.0,0.0,0.0
2025-07-19,NC-SBY-UTR-3,0.0,0.0,0.0,0.0,0.0,0.0,0.0,0.0,0.0,0,0.0,0.0,0.0,0.0
2025-07-19,NC-SBY-UTR-4,0.0,0.0,0.0,0.0,0.0,0.0,0.0,0.0,0.0,0,0.0,0.0,0.0,0.0
2025-07-19,NC-SBY-UTR-5,0.0,0.0,0.0,0.0,0.0,0.0,0.0,0.0,0.0,0,0.0,0.0,0.0,0.0
2025-07-19,NC-SBY-UTR-6,0.0,0.0,0.0,0.0,0.0,0.0,0.0,0.0,0.0,0,0.0,0.0,0.0,0.0
2025-07-19,NC-SBY-UTR-7,0.0,0.0,0.0,0.0,0.0,0.0,0.0,0.0,0.0,0,0.0,0.0,0.0,0.0
2025-07-19,NC-SDA-UTR-24,0.0,0.0,0.0,0.0,0.0,0.0,0.0,0.0,0.0,0,0.0,0.0,0.0,0.0
2025-07-19,NC-SDA-UTR-25,0.0,0.0,0.0,0.0,0.0,0.0,0.0,0.0,0.0,0,0.0,0.0,0.0,0.0
2025-07-19,NC-SDA-UTR-26,0.0,0.0,0.0,0.0,0.0,0.0,0.0,0.0,0.0,0,0.0,0.0,0.0,0.0
2025-07-19,OA_CLUSTER,0.0,0.0,0.0,0.0,0.0,0.0,0.0,0.0,0.0,0,0.0,0.0,0.0,0.0
2025-07-20,NC-SBY-BRT-15,0.0,0.0,0.0,0.0,0.0,0.0,0.0,0.0,0.0,0,0.0,0.0,0.0,0.0
2025-07-20,NC-SBY-BRT-16,0.0,0.0,0.0,0.0,0.0,0.0,0.0,0.0,0.0,0,0.0,0.0,0.0,0.0
2025-07-20,NC-SBY-BRT-17,0.0,0.0,0.0,0.0,0.0,0.0,0.0,0.0,0.0,0,0.0,0.0,0.0,0.0
2025-07-20,NC-SBY-SEL-18,0.0,0.0,0.0,0.0,0.0,0.0,0.0,0.0,0.0,0,0.0,0.0,0.0,0.0
2025-07-20,NC-SBY-SEL-19,0.0,0.0,0.0,0.0,0.0,0.0,0.0,0.0,0.0,0,0.0,0.0,0.0,0.0
2025-07-20,NC-SBY-SEL-20,0.0,0.0,0.0,0.0,0.0,0.0,0.0,0.0,0.0,0,0.0,0.0,0.0,0.0
2025-07-20,NC-SBY-SEL-21,0.0,0.0,0.0,0.0,0.0,0.0,0.0,0.0,0.0,0,0.0,0.0,0.0,0.0
2025-07-20,NC-SBY-SEL-22,0.0,0.0,0.0,0.0,0.0,0.0,0.0,0.0,0.0,0,0.0,0.0,0.0,0.0
2025-07-20,NC-SBY-SEL-23,0.0,0.0,0.0,0.0,0.0,0.0,0.0,0.0,0.0,0,0.0,0.0,0.0,0.0
2025-07-20,NC-SBY-TMR-10,0.0,0.0,0.0,0.0,0.0,0.0,0.0,0.0,0.0,0,0.0,0.0,0.0,0.0
2025-07-20,NC-SBY-TMR-11,0.0,0.0,0.0,0.0,0.0,0.0,0.0,0.0,0.0,0,0.0,0.0,0.0,0.0
2025-07-20,NC-SBY-TMR-12,0.0,0.0,0.0,0.0,0.0,0.0,0.0,0.0,0.0,0,0.0,0.0,0.0,0.0
2025-07-20,NC-SBY-TMR-13,0.0,0.0,0.0,0.0,0.0,0.0,0.0,0.0,0.0,0,0.0,0.0,0.0,0.0
2025-07-20,NC-SBY-TMR-14,0.0,0.0,0.0,0.0,0.0,0.0,0.0,0.0,0.0,0,0.0,0.0,0.0,0.0
2025-07-20,NC-SBY-TMR-8,0.0,0.0,0.0,0.0,0.0,0.0,0.0,0.0,0.0,0,0.0,0.0,0.0,0.0
2025-07-20,NC-SBY-TMR-9,0.0,0.0,0.0,0.0,0.0,0.0,0.0,0.0,0.0,0,0.0,0.0,0.0,0.0
2025-07-20,NC-SBY-UTR-1,0.0,0.0,0.0,0.0,0.0,0.0,0.0,0.0,0.0,0,0.0,0.0,0.0,0.0
2025-07-20,NC-SBY-UTR-2,0.0,0.0,0.0,0.0,0.0,0.0,0.0,0.0,0.0,0,0.0,0.0,0.0,0.0
2025-07-20,NC-SBY-UTR-3,0.0,0.0,0.0,0.0,0.0,0.0,0.0,0.0,0.0,0,0.0,0.0,0.0,0.0
2025-07-20,NC-SBY-UTR-4,0.0,0.0,0.0,0.0,0.0,0.0,0.0,0.0,0.0,0,0.0,0.0,0.0,0.0
2025-07-20,NC-SBY-UTR-5,0.0,0.0,0.0,0.0,0.0,0.0,0.0,0.0,0.0,0,0.0,0.0,0.0,0.0
2025-07-20,NC-SBY-UTR-6,0.0,0.0,0.0,0.0,0.0,0.0,0.0,0.0,0.0,0,0.0,0.0,0.0,0.0
2025-07-20,NC-SBY-UTR-7,0.0,0.0,0.0,0.0,0.0,0.0,0.0,0.0,0.0,0,0.0,0.0,0.0,0.0
2025-07-20,NC-SDA-UTR-24,0.0,0.0,0.0,0.0,0.0,0.0,0.0,0.0,0.0,0,0.0,0.0,0.0,0.0
2025-07-20,NC-SDA-UTR-25,0.0,0.0,0.0,0.0,0.0,0.0,0.0,0.0,0.0,0,0.0,0.0,0.0,0.0
2025-07-20,NC-SDA-UTR-26,0.0,0.0,0.0,0.0,0.0,0.0,0.0,0.0,0.0,0,0.0,0.0,0.0,0.0
2025-07-20,OA_CLUSTER,0.0,0.0,0.0,0.0,0.0,0.0,0.0,0.0,0.0,0,0.0,0.0,0.0,0.0
2025-07-21,NC-SBY-BRT-15,0.0,0.0,0.0,0.0,0.0,0.0,0.0,0.0,0.0,0,0.0,0.0,0.0,0.0
2025-07-21,NC-SBY-BRT-16,0.0,0.0,0.0,0.0,0.0,0.0,0.0,0.0,0.0,0,0.0,0.0,0.0,0.0
2025-07-21,NC-SBY-BRT-17,0.0,0.0,0.0,0.0,0.0,0.0,0.0,0.0,0.0,0,0.0,0.0,0.0,0.0
2025-07-21,NC-SBY-SEL-18,0.0,0.0,0.0,0.0,0.0,0.0,0.0,0.0,0.0,0,0.0,0.0,0.0,0.0
2025-07-21,NC-SBY-SEL-19,0.0,0.0,0.0,0.0,0.0,0.0,0.0,0.0,0.0,0,0.0,0.0,0.0,0.0
2025-07-21,NC-SBY-SEL-20,0.0,0.0,0.0,0.0,0.0,0.0,0.0,0.0,0.0,0,0.0,0.0,0.0,0.0
2025-07-21,NC-SBY-SEL-21,0.0,0.0,0.0,0.0,0.0,0.0,0.0,0.0,0.0,0,0.0,0.0,0.0,0.0
2025-07-21,NC-SBY-SEL-22,0.0,0.0,0.0,0.0,0.0,0.0,0.0,0.0,0.0,0,0.0,0.0,0.0,0.0
2025-07-21,NC-SBY-SEL-23,0.0,0.0,0.0,0.0,0.0,0.0,0.0,0.0,0.0,0,0.0,0.0,0.0,0.0
2025-07-21,NC-SBY-TMR-10,0.0,0.0,0.0,0.0,0.0,0.0,0.0,0.0,0.0,0,0.0,0.0,0.0,0.0
2025-07-21,NC-SBY-TMR-11,0.0,0.0,0.0,0.0,0.0,0.0,0.0,0.0,0.0,0,0.0,0.0,0.0,0.0
2025-07-21,NC-SBY-TMR-12,0.0,0.0,0.0,0.0,0.0,0.0,0.0,0.0,0.0,0,0.0,0.0,0.0,0.0
2025-07-21,NC-SBY-TMR-13,0.0,0.0,0.0,0.0,0.0,0.0,0.0,0.0,0.0,0,0.0,0.0,0.0,0.0
2025-07-21,NC-SBY-TMR-14,0.0,0.0,0.0,0.0,0.0,0.0,0.0,0.0,0.0,0,0.0,0.0,0.0,0.0
2025-07-21,NC-SBY-TMR-8,0.0,0.0,0.0,0.0,0.0,0.0,0.0,0.0,0.0,0,0.0,0.0,0.0,0.0
2025-07-21,NC-SBY-TMR-9,0.0,0.0,0.0,0.0,0.0,0.0,0.0,0.0,0.0,0,0.0,0.0,0.0,0.0
2025-07-21,NC-SBY-UTR-1,0.0,0.0,0.0,0.0,0.0,0.0,0.0,0.0,0.0,0,0.0,0.0,0.0,0.0
2025-07-21,NC-SBY-UTR-2,0.0,0.0,0.0,0.0,0.0,0.0,0.0,0.0,0.0,0,0.0,0.0,0.0,0.0
2025-07-21,NC-SBY-UTR-3,0.0,0.0,0.0,0.0,0.0,0.0,0.0,0.0,0.0,0,0.0,0.0,0.0,0.0
2025-07-21,NC-SBY-UTR-4,0.0,0.0,0.0,0.0,0.0,0.0,0.0,0.0,0.0,0,0.0,0.0,0.0,0.0
2025-07-21,NC-SBY-UTR-5,0.0,0.0,0.0,0.0,0.0,0.0,0.0,0.0,0.0,0,0.0,0.0,0.0,0.0
2025-07-21,NC-SBY-UTR-6,0.0,0.0,0.0,0.0,0.0,0.0,0.0,0.0,0.0,0,0.0,0.0,0.0,0.0
2025-07-21,NC-SBY-UTR-7,0.0,0.0,0.0,0.0,0.0,0.0,0.0,0.0,0.0,0,0.0,0.0,0.0,0.0
2025-07-21,NC-SDA-UTR-24,0.0,0.0,0.0,0.0,0.0,0.0,0.0,0.0,0.0,0,0.0,0.0,0.0,0.0
2025-07-21,NC-SDA-UTR-25,0.0,0.0,0.0,0.0,0.0,0.0,0.0,0.0,0.0,0,0.0,0.0,0.0,0.0
2025-07-21,NC-SDA-UTR-26,0.0,0.0,0.0,0.0,0.0,0.0,0.0,0.0,0.0,0,0.0,0.0,0.0,0.0
2025-07-21,OA_CLUSTER,0.0,0.0,0.0,0.0,0.0,0.0,0.0,0.0,0.0,0,0.0,0.0,0.0,0.0
2025-07-22,NC-SBY-BRT-15,0.0,0.0,0.0,0.0,0.0,0.0,0.0,0.0,0.0,0,0.0,0.0,0.0,0.0
2025-07-22,NC-SBY-BRT-16,0.0,0.0,0.0,0.0,0.0,0.0,0.0,0.0,0.0,0,0.0,0.0,0.0,0.0
2025-07-22,NC-SBY-BRT-17,0.0,0.0,0.0,0.0,0.0,0.0,0.0,0.0,0.0,0,0.0,0.0,0.0,0.0
2025-07-22,NC-SBY-SEL-18,0.0,0.0,0.0,0.0,0.0,0.0,0.0,0.0,0.0,0,0.0,0.0,0.0,0.0
2025-07-22,NC-SBY-SEL-19,0.0,0.0,0.0,0.0,0.0,0.0,0.0,0.0,0.0,0,0.0,0.0,0.0,0.0
2025-07-22,NC-SBY-SEL-20,0.0,0.0,0.0,0.0,0.0,0.0,0.0,0.0,0.0,0,0.0,0.0,0.0,0.0
2025-07-22,NC-SBY-SEL-21,0.0,0.0,0.0,0.0,0.0,0.0,0.0,0.0,0.0,0,0.0,0.0,0.0,0.0
2025-07-22,NC-SBY-SEL-22,0.0,0.0,0.0,0.0,0.0,0.0,0.0,0.0,0.0,0,0.0,0.0,0.0,0.0
2025-07-22,NC-SBY-SEL-23,0.0,0.0,0.0,0.0,0.0,0.0,0.0,0.0,0.0,0,0.0,0.0,0.0,0.0
2025-07-22,NC-SBY-TMR-10,0.0,0.0,0.0,0.0,0.0,0.0,0.0,0.0,0.0,0,0.0,0.0,0.0,0.0
2025-07-22,NC-SBY-TMR-11,0.0,0.0,0.0,0.0,0.0,0.0,0.0,0.0,0.0,0,0.0,0.0,0.0,0.0
2025-07-22,NC-SBY-TMR-12,0.0,0.0,0.0,0.0,0.0,0.0,0.0,0.0,0.0,0,0.0,0.0,0.0,0.0
2025-07-22,NC-SBY-TMR-13,0.0,0.0,0.0,0.0,0.0,0.0,0.0,0.0,0.0,0,0.0,0.0,0.0,0.0
2025-07-22,NC-SBY-TMR-14,0.0,0.0,0.0,0.0,0.0,0.0,0.0,0.0,0.0,0,0.0,0.0,0.0,0.0
2025-07-22,NC-SBY-TMR-8,0.0,0.0,0.0,0.0,0.0,0.0,0.0,0.0,0.0,0,0.0,0.0,0.0,0.0
2025-07-22,NC-SBY-TMR-9,0.0,0.0,0.0,0.0,0.0,0.0,0.0,0.0,0.0,0,0.0,0.0,0.0,0.0
2025-07-22,NC-SBY-UTR-1,0.0,0.0,0.0,0.0,0.0,0.0,0.0,0.0,0.0,0,0.0,0.0,0.0,0.0
2025-07-22,NC-SBY-UTR-2,0.0,0.0,0.0,0.0,0.0,0.0,0.0,0.0,0.0,0,0.0,0.0,0.0,0.0
2025-07-22,NC-SBY-UTR-3,0.0,0.0,0.0,0.0,0.0,0.0,0.0,0.0,0.0,0,0.0,0.0,0.0,0.0
2025-07-22,NC-SBY-UTR-4,0.0,0.0,0.0,0.0,0.0,0.0,0.0,0.0,0.0,0,0.0,0.0,0.0,0.0
2025-07-22,NC-SBY-UTR-5,0.0,0.0,0.0,0.0,0.0,0.0,0.0,0.0,0.0,0,0.0,0.0,0.0,0.0
2025-07-22,NC-SBY-UTR-6,0.0,0.0,0.0,0.0,0.0,0.0,0.0,0.0,0.0,0,0.0,0.0,0.0,0.0
2025-07-22,NC-SBY-UTR-7,0.0,0.0,0.0,0.0,0.0,0.0,0.0,0.0,0.0,0,0.0,0.0,0.0,0.0
2025-07-22,NC-SDA-UTR-24,0.0,0.0,0.0,0.0,0.0,0.0,0.0,0.0,0.0,0,0.0,0.0,0.0,0.0
2025-07-22,NC-SDA-UTR-25,0.0,0.0,0.0,0.0,0.0,0.0,0.0,0.0,0.0,0,0.0,0.0,0.0,0.0
2025-07-22,NC-SDA-UTR-26,0.0,0.0,0.0,0.0,0.0,0.0,0.0,0.0,0.0,0,0.0,0.0,0.0,0.0
2025-07-22,OA_CLUSTER,0.0,0.0,0.0,0.0,0.0,0.0,0.0,0.0,0.0,0,0.0,0.0,0.0,0.0
2025-07-23,NC-SBY-BRT-15,0.0,0.0,0.0,0.0,0.0,0.0,0.0,0.0,0.0,0,0.0,0.0,0.0,0.0
2025-07-23,NC-SBY-BRT-16,0.0,0.0,0.0,0.0,0.0,0.0,0.0,0.0,0.0,0,0.0,0.0,0.0,0.0
2025-07-23,NC-SBY-BRT-17,0.0,0.0,0.0,0.0,0.0,0.0,0.0,0.0,0.0,0,0.0,0.0,0.0,0.0
2025-07-23,NC-SBY-SEL-18,0.0,0.0,0.0,0.0,0.0,0.0,0.0,0.0,0.0,0,0.0,0.0,0.0,0.0
2025-07-23,NC-SBY-SEL-19,0.0,0.0,0.0,0.0,0.0,0.0,0.0,0.0,0.0,0,0.0,0.0,0.0,0.0
2025-07-23,NC-SBY-SEL-20,0.0,0.0,0.0,0.0,0.0,0.0,0.0,0.0,0.0,0,0.0,0.0,0.0,0.0
2025-07-23,NC-SBY-SEL-21,0.0,0.0,0.0,0.0,0.0,0.0,0.0,0.0,0.0,0,0.0,0.0,0.0,0.0
2025-07-23,NC-SBY-SEL-22,0.0,0.0,0.0,0.0,0.0,0.0,0.0,0.0,0.0,0,0.0,0.0,0.0,0.0
2025-07-23,NC-SBY-SEL-23,0.0,0.0,0.0,0.0,0.0,0.0,0.0,0.0,0.0,0,0.0,0.0,0.0,0.0
2025-07-23,NC-SBY-TMR-10,0.0,0.0,0.0,0.0,0.0,0.0,0.0,0.0,0.0,0,0.0,0.0,0.0,0.0
2025-07-23,NC-SBY-TMR-11,0.0,0.0,0.0,0.0,0.0,0.0,0.0,0.0,0.0,0,0.0,0.0,0.0,0.0
2025-07-23,NC-SBY-TMR-12,0.0,0.0,0.0,0.0,0.0,0.0,0.0,0.0,0.0,0,0.0,0.0,0.0,0.0
2025-07-23,NC-SBY-TMR-13,0.0,0.0,0.0,0.0,0.0,0.0,0.0,0.0,0.0,0,0.0,0.0,0.0,0.0
2025-07-23,NC-SBY-TMR-14,0.0,0.0,0.0,0.0,0.0,0.0,0.0,0.0,0.0,0,0.0,0.0,0.0,0.0
2025-07-23,NC-SBY-TMR-8,0.0,0.0,0.0,0.0,0.0,0.0,0.0,0.0,0.0,0,0.0,0.0,0.0,0.0
2025-07-23,NC-SBY-TMR-9,0.0,0.0,0.0,0.0,0.0,0.0,0.0,0.0,0.0,0,0.0,0.0,0.0,0.0
2025-07-23,NC-SBY-UTR-1,0.0,0.0,0.0,0.0,0.0,0.0,0.0,0.0,0.0,0,0.0,0.0,0.0,0.0
2025-07-23,NC-SBY-UTR-2,0.0,0.0,0.0,0.0,0.0,0.0,0.0,0.0,0.0,0,0.0,0.0,0.0,0.0
2025-07-23,NC-SBY-UTR-3,0.0,0.0,0.0,0.0,0.0,0.0,0.0,0.0,0.0,0,0.0,0.0,0.0,0.0
2025-07-23,NC-SBY-UTR-4,0.0,0.0,0.0,0.0,0.0,0.0,0.0,0.0,0.0,0,0.0,0.0,0.0,0.0
2025-07-23,NC-SBY-UTR-5,0.0,0.0,0.0,0.0,0.0,0.0,0.0,0.0,0.0,0,0.0,0.0,0.0,0.0
2025-07-23,NC-SBY-UTR-6,0.0,0.0,0.0,0.0,0.0,0.0,0.0,0.0,0.0,0,0.0,0.0,0.0,0.0
2025-07-23,NC-SBY-UTR-7,0.0,0.0,0.0,0.0,0.0,0.0,0.0,0.0,0.0,0,0.0,0.0,0.0,0.0
2025-07-23,NC-SDA-UTR-24,0.0,0.0,0.0,0.0,0.0,0.0,0.0,0.0,0.0,0,0.0,0.0,0.0,0.0
2025-07-23,NC-SDA-UTR-25,0.0,0.0,0.0,0.0,0.0,0.0,0.0,0.0,0.0,0,0.0,0.0,0.0,0.0
2025-07-23,NC-SDA-UTR-26,0.0,0.0,0.0,0.0,0.0,0.0,0.0,0.0,0.0,0,0.0,0.0,0.0,0.0
2025-07-23,OA_CLUSTER,0.0,0.0,0.0,0.0,0.0,0.0,0.0,0.0,0.0,0,0.0,0.0,0.0,0.0
2025-07-24,NC-SBY-BRT-15,0.0,0.0,0.0,0.0,0.0,0.0,0.0,0.0,0.0,0,0.0,0.0,0.0,0.0
2025-07-24,NC-SBY-BRT-16,0.0,0.0,0.0,0.0,0.0,0.0,0.0,0.0,0.0,0,0.0,0.0,0.0,0.0
2025-07-24,NC-SBY-BRT-17,0.0,0.0,0.0,0.0,0.0,0.0,0.0,0.0,0.0,0,0.0,0.0,0.0,0.0
2025-07-24,NC-SBY-SEL-18,0.0,0.0,0.0,0.0,0.0,0.0,0.0,0.0,0.0,0,0.0,0.0,0.0,0.0
2025-07-24,NC-SBY-SEL-19,0.0,0.0,0.0,0.0,0.0,0.0,0.0,0.0,0.0,0,0.0,0.0,0.0,0.0
2025-07-24,NC-SBY-SEL-20,0.0,0.0,0.0,0.0,0.0,0.0,0.0,0.0,0.0,0,0.0,0.0,0.0,0.0
2025-07-24,NC-SBY-SEL-21,0.0,0.0,0.0,0.0,0.0,0.0,0.0,0.0,0.0,0,0.0,0.0,0.0,0.0
2025-07-24,NC-SBY-SEL-22,0.0,0.0,0.0,0.0,0.0,0.0,0.0,0.0,0.0,0,0.0,0.0,0.0,0.0
2025-07-24,NC-SBY-SEL-23,0.0,0.0,0.0,0.0,0.0,0.0,0.0,0.0,0.0,0,0.0,0.0,0.0,0.0
2025-07-24,NC-SBY-TMR-10,0.0,0.0,0.0,0.0,0.0,0.0,0.0,0.0,0.0,0,0.0,0.0,0.0,0.0
2025-07-24,NC-SBY-TMR-11,0.0,0.0,0.0,0.0,0.0,0.0,0.0,0.0,0.0,0,0.0,0.0,0.0,0.0
2025-07-24,NC-SBY-TMR-12,0.0,0.0,0.0,0.0,0.0,0.0,0.0,0.0,0.0,0,0.0,0.0,0.0,0.0
2025-07-24,NC-SBY-TMR-13,0.0,0.0,0.0,0.0,0.0,0.0,0.0,0.0,0.0,0,0.0,0.0,0.0,0.0
2025-07-24,NC-SBY-TMR-14,0.0,0.0,0.0,0.0,0.0,0.0,0.0,0.0,0.0,0,0.0,0.0,0.0,0.0
2025-07-24,NC-SBY-TMR-8,0.0,0.0,0.0,0.0,0.0,0.0,0.0,0.0,0.0,0,0.0,0.0,0.0,0.0
2025-07-24,NC-SBY-TMR-9,0.0,0.0,0.0,0.0,0.0,0.0,0.0,0.0,0.0,0,0.0,0.0,0.0,0.0
2025-07-24,NC-SBY-UTR-1,0.0,0.0,0.0,0.0,0.0,0.0,0.0,0.0,0.0,0,0.0,0.0,0.0,0.0
2025-07-24,NC-SBY-UTR-2,0.0,0.0,0.0,0.0,0.0,0.0,0.0,0.0,0.0,0,0.0,0.0,0.0,0.0
2025-07-24,NC-SBY-UTR-3,0.0,0.0,0.0,0.0,0.0,0.0,0.0,0.0,0.0,0,0.0,0.0,0.0,0.0
2025-07-24,NC-SBY-UTR-4,0.0,0.0,0.0,0.0,0.0,0.0,0.0,0.0,0.0,0,0.0,0.0,0.0,0.0
2025-07-24,NC-SBY-UTR-5,0.0,0.0,0.0,0.0,0.0,0.0,0.0,0.0,0.0,0,0.0,0.0,0.0,0.0
2025-07-24,NC-SBY-UTR-6,0.0,0.0,0.0,0.0,0.0,0.0,0.0,0.0,0.0,0,0.0,0.0,0.0,0.0
2025-07-24,NC-SBY-UTR-7,0.0,0.0,0.0,0.0,0.0,0.0,0.0,0.0,0.0,0,0.0,0.0,0.0,0.0
2025-07-24,NC-SDA-UTR-24,0.0,0.0,0.0,0.0,0.0,0.0,0.0,0.0,0.0,0,0.0,0.0,0.0,0.0
2025-07-24,NC-SDA-UTR-25,0.0,0.0,0.0,0.0,0.0,0.0,0.0,0.0,0.0,0,0.0,0.0,0.0,0.0
2025-07-24,NC-SDA-UTR-26,0.0,0.0,0.0,0.0,0.0,0.0,0.0,0.0,0.0,0,0.0,0.0,0.0,0.0
2025-07-24,OA_CLUSTER,0.0,0.0,0.0,0.0,0.0,0.0,0.0,0.0,0.0,0,0.0,0.0,0.0,0.0
2025-07-25,NC-SBY-BRT-15,0.0,0.0,0.0,0.0,0.0,0.0,0.0,0.0,0.0,0,0.0,0.0,0.0,0.0
2025-07-25,NC-SBY-BRT-16,0.0,0.0,0.0,0.0,0.0,0.0,0.0,0.0,0.0,0,0.0,0.0,0.0,0.0
2025-07-25,NC-SBY-BRT-17,0.0,0.0,0.0,0.0,0.0,0.0,0.0,0.0,0.0,0,0.0,0.0,0.0,0.0
2025-07-25,NC-SBY-SEL-18,0.0,0.0,0.0,0.0,0.0,0.0,0.0,0.0,0.0,0,0.0,0.0,0.0,0.0
2025-07-25,NC-SBY-SEL-19,0.0,0.0,0.0,0.0,0.0,0.0,0.0,0.0,0.0,0,0.0,0.0,0.0,0.0
2025-07-25,NC-SBY-SEL-20,0.0,0.0,0.0,0.0,0.0,0.0,0.0,0.0,0.0,0,0.0,0.0,0.0,0.0
2025-07-25,NC-SBY-SEL-21,0.0,0.0,0.0,0.0,0.0,0.0,0.0,0.0,0.0,0,0.0,0.0,0.0,0.0
2025-07-25,NC-SBY-SEL-22,0.0,0.0,0.0,0.0,0.0,0.0,0.0,0.0,0.0,0,0.0,0.0,0.0,0.0
2025-07-25,NC-SBY-SEL-23,0.0,0.0,0.0,0.0,0.0,0.0,0.0,0.0,0.0,0,0.0,0.0,0.0,0.0
2025-07-25,NC-SBY-TMR-10,0.0,0.0,0.0,0.0,0.0,0.0,0.0,0.0,0.0,0,0.0,0.0,0.0,0.0
2025-07-25,NC-SBY-TMR-11,0.0,0.0,0.0,0.0,0.0,0.0,0.0,0.0,0.0,0,0.0,0.0,0.0,0.0
2025-07-25,NC-SBY-TMR-12,0.0,0.0,0.0,0.0,0.0,0.0,0.0,0.0,0.0,0,0.0,0.0,0.0,0.0
2025-07-25,NC-SBY-TMR-13,0.0,0.0,0.0,0.0,0.0,0.0,0.0,0.0,0.0,0,0.0,0.0,0.0,0.0
2025-07-25,NC-SBY-TMR-14,0.0,0.0,0.0,0.0,0.0,0.0,0.0,0.0,0.0,0,0.0,0.0,0.0,0.0
2025-07-25,NC-SBY-TMR-8,0.0,0.0,0.0,0.0,0.0,0.0,0.0,0.0,0.0,0,0.0,0.0,0.0,0.0
2025-07-25,NC-SBY-TMR-9,0.0,0.0,0.0,0.0,0.0,0.0,0.0,0.0,0.0,0,0.0,0.0,0.0,0.0
2025-07-25,NC-SBY-UTR-1,0.0,0.0,0.0,0.0,0.0,0.0,0.0,0.0,0.0,0,0.0,0.0,0.0,0.0
2025-07-25,NC-SBY-UTR-2,0.0,0.0,0.0,0.0,0.0,0.0,0.0,0.0,0.0,0,0.0,0.0,0.0,0.0
2025-07-25,NC-SBY-UTR-3,0.0,0.0,0.0,0.0,0.0,0.0,0.0,0.0,0.0,0,0.0,0.0,0.0,0.0
2025-07-25,NC-SBY-UTR-4,0.0,0.0,0.0,0.0,0.0,0.0,0.0,0.0,0.0,0,0.0,0.0,0.0,0.0
2025-07-25,NC-SBY-UTR-5,0.0,0.0,0.0,0.0,0.0,0.0,0.0,0.0,0.0,0,0.0,0.0,0.0,0.0
2025-07-25,NC-SBY-UTR-6,0.0,0.0,0.0,0.0,0.0,0.0,0.0,0.0,0.0,0,0.0,0.0,0.0,0.0
2025-07-25,NC-SBY-UTR-7,0.0,0.0,0.0,0.0,0.0,0.0,0.0,0.0,0.0,0,0.0,0.0,0.0,0.0
2025-07-25,NC-SDA-UTR-24,0.0,0.0,0.0,0.0,0.0,0.0,0.0,0.0,0.0,0,0.0,0.0,0.0,0.0
2025-07-25,NC-SDA-UTR-25,0.0,0.0,0.0,0.0,0.0,0.0,0.0,0.0,0.0,0,0.0,0.0,0.0,0.0
2025-07-25,NC-SDA-UTR-26,0.0,0.0,0.0,0.0,0.0,0.0,0.0,0.0,0.0,0,0.0,0.0,0.0,0.0
2025-07-25,OA_CLUSTER,0.0,0.0,0.0,0.0,0.0,0.0,0.0,0.0,0.0,0,0.0,0.0,0.0,0.0
2025-07-26,NC-SBY-BRT-15,0.0,0.0,0.0,0.0,0.0,0.0,0.0,0.0,0.0,0,0.0,0.0,0.0,0.0
2025-07-26,NC-SBY-BRT-16,0.0,0.0,0.0,0.0,0.0,0.0,0.0,0.0,0.0,0,0.0,0.0,0.0,0.0
2025-07-26,NC-SBY-BRT-17,0.0,0.0,0.0,0.0,0.0,0.0,0.0,0.0,0.0,0,0.0,0.0,0.0,0.0
2025-07-26,NC-SBY-SEL-18,0.0,0.0,0.0,0.0,0.0,0.0,0.0,0.0,0.0,0,0.0,0.0,0.0,0.0
2025-07-26,NC-SBY-SEL-19,0.0,0.0,0.0,0.0,0.0,0.0,0.0,0.0,0.0,0,0.0,0.0,0.0,0.0
2025-07-26,NC-SBY-SEL-20,0.0,0.0,0.0,0.0,0.0,0.0,0.0,0.0,0.0,0,0.0,0.0,0.0,0.0
2025-07-26,NC-SBY-SEL-21,0.0,0.0,0.0,0.0,0.0,0.0,0.0,0.0,0.0,0,0.0,0.0,0.0,0.0
2025-07-26,NC-SBY-SEL-22,0.0,0.0,0.0,0.0,0.0,0.0,0.0,0.0,0.0,0,0.0,0.0,0.0,0.0
2025-07-26,NC-SBY-SEL-23,0.0,0.0,0.0,0.0,0.0,0.0,0.0,0.0,0.0,0,0.0,0.0,0.0,0.0
2025-07-26,NC-SBY-TMR-10,0.0,0.0,0.0,0.0,0.0,0.0,0.0,0.0,0.0,0,0.0,0.0,0.0,0.0
2025-07-26,NC-SBY-TMR-11,0.0,0.0,0.0,0.0,0.0,0.0,0.0,0.0,0.0,0,0.0,0.0,0.0,0.0
2025-07-26,NC-SBY-TMR-12,0.0,0.0,0.0,0.0,0.0,0.0,0.0,0.0,0.0,0,0.0,0.0,0.0,0.0
2025-07-26,NC-SBY-TMR-13,0.0,0.0,0.0,0.0,0.0,0.0,0.0,0.0,0.0,0,0.0,0.0,0.0,0.0
2025-07-26,NC-SBY-TMR-14,0.0,0.0,0.0,0.0,0.0,0.0,0.0,0.0,0.0,0,0.0,0.0,0.0,0.0
2025-07-26,NC-SBY-TMR-8,0.0,0.0,0.0,0.0,0.0,0.0,0.0,0.0,0.0,0,0.0,0.0,0.0,0.0
2025-07-26,NC-SBY-TMR-9,0.0,0.0,0.0,0.0,0.0,0.0,0.0,0.0,0.0,0,0.0,0.0,0.0,0.0
2025-07-26,NC-SBY-UTR-1,0.0,0.0,0.0,0.0,0.0,0.0,0.0,0.0,0.0,0,0.0,0.0,0.0,0.0
2025-07-26,NC-SBY-UTR-2,0.0,0.0,0.0,0.0,0.0,0.0,0.0,0.0,0.0,0,0.0,0.0,0.0,0.0
2025-07-26,NC-SBY-UTR-3,0.0,0.0,0.0,0.0,0.0,0.0,0.0,0.0,0.0,0,0.0,0.0,0.0,0.0
2025-07-26,NC-SBY-UTR-4,0.0,0.0,0.0,0.0,0.0,0.0,0.0,0.0,0.0,0,0.0,0.0,0.0,0.0
2025-07-26,NC-SBY-UTR-5,0.0,0.0,0.0,0.0,0.0,0.0,0.0,0.0,0.0,0,0.0,0.0,0.0,0.0
2025-07-26,NC-SBY-UTR-6,0.0,0.0,0.0,0.0,0.0,0.0,0.0,0.0,0.0,0,0.0,0.0,0.0,0.0
2025-07-26,NC-SBY-UTR-7,0.0,0.0,0.0,0.0,0.0,0.0,0.0,0.0,0.0,0,0.0,0.0,0.0,0.0
2025-07-26,NC-SDA-UTR-24,0.0,0.0,0.0,0.0,0.0,0.0,0.0,0.0,0.0,0,0.0,0.0,0.0,0.0
2025-07-26,NC-SDA-UTR-25,0.0,0.0,0.0,0.0,0.0,0.0,0.0,0.0,0.0,0,0.0,0.0,0.0,0.0
2025-07-26,NC-SDA-UTR-26,0.0,0.0,0.0,0.0,0.0,0.0,0.0,0.0,0.0,0,0.0,0.0,0.0,0.0
2025-07-26,OA_CLUSTER,0.0,0.0,0.0,0.0,0.0,0.0,0.0,0.0,0.0,0,0.0,0.0,0.0,0.0
2025-07-27,NC-SBY-BRT-15,0.0,0.0,0.0,0.0,0.0,0.0,0.0,0.0,0.0,0,0.0,0.0,0.0,0.0
2025-07-27,NC-SBY-BRT-16,0.0,0.0,0.0,0.0,0.0,0.0,0.0,0.0,0.0,0,0.0,0.0,0.0,0.0
2025-07-27,NC-SBY-BRT-17,0.0,0.0,0.0,0.0,0.0,0.0,0.0,0.0,0.0,0,0.0,0.0,0.0,0.0
2025-07-27,NC-SBY-SEL-18,0.0,0.0,0.0,0.0,0.0,0.0,0.0,0.0,0.0,0,0.0,0.0,0.0,0.0
2025-07-27,NC-SBY-SEL-19,0.0,0.0,0.0,0.0,0.0,0.0,0.0,0.0,0.0,0,0.0,0.0,0.0,0.0
2025-07-27,NC-SBY-SEL-20,0.0,0.0,0.0,0.0,0.0,0.0,0.0,0.0,0.0,0,0.0,0.0,0.0,0.0
2025-07-27,NC-SBY-SEL-21,0.0,0.0,0.0,0.0,0.0,0.0,0.0,0.0,0.0,0,0.0,0.0,0.0,0.0
2025-07-27,NC-SBY-SEL-22,0.0,0.0,0.0,0.0,0.0,0.0,0.0,0.0,0.0,0,0.0,0.0,0.0,0.0
2025-07-27,NC-SBY-SEL-23,0.0,0.0,0.0,0.0,0.0,0.0,0.0,0.0,0.0,0,0.0,0.0,0.0,0.0
2025-07-27,NC-SBY-TMR-10,0.0,0.0,0.0,0.0,0.0,0.0,0.0,0.0,0.0,0,0.0,0.0,0.0,0.0
2025-07-27,NC-SBY-TMR-11,0.0,0.0,0.0,0.0,0.0,0.0,0.0,0.0,0.0,0,0.0,0.0,0.0,0.0
2025-07-27,NC-SBY-TMR-12,0.0,0.0,0.0,0.0,0.0,0.0,0.0,0.0,0.0,0,0.0,0.0,0.0,0.0
2025-07-27,NC-SBY-TMR-13,0.0,0.0,0.0,0.0,0.0,0.0,0.0,0.0,0.0,0,0.0,0.0,0.0,0.0
2025-07-27,NC-SBY-TMR-14,0.0,0.0,0.0,0.0,0.0,0.0,0.0,0.0,0.0,0,0.0,0.0,0.0,0.0
2025-07-27,NC-SBY-TMR-8,0.0,0.0,0.0,0.0,0.0,0.0,0.0,0.0,0.0,0,0.0,0.0,0.0,0.0
2025-07-27,NC-SBY-TMR-9,0.0,0.0,0.0,0.0,0.0,0.0,0.0,0.0,0.0,0,0.0,0.0,0.0,0.0
2025-07-27,NC-SBY-UTR-1,0.0,0.0,0.0,0.0,0.0,0.0,0.0,0.0,0.0,0,0.0,0.0,0.0,0.0
2025-07-27,NC-SBY-UTR-2,0.0,0.0,0.0,0.0,0.0,0.0,0.0,0.0,0.0,0,0.0,0.0,0.0,0.0
2025-07-27,NC-SBY-UTR-3,0.0,0.0,0.0,0.0,0.0,0.0,0.0,0.0,0.0,0,0.0,0.0,0.0,0.0
2025-07-27,NC-SBY-UTR-4,0.0,0.0,0.0,0.0,0.0,0.0,0.0,0.0,0.0,0,0.0,0.0,0.0,0.0
2025-07-27,NC-SBY-UTR-5,0.0,0.0,0.0,0.0,0.0,0.0,0.0,0.0,0.0,0,0.0,0.0,0.0,0.0
2025-07-27,NC-SBY-UTR-6,0.0,0.0,0.0,0.0,0.0,0.0,0.0,0.0,0.0,0,0.0,0.0,0.0,0.0
2025-07-27,NC-SBY-UTR-7,0.0,0.0,0.0,0.0,0.0,0.0,0.0,0.0,0.0,0,0.0,0.0,0.0,0.0
2025-07-27,NC-SDA-UTR-24,0.0,0.0,0.0,0.0,0.0,0.0,0.0,0.0,0.0,0,0.0,0.0,0.0,0.0
2025-07-27,NC-SDA-UTR-25,0.0,0.0,0.0,0.0,0.0,0.0,0.0,0.0,0.0,0,0.0,0.0,0.0,0.0
2025-07-27,NC-SDA-UTR-26,0.0,0.0,0.0,0.0,0.0,0.0,0.0,0.0,0.0,0,0.0,0.0,0.0,0.0
2025-07-27,OA_CLUSTER,0.0,0.0,0.0,0.0,0.0,0.0,0.0,0.0,0.0,0,0.0,0.0,0.0,0.0
2025-07-28,NC-SBY-BRT-15,0.0,0.0,0.0,0.0,0.0,0.0,0.0,0.0,0.0,0,0.0,0.0,0.0,0.0
2025-07-28,NC-SBY-BRT-16,0.0,0.0,0.0,0.0,0.0,0.0,0.0,0.0,0.0,0,0.0,0.0,0.0,0.0
2025-07-28,NC-SBY-BRT-17,0.0,0.0,0.0,0.0,0.0,0.0,0.0,0.0,0.0,0,0.0,0.0,0.0,0.0
2025-07-28,NC-SBY-SEL-18,0.0,0.0,0.0,0.0,0.0,0.0,0.0,0.0,0.0,0,0.0,0.0,0.0,0.0
2025-07-28,NC-SBY-SEL-19,0.0,0.0,0.0,0.0,0.0,0.0,0.0,0.0,0.0,0,0.0,0.0,0.0,0.0
2025-07-28,NC-SBY-SEL-20,0.0,0.0,0.0,0.0,0.0,0.0,0.0,0.0,0.0,0,0.0,0.0,0.0,0.0
2025-07-28,NC-SBY-SEL-21,0.0,0.0,0.0,0.0,0.0,0.0,0.0,0.0,0.0,0,0.0,0.0,0.0,0.0
2025-07-28,NC-SBY-SEL-22,0.0,0.0,0.0,0.0,0.0,0.0,0.0,0.0,0.0,0,0.0,0.0,0.0,0.0
2025-07-28,NC-SBY-SEL-23,0.0,0.0,0.0,0.0,0.0,0.0,0.0,0.0,0.0,0,0.0,0.0,0.0,0.0
2025-07-28,NC-SBY-TMR-10,0.0,0.0,0.0,0.0,0.0,0.0,0.0,0.0,0.0,0,0.0,0.0,0.0,0.0
2025-07-28,NC-SBY-TMR-11,0.0,0.0,0.0,0.0,0.0,0.0,0.0,0.0,0.0,0,0.0,0.0,0.0,0.0
2025-07-28,NC-SBY-TMR-12,0.0,0.0,0.0,0.0,0.0,0.0,0.0,0.0,0.0,0,0.0,0.0,0.0,0.0
2025-07-28,NC-SBY-TMR-13,0.0,0.0,0.0,0.0,0.0,0.0,0.0,0.0,0.0,0,0.0,0.0,0.0,0.0
2025-07-28,NC-SBY-TMR-14,0.0,0.0,0.0,0.0,0.0,0.0,0.0,0.0,0.0,0,0.0,0.0,0.0,0.0
2025-07-28,NC-SBY-TMR-8,0.0,0.0,0.0,0.0,0.0,0.0,0.0,0.0,0.0,0,0.0,0.0,0.0,0.0
2025-07-28,NC-SBY-TMR-9,0.0,0.0,0.0,0.0,0.0,0.0,0.0,0.0,0.0,0,0.0,0.0,0.0,0.0
2025-07-28,NC-SBY-UTR-1,0.0,0.0,0.0,0.0,0.0,0.0,0.0,0.0,0.0,0,0.0,0.0,0.0,0.0
2025-07-28,NC-SBY-UTR-2,0.0,0.0,0.0,0.0,0.0,0.0,0.0,0.0,0.0,0,0.0,0.0,0.0,0.0
2025-07-28,NC-SBY-UTR-3,0.0,0.0,0.0,0.0,0.0,0.0,0.0,0.0,0.0,0,0.0,0.0,0.0,0.0
2025-07-28,NC-SBY-UTR-4,0.0,0.0,0.0,0.0,0.0,0.0,0.0,0.0,0.0,0,0.0,0.0,0.0,0.0
2025-07-28,NC-SBY-UTR-5,0.0,0.0,0.0,0.0,0.0,0.0,0.0,0.0,0.0,0,0.0,0.0,0.0,0.0
2025-07-28,NC-SBY-UTR-6,0.0,0.0,0.0,0.0,0.0,0.0,0.0,0.0,0.0,0,0.0,0.0,0.0,0.0
2025-07-28,NC-SBY-UTR-7,0.0,0.0,0.0,0.0,0.0,0.0,0.0,0.0,0.0,0,0.0,0.0,0.0,0.0
2025-07-28,NC-SDA-UTR-24,0.0,0.0,0.0,0.0,0.0,0.0,0.0,0.0,0.0,0,0.0,0.0,0.0,0.0
2025-07-28,NC-SDA-UTR-25,0.0,0.0,0.0,0.0,0.0,0.0,0.0,0.0,0.0,0,0.0,0.0,0.0,0.0
2025-07-28,NC-SDA-UTR-26,0.0,0.0,0.0,0.0,0.0,0.0,0.0,0.0,0.0,0,0.0,0.0,0.0,0.0
2025-07-28,OA_CLUSTER,0.0,0.0,0.0,0.0,0.0,0.0,0.0,0.0,0.0,0,0.0,0.0,0.0,0.0
2025-07-29,NC-SBY-BRT-15,0.0,0.0,0.0,0.0,0.0,0.0,0.0,0.0,0.0,0,0.0,0.0,0.0,0.0
2025-07-29,NC-SBY-BRT-16,0.0,0.0,0.0,0.0,0.0,0.0,0.0,0.0,0.0,0,0.0,0.0,0.0,0.0
2025-07-29,NC-SBY-BRT-17,0.0,0.0,0.0,0.0,0.0,0.0,0.0,0.0,0.0,0,0.0,0.0,0.0,0.0
2025-07-29,NC-SBY-SEL-18,0.0,0.0,0.0,0.0,0.0,0.0,0.0,0.0,0.0,0,0.0,0.0,0.0,0.0
2025-07-29,NC-SBY-SEL-19,0.0,0.0,0.0,0.0,0.0,0.0,0.0,0.0,0.0,0,0.0,0.0,0.0,0.0
2025-07-29,NC-SBY-SEL-20,0.0,0.0,0.0,0.0,0.0,0.0,0.0,0.0,0.0,0,0.0,0.0,0.0,0.0
2025-07-29,NC-SBY-SEL-21,0.0,0.0,0.0,0.0,0.0,0.0,0.0,0.0,0.0,0,0.0,0.0,0.0,0.0
2025-07-29,NC-SBY-SEL-22,0.0,0.0,0.0,0.0,0.0,0.0,0.0,0.0,0.0,0,0.0,0.0,0.0,0.0
2025-07-29,NC-SBY-SEL-23,0.0,0.0,0.0,0.0,0.0,0.0,0.0,0.0,0.0,0,0.0,0.0,0.0,0.0
2025-07-29,NC-SBY-TMR-10,0.0,0.0,0.0,0.0,0.0,0.0,0.0,0.0,0.0,0,0.0,0.0,0.0,0.0
2025-07-29,NC-SBY-TMR-11,0.0,0.0,0.0,0.0,0.0,0.0,0.0,0.0,0.0,0,0.0,0.0,0.0,0.0
2025-07-29,NC-SBY-TMR-12,0.0,0.0,0.0,0.0,0.0,0.0,0.0,0.0,0.0,0,0.0,0.0,0.0,0.0
2025-07-29,NC-SBY-TMR-13,0.0,0.0,0.0,0.0,0.0,0.0,0.0,0.0,0.0,0,0.0,0.0,0.0,0.0
2025-07-29,NC-SBY-TMR-14,0.0,0.0,0.0,0.0,0.0,0.0,0.0,0.0,0.0,0,0.0,0.0,0.0,0.0
2025-07-29,NC-SBY-TMR-8,0.0,0.0,0.0,0.0,0.0,0.0,0.0,0.0,0.0,0,0.0,0.0,0.0,0.0
2025-07-29,NC-SBY-TMR-9,0.0,0.0,0.0,0.0,0.0,0.0,0.0,0.0,0.0,0,0.0,0.0,0.0,0.0
2025-07-29,NC-SBY-UTR-1,0.0,0.0,0.0,0.0,0.0,0.0,0.0,0.0,0.0,0,0.0,0.0,0.0,0.0
2025-07-29,NC-SBY-UTR-2,0.0,0.0,0.0,0.0,0.0,0.0,0.0,0.0,0.0,0,0.0,0.0,0.0,0.0
2025-07-29,NC-SBY-UTR-3,0.0,0.0,0.0,0.0,0.0,0.0,0.0,0.0,0.0,0,0.0,0.0,0.0,0.0
2025-07-29,NC-SBY-UTR-4,0.0,0.0,0.0,0.0,0.0,0.0,0.0,0.0,0.0,0,0.0,0.0,0.0,0.0
2025-07-29,NC-SBY-UTR-5,0.0,0.0,0.0,0.0,0.0,0.0,0.0,0.0,0.0,0,0.0,0.0,0.0,0.0
2025-07-29,NC-SBY-UTR-6,0.0,0.0,0.0,0.0,0.0,0.0,0.0,0.0,0.0,0,0.0,0.0,0.0,0.0
2025-07-29,NC-SBY-UTR-7,0.0,0.0,0.0,0.0,0.0,0.0,0.0,0.0,0.0,0,0.0,0.0,0.0,0.0
2025-07-29,NC-SDA-UTR-24,0.0,0.0,0.0,0.0,0.0,0.0,0.0,0.0,0.0,0,0.0,0.0,0.0,0.0
2025-07-29,NC-SDA-UTR-25,0.0,0.0,0.0,0.0,0.0,0.0,0.0,0.0,0.0,0,0.0,0.0,0.0,0.0
2025-07-29,NC-SDA-UTR-26,0.0,0.0,0.0,0.0,0.0,0.0,0.0,0.0,0.0,0,0.0,0.0,0.0,0.0
2025-07-29,OA_CLUSTER,0.0,0.0,0.0,0.0,0.0,0.0,0.0,0.0,0.0,0,0.0,0.0,0.0,0.0
2025-07-30,NC-SBY-BRT-15,0.0,0.0,0.0,0.0,0.0,0.0,0.0,0.0,0.0,0,0.0,0.0,0.0,0.0
2025-07-30,NC-SBY-BRT-16,0.0,0.0,0.0,0.0,0.0,0.0,0.0,0.0,0.0,0,0.0,0.0,0.0,0.0
2025-07-30,NC-SBY-BRT-17,0.0,0.0,0.0,0.0,0.0,0.0,0.0,0.0,0.0,0,0.0,0.0,0.0,0.0
2025-07-30,NC-SBY-SEL-18,0.0,0.0,0.0,0.0,0.0,0.0,0.0,0.0,0.0,0,0.0,0.0,0.0,0.0
2025-07-30,NC-SBY-SEL-19,0.0,0.0,0.0,0.0,0.0,0.0,0.0,0.0,0.0,0,0.0,0.0,0.0,0.0
2025-07-30,NC-SBY-SEL-20,0.0,0.0,0.0,0.0,0.0,0.0,0.0,0.0,0.0,0,0.0,0.0,0.0,0.0
2025-07-30,NC-SBY-SEL-21,0.0,0.0,0.0,0.0,0.0,0.0,0.0,0.0,0.0,0,0.0,0.0,0.0,0.0
2025-07-30,NC-SBY-SEL-22,0.0,0.0,0.0,0.0,0.0,0.0,0.0,0.0,0.0,0,0.0,0.0,0.0,0.0
2025-07-30,NC-SBY-SEL-23,0.0,0.0,0.0,0.0,0.0,0.0,0.0,0.0,0.0,0,0.0,0.0,0.0,0.0
2025-07-30,NC-SBY-TMR-10,0.0,0.0,0.0,0.0,0.0,0.0,0.0,0.0,0.0,0,0.0,0.0,0.0,0.0
2025-07-30,NC-SBY-TMR-11,0.0,0.0,0.0,0.0,0.0,0.0,0.0,0.0,0.0,0,0.0,0.0,0.0,0.0
2025-07-30,NC-SBY-TMR-12,0.0,0.0,0.0,0.0,0.0,0.0,0.0,0.0,0.0,0,0.0,0.0,0.0,0.0
2025-07-30,NC-SBY-TMR-13,0.0,0.0,0.0,0.0,0.0,0.0,0.0,0.0,0.0,0,0.0,0.0,0.0,0.0
2025-07-30,NC-SBY-TMR-14,0.0,0.0,0.0,0.0,0.0,0.0,0.0,0.0,0.0,0,0.0,0.0,0.0,0.0
2025-07-30,NC-SBY-TMR-8,0.0,0.0,0.0,0.0,0.0,0.0,0.0,0.0,0.0,0,0.0,0.0,0.0,0.0
2025-07-30,NC-SBY-TMR-9,0.0,0.0,0.0,0.0,0.0,0.0,0.0,0.0,0.0,0,0.0,0.0,0.0,0.0
2025-07-30,NC-SBY-UTR-1,0.0,0.0,0.0,0.0,0.0,0.0,0.0,0.0,0.0,0,0.0,0.0,0.0,0.0
2025-07-30,NC-SBY-UTR-2,0.0,0.0,0.0,0.0,0.0,0.0,0.0,0.0,0.0,0,0.0,0.0,0.0,0.0
2025-07-30,NC-SBY-UTR-3,0.0,0.0,0.0,0.0,0.0,0.0,0.0,0.0,0.0,0,0.0,0.0,0.0,0.0
2025-07-30,NC-SBY-UTR-4,0.0,0.0,0.0,0.0,0.0,0.0,0.0,0.0,0.0,0,0.0,0.0,0.0,0.0
2025-07-30,NC-SBY-UTR-5,0.0,0.0,0.0,0.0,0.0,0.0,0.0,0.0,0.0,0,0.0,0.0,0.0,0.0
2025-07-30,NC-SBY-UTR-6,0.0,0.0,0.0,0.0,0.0,0.0,0.0,0.0,0.0,0,0.0,0.0,0.0,0.0
2025-07-30,NC-SBY-UTR-7,0.0,0.0,0.0,0.0,0.0,0.0,0.0,0.0,0.0,0,0.0,0.0,0.0,0.0
2025-07-30,NC-SDA-UTR-24,0.0,0.0,0.0,0.0,0.0,0.0,0.0,0.0,0.0,0,0.0,0.0,0.0,0.0
2025-07-30,NC-SDA-UTR-25,0.0,0.0,0.0,0.0,0.0,0.0,0.0,0.0,0.0,0,0.0,0.0,0.0,0.0
2025-07-30,NC-SDA-UTR-26,0.0,0.0,0.0,0.0,0.0,0.0,0.0,0.0,0.0,0,0.0,0.0,0.0,0.0
2025-07-30,OA_CLUSTER,0.0,0.0,0.0,0.0,0.0,0.0,0.0,0.0,0.0,0,0.0,0.0,0.0,0.0
2025-07-31,NC-SBY-BRT-15,0.0,0.0,0.0,0.0,0.0,0.0,0.0,0.0,0.0,0,0.0,0.0,0.0,0.0
2025-07-31,NC-SBY-BRT-16,0.0,0.0,0.0,0.0,0.0,0.0,0.0,0.0,0.0,0,0.0,0.0,0.0,0.0
2025-07-31,NC-SBY-BRT-17,0.0,0.0,0.0,0.0,0.0,0.0,0.0,0.0,0.0,0,0.0,0.0,0.0,0.0
2025-07-31,NC-SBY-SEL-18,0.0,0.0,0.0,0.0,0.0,0.0,0.0,0.0,0.0,0,0.0,0.0,0.0,0.0
2025-07-31,NC-SBY-SEL-19,0.0,0.0,0.0,0.0,0.0,0.0,0.0,0.0,0.0,0,0.0,0.0,0.0,0.0
2025-07-31,NC-SBY-SEL-20,0.0,0.0,0.0,0.0,0.0,0.0,0.0,0.0,0.0,0,0.0,0.0,0.0,0.0
2025-07-31,NC-SBY-SEL-21,0.0,0.0,0.0,0.0,0.0,0.0,0.0,0.0,0.0,0,0.0,0.0,0.0,0.0
2025-07-31,NC-SBY-SEL-22,0.0,0.0,0.0,0.0,0.0,0.0,0.0,0.0,0.0,0,0.0,0.0,0.0,0.0
2025-07-31,NC-SBY-SEL-23,0.0,0.0,0.0,0.0,0.0,0.0,0.0,0.0,0.0,0,0.0,0.0,0.0,0.0
2025-07-31,NC-SBY-TMR-10,0.0,0.0,0.0,0.0,0.0,0.0,0.0,0.0,0.0,0,0.0,0.0,0.0,0.0
2025-07-31,NC-SBY-TMR-11,0.0,0.0,0.0,0.0,0.0,0.0,0.0,0.0,0.0,0,0.0,0.0,0.0,0.0
2025-07-31,NC-SBY-TMR-12,0.0,0.0,0.0,0.0,0.0,0.0,0.0,0.0,0.0,0,0.0,0.0,0.0,0.0
2025-07-31,NC-SBY-TMR-13,0.0,0.0,0.0,0.0,0.0,0.0,0.0,0.0,0.0,0,0.0,0.0,0.0,0.0
2025-07-31,NC-SBY-TMR-14,0.0,0.0,0.0,0.0,0.0,0.0,0.0,0.0,0.0,0,0.0,0.0,0.0,0.0
2025-07-31,NC-SBY-TMR-8,0.0,0.0,0.0,0.0,0.0,0.0,0.0,0.0,0.0,0,0.0,0.0,0.0,0.0
2025-07-31,NC-SBY-TMR-9,0.0,0.0,0.0,0.0,0.0,0.0,0.0,0.0,0.0,0,0.0,0.0,0.0,0.0
2025-07-31,NC-SBY-UTR-1,0.0,0.0,0.0,0.0,0.0,0.0,0.0,0.0,0.0,0,0.0,0.0,0.0,0.0
2025-07-31,NC-SBY-UTR-2,0.0,0.0,0.0,0.0,0.0,0.0,0.0,0.0,0.0,0,0.0,0.0,0.0,0.0
2025-07-31,NC-SBY-UTR-3,0.0,0.0,0.0,0.0,0.0,0.0,0.0,0.0,0.0,0,0.0,0.0,0.0,0.0
2025-07-31,NC-SBY-UTR-4,0.0,0.0,0.0,0.0,0.0,0.0,0.0,0.0,0.0,0,0.0,0.0,0.0,0.0
2025-07-31,NC-SBY-UTR-5,0.0,0.0,0.0,0.0,0.0,0.0,0.0,0.0,0.0,0,0.0,0.0,0.0,0.0
2025-07-31,NC-SBY-UTR-6,0.0,0.0,0.0,0.0,0.0,0.0,0.0,0.0,0.0,0,0.0,0.0,0.0,0.0
2025-07-31,NC-SBY-UTR-7,0.0,0.0,0.0,0.0,0.0,0.0,0.0,0.0,0.0,0,0.0,0.0,0.0,0.0
2025-07-31,NC-SDA-UTR-24,0.0,0.0,0.0,0.0,0.0,0.0,0.0,0.0,0.0,0,0.0,0.0,0.0,0.0
2025-07-31,NC-SDA-UTR-25,0.0,0.0,0.0,0.0,0.0,0.0,0.0,0.0,0.0,0,0.0,0.0,0.0,0.0
2025-07-31,NC-SDA-UTR-26,0.0,0.0,0.0,0.0,0.0,0.0,0.0,0.0,0.0,0,0.0,0.0,0.0,0.0
2025-07-31,OA_CLUSTER,0.0,0.0,0.0,0.0,0.0,0.0,0.0,0.0,0.0,0,0.0,0.0,0.0,0.0
2025-08-01,NC-SBY-BRT-15,0.0,0.0,0.0,0.0,0.0,0.0,0.0,0.0,0.0,0,0.0,0.0,0.0,0.0
2025-08-01,NC-SBY-BRT-16,0.0,0.0,0.0,0.0,0.0,0.0,0.0,0.0,0.0,0,0.0,0.0,0.0,0.0
2025-08-01,NC-SBY-BRT-17,0.0,0.0,0.0,0.0,0.0,0.0,0.0,0.0,0.0,0,0.0,0.0,0.0,0.0
2025-08-01,NC-SBY-SEL-18,0.0,0.0,0.0,0.0,0.0,0.0,0.0,0.0,0.0,0,0.0,0.0,0.0,0.0
2025-08-01,NC-SBY-SEL-19,0.0,0.0,0.0,0.0,0.0,0.0,0.0,0.0,0.0,0,0.0,0.0,0.0,0.0
2025-08-01,NC-SBY-SEL-20,0.0,0.0,0.0,0.0,0.0,0.0,0.0,0.0,0.0,0,0.0,0.0,0.0,0.0
2025-08-01,NC-SBY-SEL-21,0.0,0.0,0.0,0.0,0.0,0.0,0.0,0.0,0.0,0,0.0,0.0,0.0,0.0
2025-08-01,NC-SBY-SEL-22,0.0,0.0,0.0,0.0,0.0,0.0,0.0,0.0,0.0,0,0.0,0.0,0.0,0.0
2025-08-01,NC-SBY-SEL-23,0.0,0.0,0.0,0.0,0.0,0.0,0.0,0.0,0.0,0,0.0,0.0,0.0,0.0
2025-08-01,NC-SBY-TMR-10,0.0,0.0,0.0,0.0,0.0,0.0,0.0,0.0,0.0,0,0.0,0.0,0.0,0.0
2025-08-01,NC-SBY-TMR-11,0.0,0.0,0.0,0.0,0.0,0.0,0.0,0.0,0.0,0,0.0,0.0,0.0,0.0
2025-08-01,NC-SBY-TMR-12,0.0,0.0,0.0,0.0,0.0,0.0,0.0,0.0,0.0,0,0.0,0.0,0.0,0.0
2025-08-01,NC-SBY-TMR-13,0.0,0.0,0.0,0.0,0.0,0.0,0.0,0.0,0.0,0,0.0,0.0,0.0,0.0
2025-08-01,NC-SBY-TMR-14,0.0,0.0,0.0,0.0,0.0,0.0,0.0,0.0,0.0,0,0.0,0.0,0.0,0.0
2025-08-01,NC-SBY-TMR-8,0.0,0.0,0.0,0.0,0.0,0.0,0.0,0.0,0.0,0,0.0,0.0,0.0,0.0
2025-08-01,NC-SBY-TMR-9,0.0,0.0,0.0,0.0,0.0,0.0,0.0,0.0,0.0,0,0.0,0.0,0.0,0.0
2025-08-01,NC-SBY-UTR-1,0.0,0.0,0.0,0.0,0.0,0.0,0.0,0.0,0.0,0,0.0,0.0,0.0,0.0
2025-08-01,NC-SBY-UTR-2,0.0,0.0,0.0,0.0,0.0,0.0,0.0,0.0,0.0,0,0.0,0.0,0.0,0.0
2025-08-01,NC-SBY-UTR-3,0.0,0.0,0.0,0.0,0.0,0.0,0.0,0.0,0.0,0,0.0,0.0,0.0,0.0
2025-08-01,NC-SBY-UTR-4,0.0,0.0,0.0,0.0,0.0,0.0,0.0,0.0,0.0,0,0.0,0.0,0.0,0.0
2025-08-01,NC-SBY-UTR-5,0.0,0.0,0.0,0.0,0.0,0.0,0.0,0.0,0.0,0,0.0,0.0,0.0,0.0
2025-08-01,NC-SBY-UTR-6,0.0,0.0,0.0,0.0,0.0,0.0,0.0,0.0,0.0,0,0.0,0.0,0.0,0.0
2025-08-01,NC-SBY-UTR-7,0.0,0.0,0.0,0.0,0.0,0.0,0.0,0.0,0.0,0,0.0,0.0,0.0,0.0
2025-08-01,NC-SDA-UTR-24,0.0,0.0,0.0,0.0,0.0,0.0,0.0,0.0,0.0,0,0.0,0.0,0.0,0.0
2025-08-01,NC-SDA-UTR-25,0.0,0.0,0.0,0.0,0.0,0.0,0.0,0.0,0.0,0,0.0,0.0,0.0,0.0
2025-08-01,NC-SDA-UTR-26,0.0,0.0,0.0,0.0,0.0,0.0,0.0,0.0,0.0,0,0.0,0.0,0.0,0.0
2025-08-01,OA_CLUSTER,0.0,0.0,0.0,0.0,0.0,0.0,0.0,0.0,0.0,0,0.0,0.0,0.0,0.0
2025-08-02,NC-SBY-BRT-15,0.0,0.0,0.0,0.0,0.0,0.0,0.0,0.0,0.0,0,0.0,0.0,0.0,0.0
2025-08-02,NC-SBY-BRT-16,0.0,0.0,0.0,0.0,0.0,0.0,0.0,0.0,0.0,0,0.0,0.0,0.0,0.0
2025-08-02,NC-SBY-BRT-17,0.0,0.0,0.0,0.0,0.0,0.0,0.0,0.0,0.0,0,0.0,0.0,0.0,0.0
2025-08-02,NC-SBY-SEL-18,0.0,0.0,0.0,0.0,0.0,0.0,0.0,0.0,0.0,0,0.0,0.0,0.0,0.0
2025-08-02,NC-SBY-SEL-19,0.0,0.0,0.0,0.0,0.0,0.0,0.0,0.0,0.0,0,0.0,0.0,0.0,0.0
2025-08-02,NC-SBY-SEL-20,0.0,0.0,0.0,0.0,0.0,0.0,0.0,0.0,0.0,0,0.0,0.0,0.0,0.0
2025-08-02,NC-SBY-SEL-21,0.0,0.0,0.0,0.0,0.0,0.0,0.0,0.0,0.0,0,0.0,0.0,0.0,0.0
2025-08-02,NC-SBY-SEL-22,0.0,0.0,0.0,0.0,0.0,0.0,0.0,0.0,0.0,0,0.0,0.0,0.0,0.0
2025-08-02,NC-SBY-SEL-23,0.0,0.0,0.0,0.0,0.0,0.0,0.0,0.0,0.0,0,0.0,0.0,0.0,0.0
2025-08-02,NC-SBY-TMR-10,0.0,0.0,0.0,0.0,0.0,0.0,0.0,0.0,0.0,0,0.0,0.0,0.0,0.0
2025-08-02,NC-SBY-TMR-11,0.0,0.0,0.0,0.0,0.0,0.0,0.0,0.0,0.0,0,0.0,0.0,0.0,0.0
2025-08-02,NC-SBY-TMR-12,0.0,0.0,0.0,0.0,0.0,0.0,0.0,0.0,0.0,0,0.0,0.0,0.0,0.0
2025-08-02,NC-SBY-TMR-13,0.0,0.0,0.0,0.0,0.0,0.0,0.0,0.0,0.0,0,0.0,0.0,0.0,0.0
2025-08-02,NC-SBY-TMR-14,0.0,0.0,0.0,0.0,0.0,0.0,0.0,0.0,0.0,0,0.0,0.0,0.0,0.0
2025-08-02,NC-SBY-TMR-8,0.0,0.0,0.0,0.0,0.0,0.0,0.0,0.0,0.0,0,0.0,0.0,0.0,0.0
2025-08-02,NC-SBY-TMR-9,0.0,0.0,0.0,0.0,0.0,0.0,0.0,0.0,0.0,0,0.0,0.0,0.0,0.0
2025-08-02,NC-SBY-UTR-1,0.0,0.0,0.0,0.0,0.0,0.0,0.0,0.0,0.0,0,0.0,0.0,0.0,0.0
2025-08-02,NC-SBY-UTR-2,0.0,0.0,0.0,0.0,0.0,0.0,0.0,0.0,0.0,0,0.0,0.0,0.0,0.0
2025-08-02,NC-SBY-UTR-3,0.0,0.0,0.0,0.0,0.0,0.0,0.0,0.0,0.0,0,0.0,0.0,0.0,0.0
2025-08-02,NC-SBY-UTR-4,0.0,0.0,0.0,0.0,0.0,0.0,0.0,0.0,0.0,0,0.0,0.0,0.0,0.0
2025-08-02,NC-SBY-UTR-5,0.0,0.0,0.0,0.0,0.0,0.0,0.0,0.0,0.0,0,0.0,0.0,0.0,0.0
2025-08-02,NC-SBY-UTR-6,0.0,0.0,0.0,0.0,0.0,0.0,0.0,0.0,0.0,0,0.0,0.0,0.0,0.0
2025-08-02,NC-SBY-UTR-7,0.0,0.0,0.0,0.0,0.0,0.0,0.0,0.0,0.0,0,0.0,0.0,0.0,0.0
2025-08-02,NC-SDA-UTR-24,0.0,0.0,0.0,0.0,0.0,0.0,0.0,0.0,0.0,0,0.0,0.0,0.0,0.0
2025-08-02,NC-SDA-UTR-25,0.0,0.0,0.0,0.0,0.0,0.0,0.0,0.0,0.0,0,0.0,0.0,0.0,0.0
2025-08-02,NC-SDA-UTR-26,0.0,0.0,0.0,0.0,0.0,0.0,0.0,0.0,0.0,0,0.0,0.0,0.0,0.0
2025-08-02,OA_CLUSTER,0.0,0.0,0.0,0.0,0.0,0.0,0.0,0.0,0.0,0,0.0,0.0,0.0,0.0
2025-08-03,NC-SBY-BRT-15,0.0,0.0,0.0,0.0,0.0,0.0,0.0,0.0,0.0,0,0.0,0.0,0.0,0.0
2025-08-03,NC-SBY-BRT-16,0.0,0.0,0.0,0.0,0.0,0.0,0.0,0.0,0.0,0,0.0,0.0,0.0,0.0
2025-08-03,NC-SBY-BRT-17,0.0,0.0,0.0,0.0,0.0,0.0,0.0,0.0,0.0,0,0.0,0.0,0.0,0.0
2025-08-03,NC-SBY-SEL-18,0.0,0.0,0.0,0.0,0.0,0.0,0.0,0.0,0.0,0,0.0,0.0,0.0,0.0
2025-08-03,NC-SBY-SEL-19,0.0,0.0,0.0,0.0,0.0,0.0,0.0,0.0,0.0,0,0.0,0.0,0.0,0.0
2025-08-03,NC-SBY-SEL-20,0.0,0.0,0.0,0.0,0.0,0.0,0.0,0.0,0.0,0,0.0,0.0,0.0,0.0
2025-08-03,NC-SBY-SEL-21,0.0,0.0,0.0,0.0,0.0,0.0,0.0,0.0,0.0,0,0.0,0.0,0.0,0.0
2025-08-03,NC-SBY-SEL-22,0.0,0.0,0.0,0.0,0.0,0.0,0.0,0.0,0.0,0,0.0,0.0,0.0,0.0
2025-08-03,NC-SBY-SEL-23,0.0,0.0,0.0,0.0,0.0,0.0,0.0,0.0,0.0,0,0.0,0.0,0.0,0.0
2025-08-03,NC-SBY-TMR-10,0.0,0.0,0.0,0.0,0.0,0.0,0.0,0.0,0.0,0,0.0,0.0,0.0,0.0
2025-08-03,NC-SBY-TMR-11,0.0,0.0,0.0,0.0,0.0,0.0,0.0,0.0,0.0,0,0.0,0.0,0.0,0.0
2025-08-03,NC-SBY-TMR-12,0.0,0.0,0.0,0.0,0.0,0.0,0.0,0.0,0.0,0,0.0,0.0,0.0,0.0
2025-08-03,NC-SBY-TMR-13,0.0,0.0,0.0,0.0,0.0,0.0,0.0,0.0,0.0,0,0.0,0.0,0.0,0.0
2025-08-03,NC-SBY-TMR-14,0.0,0.0,0.0,0.0,0.0,0.0,0.0,0.0,0.0,0,0.0,0.0,0.0,0.0
2025-08-03,NC-SBY-TMR-8,0.0,0.0,0.0,0.0,0.0,0.0,0.0,0.0,0.0,0,0.0,0.0,0.0,0.0
2025-08-03,NC-SBY-TMR-9,0.0,0.0,0.0,0.0,0.0,0.0,0.0,0.0,0.0,0,0.0,0.0,0.0,0.0
2025-08-03,NC-SBY-UTR-1,0.0,0.0,0.0,0.0,0.0,0.0,0.0,0.0,0.0,0,0.0,0.0,0.0,0.0
2025-08-03,NC-SBY-UTR-2,0.0,0.0,0.0,0.0,0.0,0.0,0.0,0.0,0.0,0,0.0,0.0,0.0,0.0
2025-08-03,NC-SBY-UTR-3,0.0,0.0,0.0,0.0,0.0,0.0,0.0,0.0,0.0,0,0.0,0.0,0.0,0.0
2025-08-03,NC-SBY-UTR-4,0.0,0.0,0.0,0.0,0.0,0.0,0.0,0.0,0.0,0,0.0,0.0,0.0,0.0
2025-08-03,NC-SBY-UTR-5,0.0,0.0,0.0,0.0,0.0,0.0,0.0,0.0,0.0,0,0.0,0.0,0.0,0.0
2025-08-03,NC-SBY-UTR-6,0.0,0.0,0.0,0.0,0.0,0.0,0.0,0.0,0.0,0,0.0,0.0,0.0,0.0
2025-08-03,NC-SBY-UTR-7,0.0,0.0,0.0,0.0,0.0,0.0,0.0,0.0,0.0,0,0.0,0.0,0.0,0.0
2025-08-03,NC-SDA-UTR-24,0.0,0.0,0.0,0.0,0.0,0.0,0.0,0.0,0.0,0,0.0,0.0,0.0,0.0
2025-08-03,NC-SDA-UTR-25,0.0,0.0,0.0,0.0,0.0,0.0,0.0,0.0,0.0,0,0.0,0.0,0.0,0.0
2025-08-03,NC-SDA-UTR-26,0.0,0.0,0.0,0.0,0.0,0.0,0.0,0.0,0.0,0,0.0,0.0,0.0,0.0
2025-08-03,OA_CLUSTER,0.0,0.0,0.0,0.0,0.0,0.0,0.0,0.0,0.0,0,0.0,0.0,0.0,0.0
2025-08-04,NC-SBY-BRT-15,0.0,0.0,0.0,0.0,0.0,0.0,0.0,0.0,0.0,0,0.0,0.0,0.0,0.0
2025-08-04,NC-SBY-BRT-16,0.0,0.0,0.0,0.0,0.0,0.0,0.0,0.0,0.0,0,0.0,0.0,0.0,0.0
2025-08-04,NC-SBY-BRT-17,0.0,0.0,0.0,0.0,0.0,0.0,0.0,0.0,0.0,0,0.0,0.0,0.0,0.0
2025-08-04,NC-SBY-SEL-18,0.0,0.0,0.0,0.0,0.0,0.0,0.0,0.0,0.0,0,0.0,0.0,0.0,0.0
2025-08-04,NC-SBY-SEL-19,0.0,0.0,0.0,0.0,0.0,0.0,0.0,0.0,0.0,0,0.0,0.0,0.0,0.0
2025-08-04,NC-SBY-SEL-20,0.0,0.0,0.0,0.0,0.0,0.0,0.0,0.0,0.0,0,0.0,0.0,0.0,0.0
2025-08-04,NC-SBY-SEL-21,0.0,0.0,0.0,0.0,0.0,0.0,0.0,0.0,0.0,0,0.0,0.0,0.0,0.0
2025-08-04,NC-SBY-SEL-22,0.0,0.0,0.0,0.0,0.0,0.0,0.0,0.0,0.0,0,0.0,0.0,0.0,0.0
2025-08-04,NC-SBY-SEL-23,0.0,0.0,0.0,0.0,0.0,0.0,0.0,0.0,0.0,0,0.0,0.0,0.0,0.0
2025-08-04,NC-SBY-TMR-10,0.0,0.0,0.0,0.0,0.0,0.0,0.0,0.0,0.0,0,0.0,0.0,0.0,0.0
2025-08-04,NC-SBY-TMR-11,0.0,0.0,0.0,0.0,0.0,0.0,0.0,0.0,0.0,0,0.0,0.0,0.0,0.0
2025-08-04,NC-SBY-TMR-12,0.0,0.0,0.0,0.0,0.0,0.0,0.0,0.0,0.0,0,0.0,0.0,0.0,0.0
2025-08-04,NC-SBY-TMR-13,0.0,0.0,0.0,0.0,0.0,0.0,0.0,0.0,0.0,0,0.0,0.0,0.0,0.0
2025-08-04,NC-SBY-TMR-14,0.0,0.0,0.0,0.0,0.0,0.0,0.0,0.0,0.0,0,0.0,0.0,0.0,0.0
2025-08-04,NC-SBY-TMR-8,0.0,0.0,0.0,0.0,0.0,0.0,0.0,0.0,0.0,0,0.0,0.0,0.0,0.0
2025-08-04,NC-SBY-TMR-9,0.0,0.0,0.0,0.0,0.0,0.0,0.0,0.0,0.0,0,0.0,0.0,0.0,0.0
2025-08-04,NC-SBY-UTR-1,0.0,0.0,0.0,0.0,0.0,0.0,0.0,0.0,0.0,0,0.0,0.0,0.0,0.0
2025-08-04,NC-SBY-UTR-2,0.0,0.0,0.0,0.0,0.0,0.0,0.0,0.0,0.0,0,0.0,0.0,0.0,0.0
2025-08-04,NC-SBY-UTR-3,0.0,0.0,0.0,0.0,0.0,0.0,0.0,0.0,0.0,0,0.0,0.0,0.0,0.0
2025-08-04,NC-SBY-UTR-4,0.0,0.0,0.0,0.0,0.0,0.0,0.0,0.0,0.0,0,0.0,0.0,0.0,0.0
2025-08-04,NC-SBY-UTR-5,0.0,0.0,0.0,0.0,0.0,0.0,0.0,0.0,0.0,0,0.0,0.0,0.0,0.0
2025-08-04,NC-SBY-UTR-6,0.0,0.0,0.0,0.0,0.0,0.0,0.0,0.0,0.0,0,0.0,0.0,0.0,0.0
2025-08-04,NC-SBY-UTR-7,0.0,0.0,0.0,0.0,0.0,0.0,0.0,0.0,0.0,0,0.0,0.0,0.0,0.0
2025-08-04,NC-SDA-UTR-24,0.0,0.0,0.0,0.0,0.0,0.0,0.0,0.0,0.0,0,0.0,0.0,0.0,0.0
2025-08-04,NC-SDA-UTR-25,0.0,0.0,0.0,0.0,0.0,0.0,0.0,0.0,0.0,0,0.0,0.0,0.0,0.0
2025-08-04,NC-SDA-UTR-26,0.0,0.0,0.0,0.0,0.0,0.0,0.0,0.0,0.0,0,0.0,0.0,0.0,0.0
2025-08-04,OA_CLUSTER,0.0,0.0,0.0,0.0,0.0,0.0,0.0,0.0,0.0,0,0.0,0.0,0.0,0.0
2025-08-05,NC-SBY-BRT-15,0.0,0.0,0.0,0.0,0.0,0.0,0.0,0.0,0.0,0,0.0,0.0,0.0,0.0
2025-08-05,NC-SBY-BRT-16,0.0,0.0,0.0,0.0,0.0,0.0,0.0,0.0,0.0,0,0.0,0.0,0.0,0.0
2025-08-05,NC-SBY-BRT-17,0.0,0.0,0.0,0.0,0.0,0.0,0.0,0.0,0.0,0,0.0,0.0,0.0,0.0
2025-08-05,NC-SBY-SEL-18,0.0,0.0,0.0,0.0,0.0,0.0,0.0,0.0,0.0,0,0.0,0.0,0.0,0.0
2025-08-05,NC-SBY-SEL-19,0.0,0.0,0.0,0.0,0.0,0.0,0.0,0.0,0.0,0,0.0,0.0,0.0,0.0
2025-08-05,NC-SBY-SEL-20,0.0,0.0,0.0,0.0,0.0,0.0,0.0,0.0,0.0,0,0.0,0.0,0.0,0.0
2025-08-05,NC-SBY-SEL-21,0.0,0.0,0.0,0.0,0.0,0.0,0.0,0.0,0.0,0,0.0,0.0,0.0,0.0
2025-08-05,NC-SBY-SEL-22,0.0,0.0,0.0,0.0,0.0,0.0,0.0,0.0,0.0,0,0.0,0.0,0.0,0.0
2025-08-05,NC-SBY-SEL-23,0.0,0.0,0.0,0.0,0.0,0.0,0.0,0.0,0.0,0,0.0,0.0,0.0,0.0
2025-08-05,NC-SBY-TMR-10,0.0,0.0,0.0,0.0,0.0,0.0,0.0,0.0,0.0,0,0.0,0.0,0.0,0.0
2025-08-05,NC-SBY-TMR-11,0.0,0.0,0.0,0.0,0.0,0.0,0.0,0.0,0.0,0,0.0,0.0,0.0,0.0
2025-08-05,NC-SBY-TMR-12,0.0,0.0,0.0,0.0,0.0,0.0,0.0,0.0,0.0,0,0.0,0.0,0.0,0.0
2025-08-05,NC-SBY-TMR-13,0.0,0.0,0.0,0.0,0.0,0.0,0.0,0.0,0.0,0,0.0,0.0,0.0,0.0
2025-08-05,NC-SBY-TMR-14,0.0,0.0,0.0,0.0,0.0,0.0,0.0,0.0,0.0,0,0.0,0.0,0.0,0.0
2025-08-05,NC-SBY-TMR-8,0.0,0.0,0.0,0.0,0.0,0.0,0.0,0.0,0.0,0,0.0,0.0,0.0,0.0
2025-08-05,NC-SBY-TMR-9,0.0,0.0,0.0,0.0,0.0,0.0,0.0,0.0,0.0,0,0.0,0.0,0.0,0.0
2025-08-05,NC-SBY-UTR-1,0.0,0.0,0.0,0.0,0.0,0.0,0.0,0.0,0.0,0,0.0,0.0,0.0,0.0
2025-08-05,NC-SBY-UTR-2,0.0,0.0,0.0,0.0,0.0,0.0,0.0,0.0,0.0,0,0.0,0.0,0.0,0.0
2025-08-05,NC-SBY-UTR-3,0.0,0.0,0.0,0.0,0.0,0.0,0.0,0.0,0.0,0,0.0,0.0,0.0,0.0
2025-08-05,NC-SBY-UTR-4,0.0,0.0,0.0,0.0,0.0,0.0,0.0,0.0,0.0,0,0.0,0.0,0.0,0.0
2025-08-05,NC-SBY-UTR-5,0.0,0.0,0.0,0.0,0.0,0.0,0.0,0.0,0.0,0,0.0,0.0,0.0,0.0
2025-08-05,NC-SBY-UTR-6,0.0,0.0,0.0,0.0,0.0,0.0,0.0,0.0,0.0,0,0.0,0.0,0.0,0.0
2025-08-05,NC-SBY-UTR-7,0.0,0.0,0.0,0.0,0.0,0.0,0.0,0.0,0.0,0,0.0,0.0,0.0,0.0
2025-08-05,NC-SDA-UTR-24,0.0,0.0,0.0,0.0,0.0,0.0,0.0,0.0,0.0,0,0.0,0.0,0.0,0.0
2025-08-05,NC-SDA-UTR-25,0.0,0.0,0.0,0.0,0.0,0.0,0.0,0.0,0.0,0,0.0,0.0,0.0,0.0
2025-08-05,NC-SDA-UTR-26,0.0,0.0,0.0,0.0,0.0,0.0,0.0,0.0,0.0,0,0.0,0.0,0.0,0.0
2025-08-05,OA_CLUSTER,0.0,0.0,0.0,0.0,0.0,0.0,0.0,0.0,0.0,0,0.0,0.0,0.0,0.0
2025-08-06,NC-SBY-BRT-15,0.0,0.0,0.0,0.0,0.0,0.0,0.0,0.0,0.0,0,0.0,0.0,0.0,0.0
2025-08-06,NC-SBY-BRT-16,0.0,0.0,0.0,0.0,0.0,0.0,0.0,0.0,0.0,0,0.0,0.0,0.0,0.0
2025-08-06,NC-SBY-BRT-17,0.0,0.0,0.0,0.0,0.0,0.0,0.0,0.0,0.0,0,0.0,0.0,0.0,0.0
2025-08-06,NC-SBY-SEL-18,0.0,0.0,0.0,0.0,0.0,0.0,0.0,0.0,0.0,0,0.0,0.0,0.0,0.0
2025-08-06,NC-SBY-SEL-19,0.0,0.0,0.0,0.0,0.0,0.0,0.0,0.0,0.0,0,0.0,0.0,0.0,0.0
2025-08-06,NC-SBY-SEL-20,0.0,0.0,0.0,0.0,0.0,0.0,0.0,0.0,0.0,0,0.0,0.0,0.0,0.0
2025-08-06,NC-SBY-SEL-21,0.0,0.0,0.0,0.0,0.0,0.0,0.0,0.0,0.0,0,0.0,0.0,0.0,0.0
2025-08-06,NC-SBY-SEL-22,0.0,0.0,0.0,0.0,0.0,0.0,0.0,0.0,0.0,0,0.0,0.0,0.0,0.0
2025-08-06,NC-SBY-SEL-23,0.0,0.0,0.0,0.0,0.0,0.0,0.0,0.0,0.0,0,0.0,0.0,0.0,0.0
2025-08-06,NC-SBY-TMR-10,0.0,0.0,0.0,0.0,0.0,0.0,0.0,0.0,0.0,0,0.0,0.0,0.0,0.0
2025-08-06,NC-SBY-TMR-11,0.0,0.0,0.0,0.0,0.0,0.0,0.0,0.0,0.0,0,0.0,0.0,0.0,0.0
2025-08-06,NC-SBY-TMR-12,0.0,0.0,0.0,0.0,0.0,0.0,0.0,0.0,0.0,0,0.0,0.0,0.0,0.0
2025-08-06,NC-SBY-TMR-13,0.0,0.0,0.0,0.0,0.0,0.0,0.0,0.0,0.0,0,0.0,0.0,0.0,0.0
2025-08-06,NC-SBY-TMR-14,0.0,0.0,0.0,0.0,0.0,0.0,0.0,0.0,0.0,0,0.0,0.0,0.0,0.0
2025-08-06,NC-SBY-TMR-8,0.0,0.0,0.0,0.0,0.0,0.0,0.0,0.0,0.0,0,0.0,0.0,0.0,0.0
2025-08-06,NC-SBY-TMR-9,0.0,0.0,0.0,0.0,0.0,0.0,0.0,0.0,0.0,0,0.0,0.0,0.0,0.0
2025-08-06,NC-SBY-UTR-1,0.0,0.0,0.0,0.0,0.0,0.0,0.0,0.0,0.0,0,0.0,0.0,0.0,0.0
2025-08-06,NC-SBY-UTR-2,0.0,0.0,0.0,0.0,0.0,0.0,0.0,0.0,0.0,0,0.0,0.0,0.0,0.0
2025-08-06,NC-SBY-UTR-3,0.0,0.0,0.0,0.0,0.0,0.0,0.0,0.0,0.0,0,0.0,0.0,0.0,0.0
2025-08-06,NC-SBY-UTR-4,0.0,0.0,0.0,0.0,0.0,0.0,0.0,0.0,0.0,0,0.0,0.0,0.0,0.0
2025-08-06,NC-SBY-UTR-5,0.0,0.0,0.0,0.0,0.0,0.0,0.0,0.0,0.0,0,0.0,0.0,0.0,0.0
2025-08-06,NC-SBY-UTR-6,0.0,0.0,0.0,0.0,0.0,0.0,0.0,0.0,0.0,0,0.0,0.0,0.0,0.0
2025-08-06,NC-SBY-UTR-7,0.0,0.0,0.0,0.0,0.0,0.0,0.0,0.0,0.0,0,0.0,0.0,0.0,0.0
2025-08-06,NC-SDA-UTR-24,0.0,0.0,0.0,0.0,0.0,0.0,0.0,0.0,0.0,0,0.0,0.0,0.0,0.0
2025-08-06,NC-SDA-UTR-25,0.0,0.0,0.0,0.0,0.0,0.0,0.0,0.0,0.0,0,0.0,0.0,0.0,0.0
2025-08-06,NC-SDA-UTR-26,0.0,0.0,0.0,0.0,0.0,0.0,0.0,0.0,0.0,0,0.0,0.0,0.0,0.0
2025-08-06,OA_CLUSTER,0.0,0.0,0.0,0.0,0.0,0.0,0.0,0.0,0.0,0,0.0,0.0,0.0,0.0
2025-08-07,NC-SBY-BRT-15,0.0,0.0,0.0,0.0,0.0,0.0,0.0,0.0,0.0,0,0.0,0.0,0.0,0.0
2025-08-07,NC-SBY-BRT-16,0.0,0.0,0.0,0.0,0.0,0.0,0.0,0.0,0.0,0,0.0,0.0,0.0,0.0
2025-08-07,NC-SBY-BRT-17,0.0,0.0,0.0,0.0,0.0,0.0,0.0,0.0,0.0,0,0.0,0.0,0.0,0.0
2025-08-07,NC-SBY-SEL-18,0.0,0.0,0.0,0.0,0.0,0.0,0.0,0.0,0.0,0,0.0,0.0,0.0,0.0
2025-08-07,NC-SBY-SEL-19,0.0,0.0,0.0,0.0,0.0,0.0,0.0,0.0,0.0,0,0.0,0.0,0.0,0.0
2025-08-07,NC-SBY-SEL-20,0.0,0.0,0.0,0.0,0.0,0.0,0.0,0.0,0.0,0,0.0,0.0,0.0,0.0
2025-08-07,NC-SBY-SEL-21,0.0,0.0,0.0,0.0,0.0,0.0,0.0,0.0,0.0,0,0.0,0.0,0.0,0.0
2025-08-07,NC-SBY-SEL-22,0.0,0.0,0.0,0.0,0.0,0.0,0.0,0.0,0.0,0,0.0,0.0,0.0,0.0
2025-08-07,NC-SBY-SEL-23,0.0,0.0,0.0,0.0,0.0,0.0,0.0,0.0,0.0,0,0.0,0.0,0.0,0.0
2025-08-07,NC-SBY-TMR-10,0.0,0.0,0.0,0.0,0.0,0.0,0.0,0.0,0.0,0,0.0,0.0,0.0,0.0
2025-08-07,NC-SBY-TMR-11,0.0,0.0,0.0,0.0,0.0,0.0,0.0,0.0,0.0,0,0.0,0.0,0.0,0.0
2025-08-07,NC-SBY-TMR-12,0.0,0.0,0.0,0.0,0.0,0.0,0.0,0.0,0.0,0,0.0,0.0,0.0,0.0
2025-08-07,NC-SBY-TMR-13,0.0,0.0,0.0,0.0,0.0,0.0,0.0,0.0,0.0,0,0.0,0.0,0.0,0.0
2025-08-07,NC-SBY-TMR-14,0.0,0.0,0.0,0.0,0.0,0.0,0.0,0.0,0.0,0,0.0,0.0,0.0,0.0
2025-08-07,NC-SBY-TMR-8,0.0,0.0,0.0,0.0,0.0,0.0,0.0,0.0,0.0,0,0.0,0.0,0.0,0.0
2025-08-07,NC-SBY-TMR-9,0.0,0.0,0.0,0.0,0.0,0.0,0.0,0.0,0.0,0,0.0,0.0,0.0,0.0
2025-08-07,NC-SBY-UTR-1,0.0,0.0,0.0,0.0,0.0,0.0,0.0,0.0,0.0,0,0.0,0.0,0.0,0.0
2025-08-07,NC-SBY-UTR-2,0.0,0.0,0.0,0.0,0.0,0.0,0.0,0.0,0.0,0,0.0,0.0,0.0,0.0
2025-08-07,NC-SBY-UTR-3,0.0,0.0,0.0,0.0,0.0,0.0,0.0,0.0,0.0,0,0.0,0.0,0.0,0.0
2025-08-07,NC-SBY-UTR-4,0.0,0.0,0.0,0.0,0.0,0.0,0.0,0.0,0.0,0,0.0,0.0,0.0,0.0
2025-08-07,NC-SBY-UTR-5,0.0,0.0,0.0,0.0,0.0,0.0,0.0,0.0,0.0,0,0.0,0.0,0.0,0.0
2025-08-07,NC-SBY-UTR-6,0.0,0.0,0.0,0.0,0.0,0.0,0.0,0.0,0.0,0,0.0,0.0,0.0,0.0
2025-08-07,NC-SBY-UTR-7,0.0,0.0,0.0,0.0,0.0,0.0,0.0,0.0,0.0,0,0.0,0.0,0.0,0.0
2025-08-07,NC-SDA-UTR-24,0.0,0.0,0.0,0.0,0.0,0.0,0.0,0.0,0.0,0,0.0,0.0,0.0,0.0
2025-08-07,NC-SDA-UTR-25,0.0,0.0,0.0,0.0,0.0,0.0,0.0,0.0,0.0,0,0.0,0.0,0.0,0.0
2025-08-07,NC-SDA-UTR-26,0.0,0.0,0.0,0.0,0.0,0.0,0.0,0.0,0.0,0,0.0,0.0,0.0,0.0
2025-08-07,OA_CLUSTER,0.0,0.0,0.0,0.0,0.0,0.0,0.0,0.0,0.0,0,0.0,0.0,0.0,0.0
2025-08-08,NC-SBY-BRT-15,0.0,0.0,0.0,0.0,0.0,0.0,0.0,0.0,0.0,0,0.0,0.0,0.0,0.0
2025-08-08,NC-SBY-BRT-16,0.0,0.0,0.0,0.0,0.0,0.0,0.0,0.0,0.0,0,0.0,0.0,0.0,0.0
2025-08-08,NC-SBY-BRT-17,0.0,0.0,0.0,0.0,0.0,0.0,0.0,0.0,0.0,0,0.0,0.0,0.0,0.0
2025-08-08,NC-SBY-SEL-18,0.0,0.0,0.0,0.0,0.0,0.0,0.0,0.0,0.0,0,0.0,0.0,0.0,0.0
2025-08-08,NC-SBY-SEL-19,0.0,0.0,0.0,0.0,0.0,0.0,0.0,0.0,0.0,0,0.0,0.0,0.0,0.0
2025-08-08,NC-SBY-SEL-20,0.0,0.0,0.0,0.0,0.0,0.0,0.0,0.0,0.0,0,0.0,0.0,0.0,0.0
2025-08-08,NC-SBY-SEL-21,0.0,0.0,0.0,0.0,0.0,0.0,0.0,0.0,0.0,0,0.0,0.0,0.0,0.0
2025-08-08,NC-SBY-SEL-22,0.0,0.0,0.0,0.0,0.0,0.0,0.0,0.0,0.0,0,0.0,0.0,0.0,0.0
2025-08-08,NC-SBY-SEL-23,0.0,0.0,0.0,0.0,0.0,0.0,0.0,0.0,0.0,0,0.0,0.0,0.0,0.0
2025-08-08,NC-SBY-TMR-10,0.0,0.0,0.0,0.0,0.0,0.0,0.0,0.0,0.0,0,0.0,0.0,0.0,0.0
2025-08-08,NC-SBY-TMR-11,0.0,0.0,0.0,0.0,0.0,0.0,0.0,0.0,0.0,0,0.0,0.0,0.0,0.0
2025-08-08,NC-SBY-TMR-12,0.0,0.0,0.0,0.0,0.0,0.0,0.0,0.0,0.0,0,0.0,0.0,0.0,0.0
2025-08-08,NC-SBY-TMR-13,0.0,0.0,0.0,0.0,0.0,0.0,0.0,0.0,0.0,0,0.0,0.0,0.0,0.0
2025-08-08,NC-SBY-TMR-14,0.0,0.0,0.0,0.0,0.0,0.0,0.0,0.0,0.0,0,0.0,0.0,0.0,0.0
2025-08-08,NC-SBY-TMR-8,0.0,0.0,0.0,0.0,0.0,0.0,0.0,0.0,0.0,0,0.0,0.0,0.0,0.0
2025-08-08,NC-SBY-TMR-9,0.0,0.0,0.0,0.0,0.0,0.0,0.0,0.0,0.0,0,0.0,0.0,0.0,0.0
2025-08-08,NC-SBY-UTR-1,0.0,0.0,0.0,0.0,0.0,0.0,0.0,0.0,0.0,0,0.0,0.0,0.0,0.0
2025-08-08,NC-SBY-UTR-2,0.0,0.0,0.0,0.0,0.0,0.0,0.0,0.0,0.0,0,0.0,0.0,0.0,0.0
2025-08-08,NC-SBY-UTR-3,0.0,0.0,0.0,0.0,0.0,0.0,0.0,0.0,0.0,0,0.0,0.0,0.0,0.0
2025-08-08,NC-SBY-UTR-4,0.0,0.0,0.0,0.0,0.0,0.0,0.0,0.0,0.0,0,0.0,0.0,0.0,0.0
2025-08-08,NC-SBY-UTR-5,0.0,0.0,0.0,0.0,0.0,0.0,0.0,0.0,0.0,0,0.0,0.0,0.0,0.0
2025-08-08,NC-SBY-UTR-6,0.0,0.0,0.0,0.0,0.0,0.0,0.0,0.0,0.0,0,0.0,0.0,0.0,0.0
2025-08-08,NC-SBY-UTR-7,0.0,0.0,0.0,0.0,0.0,0.0,0.0,0.0,0.0,0,0.0,0.0,0.0,0.0
2025-08-08,NC-SDA-UTR-24,0.0,0.0,0.0,0.0,0.0,0.0,0.0,0.0,0.0,0,0.0,0.0,0.0,0.0
2025-08-08,NC-SDA-UTR-25,0.0,0.0,0.0,0.0,0.0,0.0,0.0,0.0,0.0,0,0.0,0.0,0.0,0.0
2025-08-08,NC-SDA-UTR-26,0.0,0.0,0.0,0.0,0.0,0.0,0.0,0.0,0.0,0,0.0,0.0,0.0,0.0
2025-08-08,OA_CLUSTER,0.0,0.0,0.0,0.0,0.0,0.0,0.0,0.0,0.0,0,0.0,0.0,0.0,0.0
2025-08-09,NC-SBY-BRT-15,0.0,0.0,0.0,0.0,0.0,0.0,0.0,0.0,0.0,0,0.0,0.0,0.0,0.0
2025-08-09,NC-SBY-BRT-16,0.0,0.0,0.0,0.0,0.0,0.0,0.0,0.0,0.0,0,0.0,0.0,0.0,0.0
2025-08-09,NC-SBY-BRT-17,0.0,0.0,0.0,0.0,0.0,0.0,0.0,0.0,0.0,0,0.0,0.0,0.0,0.0
2025-08-09,NC-SBY-SEL-18,0.0,0.0,0.0,0.0,0.0,0.0,0.0,0.0,0.0,0,0.0,0.0,0.0,0.0
2025-08-09,NC-SBY-SEL-19,0.0,0.0,0.0,0.0,0.0,0.0,0.0,0.0,0.0,0,0.0,0.0,0.0,0.0
2025-08-09,NC-SBY-SEL-20,0.0,0.0,0.0,0.0,0.0,0.0,0.0,0.0,0.0,0,0.0,0.0,0.0,0.0
2025-08-09,NC-SBY-SEL-21,0.0,0.0,0.0,0.0,0.0,0.0,0.0,0.0,0.0,0,0.0,0.0,0.0,0.0
2025-08-09,NC-SBY-SEL-22,0.0,0.0,0.0,0.0,0.0,0.0,0.0,0.0,0.0,0,0.0,0.0,0.0,0.0
2025-08-09,NC-SBY-SEL-23,0.0,0.0,0.0,0.0,0.0,0.0,0.0,0.0,0.0,0,0.0,0.0,0.0,0.0
2025-08-09,NC-SBY-TMR-10,0.0,0.0,0.0,0.0,0.0,0.0,0.0,0.0,0.0,0,0.0,0.0,0.0,0.0
2025-08-09,NC-SBY-TMR-11,0.0,0.0,0.0,0.0,0.0,0.0,0.0,0.0,0.0,0,0.0,0.0,0.0,0.0
2025-08-09,NC-SBY-TMR-12,0.0,0.0,0.0,0.0,0.0,0.0,0.0,0.0,0.0,0,0.0,0.0,0.0,0.0
2025-08-09,NC-SBY-TMR-13,0.0,0.0,0.0,0.0,0.0,0.0,0.0,0.0,0.0,0,0.0,0.0,0.0,0.0
2025-08-09,NC-SBY-TMR-14,0.0,0.0,0.0,0.0,0.0,0.0,0.0,0.0,0.0,0,0.0,0.0,0.0,0.0
2025-08-09,NC-SBY-TMR-8,0.0,0.0,0.0,0.0,0.0,0.0,0.0,0.0,0.0,0,0.0,0.0,0.0,0.0
2025-08-09,NC-SBY-TMR-9,0.0,0.0,0.0,0.0,0.0,0.0,0.0,0.0,0.0,0,0.0,0.0,0.0,0.0
2025-08-09,NC-SBY-UTR-1,0.0,0.0,0.0,0.0,0.0,0.0,0.0,0.0,0.0,0,0.0,0.0,0.0,0.0
2025-08-09,NC-SBY-UTR-2,0.0,0.0,0.0,0.0,0.0,0.0,0.0,0.0,0.0,0,0.0,0.0,0.0,0.0
2025-08-09,NC-SBY-UTR-3,0.0,0.0,0.0,0.0,0.0,0.0,0.0,0.0,0.0,0,0.0,0.0,0.0,0.0
2025-08-09,NC-SBY-UTR-4,0.0,0.0,0.0,0.0,0.0,0.0,0.0,0.0,0.0,0,0.0,0.0,0.0,0.0
2025-08-09,NC-SBY-UTR-5,0.0,0.0,0.0,0.0,0.0,0.0,0.0,0.0,0.0,0,0.0,0.0,0.0,0.0
2025-08-09,NC-SBY-UTR-6,0.0,0.0,0.0,0.0,0.0,0.0,0.0,0.0,0.0,0,0.0,0.0,0.0,0.0
2025-08-09,NC-SBY-UTR-7,0.0,0.0,0.0,0.0,0.0,0.0,0.0,0.0,0.0,0,0.0,0.0,0.0,0.0
2025-08-09,NC-SDA-UTR-24,0.0,0.0,0.0,0.0,0.0,0.0,0.0,0.0,0.0,0,0.0,0.0,0.0,0.0
2025-08-09,NC-SDA-UTR-25,0.0,0.0,0.0,0.0,0.0,0.0,0.0,0.0,0.0,0,0.0,0.0,0.0,0.0
2025-08-09,NC-SDA-UTR-26,0.0,0.0,0.0,0.0,0.0,0.0,0.0,0.0,0.0,0,0.0,0.0,0.0,0.0
2025-08-09,OA_CLUSTER,0.0,0.0,0.0,0.0,0.0,0.0,0.0,0.0,0.0,0,0.0,0.0,0.0,0.0
2025-08-10,NC-SBY-BRT-15,0.0,0.0,0.0,0.0,0.0,0.0,0.0,0.0,0.0,0,0.0,0.0,0.0,0.0
2025-08-10,NC-SBY-BRT-16,0.0,0.0,0.0,0.0,0.0,0.0,0.0,0.0,0.0,0,0.0,0.0,0.0,0.0
2025-08-10,NC-SBY-BRT-17,0.0,0.0,0.0,0.0,0.0,0.0,0.0,0.0,0.0,0,0.0,0.0,0.0,0.0
2025-08-10,NC-SBY-SEL-18,0.0,0.0,0.0,0.0,0.0,0.0,0.0,0.0,0.0,0,0.0,0.0,0.0,0.0
2025-08-10,NC-SBY-SEL-19,0.0,0.0,0.0,0.0,0.0,0.0,0.0,0.0,0.0,0,0.0,0.0,0.0,0.0
2025-08-10,NC-SBY-SEL-20,0.0,0.0,0.0,0.0,0.0,0.0,0.0,0.0,0.0,0,0.0,0.0,0.0,0.0
2025-08-10,NC-SBY-SEL-21,0.0,0.0,0.0,0.0,0.0,0.0,0.0,0.0,0.0,0,0.0,0.0,0.0,0.0
2025-08-10,NC-SBY-SEL-22,0.0,0.0,0.0,0.0,0.0,0.0,0.0,0.0,0.0,0,0.0,0.0,0.0,0.0
2025-08-10,NC-SBY-SEL-23,0.0,0.0,0.0,0.0,0.0,0.0,0.0,0.0,0.0,0,0.0,0.0,0.0,0.0
2025-08-10,NC-SBY-TMR-10,0.0,0.0,0.0,0.0,0.0,0.0,0.0,0.0,0.0,0,0.0,0.0,0.0,0.0
2025-08-10,NC-SBY-TMR-11,0.0,0.0,0.0,0.0,0.0,0.0,0.0,0.0,0.0,0,0.0,0.0,0.0,0.0
2025-08-10,NC-SBY-TMR-12,0.0,0.0,0.0,0.0,0.0,0.0,0.0,0.0,0.0,0,0.0,0.0,0.0,0.0
2025-08-10,NC-SBY-TMR-13,0.0,0.0,0.0,0.0,0.0,0.0,0.0,0.0,0.0,0,0.0,0.0,0.0,0.0
2025-08-10,NC-SBY-TMR-14,0.0,0.0,0.0,0.0,0.0,0.0,0.0,0.0,0.0,0,0.0,0.0,0.0,0.0
2025-08-10,NC-SBY-TMR-8,0.0,0.0,0.0,0.0,0.0,0.0,0.0,0.0,0.0,0,0.0,0.0,0.0,0.0
2025-08-10,NC-SBY-TMR-9,0.0,0.0,0.0,0.0,0.0,0.0,0.0,0.0,0.0,0,0.0,0.0,0.0,0.0
2025-08-10,NC-SBY-UTR-1,0.0,0.0,0.0,0.0,0.0,0.0,0.0,0.0,0.0,0,0.0,0.0,0.0,0.0
2025-08-10,NC-SBY-UTR-2,0.0,0.0,0.0,0.0,0.0,0.0,0.0,0.0,0.0,0,0.0,0.0,0.0,0.0
2025-08-10,NC-SBY-UTR-3,0.0,0.0,0.0,0.0,0.0,0.0,0.0,0.0,0.0,0,0.0,0.0,0.0,0.0
2025-08-10,NC-SBY-UTR-4,0.0,0.0,0.0,0.0,0.0,0.0,0.0,0.0,0.0,0,0.0,0.0,0.0,0.0
2025-08-10,NC-SBY-UTR-5,0.0,0.0,0.0,0.0,0.0,0.0,0.0,0.0,0.0,0,0.0,0.0,0.0,0.0
2025-08-10,NC-SBY-UTR-6,0.0,0.0,0.0,0.0,0.0,0.0,0.0,0.0,0.0,0,0.0,0.0,0.0,0.0
2025-08-10,NC-SBY-UTR-7,0.0,0.0,0.0,0.0,0.0,0.0,0.0,0.0,0.0,0,0.0,0.0,0.0,0.0
2025-08-10,NC-SDA-UTR-24,0.0,0.0,0.0,0.0,0.0,0.0,0.0,0.0,0.0,0,0.0,0.0,0.0,0.0
2025-08-10,NC-SDA-UTR-25,0.0,0.0,0.0,0.0,0.0,0.0,0.0,0.0,0.0,0,0.0,0.0,0.0,0.0
2025-08-10,NC-SDA-UTR-26,0.0,0.0,0.0,0.0,0.0,0.0,0.0,0.0,0.0,0,0.0,0.0,0.0,0.0
2025-08-10,OA_CLUSTER,0.0,0.0,0.0,0.0,0.0,0.0,0.0,0.0,0.0,0,0.0,0.0,0.0,0.0
2025-08-11,NC-SBY-BRT-15,0.0,0.0,0.0,0.0,0.0,0.0,0.0,0.0,0.0,0,0.0,0.0,0.0,0.0
2025-08-11,NC-SBY-BRT-16,0.0,0.0,0.0,0.0,0.0,0.0,0.0,0.0,0.0,0,0.0,0.0,0.0,0.0
2025-08-11,NC-SBY-BRT-17,0.0,0.0,0.0,0.0,0.0,0.0,0.0,0.0,0.0,0,0.0,0.0,0.0,0.0
2025-08-11,NC-SBY-SEL-18,0.0,0.0,0.0,0.0,0.0,0.0,0.0,0.0,0.0,0,0.0,0.0,0.0,0.0
2025-08-11,NC-SBY-SEL-19,0.0,0.0,0.0,0.0,0.0,0.0,0.0,0.0,0.0,0,0.0,0.0,0.0,0.0
2025-08-11,NC-SBY-SEL-20,0.0,0.0,0.0,0.0,0.0,0.0,0.0,0.0,0.0,0,0.0,0.0,0.0,0.0
2025-08-11,NC-SBY-SEL-21,0.0,0.0,0.0,0.0,0.0,0.0,0.0,0.0,0.0,0,0.0,0.0,0.0,0.0
2025-08-11,NC-SBY-SEL-22,0.0,0.0,0.0,0.0,0.0,0.0,0.0,0.0,0.0,0,0.0,0.0,0.0,0.0
2025-08-11,NC-SBY-SEL-23,0.0,0.0,0.0,0.0,0.0,0.0,0.0,0.0,0.0,0,0.0,0.0,0.0,0.0
2025-08-11,NC-SBY-TMR-10,0.0,0.0,0.0,0.0,0.0,0.0,0.0,0.0,0.0,0,0.0,0.0,0.0,0.0
2025-08-11,NC-SBY-TMR-11,0.0,0.0,0.0,0.0,0.0,0.0,0.0,0.0,0.0,0,0.0,0.0,0.0,0.0
2025-08-11,NC-SBY-TMR-12,0.0,0.0,0.0,0.0,0.0,0.0,0.0,0.0,0.0,0,0.0,0.0,0.0,0.0
2025-08-11,NC-SBY-TMR-13,0.0,0.0,0.0,0.0,0.0,0.0,0.0,0.0,0.0,0,0.0,0.0,0.0,0.0
2025-08-11,NC-SBY-TMR-14,0.0,0.0,0.0,0.0,0.0,0.0,0.0,0.0,0.0,0,0.0,0.0,0.0,0.0
2025-08-11,NC-SBY-TMR-8,0.0,0.0,0.0,0.0,0.0,0.0,0.0,0.0,0.0,0,0.0,0.0,0.0,0.0
2025-08-11,NC-SBY-TMR-9,0.0,0.0,0.0,0.0,0.0,0.0,0.0,0.0,0.0,0,0.0,0.0,0.0,0.0
2025-08-11,NC-SBY-UTR-1,0.0,0.0,0.0,0.0,0.0,0.0,0.0,0.0,0.0,0,0.0,0.0,0.0,0.0
2025-08-11,NC-SBY-UTR-2,0.0,0.0,0.0,0.0,0.0,0.0,0.0,0.0,0.0,0,0.0,0.0,0.0,0.0
2025-08-11,NC-SBY-UTR-3,0.0,0.0,0.0,0.0,0.0,0.0,0.0,0.0,0.0,0,0.0,0.0,0.0,0.0
2025-08-11,NC-SBY-UTR-4,0.0,0.0,0.0,0.0,0.0,0.0,0.0,0.0,0.0,0,0.0,0.0,0.0,0.0
2025-08-11,NC-SBY-UTR-5,0.0,0.0,0.0,0.0,0.0,0.0,0.0,0.0,0.0,0,0.0,0.0,0.0,0.0
2025-08-11,NC-SBY-UTR-6,0.0,0.0,0.0,0.0,0.0,0.0,0.0,0.0,0.0,0,0.0,0.0,0.0,0.0
2025-08-11,NC-SBY-UTR-7,0.0,0.0,0.0,0.0,0.0,0.0,0.0,0.0,0.0,0,0.0,0.0,0.0,0.0
2025-08-11,NC-SDA-UTR-24,0.0,0.0,0.0,0.0,0.0,0.0,0.0,0.0,0.0,0,0.0,0.0,0.0,0.0
2025-08-11,NC-SDA-UTR-25,0.0,0.0,0.0,0.0,0.0,0.0,0.0,0.0,0.0,0,0.0,0.0,0.0,0.0
2025-08-11,NC-SDA-UTR-26,0.0,0.0,0.0,0.0,0.0,0.0,0.0,0.0,0.0,0,0.0,0.0,0.0,0.0
2025-08-11,OA_CLUSTER,0.0,0.0,0.0,0.0,0.0,0.0,0.0,0.0,0.0,0,0.0,0.0,0.0,0.0
2025-08-12,NC-SBY-BRT-15,0.0,0.0,0.0,0.0,0.0,0.0,0.0,0.0,0.0,0,0.0,0.0,0.0,0.0
2025-08-12,NC-SBY-BRT-16,0.0,0.0,0.0,0.0,0.0,0.0,0.0,0.0,0.0,0,0.0,0.0,0.0,0.0
2025-08-12,NC-SBY-BRT-17,0.0,0.0,0.0,0.0,0.0,0.0,0.0,0.0,0.0,0,0.0,0.0,0.0,0.0
2025-08-12,NC-SBY-SEL-18,0.0,0.0,0.0,0.0,0.0,0.0,0.0,0.0,0.0,0,0.0,0.0,0.0,0.0
2025-08-12,NC-SBY-SEL-19,0.0,0.0,0.0,0.0,0.0,0.0,0.0,0.0,0.0,0,0.0,0.0,0.0,0.0
2025-08-12,NC-SBY-SEL-20,0.0,0.0,0.0,0.0,0.0,0.0,0.0,0.0,0.0,0,0.0,0.0,0.0,0.0
2025-08-12,NC-SBY-SEL-21,0.0,0.0,0.0,0.0,0.0,0.0,0.0,0.0,0.0,0,0.0,0.0,0.0,0.0
2025-08-12,NC-SBY-SEL-22,0.0,0.0,0.0,0.0,0.0,0.0,0.0,0.0,0.0,0,0.0,0.0,0.0,0.0
2025-08-12,NC-SBY-SEL-23,0.0,0.0,0.0,0.0,0.0,0.0,0.0,0.0,0.0,0,0.0,0.0,0.0,0.0
2025-08-12,NC-SBY-TMR-10,0.0,0.0,0.0,0.0,0.0,0.0,0.0,0.0,0.0,0,0.0,0.0,0.0,0.0
2025-08-12,NC-SBY-TMR-11,0.0,0.0,0.0,0.0,0.0,0.0,0.0,0.0,0.0,0,0.0,0.0,0.0,0.0
2025-08-12,NC-SBY-TMR-12,0.0,0.0,0.0,0.0,0.0,0.0,0.0,0.0,0.0,0,0.0,0.0,0.0,0.0
2025-08-12,NC-SBY-TMR-13,0.0,0.0,0.0,0.0,0.0,0.0,0.0,0.0,0.0,0,0.0,0.0,0.0,0.0
2025-08-12,NC-SBY-TMR-14,0.0,0.0,0.0,0.0,0.0,0.0,0.0,0.0,0.0,0,0.0,0.0,0.0,0.0
2025-08-12,NC-SBY-TMR-8,0.0,0.0,0.0,0.0,0.0,0.0,0.0,0.0,0.0,0,0.0,0.0,0.0,0.0
2025-08-12,NC-SBY-TMR-9,0.0,0.0,0.0,0.0,0.0,0.0,0.0,0.0,0.0,0,0.0,0.0,0.0,0.0
2025-08-12,NC-SBY-UTR-1,0.0,0.0,0.0,0.0,0.0,0.0,0.0,0.0,0.0,0,0.0,0.0,0.0,0.0
2025-08-12,NC-SBY-UTR-2,0.0,0.0,0.0,0.0,0.0,0.0,0.0,0.0,0.0,0,0.0,0.0,0.0,0.0
2025-08-12,NC-SBY-UTR-3,0.0,0.0,0.0,0.0,0.0,0.0,0.0,0.0,0.0,0,0.0,0.0,0.0,0.0
2025-08-12,NC-SBY-UTR-4,0.0,0.0,0.0,0.0,0.0,0.0,0.0,0.0,0.0,0,0.0,0.0,0.0,0.0
2025-08-12,NC-SBY-UTR-5,0.0,0.0,0.0,0.0,0.0,0.0,0.0,0.0,0.0,0,0.0,0.0,0.0,0.0
2025-08-12,NC-SBY-UTR-6,0.0,0.0,0.0,0.0,0.0,0.0,0.0,0.0,0.0,0,0.0,0.0,0.0,0.0
2025-08-12,NC-SBY-UTR-7,0.0,0.0,0.0,0.0,0.0,0.0,0.0,0.0,0.0,0,0.0,0.0,0.0,0.0
2025-08-12,NC-SDA-UTR-24,0.0,0.0,0.0,0.0,0.0,0.0,0.0,0.0,0.0,0,0.0,0.0,0.0,0.0
2025-08-12,NC-SDA-UTR-25,0.0,0.0,0.0,0.0,0.0,0.0,0.0,0.0,0.0,0,0.0,0.0,0.0,0.0
2025-08-12,NC-SDA-UTR-26,0.0,0.0,0.0,0.0,0.0,0.0,0.0,0.0,0.0,0,0.0,0.0,0.0,0.0
2025-08-12,OA_CLUSTER,0.0,0.0,0.0,0.0,0.0,0.0,0.0,0.0,0.0,0,0.0,0.0,0.0,0.0
2025-08-13,NC-SBY-BRT-15,0.0,0.0,0.0,0.0,0.0,0.0,0.0,0.0,0.0,0,0.0,0.0,0.0,0.0
2025-08-13,NC-SBY-BRT-16,0.0,0.0,0.0,0.0,0.0,0.0,0.0,0.0,0.0,0,0.0,0.0,0.0,0.0
2025-08-13,NC-SBY-BRT-17,0.0,0.0,0.0,0.0,0.0,0.0,0.0,0.0,0.0,0,0.0,0.0,0.0,0.0
2025-08-13,NC-SBY-SEL-18,0.0,0.0,0.0,0.0,0.0,0.0,0.0,0.0,0.0,0,0.0,0.0,0.0,0.0
2025-08-13,NC-SBY-SEL-19,0.0,0.0,0.0,0.0,0.0,0.0,0.0,0.0,0.0,0,0.0,0.0,0.0,0.0
2025-08-13,NC-SBY-SEL-20,0.0,0.0,0.0,0.0,0.0,0.0,0.0,0.0,0.0,0,0.0,0.0,0.0,0.0
2025-08-13,NC-SBY-SEL-21,0.0,0.0,0.0,0.0,0.0,0.0,0.0,0.0,0.0,0,0.0,0.0,0.0,0.0
2025-08-13,NC-SBY-SEL-22,0.0,0.0,0.0,0.0,0.0,0.0,0.0,0.0,0.0,0,0.0,0.0,0.0,0.0
2025-08-13,NC-SBY-SEL-23,0.0,0.0,0.0,0.0,0.0,0.0,0.0,0.0,0.0,0,0.0,0.0,0.0,0.0
2025-08-13,NC-SBY-TMR-10,0.0,0.0,0.0,0.0,0.0,0.0,0.0,0.0,0.0,0,0.0,0.0,0.0,0.0
2025-08-13,NC-SBY-TMR-11,0.0,0.0,0.0,0.0,0.0,0.0,0.0,0.0,0.0,0,0.0,0.0,0.0,0.0
2025-08-13,NC-SBY-TMR-12,0.0,0.0,0.0,0.0,0.0,0.0,0.0,0.0,0.0,0,0.0,0.0,0.0,0.0
2025-08-13,NC-SBY-TMR-13,0.0,0.0,0.0,0.0,0.0,0.0,0.0,0.0,0.0,0,0.0,0.0,0.0,0.0
2025-08-13,NC-SBY-TMR-14,0.0,0.0,0.0,0.0,0.0,0.0,0.0,0.0,0.0,0,0.0,0.0,0.0,0.0
2025-08-13,NC-SBY-TMR-8,0.0,0.0,0.0,0.0,0.0,0.0,0.0,0.0,0.0,0,0.0,0.0,0.0,0.0
2025-08-13,NC-SBY-TMR-9,0.0,0.0,0.0,0.0,0.0,0.0,0.0,0.0,0.0,0,0.0,0.0,0.0,0.0
2025-08-13,NC-SBY-UTR-1,0.0,0.0,0.0,0.0,0.0,0.0,0.0,0.0,0.0,0,0.0,0.0,0.0,0.0
2025-08-13,NC-SBY-UTR-2,0.0,0.0,0.0,0.0,0.0,0.0,0.0,0.0,0.0,0,0.0,0.0,0.0,0.0
2025-08-13,NC-SBY-UTR-3,0.0,0.0,0.0,0.0,0.0,0.0,0.0,0.0,0.0,0,0.0,0.0,0.0,0.0
2025-08-13,NC-SBY-UTR-4,0.0,0.0,0.0,0.0,0.0,0.0,0.0,0.0,0.0,0,0.0,0.0,0.0,0.0
2025-08-13,NC-SBY-UTR-5,0.0,0.0,0.0,0.0,0.0,0.0,0.0,0.0,0.0,0,0.0,0.0,0.0,0.0
2025-08-13,NC-SBY-UTR-6,0.0,0.0,0.0,0.0,0.0,0.0,0.0,0.0,0.0,0,0.0,0.0,0.0,0.0
2025-08-13,NC-SBY-UTR-7,0.0,0.0,0.0,0.0,0.0,0.0,0.0,0.0,0.0,0,0.0,0.0,0.0,0.0
2025-08-13,NC-SDA-UTR-24,0.0,0.0,0.0,0.0,0.0,0.0,0.0,0.0,0.0,0,0.0,0.0,0.0,0.0
2025-08-13,NC-SDA-UTR-25,0.0,0.0,0.0,0.0,0.0,0.0,0.0,0.0,0.0,0,0.0,0.0,0.0,0.0
2025-08-13,NC-SDA-UTR-26,0.0,0.0,0.0,0.0,0.0,0.0,0.0,0.0,0.0,0,0.0,0.0,0.0,0.0
2025-08-13,OA_CLUSTER,0.0,0.0,0.0,0.0,0.0,0.0,0.0,0.0,0.0,0,0.0,0.0,0.0,0.0
2025-08-14,NC-SBY-BRT-15,0.0,0.0,0.0,0.0,0.0,0.0,0.0,0.0,0.0,0,0.0,0.0,0.0,0.0
2025-08-14,NC-SBY-BRT-16,0.0,0.0,0.0,0.0,0.0,0.0,0.0,0.0,0.0,0,0.0,0.0,0.0,0.0
2025-08-14,NC-SBY-BRT-17,0.0,0.0,0.0,0.0,0.0,0.0,0.0,0.0,0.0,0,0.0,0.0,0.0,0.0
2025-08-14,NC-SBY-SEL-18,0.0,0.0,0.0,0.0,0.0,0.0,0.0,0.0,0.0,0,0.0,0.0,0.0,0.0
2025-08-14,NC-SBY-SEL-19,0.0,0.0,0.0,0.0,0.0,0.0,0.0,0.0,0.0,0,0.0,0.0,0.0,0.0
2025-08-14,NC-SBY-SEL-20,0.0,0.0,0.0,0.0,0.0,0.0,0.0,0.0,0.0,0,0.0,0.0,0.0,0.0
2025-08-14,NC-SBY-SEL-21,0.0,0.0,0.0,0.0,0.0,0.0,0.0,0.0,0.0,0,0.0,0.0,0.0,0.0
2025-08-14,NC-SBY-SEL-22,0.0,0.0,0.0,0.0,0.0,0.0,0.0,0.0,0.0,0,0.0,0.0,0.0,0.0
2025-08-14,NC-SBY-SEL-23,0.0,0.0,0.0,0.0,0.0,0.0,0.0,0.0,0.0,0,0.0,0.0,0.0,0.0
2025-08-14,NC-SBY-TMR-10,0.0,0.0,0.0,0.0,0.0,0.0,0.0,0.0,0.0,0,0.0,0.0,0.0,0.0
2025-08-14,NC-SBY-TMR-11,0.0,0.0,0.0,0.0,0.0,0.0,0.0,0.0,0.0,0,0.0,0.0,0.0,0.0
2025-08-14,NC-SBY-TMR-12,0.0,0.0,0.0,0.0,0.0,0.0,0.0,0.0,0.0,0,0.0,0.0,0.0,0.0
2025-08-14,NC-SBY-TMR-13,0.0,0.0,0.0,0.0,0.0,0.0,0.0,0.0,0.0,0,0.0,0.0,0.0,0.0
2025-08-14,NC-SBY-TMR-14,0.0,0.0,0.0,0.0,0.0,0.0,0.0,0.0,0.0,0,0.0,0.0,0.0,0.0
2025-08-14,NC-SBY-TMR-8,0.0,0.0,0.0,0.0,0.0,0.0,0.0,0.0,0.0,0,0.0,0.0,0.0,0.0
2025-08-14,NC-SBY-TMR-9,0.0,0.0,0.0,0.0,0.0,0.0,0.0,0.0,0.0,0,0.0,0.0,0.0,0.0
2025-08-14,NC-SBY-UTR-1,0.0,0.0,0.0,0.0,0.0,0.0,0.0,0.0,0.0,0,0.0,0.0,0.0,0.0
2025-08-14,NC-SBY-UTR-2,0.0,0.0,0.0,0.0,0.0,0.0,0.0,0.0,0.0,0,0.0,0.0,0.0,0.0
2025-08-14,NC-SBY-UTR-3,0.0,0.0,0.0,0.0,0.0,0.0,0.0,0.0,0.0,0,0.0,0.0,0.0,0.0
2025-08-14,NC-SBY-UTR-4,0.0,0.0,0.0,0.0,0.0,0.0,0.0,0.0,0.0,0,0.0,0.0,0.0,0.0
2025-08-14,NC-SBY-UTR-5,0.0,0.0,0.0,0.0,0.0,0.0,0.0,0.0,0.0,0,0.0,0.0,0.0,0.0
2025-08-14,NC-SBY-UTR-6,0.0,0.0,0.0,0.0,0.0,0.0,0.0,0.0,0.0,0,0.0,0.0,0.0,0.0
2025-08-14,NC-SBY-UTR-7,0.0,0.0,0.0,0.0,0.0,0.0,0.0,0.0,0.0,0,0.0,0.0,0.0,0.0
2025-08-14,NC-SDA-UTR-24,0.0,0.0,0.0,0.0,0.0,0.0,0.0,0.0,0.0,0,0.0,0.0,0.0,0.0
2025-08-14,NC-SDA-UTR-25,0.0,0.0,0.0,0.0,0.0,0.0,0.0,0.0,0.0,0,0.0,0.0,0.0,0.0
2025-08-14,NC-SDA-UTR-26,0.0,0.0,0.0,0.0,0.0,0.0,0.0,0.0,0.0,0,0.0,0.0,0.0,0.0
2025-08-14,OA_CLUSTER,0.0,0.0,0.0,0.0,0.0,0.0,0.0,0.0,0.0,0,0.0,0.0,0.0,0.0
2025-08-15,NC-SBY-BRT-15,0.0,0.0,0.0,0.0,0.0,0.0,0.0,0.0,0.0,0,0.0,0.0,0.0,0.0
2025-08-15,NC-SBY-BRT-16,0.0,0.0,0.0,0.0,0.0,0.0,0.0,0.0,0.0,0,0.0,0.0,0.0,0.0
2025-08-15,NC-SBY-BRT-17,0.0,0.0,0.0,0.0,0.0,0.0,0.0,0.0,0.0,0,0.0,0.0,0.0,0.0
2025-08-15,NC-SBY-SEL-18,0.0,0.0,0.0,0.0,0.0,0.0,0.0,0.0,0.0,0,0.0,0.0,0.0,0.0
2025-08-15,NC-SBY-SEL-19,0.0,0.0,0.0,0.0,0.0,0.0,0.0,0.0,0.0,0,0.0,0.0,0.0,0.0
2025-08-15,NC-SBY-SEL-20,0.0,0.0,0.0,0.0,0.0,0.0,0.0,0.0,0.0,0,0.0,0.0,0.0,0.0
2025-08-15,NC-SBY-SEL-21,0.0,0.0,0.0,0.0,0.0,0.0,0.0,0.0,0.0,0,0.0,0.0,0.0,0.0
2025-08-15,NC-SBY-SEL-22,0.0,0.0,0.0,0.0,0.0,0.0,0.0,0.0,0.0,0,0.0,0.0,0.0,0.0
2025-08-15,NC-SBY-SEL-23,0.0,0.0,0.0,0.0,0.0,0.0,0.0,0.0,0.0,0,0.0,0.0,0.0,0.0
2025-08-15,NC-SBY-TMR-10,0.0,0.0,0.0,0.0,0.0,0.0,0.0,0.0,0.0,0,0.0,0.0,0.0,0.0
2025-08-15,NC-SBY-TMR-11,0.0,0.0,0.0,0.0,0.0,0.0,0.0,0.0,0.0,0,0.0,0.0,0.0,0.0
2025-08-15,NC-SBY-TMR-12,0.0,0.0,0.0,0.0,0.0,0.0,0.0,0.0,0.0,0,0.0,0.0,0.0,0.0
2025-08-15,NC-SBY-TMR-13,0.0,0.0,0.0,0.0,0.0,0.0,0.0,0.0,0.0,0,0.0,0.0,0.0,0.0
2025-08-15,NC-SBY-TMR-14,0.0,0.0,0.0,0.0,0.0,0.0,0.0,0.0,0.0,0,0.0,0.0,0.0,0.0
2025-08-15,NC-SBY-TMR-8,0.0,0.0,0.0,0.0,0.0,0.0,0.0,0.0,0.0,0,0.0,0.0,0.0,0.0
2025-08-15,NC-SBY-TMR-9,0.0,0.0,0.0,0.0,0.0,0.0,0.0,0.0,0.0,0,0.0,0.0,0.0,0.0
2025-08-15,NC-SBY-UTR-1,0.0,0.0,0.0,0.0,0.0,0.0,0.0,0.0,0.0,0,0.0,0.0,0.0,0.0
2025-08-15,NC-SBY-UTR-2,0.0,0.0,0.0,0.0,0.0,0.0,0.0,0.0,0.0,0,0.0,0.0,0.0,0.0
2025-08-15,NC-SBY-UTR-3,0.0,0.0,0.0,0.0,0.0,0.0,0.0,0.0,0.0,0,0.0,0.0,0.0,0.0
2025-08-15,NC-SBY-UTR-4,0.0,0.0,0.0,0.0,0.0,0.0,0.0,0.0,0.0,0,0.0,0.0,0.0,0.0
2025-08-15,NC-SBY-UTR-5,0.0,0.0,0.0,0.0,0.0,0.0,0.0,0.0,0.0,0,0.0,0.0,0.0,0.0
2025-08-15,NC-SBY-UTR-6,0.0,0.0,0.0,0.0,0.0,0.0,0.0,0.0,0.0,0,0.0,0.0,0.0,0.0
2025-08-15,NC-SBY-UTR-7,0.0,0.0,0.0,0.0,0.0,0.0,0.0,0.0,0.0,0,0.0,0.0,0.0,0.0
2025-08-15,NC-SDA-UTR-24,0.0,0.0,0.0,0.0,0.0,0.0,0.0,0.0,0.0,0,0.0,0.0,0.0,0.0
2025-08-15,NC-SDA-UTR-25,0.0,0.0,0.0,0.0,0.0,0.0,0.0,0.0,0.0,0,0.0,0.0,0.0,0.0
2025-08-15,NC-SDA-UTR-26,0.0,0.0,0.0,0.0,0.0,0.0,0.0,0.0,0.0,0,0.0,0.0,0.0,0.0
2025-08-15,OA_CLUSTER,0.0,0.0,0.0,0.0,0.0,0.0,0.0,0.0,0.0,0,0.0,0.0,0.0,0.0
2025-08-16,NC-SBY-BRT-15,0.0,0.0,0.0,0.0,0.0,0.0,0.0,0.0,0.0,0,0.0,0.0,0.0,0.0
2025-08-16,NC-SBY-BRT-16,0.0,0.0,0.0,0.0,0.0,0.0,0.0,0.0,0.0,0,0.0,0.0,0.0,0.0
2025-08-16,NC-SBY-BRT-17,0.0,0.0,0.0,0.0,0.0,0.0,0.0,0.0,0.0,0,0.0,0.0,0.0,0.0
2025-08-16,NC-SBY-SEL-18,0.0,0.0,0.0,0.0,0.0,0.0,0.0,0.0,0.0,0,0.0,0.0,0.0,0.0
2025-08-16,NC-SBY-SEL-19,0.0,0.0,0.0,0.0,0.0,0.0,0.0,0.0,0.0,0,0.0,0.0,0.0,0.0
2025-08-16,NC-SBY-SEL-20,0.0,0.0,0.0,0.0,0.0,0.0,0.0,0.0,0.0,0,0.0,0.0,0.0,0.0
2025-08-16,NC-SBY-SEL-21,0.0,0.0,0.0,0.0,0.0,0.0,0.0,0.0,0.0,0,0.0,0.0,0.0,0.0
2025-08-16,NC-SBY-SEL-22,0.0,0.0,0.0,0.0,0.0,0.0,0.0,0.0,0.0,0,0.0,0.0,0.0,0.0
2025-08-16,NC-SBY-SEL-23,0.0,0.0,0.0,0.0,0.0,0.0,0.0,0.0,0.0,0,0.0,0.0,0.0,0.0
2025-08-16,NC-SBY-TMR-10,0.0,0.0,0.0,0.0,0.0,0.0,0.0,0.0,0.0,0,0.0,0.0,0.0,0.0
2025-08-16,NC-SBY-TMR-11,0.0,0.0,0.0,0.0,0.0,0.0,0.0,0.0,0.0,0,0.0,0.0,0.0,0.0
2025-08-16,NC-SBY-TMR-12,0.0,0.0,0.0,0.0,0.0,0.0,0.0,0.0,0.0,0,0.0,0.0,0.0,0.0
2025-08-16,NC-SBY-TMR-13,0.0,0.0,0.0,0.0,0.0,0.0,0.0,0.0,0.0,0,0.0,0.0,0.0,0.0
2025-08-16,NC-SBY-TMR-14,0.0,0.0,0.0,0.0,0.0,0.0,0.0,0.0,0.0,0,0.0,0.0,0.0,0.0
2025-08-16,NC-SBY-TMR-8,0.0,0.0,0.0,0.0,0.0,0.0,0.0,0.0,0.0,0,0.0,0.0,0.0,0.0
2025-08-16,NC-SBY-TMR-9,0.0,0.0,0.0,0.0,0.0,0.0,0.0,0.0,0.0,0,0.0,0.0,0.0,0.0
2025-08-16,NC-SBY-UTR-1,0.0,0.0,0.0,0.0,0.0,0.0,0.0,0.0,0.0,0,0.0,0.0,0.0,0.0
2025-08-16,NC-SBY-UTR-2,0.0,0.0,0.0,0.0,0.0,0.0,0.0,0.0,0.0,0,0.0,0.0,0.0,0.0
2025-08-16,NC-SBY-UTR-3,0.0,0.0,0.0,0.0,0.0,0.0,0.0,0.0,0.0,0,0.0,0.0,0.0,0.0
2025-08-16,NC-SBY-UTR-4,0.0,0.0,0.0,0.0,0.0,0.0,0.0,0.0,0.0,0,0.0,0.0,0.0,0.0
2025-08-16,NC-SBY-UTR-5,0.0,0.0,0.0,0.0,0.0,0.0,0.0,0.0,0.0,0,0.0,0.0,0.0,0.0
2025-08-16,NC-SBY-UTR-6,0.0,0.0,0.0,0.0,0.0,0.0,0.0,0.0,0.0,0,0.0,0.0,0.0,0.0
2025-08-16,NC-SBY-UTR-7,0.0,0.0,0.0,0.0,0.0,0.0,0.0,0.0,0.0,0,0.0,0.0,0.0,0.0
2025-08-16,NC-SDA-UTR-24,0.0,0.0,0.0,0.0,0.0,0.0,0.0,0.0,0.0,0,0.0,0.0,0.0,0.0
2025-08-16,NC-SDA-UTR-25,0.0,0.0,0.0,0.0,0.0,0.0,0.0,0.0,0.0,0,0.0,0.0,0.0,0.0
2025-08-16,NC-SDA-UTR-26,0.0,0.0,0.0,0.0,0.0,0.0,0.0,0.0,0.0,0,0.0,0.0,0.0,0.0
2025-08-16,OA_CLUSTER,0.0,0.0,0.0,0.0,0.0,0.0,0.0,0.0,0.0,0,0.0,0.0,0.0,0.0
2025-08-17,NC-SBY-BRT-15,0.0,0.0,0.0,0.0,0.0,0.0,0.0,0.0,0.0,0,0.0,0.0,0.0,0.0
2025-08-17,NC-SBY-BRT-16,0.0,0.0,0.0,0.0,0.0,0.0,0.0,0.0,0.0,0,0.0,0.0,0.0,0.0
2025-08-17,NC-SBY-BRT-17,0.0,0.0,0.0,0.0,0.0,0.0,0.0,0.0,0.0,0,0.0,0.0,0.0,0.0
2025-08-17,NC-SBY-SEL-18,0.0,0.0,0.0,0.0,0.0,0.0,0.0,0.0,0.0,0,0.0,0.0,0.0,0.0
2025-08-17,NC-SBY-SEL-19,0.0,0.0,0.0,0.0,0.0,0.0,0.0,0.0,0.0,0,0.0,0.0,0.0,0.0
2025-08-17,NC-SBY-SEL-20,0.0,0.0,0.0,0.0,0.0,0.0,0.0,0.0,0.0,0,0.0,0.0,0.0,0.0
2025-08-17,NC-SBY-SEL-21,0.0,0.0,0.0,0.0,0.0,0.0,0.0,0.0,0.0,0,0.0,0.0,0.0,0.0
2025-08-17,NC-SBY-SEL-22,0.0,0.0,0.0,0.0,0.0,0.0,0.0,0.0,0.0,0,0.0,0.0,0.0,0.0
2025-08-17,NC-SBY-SEL-23,0.0,0.0,0.0,0.0,0.0,0.0,0.0,0.0,0.0,0,0.0,0.0,0.0,0.0
2025-08-17,NC-SBY-TMR-10,0.0,0.0,0.0,0.0,0.0,0.0,0.0,0.0,0.0,0,0.0,0.0,0.0,0.0
2025-08-17,NC-SBY-TMR-11,0.0,0.0,0.0,0.0,0.0,0.0,0.0,0.0,0.0,0,0.0,0.0,0.0,0.0
2025-08-17,NC-SBY-TMR-12,0.0,0.0,0.0,0.0,0.0,0.0,0.0,0.0,0.0,0,0.0,0.0,0.0,0.0
2025-08-17,NC-SBY-TMR-13,0.0,0.0,0.0,0.0,0.0,0.0,0.0,0.0,0.0,0,0.0,0.0,0.0,0.0
2025-08-17,NC-SBY-TMR-14,0.0,0.0,0.0,0.0,0.0,0.0,0.0,0.0,0.0,0,0.0,0.0,0.0,0.0
2025-08-17,NC-SBY-TMR-8,0.0,0.0,0.0,0.0,0.0,0.0,0.0,0.0,0.0,0,0.0,0.0,0.0,0.0
2025-08-17,NC-SBY-TMR-9,0.0,0.0,0.0,0.0,0.0,0.0,0.0,0.0,0.0,0,0.0,0.0,0.0,0.0
2025-08-17,NC-SBY-UTR-1,0.0,0.0,0.0,0.0,0.0,0.0,0.0,0.0,0.0,0,0.0,0.0,0.0,0.0
2025-08-17,NC-SBY-UTR-2,0.0,0.0,0.0,0.0,0.0,0.0,0.0,0.0,0.0,0,0.0,0.0,0.0,0.0
2025-08-17,NC-SBY-UTR-3,0.0,0.0,0.0,0.0,0.0,0.0,0.0,0.0,0.0,0,0.0,0.0,0.0,0.0
2025-08-17,NC-SBY-UTR-4,0.0,0.0,0.0,0.0,0.0,0.0,0.0,0.0,0.0,0,0.0,0.0,0.0,0.0
2025-08-17,NC-SBY-UTR-5,0.0,0.0,0.0,0.0,0.0,0.0,0.0,0.0,0.0,0,0.0,0.0,0.0,0.0
2025-08-17,NC-SBY-UTR-6,0.0,0.0,0.0,0.0,0.0,0.0,0.0,0.0,0.0,0,0.0,0.0,0.0,0.0
2025-08-17,NC-SBY-UTR-7,0.0,0.0,0.0,0.0,0.0,0.0,0.0,0.0,0.0,0,0.0,0.0,0.0,0.0
2025-08-17,NC-SDA-UTR-24,0.0,0.0,0.0,0.0,0.0,0.0,0.0,0.0,0.0,0,0.0,0.0,0.0,0.0
2025-08-17,NC-SDA-UTR-25,0.0,0.0,0.0,0.0,0.0,0.0,0.0,0.0,0.0,0,0.0,0.0,0.0,0.0
2025-08-17,NC-SDA-UTR-26,0.0,0.0,0.0,0.0,0.0,0.0,0.0,0.0,0.0,0,0.0,0.0,0.0,0.0
2025-08-17,OA_CLUSTER,0.0,0.0,0.0,0.0,0.0,0.0,0.0,0.0,0.0,0,0.0,0.0,0.0,0.0
2025-08-18,NC-SBY-BRT-15,0.0,0.0,0.0,0.0,0.0,0.0,0.0,0.0,0.0,0,0.0,0.0,0.0,0.0
2025-08-18,NC-SBY-BRT-16,0.0,0.0,0.0,0.0,0.0,0.0,0.0,0.0,0.0,0,0.0,0.0,0.0,0.0
2025-08-18,NC-SBY-BRT-17,0.0,0.0,0.0,0.0,0.0,0.0,0.0,0.0,0.0,0,0.0,0.0,0.0,0.0
2025-08-18,NC-SBY-SEL-18,0.0,0.0,0.0,0.0,0.0,0.0,0.0,0.0,0.0,0,0.0,0.0,0.0,0.0
2025-08-18,NC-SBY-SEL-19,0.0,0.0,0.0,0.0,0.0,0.0,0.0,0.0,0.0,0,0.0,0.0,0.0,0.0
2025-08-18,NC-SBY-SEL-20,0.0,0.0,0.0,0.0,0.0,0.0,0.0,0.0,0.0,0,0.0,0.0,0.0,0.0
2025-08-18,NC-SBY-SEL-21,0.0,0.0,0.0,0.0,0.0,0.0,0.0,0.0,0.0,0,0.0,0.0,0.0,0.0
2025-08-18,NC-SBY-SEL-22,0.0,0.0,0.0,0.0,0.0,0.0,0.0,0.0,0.0,0,0.0,0.0,0.0,0.0
2025-08-18,NC-SBY-SEL-23,0.0,0.0,0.0,0.0,0.0,0.0,0.0,0.0,0.0,0,0.0,0.0,0.0,0.0
2025-08-18,NC-SBY-TMR-10,0.0,0.0,0.0,0.0,0.0,0.0,0.0,0.0,0.0,0,0.0,0.0,0.0,0.0
2025-08-18,NC-SBY-TMR-11,0.0,0.0,0.0,0.0,0.0,0.0,0.0,0.0,0.0,0,0.0,0.0,0.0,0.0
2025-08-18,NC-SBY-TMR-12,0.0,0.0,0.0,0.0,0.0,0.0,0.0,0.0,0.0,0,0.0,0.0,0.0,0.0
2025-08-18,NC-SBY-TMR-13,0.0,0.0,0.0,0.0,0.0,0.0,0.0,0.0,0.0,0,0.0,0.0,0.0,0.0
2025-08-18,NC-SBY-TMR-14,0.0,0.0,0.0,0.0,0.0,0.0,0.0,0.0,0.0,0,0.0,0.0,0.0,0.0
2025-08-18,NC-SBY-TMR-8,0.0,0.0,0.0,0.0,0.0,0.0,0.0,0.0,0.0,0,0.0,0.0,0.0,0.0
2025-08-18,NC-SBY-TMR-9,0.0,0.0,0.0,0.0,0.0,0.0,0.0,0.0,0.0,0,0.0,0.0,0.0,0.0
2025-08-18,NC-SBY-UTR-1,0.0,0.0,0.0,0.0,0.0,0.0,0.0,0.0,0.0,0,0.0,0.0,0.0,0.0
2025-08-18,NC-SBY-UTR-2,0.0,0.0,0.0,0.0,0.0,0.0,0.0,0.0,0.0,0,0.0,0.0,0.0,0.0
2025-08-18,NC-SBY-UTR-3,0.0,0.0,0.0,0.0,0.0,0.0,0.0,0.0,0.0,0,0.0,0.0,0.0,0.0
2025-08-18,NC-SBY-UTR-4,0.0,0.0,0.0,0.0,0.0,0.0,0.0,0.0,0.0,0,0.0,0.0,0.0,0.0
2025-08-18,NC-SBY-UTR-5,0.0,0.0,0.0,0.0,0.0,0.0,0.0,0.0,0.0,0,0.0,0.0,0.0,0.0
2025-08-18,NC-SBY-UTR-6,0.0,0.0,0.0,0.0,0.0,0.0,0.0,0.0,0.0,0,0.0,0.0,0.0,0.0
2025-08-18,NC-SBY-UTR-7,0.0,0.0,0.0,0.0,0.0,0.0,0.0,0.0,0.0,0,0.0,0.0,0.0,0.0
2025-08-18,NC-SDA-UTR-24,0.0,0.0,0.0,0.0,0.0,0.0,0.0,0.0,0.0,0,0.0,0.0,0.0,0.0
2025-08-18,NC-SDA-UTR-25,0.0,0.0,0.0,0.0,0.0,0.0,0.0,0.0,0.0,0,0.0,0.0,0.0,0.0
2025-08-18,NC-SDA-UTR-26,0.0,0.0,0.0,0.0,0.0,0.0,0.0,0.0,0.0,0,0.0,0.0,0.0,0.0
2025-08-18,OA_CLUSTER,0.0,0.0,0.0,0.0,0.0,0.0,0.0,0.0,0.0,0,0.0,0.0,0.0,0.0
2025-08-19,NC-SBY-BRT-15,0.0,0.0,0.0,0.0,0.0,0.0,0.0,0.0,0.0,0,0.0,0.0,0.0,0.0
2025-08-19,NC-SBY-BRT-16,0.0,0.0,0.0,0.0,0.0,0.0,0.0,0.0,0.0,0,0.0,0.0,0.0,0.0
2025-08-19,NC-SBY-BRT-17,0.0,0.0,0.0,0.0,0.0,0.0,0.0,0.0,0.0,0,0.0,0.0,0.0,0.0
2025-08-19,NC-SBY-SEL-18,0.0,0.0,0.0,0.0,0.0,0.0,0.0,0.0,0.0,0,0.0,0.0,0.0,0.0
2025-08-19,NC-SBY-SEL-19,0.0,0.0,0.0,0.0,0.0,0.0,0.0,0.0,0.0,0,0.0,0.0,0.0,0.0
2025-08-19,NC-SBY-SEL-20,0.0,0.0,0.0,0.0,0.0,0.0,0.0,0.0,0.0,0,0.0,0.0,0.0,0.0
2025-08-19,NC-SBY-SEL-21,0.0,0.0,0.0,0.0,0.0,0.0,0.0,0.0,0.0,0,0.0,0.0,0.0,0.0
2025-08-19,NC-SBY-SEL-22,0.0,0.0,0.0,0.0,0.0,0.0,0.0,0.0,0.0,0,0.0,0.0,0.0,0.0
2025-08-19,NC-SBY-SEL-23,0.0,0.0,0.0,0.0,0.0,0.0,0.0,0.0,0.0,0,0.0,0.0,0.0,0.0
2025-08-19,NC-SBY-TMR-10,0.0,0.0,0.0,0.0,0.0,0.0,0.0,0.0,0.0,0,0.0,0.0,0.0,0.0
2025-08-19,NC-SBY-TMR-11,0.0,0.0,0.0,0.0,0.0,0.0,0.0,0.0,0.0,0,0.0,0.0,0.0,0.0
2025-08-19,NC-SBY-TMR-12,0.0,0.0,0.0,0.0,0.0,0.0,0.0,0.0,0.0,0,0.0,0.0,0.0,0.0
2025-08-19,NC-SBY-TMR-13,0.0,0.0,0.0,0.0,0.0,0.0,0.0,0.0,0.0,0,0.0,0.0,0.0,0.0
2025-08-19,NC-SBY-TMR-14,0.0,0.0,0.0,0.0,0.0,0.0,0.0,0.0,0.0,0,0.0,0.0,0.0,0.0
2025-08-19,NC-SBY-TMR-8,0.0,0.0,0.0,0.0,0.0,0.0,0.0,0.0,0.0,0,0.0,0.0,0.0,0.0
2025-08-19,NC-SBY-TMR-9,0.0,0.0,0.0,0.0,0.0,0.0,0.0,0.0,0.0,0,0.0,0.0,0.0,0.0
2025-08-19,NC-SBY-UTR-1,0.0,0.0,0.0,0.0,0.0,0.0,0.0,0.0,0.0,0,0.0,0.0,0.0,0.0
2025-08-19,NC-SBY-UTR-2,0.0,0.0,0.0,0.0,0.0,0.0,0.0,0.0,0.0,0,0.0,0.0,0.0,0.0
2025-08-19,NC-SBY-UTR-3,0.0,0.0,0.0,0.0,0.0,0.0,0.0,0.0,0.0,0,0.0,0.0,0.0,0.0
2025-08-19,NC-SBY-UTR-4,0.0,0.0,0.0,0.0,0.0,0.0,0.0,0.0,0.0,0,0.0,0.0,0.0,0.0
2025-08-19,NC-SBY-UTR-5,0.0,0.0,0.0,0.0,0.0,0.0,0.0,0.0,0.0,0,0.0,0.0,0.0,0.0
2025-08-19,NC-SBY-UTR-6,0.0,0.0,0.0,0.0,0.0,0.0,0.0,0.0,0.0,0,0.0,0.0,0.0,0.0
2025-08-19,NC-SBY-UTR-7,0.0,0.0,0.0,0.0,0.0,0.0,0.0,0.0,0.0,0,0.0,0.0,0.0,0.0
2025-08-19,NC-SDA-UTR-24,0.0,0.0,0.0,0.0,0.0,0.0,0.0,0.0,0.0,0,0.0,0.0,0.0,0.0
2025-08-19,NC-SDA-UTR-25,0.0,0.0,0.0,0.0,0.0,0.0,0.0,0.0,0.0,0,0.0,0.0,0.0,0.0
2025-08-19,NC-SDA-UTR-26,0.0,0.0,0.0,0.0,0.0,0.0,0.0,0.0,0.0,0,0.0,0.0,0.0,0.0
2025-08-19,OA_CLUSTER,0.0,0.0,0.0,0.0,0.0,0.0,0.0,0.0,0.0,0,0.0,0.0,0.0,0.0
2025-08-20,NC-SBY-BRT-15,0.0,0.0,0.0,0.0,0.0,0.0,0.0,0.0,0.0,0,0.0,0.0,0.0,0.0
2025-08-20,NC-SBY-BRT-16,0.0,0.0,0.0,0.0,0.0,0.0,0.0,0.0,0.0,0,0.0,0.0,0.0,0.0
2025-08-20,NC-SBY-BRT-17,0.0,0.0,0.0,0.0,0.0,0.0,0.0,0.0,0.0,0,0.0,0.0,0.0,0.0
2025-08-20,NC-SBY-SEL-18,0.0,0.0,0.0,0.0,0.0,0.0,0.0,0.0,0.0,0,0.0,0.0,0.0,0.0
2025-08-20,NC-SBY-SEL-19,0.0,0.0,0.0,0.0,0.0,0.0,0.0,0.0,0.0,0,0.0,0.0,0.0,0.0
2025-08-20,NC-SBY-SEL-20,0.0,0.0,0.0,0.0,0.0,0.0,0.0,0.0,0.0,0,0.0,0.0,0.0,0.0
2025-08-20,NC-SBY-SEL-21,0.0,0.0,0.0,0.0,0.0,0.0,0.0,0.0,0.0,0,0.0,0.0,0.0,0.0
2025-08-20,NC-SBY-SEL-22,0.0,0.0,0.0,0.0,0.0,0.0,0.0,0.0,0.0,0,0.0,0.0,0.0,0.0
2025-08-20,NC-SBY-SEL-23,0.0,0.0,0.0,0.0,0.0,0.0,0.0,0.0,0.0,0,0.0,0.0,0.0,0.0
2025-08-20,NC-SBY-TMR-10,0.0,0.0,0.0,0.0,0.0,0.0,0.0,0.0,0.0,0,0.0,0.0,0.0,0.0
2025-08-20,NC-SBY-TMR-11,0.0,0.0,0.0,0.0,0.0,0.0,0.0,0.0,0.0,0,0.0,0.0,0.0,0.0
2025-08-20,NC-SBY-TMR-12,0.0,0.0,0.0,0.0,0.0,0.0,0.0,0.0,0.0,0,0.0,0.0,0.0,0.0
2025-08-20,NC-SBY-TMR-13,0.0,0.0,0.0,0.0,0.0,0.0,0.0,0.0,0.0,0,0.0,0.0,0.0,0.0
2025-08-20,NC-SBY-TMR-14,0.0,0.0,0.0,0.0,0.0,0.0,0.0,0.0,0.0,0,0.0,0.0,0.0,0.0
2025-08-20,NC-SBY-TMR-8,0.0,0.0,0.0,0.0,0.0,0.0,0.0,0.0,0.0,0,0.0,0.0,0.0,0.0
2025-08-20,NC-SBY-TMR-9,0.0,0.0,0.0,0.0,0.0,0.0,0.0,0.0,0.0,0,0.0,0.0,0.0,0.0
2025-08-20,NC-SBY-UTR-1,0.0,0.0,0.0,0.0,0.0,0.0,0.0,0.0,0.0,0,0.0,0.0,0.0,0.0
2025-08-20,NC-SBY-UTR-2,0.0,0.0,0.0,0.0,0.0,0.0,0.0,0.0,0.0,0,0.0,0.0,0.0,0.0
2025-08-20,NC-SBY-UTR-3,0.0,0.0,0.0,0.0,0.0,0.0,0.0,0.0,0.0,0,0.0,0.0,0.0,0.0
2025-08-20,NC-SBY-UTR-4,0.0,0.0,0.0,0.0,0.0,0.0,0.0,0.0,0.0,0,0.0,0.0,0.0,0.0
2025-08-20,NC-SBY-UTR-5,0.0,0.0,0.0,0.0,0.0,0.0,0.0,0.0,0.0,0,0.0,0.0,0.0,0.0
2025-08-20,NC-SBY-UTR-6,0.0,0.0,0.0,0.0,0.0,0.0,0.0,0.0,0.0,0,0.0,0.0,0.0,0.0
2025-08-20,NC-SBY-UTR-7,0.0,0.0,0.0,0.0,0.0,0.0,0.0,0.0,0.0,0,0.0,0.0,0.0,0.0
2025-08-20,NC-SDA-UTR-24,0.0,0.0,0.0,0.0,0.0,0.0,0.0,0.0,0.0,0,0.0,0.0,0.0,0.0
2025-08-20,NC-SDA-UTR-25,0.0,0.0,0.0,0.0,0.0,0.0,0.0,0.0,0.0,0,0.0,0.0,0.0,0.0
2025-08-20,NC-SDA-UTR-26,0.0,0.0,0.0,0.0,0.0,0.0,0.0,0.0,0.0,0,0.0,0.0,0.0,0.0
2025-08-20,OA_CLUSTER,0.0,0.0,0.0,0.0,0.0,0.0,0.0,0.0,0.0,0,0.0,0.0,0.0,0.0
2025-08-21,NC-SBY-BRT-15,0.0,0.0,0.0,0.0,0.0,0.0,0.0,0.0,0.0,0,0.0,0.0,0.0,0.0
2025-08-21,NC-SBY-BRT-16,0.0,0.0,0.0,0.0,0.0,0.0,0.0,0.0,0.0,0,0.0,0.0,0.0,0.0
2025-08-21,NC-SBY-BRT-17,0.0,0.0,0.0,0.0,0.0,0.0,0.0,0.0,0.0,0,0.0,0.0,0.0,0.0
2025-08-21,NC-SBY-SEL-18,0.0,0.0,0.0,0.0,0.0,0.0,0.0,0.0,0.0,0,0.0,0.0,0.0,0.0
2025-08-21,NC-SBY-SEL-19,0.0,0.0,0.0,0.0,0.0,0.0,0.0,0.0,0.0,0,0.0,0.0,0.0,0.0
2025-08-21,NC-SBY-SEL-20,0.0,0.0,0.0,0.0,0.0,0.0,0.0,0.0,0.0,0,0.0,0.0,0.0,0.0
2025-08-21,NC-SBY-SEL-21,0.0,0.0,0.0,0.0,0.0,0.0,0.0,0.0,0.0,0,0.0,0.0,0.0,0.0
2025-08-21,NC-SBY-SEL-22,0.0,0.0,0.0,0.0,0.0,0.0,0.0,0.0,0.0,0,0.0,0.0,0.0,0.0
2025-08-21,NC-SBY-SEL-23,0.0,0.0,0.0,0.0,0.0,0.0,0.0,0.0,0.0,0,0.0,0.0,0.0,0.0
2025-08-21,NC-SBY-TMR-10,0.0,0.0,0.0,0.0,0.0,0.0,0.0,0.0,0.0,0,0.0,0.0,0.0,0.0
2025-08-21,NC-SBY-TMR-11,0.0,0.0,0.0,0.0,0.0,0.0,0.0,0.0,0.0,0,0.0,0.0,0.0,0.0
2025-08-21,NC-SBY-TMR-12,0.0,0.0,0.0,0.0,0.0,0.0,0.0,0.0,0.0,0,0.0,0.0,0.0,0.0
2025-08-21,NC-SBY-TMR-13,0.0,0.0,0.0,0.0,0.0,0.0,0.0,0.0,0.0,0,0.0,0.0,0.0,0.0
2025-08-21,NC-SBY-TMR-14,0.0,0.0,0.0,0.0,0.0,0.0,0.0,0.0,0.0,0,0.0,0.0,0.0,0.0
2025-08-21,NC-SBY-TMR-8,0.0,0.0,0.0,0.0,0.0,0.0,0.0,0.0,0.0,0,0.0,0.0,0.0,0.0
2025-08-21,NC-SBY-TMR-9,0.0,0.0,0.0,0.0,0.0,0.0,0.0,0.0,0.0,0,0.0,0.0,0.0,0.0
2025-08-21,NC-SBY-UTR-1,0.0,0.0,0.0,0.0,0.0,0.0,0.0,0.0,0.0,0,0.0,0.0,0.0,0.0
2025-08-21,NC-SBY-UTR-2,0.0,0.0,0.0,0.0,0.0,0.0,0.0,0.0,0.0,0,0.0,0.0,0.0,0.0
2025-08-21,NC-SBY-UTR-3,0.0,0.0,0.0,0.0,0.0,0.0,0.0,0.0,0.0,0,0.0,0.0,0.0,0.0
2025-08-21,NC-SBY-UTR-4,0.0,0.0,0.0,0.0,0.0,0.0,0.0,0.0,0.0,0,0.0,0.0,0.0,0.0
2025-08-21,NC-SBY-UTR-5,0.0,0.0,0.0,0.0,0.0,0.0,0.0,0.0,0.0,0,0.0,0.0,0.0,0.0
2025-08-21,NC-SBY-UTR-6,0.0,0.0,0.0,0.0,0.0,0.0,0.0,0.0,0.0,0,0.0,0.0,0.0,0.0
2025-08-21,NC-SBY-UTR-7,0.0,0.0,0.0,0.0,0.0,0.0,0.0,0.0,0.0,0,0.0,0.0,0.0,0.0
2025-08-21,NC-SDA-UTR-24,0.0,0.0,0.0,0.0,0.0,0.0,0.0,0.0,0.0,0,0.0,0.0,0.0,0.0
2025-08-21,NC-SDA-UTR-25,0.0,0.0,0.0,0.0,0.0,0.0,0.0,0.0,0.0,0,0.0,0.0,0.0,0.0
2025-08-21,NC-SDA-UTR-26,0.0,0.0,0.0,0.0,0.0,0.0,0.0,0.0,0.0,0,0.0,0.0,0.0,0.0
2025-08-21,OA_CLUSTER,0.0,0.0,0.0,0.0,0.0,0.0,0.0,0.0,0.0,0,0.0,0.0,0.0,0.0
2025-08-22,NC-SBY-BRT-15,0.0,0.0,0.0,0.0,0.0,0.0,0.0,0.0,0.0,0,0.0,0.0,0.0,0.0
2025-08-22,NC-SBY-BRT-16,0.0,0.0,0.0,0.0,0.0,0.0,0.0,0.0,0.0,0,0.0,0.0,0.0,0.0
2025-08-22,NC-SBY-BRT-17,0.0,0.0,0.0,0.0,0.0,0.0,0.0,0.0,0.0,0,0.0,0.0,0.0,0.0
2025-08-22,NC-SBY-SEL-18,0.0,0.0,0.0,0.0,0.0,0.0,0.0,0.0,0.0,0,0.0,0.0,0.0,0.0
2025-08-22,NC-SBY-SEL-19,0.0,0.0,0.0,0.0,0.0,0.0,0.0,0.0,0.0,0,0.0,0.0,0.0,0.0
2025-08-22,NC-SBY-SEL-20,0.0,0.0,0.0,0.0,0.0,0.0,0.0,0.0,0.0,0,0.0,0.0,0.0,0.0
2025-08-22,NC-SBY-SEL-21,0.0,0.0,0.0,0.0,0.0,0.0,0.0,0.0,0.0,0,0.0,0.0,0.0,0.0
2025-08-22,NC-SBY-SEL-22,0.0,0.0,0.0,0.0,0.0,0.0,0.0,0.0,0.0,0,0.0,0.0,0.0,0.0
2025-08-22,NC-SBY-SEL-23,0.0,0.0,0.0,0.0,0.0,0.0,0.0,0.0,0.0,0,0.0,0.0,0.0,0.0
2025-08-22,NC-SBY-TMR-10,0.0,0.0,0.0,0.0,0.0,0.0,0.0,0.0,0.0,0,0.0,0.0,0.0,0.0
2025-08-22,NC-SBY-TMR-11,0.0,0.0,0.0,0.0,0.0,0.0,0.0,0.0,0.0,0,0.0,0.0,0.0,0.0
2025-08-22,NC-SBY-TMR-12,0.0,0.0,0.0,0.0,0.0,0.0,0.0,0.0,0.0,0,0.0,0.0,0.0,0.0
2025-08-22,NC-SBY-TMR-13,0.0,0.0,0.0,0.0,0.0,0.0,0.0,0.0,0.0,0,0.0,0.0,0.0,0.0
2025-08-22,NC-SBY-TMR-14,0.0,0.0,0.0,0.0,0.0,0.0,0.0,0.0,0.0,0,0.0,0.0,0.0,0.0
2025-08-22,NC-SBY-TMR-8,0.0,0.0,0.0,0.0,0.0,0.0,0.0,0.0,0.0,0,0.0,0.0,0.0,0.0
2025-08-22,NC-SBY-TMR-9,0.0,0.0,0.0,0.0,0.0,0.0,0.0,0.0,0.0,0,0.0,0.0,0.0,0.0
2025-08-22,NC-SBY-UTR-1,0.0,0.0,0.0,0.0,0.0,0.0,0.0,0.0,0.0,0,0.0,0.0,0.0,0.0
2025-08-22,NC-SBY-UTR-2,0.0,0.0,0.0,0.0,0.0,0.0,0.0,0.0,0.0,0,0.0,0.0,0.0,0.0
2025-08-22,NC-SBY-UTR-3,0.0,0.0,0.0,0.0,0.0,0.0,0.0,0.0,0.0,0,0.0,0.0,0.0,0.0
2025-08-22,NC-SBY-UTR-4,0.0,0.0,0.0,0.0,0.0,0.0,0.0,0.0,0.0,0,0.0,0.0,0.0,0.0
2025-08-22,NC-SBY-UTR-5,0.0,0.0,0.0,0.0,0.0,0.0,0.0,0.0,0.0,0,0.0,0.0,0.0,0.0
2025-08-22,NC-SBY-UTR-6,0.0,0.0,0.0,0.0,0.0,0.0,0.0,0.0,0.0,0,0.0,0.0,0.0,0.0
2025-08-22,NC-SBY-UTR-7,0.0,0.0,0.0,0.0,0.0,0.0,0.0,0.0,0.0,0,0.0,0.0,0.0,0.0
2025-08-22,NC-SDA-UTR-24,0.0,0.0,0.0,0.0,0.0,0.0,0.0,0.0,0.0,0,0.0,0.0,0.0,0.0
2025-08-22,NC-SDA-UTR-25,0.0,0.0,0.0,0.0,0.0,0.0,0.0,0.0,0.0,0,0.0,0.0,0.0,0.0
2025-08-22,NC-SDA-UTR-26,0.0,0.0,0.0,0.0,0.0,0.0,0.0,0.0,0.0,0,0.0,0.0,0.0,0.0
2025-08-22,OA_CLUSTER,0.0,0.0,0.0,0.0,0.0,0.0,0.0,0.0,0.0,0,0.0,0.0,0.0,0.0
2025-08-23,NC-SBY-BRT-15,0.0,0.0,0.0,0.0,0.0,0.0,0.0,0.0,0.0,0,0.0,0.0,0.0,0.0
2025-08-23,NC-SBY-BRT-16,0.0,0.0,0.0,0.0,0.0,0.0,0.0,0.0,0.0,0,0.0,0.0,0.0,0.0
2025-08-23,NC-SBY-BRT-17,0.0,0.0,0.0,0.0,0.0,0.0,0.0,0.0,0.0,0,0.0,0.0,0.0,0.0
2025-08-23,NC-SBY-SEL-18,0.0,0.0,0.0,0.0,0.0,0.0,0.0,0.0,0.0,0,0.0,0.0,0.0,0.0
2025-08-23,NC-SBY-SEL-19,0.0,0.0,0.0,0.0,0.0,0.0,0.0,0.0,0.0,0,0.0,0.0,0.0,0.0
2025-08-23,NC-SBY-SEL-20,0.0,0.0,0.0,0.0,0.0,0.0,0.0,0.0,0.0,0,0.0,0.0,0.0,0.0
2025-08-23,NC-SBY-SEL-21,0.0,0.0,0.0,0.0,0.0,0.0,0.0,0.0,0.0,0,0.0,0.0,0.0,0.0
2025-08-23,NC-SBY-SEL-22,0.0,0.0,0.0,0.0,0.0,0.0,0.0,0.0,0.0,0,0.0,0.0,0.0,0.0
2025-08-23,NC-SBY-SEL-23,0.0,0.0,0.0,0.0,0.0,0.0,0.0,0.0,0.0,0,0.0,0.0,0.0,0.0
2025-08-23,NC-SBY-TMR-10,0.0,0.0,0.0,0.0,0.0,0.0,0.0,0.0,0.0,0,0.0,0.0,0.0,0.0
2025-08-23,NC-SBY-TMR-11,0.0,0.0,0.0,0.0,0.0,0.0,0.0,0.0,0.0,0,0.0,0.0,0.0,0.0
2025-08-23,NC-SBY-TMR-12,0.0,0.0,0.0,0.0,0.0,0.0,0.0,0.0,0.0,0,0.0,0.0,0.0,0.0
2025-08-23,NC-SBY-TMR-13,0.0,0.0,0.0,0.0,0.0,0.0,0.0,0.0,0.0,0,0.0,0.0,0.0,0.0
2025-08-23,NC-SBY-TMR-14,0.0,0.0,0.0,0.0,0.0,0.0,0.0,0.0,0.0,0,0.0,0.0,0.0,0.0
2025-08-23,NC-SBY-TMR-8,0.0,0.0,0.0,0.0,0.0,0.0,0.0,0.0,0.0,0,0.0,0.0,0.0,0.0
2025-08-23,NC-SBY-TMR-9,0.0,0.0,0.0,0.0,0.0,0.0,0.0,0.0,0.0,0,0.0,0.0,0.0,0.0
2025-08-23,NC-SBY-UTR-1,0.0,0.0,0.0,0.0,0.0,0.0,0.0,0.0,0.0,0,0.0,0.0,0.0,0.0
2025-08-23,NC-SBY-UTR-2,0.0,0.0,0.0,0.0,0.0,0.0,0.0,0.0,0.0,0,0.0,0.0,0.0,0.0
2025-08-23,NC-SBY-UTR-3,0.0,0.0,0.0,0.0,0.0,0.0,0.0,0.0,0.0,0,0.0,0.0,0.0,0.0
2025-08-23,NC-SBY-UTR-4,0.0,0.0,0.0,0.0,0.0,0.0,0.0,0.0,0.0,0,0.0,0.0,0.0,0.0
2025-08-23,NC-SBY-UTR-5,0.0,0.0,0.0,0.0,0.0,0.0,0.0,0.0,0.0,0,0.0,0.0,0.0,0.0
2025-08-23,NC-SBY-UTR-6,0.0,0.0,0.0,0.0,0.0,0.0,0.0,0.0,0.0,0,0.0,0.0,0.0,0.0
2025-08-23,NC-SBY-UTR-7,0.0,0.0,0.0,0.0,0.0,0.0,0.0,0.0,0.0,0,0.0,0.0,0.0,0.0
2025-08-23,NC-SDA-UTR-24,0.0,0.0,0.0,0.0,0.0,0.0,0.0,0.0,0.0,0,0.0,0.0,0.0,0.0
2025-08-23,NC-SDA-UTR-25,0.0,0.0,0.0,0.0,0.0,0.0,0.0,0.0,0.0,0,0.0,0.0,0.0,0.0
2025-08-23,NC-SDA-UTR-26,0.0,0.0,0.0,0.0,0.0,0.0,0.0,0.0,0.0,0,0.0,0.0,0.0,0.0
2025-08-23,OA_CLUSTER,0.0,0.0,0.0,0.0,0.0,0.0,0.0,0.0,0.0,0,0.0,0.0,0.0,0.0
2025-08-24,NC-SBY-BRT-15,0.0,0.0,0.0,0.0,0.0,0.0,0.0,0.0,0.0,0,0.0,0.0,0.0,0.0
2025-08-24,NC-SBY-BRT-16,0.0,0.0,0.0,0.0,0.0,0.0,0.0,0.0,0.0,0,0.0,0.0,0.0,0.0
2025-08-24,NC-SBY-BRT-17,0.0,0.0,0.0,0.0,0.0,0.0,0.0,0.0,0.0,0,0.0,0.0,0.0,0.0
2025-08-24,NC-SBY-SEL-18,0.0,0.0,0.0,0.0,0.0,0.0,0.0,0.0,0.0,0,0.0,0.0,0.0,0.0
2025-08-24,NC-SBY-SEL-19,0.0,0.0,0.0,0.0,0.0,0.0,0.0,0.0,0.0,0,0.0,0.0,0.0,0.0
2025-08-24,NC-SBY-SEL-20,0.0,0.0,0.0,0.0,0.0,0.0,0.0,0.0,0.0,0,0.0,0.0,0.0,0.0
2025-08-24,NC-SBY-SEL-21,0.0,0.0,0.0,0.0,0.0,0.0,0.0,0.0,0.0,0,0.0,0.0,0.0,0.0
2025-08-24,NC-SBY-SEL-22,0.0,0.0,0.0,0.0,0.0,0.0,0.0,0.0,0.0,0,0.0,0.0,0.0,0.0
2025-08-24,NC-SBY-SEL-23,0.0,0.0,0.0,0.0,0.0,0.0,0.0,0.0,0.0,0,0.0,0.0,0.0,0.0
2025-08-24,NC-SBY-TMR-10,0.0,0.0,0.0,0.0,0.0,0.0,0.0,0.0,0.0,0,0.0,0.0,0.0,0.0
2025-08-24,NC-SBY-TMR-11,0.0,0.0,0.0,0.0,0.0,0.0,0.0,0.0,0.0,0,0.0,0.0,0.0,0.0
2025-08-24,NC-SBY-TMR-12,0.0,0.0,0.0,0.0,0.0,0.0,0.0,0.0,0.0,0,0.0,0.0,0.0,0.0
2025-08-24,NC-SBY-TMR-13,0.0,0.0,0.0,0.0,0.0,0.0,0.0,0.0,0.0,0,0.0,0.0,0.0,0.0
2025-08-24,NC-SBY-TMR-14,0.0,0.0,0.0,0.0,0.0,0.0,0.0,0.0,0.0,0,0.0,0.0,0.0,0.0
2025-08-24,NC-SBY-TMR-8,0.0,0.0,0.0,0.0,0.0,0.0,0.0,0.0,0.0,0,0.0,0.0,0.0,0.0
2025-08-24,NC-SBY-TMR-9,0.0,0.0,0.0,0.0,0.0,0.0,0.0,0.0,0.0,0,0.0,0.0,0.0,0.0
2025-08-24,NC-SBY-UTR-1,0.0,0.0,0.0,0.0,0.0,0.0,0.0,0.0,0.0,0,0.0,0.0,0.0,0.0
2025-08-24,NC-SBY-UTR-2,0.0,0.0,0.0,0.0,0.0,0.0,0.0,0.0,0.0,0,0.0,0.0,0.0,0.0
2025-08-24,NC-SBY-UTR-3,0.0,0.0,0.0,0.0,0.0,0.0,0.0,0.0,0.0,0,0.0,0.0,0.0,0.0
2025-08-24,NC-SBY-UTR-4,0.0,0.0,0.0,0.0,0.0,0.0,0.0,0.0,0.0,0,0.0,0.0,0.0,0.0
2025-08-24,NC-SBY-UTR-5,0.0,0.0,0.0,0.0,0.0,0.0,0.0,0.0,0.0,0,0.0,0.0,0.0,0.0
2025-08-24,NC-SBY-UTR-6,0.0,0.0,0.0,0.0,0.0,0.0,0.0,0.0,0.0,0,0.0,0.0,0.0,0.0
2025-08-24,NC-SBY-UTR-7,0.0,0.0,0.0,0.0,0.0,0.0,0.0,0.0,0.0,0,0.0,0.0,0.0,0.0
2025-08-24,NC-SDA-UTR-24,0.0,0.0,0.0,0.0,0.0,0.0,0.0,0.0,0.0,0,0.0,0.0,0.0,0.0
2025-08-24,NC-SDA-UTR-25,0.0,0.0,0.0,0.0,0.0,0.0,0.0,0.0,0.0,0,0.0,0.0,0.0,0.0
2025-08-24,NC-SDA-UTR-26,0.0,0.0,0.0,0.0,0.0,0.0,0.0,0.0,0.0,0,0.0,0.0,0.0,0.0
2025-08-24,OA_CLUSTER,0.0,0.0,0.0,0.0,0.0,0.0,0.0,0.0,0.0,0,0.0,0.0,0.0,0.0
2025-08-25,NC-SBY-BRT-15,0.0,0.0,0.0,0.0,0.0,0.0,0.0,0.0,0.0,0,0.0,0.0,0.0,0.0
2025-08-25,NC-SBY-BRT-16,0.0,0.0,0.0,0.0,0.0,0.0,0.0,0.0,0.0,0,0.0,0.0,0.0,0.0
2025-08-25,NC-SBY-BRT-17,0.0,0.0,0.0,0.0,0.0,0.0,0.0,0.0,0.0,0,0.0,0.0,0.0,0.0
2025-08-25,NC-SBY-SEL-18,0.0,0.0,0.0,0.0,0.0,0.0,0.0,0.0,0.0,0,0.0,0.0,0.0,0.0
2025-08-25,NC-SBY-SEL-19,0.0,0.0,0.0,0.0,0.0,0.0,0.0,0.0,0.0,0,0.0,0.0,0.0,0.0
2025-08-25,NC-SBY-SEL-20,0.0,0.0,0.0,0.0,0.0,0.0,0.0,0.0,0.0,0,0.0,0.0,0.0,0.0
2025-08-25,NC-SBY-SEL-21,0.0,0.0,0.0,0.0,0.0,0.0,0.0,0.0,0.0,0,0.0,0.0,0.0,0.0
2025-08-25,NC-SBY-SEL-22,0.0,0.0,0.0,0.0,0.0,0.0,0.0,0.0,0.0,0,0.0,0.0,0.0,0.0
2025-08-25,NC-SBY-SEL-23,0.0,0.0,0.0,0.0,0.0,0.0,0.0,0.0,0.0,0,0.0,0.0,0.0,0.0
2025-08-25,NC-SBY-TMR-10,0.0,0.0,0.0,0.0,0.0,0.0,0.0,0.0,0.0,0,0.0,0.0,0.0,0.0
2025-08-25,NC-SBY-TMR-11,0.0,0.0,0.0,0.0,0.0,0.0,0.0,0.0,0.0,0,0.0,0.0,0.0,0.0
2025-08-25,NC-SBY-TMR-12,0.0,0.0,0.0,0.0,0.0,0.0,0.0,0.0,0.0,0,0.0,0.0,0.0,0.0
2025-08-25,NC-SBY-TMR-13,0.0,0.0,0.0,0.0,0.0,0.0,0.0,0.0,0.0,0,0.0,0.0,0.0,0.0
2025-08-25,NC-SBY-TMR-14,0.0,0.0,0.0,0.0,0.0,0.0,0.0,0.0,0.0,0,0.0,0.0,0.0,0.0
2025-08-25,NC-SBY-TMR-8,0.0,0.0,0.0,0.0,0.0,0.0,0.0,0.0,0.0,0,0.0,0.0,0.0,0.0
2025-08-25,NC-SBY-TMR-9,0.0,0.0,0.0,0.0,0.0,0.0,0.0,0.0,0.0,0,0.0,0.0,0.0,0.0
2025-08-25,NC-SBY-UTR-1,0.0,0.0,0.0,0.0,0.0,0.0,0.0,0.0,0.0,0,0.0,0.0,0.0,0.0
2025-08-25,NC-SBY-UTR-2,0.0,0.0,0.0,0.0,0.0,0.0,0.0,0.0,0.0,0,0.0,0.0,0.0,0.0
2025-08-25,NC-SBY-UTR-3,0.0,0.0,0.0,0.0,0.0,0.0,0.0,0.0,0.0,0,0.0,0.0,0.0,0.0
2025-08-25,NC-SBY-UTR-4,0.0,0.0,0.0,0.0,0.0,0.0,0.0,0.0,0.0,0,0.0,0.0,0.0,0.0
2025-08-25,NC-SBY-UTR-5,0.0,0.0,0.0,0.0,0.0,0.0,0.0,0.0,0.0,0,0.0,0.0,0.0,0.0
2025-08-25,NC-SBY-UTR-6,0.0,0.0,0.0,0.0,0.0,0.0,0.0,0.0,0.0,0,0.0,0.0,0.0,0.0
2025-08-25,NC-SBY-UTR-7,0.0,0.0,0.0,0.0,0.0,0.0,0.0,0.0,0.0,0,0.0,0.0,0.0,0.0
2025-08-25,NC-SDA-UTR-24,0.0,0.0,0.0,0.0,0.0,0.0,0.0,0.0,0.0,0,0.0,0.0,0.0,0.0
2025-08-25,NC-SDA-UTR-25,0.0,0.0,0.0,0.0,0.0,0.0,0.0,0.0,0.0,0,0.0,0.0,0.0,0.0
2025-08-25,NC-SDA-UTR-26,0.0,0.0,0.0,0.0,0.0,0.0,0.0,0.0,0.0,0,0.0,0.0,0.0,0.0
2025-08-25,OA_CLUSTER,0.0,0.0,0.0,0.0,0.0,0.0,0.0,0.0,0.0,0,0.0,0.0,0.0,0.0
2025-08-26,NC-SBY-BRT-15,0.0,0.0,0.0,0.0,0.0,0.0,0.0,0.0,0.0,0,0.0,0.0,0.0,0.0
2025-08-26,NC-SBY-BRT-16,0.0,0.0,0.0,0.0,0.0,0.0,0.0,0.0,0.0,0,0.0,0.0,0.0,0.0
2025-08-26,NC-SBY-BRT-17,0.0,0.0,0.0,0.0,0.0,0.0,0.0,0.0,0.0,0,0.0,0.0,0.0,0.0
2025-08-26,NC-SBY-SEL-18,0.0,0.0,0.0,0.0,0.0,0.0,0.0,0.0,0.0,0,0.0,0.0,0.0,0.0
2025-08-26,NC-SBY-SEL-19,0.0,0.0,0.0,0.0,0.0,0.0,0.0,0.0,0.0,0,0.0,0.0,0.0,0.0
2025-08-26,NC-SBY-SEL-20,0.0,0.0,0.0,0.0,0.0,0.0,0.0,0.0,0.0,0,0.0,0.0,0.0,0.0
2025-08-26,NC-SBY-SEL-21,0.0,0.0,0.0,0.0,0.0,0.0,0.0,0.0,0.0,0,0.0,0.0,0.0,0.0
2025-08-26,NC-SBY-SEL-22,0.0,0.0,0.0,0.0,0.0,0.0,0.0,0.0,0.0,0,0.0,0.0,0.0,0.0
2025-08-26,NC-SBY-SEL-23,0.0,0.0,0.0,0.0,0.0,0.0,0.0,0.0,0.0,0,0.0,0.0,0.0,0.0
2025-08-26,NC-SBY-TMR-10,0.0,0.0,0.0,0.0,0.0,0.0,0.0,0.0,0.0,0,0.0,0.0,0.0,0.0
2025-08-26,NC-SBY-TMR-11,0.0,0.0,0.0,0.0,0.0,0.0,0.0,0.0,0.0,0,0.0,0.0,0.0,0.0
2025-08-26,NC-SBY-TMR-12,0.0,0.0,0.0,0.0,0.0,0.0,0.0,0.0,0.0,0,0.0,0.0,0.0,0.0
2025-08-26,NC-SBY-TMR-13,0.0,0.0,0.0,0.0,0.0,0.0,0.0,0.0,0.0,0,0.0,0.0,0.0,0.0
2025-08-26,NC-SBY-TMR-14,0.0,0.0,0.0,0.0,0.0,0.0,0.0,0.0,0.0,0,0.0,0.0,0.0,0.0
2025-08-26,NC-SBY-TMR-8,0.0,0.0,0.0,0.0,0.0,0.0,0.0,0.0,0.0,0,0.0,0.0,0.0,0.0
2025-08-26,NC-SBY-TMR-9,0.0,0.0,0.0,0.0,0.0,0.0,0.0,0.0,0.0,0,0.0,0.0,0.0,0.0
2025-08-26,NC-SBY-UTR-1,0.0,0.0,0.0,0.0,0.0,0.0,0.0,0.0,0.0,0,0.0,0.0,0.0,0.0
2025-08-26,NC-SBY-UTR-2,0.0,0.0,0.0,0.0,0.0,0.0,0.0,0.0,0.0,0,0.0,0.0,0.0,0.0
2025-08-26,NC-SBY-UTR-3,0.0,0.0,0.0,0.0,0.0,0.0,0.0,0.0,0.0,0,0.0,0.0,0.0,0.0
2025-08-26,NC-SBY-UTR-4,0.0,0.0,0.0,0.0,0.0,0.0,0.0,0.0,0.0,0,0.0,0.0,0.0,0.0
2025-08-26,NC-SBY-UTR-5,0.0,0.0,0.0,0.0,0.0,0.0,0.0,0.0,0.0,0,0.0,0.0,0.0,0.0
2025-08-26,NC-SBY-UTR-6,0.0,0.0,0.0,0.0,0.0,0.0,0.0,0.0,0.0,0,0.0,0.0,0.0,0.0
2025-08-26,NC-SBY-UTR-7,0.0,0.0,0.0,0.0,0.0,0.0,0.0,0.0,0.0,0,0.0,0.0,0.0,0.0
2025-08-26,NC-SDA-UTR-24,0.0,0.0,0.0,0.0,0.0,0.0,0.0,0.0,0.0,0,0.0,0.0,0.0,0.0
2025-08-26,NC-SDA-UTR-25,0.0,0.0,0.0,0.0,0.0,0.0,0.0,0.0,0.0,0,0.0,0.0,0.0,0.0
2025-08-26,NC-SDA-UTR-26,0.0,0.0,0.0,0.0,0.0,0.0,0.0,0.0,0.0,0,0.0,0.0,0.0,0.0
2025-08-26,OA_CLUSTER,0.0,0.0,0.0,0.0,0.0,0.0,0.0,0.0,0.0,0,0.0,0.0,0.0,0.0
2025-08-27,NC-SBY-BRT-15,0.0,0.0,0.0,0.0,0.0,0.0,0.0,0.0,0.0,0,0.0,0.0,0.0,0.0
2025-08-27,NC-SBY-BRT-16,0.0,0.0,0.0,0.0,0.0,0.0,0.0,0.0,0.0,0,0.0,0.0,0.0,0.0
2025-08-27,NC-SBY-BRT-17,0.0,0.0,0.0,0.0,0.0,0.0,0.0,0.0,0.0,0,0.0,0.0,0.0,0.0
2025-08-27,NC-SBY-SEL-18,0.0,0.0,0.0,0.0,0.0,0.0,0.0,0.0,0.0,0,0.0,0.0,0.0,0.0
2025-08-27,NC-SBY-SEL-19,0.0,0.0,0.0,0.0,0.0,0.0,0.0,0.0,0.0,0,0.0,0.0,0.0,0.0
2025-08-27,NC-SBY-SEL-20,0.0,0.0,0.0,0.0,0.0,0.0,0.0,0.0,0.0,0,0.0,0.0,0.0,0.0
2025-08-27,NC-SBY-SEL-21,0.0,0.0,0.0,0.0,0.0,0.0,0.0,0.0,0.0,0,0.0,0.0,0.0,0.0
2025-08-27,NC-SBY-SEL-22,0.0,0.0,0.0,0.0,0.0,0.0,0.0,0.0,0.0,0,0.0,0.0,0.0,0.0
2025-08-27,NC-SBY-SEL-23,0.0,0.0,0.0,0.0,0.0,0.0,0.0,0.0,0.0,0,0.0,0.0,0.0,0.0
2025-08-27,NC-SBY-TMR-10,0.0,0.0,0.0,0.0,0.0,0.0,0.0,0.0,0.0,0,0.0,0.0,0.0,0.0
2025-08-27,NC-SBY-TMR-11,0.0,0.0,0.0,0.0,0.0,0.0,0.0,0.0,0.0,0,0.0,0.0,0.0,0.0
2025-08-27,NC-SBY-TMR-12,0.0,0.0,0.0,0.0,0.0,0.0,0.0,0.0,0.0,0,0.0,0.0,0.0,0.0
2025-08-27,NC-SBY-TMR-13,0.0,0.0,0.0,0.0,0.0,0.0,0.0,0.0,0.0,0,0.0,0.0,0.0,0.0
2025-08-27,NC-SBY-TMR-14,0.0,0.0,0.0,0.0,0.0,0.0,0.0,0.0,0.0,0,0.0,0.0,0.0,0.0
2025-08-27,NC-SBY-TMR-8,0.0,0.0,0.0,0.0,0.0,0.0,0.0,0.0,0.0,0,0.0,0.0,0.0,0.0
2025-08-27,NC-SBY-TMR-9,0.0,0.0,0.0,0.0,0.0,0.0,0.0,0.0,0.0,0,0.0,0.0,0.0,0.0
2025-08-27,NC-SBY-UTR-1,0.0,0.0,0.0,0.0,0.0,0.0,0.0,0.0,0.0,0,0.0,0.0,0.0,0.0
2025-08-27,NC-SBY-UTR-2,0.0,0.0,0.0,0.0,0.0,0.0,0.0,0.0,0.0,0,0.0,0.0,0.0,0.0
2025-08-27,NC-SBY-UTR-3,0.0,0.0,0.0,0.0,0.0,0.0,0.0,0.0,0.0,0,0.0,0.0,0.0,0.0
2025-08-27,NC-SBY-UTR-4,0.0,0.0,0.0,0.0,0.0,0.0,0.0,0.0,0.0,0,0.0,0.0,0.0,0.0
2025-08-27,NC-SBY-UTR-5,0.0,0.0,0.0,0.0,0.0,0.0,0.0,0.0,0.0,0,0.0,0.0,0.0,0.0
2025-08-27,NC-SBY-UTR-6,0.0,0.0,0.0,0.0,0.0,0.0,0.0,0.0,0.0,0,0.0,0.0,0.0,0.0
2025-08-27,NC-SBY-UTR-7,0.0,0.0,0.0,0.0,0.0,0.0,0.0,0.0,0.0,0,0.0,0.0,0.0,0.0
2025-08-27,NC-SDA-UTR-24,0.0,0.0,0.0,0.0,0.0,0.0,0.0,0.0,0.0,0,0.0,0.0,0.0,0.0
2025-08-27,NC-SDA-UTR-25,0.0,0.0,0.0,0.0,0.0,0.0,0.0,0.0,0.0,0,0.0,0.0,0.0,0.0
2025-08-27,NC-SDA-UTR-26,0.0,0.0,0.0,0.0,0.0,0.0,0.0,0.0,0.0,0,0.0,0.0,0.0,0.0
2025-08-27,OA_CLUSTER,0.0,0.0,0.0,0.0,0.0,0.0,0.0,0.0,0.0,0,0.0,0.0,0.0,0.0
2025-08-28,NC-SBY-BRT-15,0.0,0.0,0.0,0.0,0.0,0.0,0.0,0.0,0.0,0,0.0,0.0,0.0,0.0
2025-08-28,NC-SBY-BRT-16,0.0,0.0,0.0,0.0,0.0,0.0,0.0,0.0,0.0,0,0.0,0.0,0.0,0.0
2025-08-28,NC-SBY-BRT-17,0.0,0.0,0.0,0.0,0.0,0.0,0.0,0.0,0.0,0,0.0,0.0,0.0,0.0
2025-08-28,NC-SBY-SEL-18,0.0,0.0,0.0,0.0,0.0,0.0,0.0,0.0,0.0,0,0.0,0.0,0.0,0.0
2025-08-28,NC-SBY-SEL-19,0.0,0.0,0.0,0.0,0.0,0.0,0.0,0.0,0.0,0,0.0,0.0,0.0,0.0
2025-08-28,NC-SBY-SEL-20,0.0,0.0,0.0,0.0,0.0,0.0,0.0,0.0,0.0,0,0.0,0.0,0.0,0.0
2025-08-28,NC-SBY-SEL-21,0.0,0.0,0.0,0.0,0.0,0.0,0.0,0.0,0.0,0,0.0,0.0,0.0,0.0
2025-08-28,NC-SBY-SEL-22,0.0,0.0,0.0,0.0,0.0,0.0,0.0,0.0,0.0,0,0.0,0.0,0.0,0.0
2025-08-28,NC-SBY-SEL-23,0.0,0.0,0.0,0.0,0.0,0.0,0.0,0.0,0.0,0,0.0,0.0,0.0,0.0
2025-08-28,NC-SBY-TMR-10,0.0,0.0,0.0,0.0,0.0,0.0,0.0,0.0,0.0,0,0.0,0.0,0.0,0.0
2025-08-28,NC-SBY-TMR-11,0.0,0.0,0.0,0.0,0.0,0.0,0.0,0.0,0.0,0,0.0,0.0,0.0,0.0
2025-08-28,NC-SBY-TMR-12,0.0,0.0,0.0,0.0,0.0,0.0,0.0,0.0,0.0,0,0.0,0.0,0.0,0.0
2025-08-28,NC-SBY-TMR-13,0.0,0.0,0.0,0.0,0.0,0.0,0.0,0.0,0.0,0,0.0,0.0,0.0,0.0
2025-08-28,NC-SBY-TMR-14,0.0,0.0,0.0,0.0,0.0,0.0,0.0,0.0,0.0,0,0.0,0.0,0.0,0.0
2025-08-28,NC-SBY-TMR-8,0.0,0.0,0.0,0.0,0.0,0.0,0.0,0.0,0.0,0,0.0,0.0,0.0,0.0
2025-08-28,NC-SBY-TMR-9,0.0,0.0,0.0,0.0,0.0,0.0,0.0,0.0,0.0,0,0.0,0.0,0.0,0.0
2025-08-28,NC-SBY-UTR-1,0.0,0.0,0.0,0.0,0.0,0.0,0.0,0.0,0.0,0,0.0,0.0,0.0,0.0
2025-08-28,NC-SBY-UTR-2,0.0,0.0,0.0,0.0,0.0,0.0,0.0,0.0,0.0,0,0.0,0.0,0.0,0.0
2025-08-28,NC-SBY-UTR-3,0.0,0.0,0.0,0.0,0.0,0.0,0.0,0.0,0.0,0,0.0,0.0,0.0,0.0
2025-08-28,NC-SBY-UTR-4,0.0,0.0,0.0,0.0,0.0,0.0,0.0,0.0,0.0,0,0.0,0.0,0.0,0.0
2025-08-28,NC-SBY-UTR-5,0.0,0.0,0.0,0.0,0.0,0.0,0.0,0.0,0.0,0,0.0,0.0,0.0,0.0
2025-08-28,NC-SBY-UTR-6,0.0,0.0,0.0,0.0,0.0,0.0,0.0,0.0,0.0,0,0.0,0.0,0.0,0.0
2025-08-28,NC-SBY-UTR-7,0.0,0.0,0.0,0.0,0.0,0.0,0.0,0.0,0.0,0,0.0,0.0,0.0,0.0
2025-08-28,NC-SDA-UTR-24,0.0,0.0,0.0,0.0,0.0,0.0,0.0,0.0,0.0,0,0.0,0.0,0.0,0.0
2025-08-28,NC-SDA-UTR-25,0.0,0.0,0.0,0.0,0.0,0.0,0.0,0.0,0.0,0,0.0,0.0,0.0,0.0
2025-08-28,NC-SDA-UTR-26,0.0,0.0,0.0,0.0,0.0,0.0,0.0,0.0,0.0,0,0.0,0.0,0.0,0.0
2025-08-28,OA_CLUSTER,0.0,0.0,0.0,0.0,0.0,0.0,0.0,0.0,0.0,0,0.0,0.0,0.0,0.0
2025-08-29,NC-SBY-BRT-15,0.0,0.0,0.0,0.0,0.0,0.0,0.0,0.0,0.0,0,0.0,0.0,0.0,0.0
2025-08-29,NC-SBY-BRT-16,0.0,0.0,0.0,0.0,0.0,0.0,0.0,0.0,0.0,0,0.0,0.0,0.0,0.0
2025-08-29,NC-SBY-BRT-17,0.0,0.0,0.0,0.0,0.0,0.0,0.0,0.0,0.0,0,0.0,0.0,0.0,0.0
2025-08-29,NC-SBY-SEL-18,0.0,0.0,0.0,0.0,0.0,0.0,0.0,0.0,0.0,0,0.0,0.0,0.0,0.0
2025-08-29,NC-SBY-SEL-19,0.0,0.0,0.0,0.0,0.0,0.0,0.0,0.0,0.0,0,0.0,0.0,0.0,0.0
2025-08-29,NC-SBY-SEL-20,0.0,0.0,0.0,0.0,0.0,0.0,0.0,0.0,0.0,0,0.0,0.0,0.0,0.0
2025-08-29,NC-SBY-SEL-21,0.0,0.0,0.0,0.0,0.0,0.0,0.0,0.0,0.0,0,0.0,0.0,0.0,0.0
2025-08-29,NC-SBY-SEL-22,0.0,0.0,0.0,0.0,0.0,0.0,0.0,0.0,0.0,0,0.0,0.0,0.0,0.0
2025-08-29,NC-SBY-SEL-23,0.0,0.0,0.0,0.0,0.0,0.0,0.0,0.0,0.0,0,0.0,0.0,0.0,0.0
2025-08-29,NC-SBY-TMR-10,0.0,0.0,0.0,0.0,0.0,0.0,0.0,0.0,0.0,0,0.0,0.0,0.0,0.0
2025-08-29,NC-SBY-TMR-11,0.0,0.0,0.0,0.0,0.0,0.0,0.0,0.0,0.0,0,0.0,0.0,0.0,0.0
2025-08-29,NC-SBY-TMR-12,0.0,0.0,0.0,0.0,0.0,0.0,0.0,0.0,0.0,0,0.0,0.0,0.0,0.0
2025-08-29,NC-SBY-TMR-13,0.0,0.0,0.0,0.0,0.0,0.0,0.0,0.0,0.0,0,0.0,0.0,0.0,0.0
2025-08-29,NC-SBY-TMR-14,0.0,0.0,0.0,0.0,0.0,0.0,0.0,0.0,0.0,0,0.0,0.0,0.0,0.0
2025-08-29,NC-SBY-TMR-8,0.0,0.0,0.0,0.0,0.0,0.0,0.0,0.0,0.0,0,0.0,0.0,0.0,0.0
2025-08-29,NC-SBY-TMR-9,0.0,0.0,0.0,0.0,0.0,0.0,0.0,0.0,0.0,0,0.0,0.0,0.0,0.0
2025-08-29,NC-SBY-UTR-1,0.0,0.0,0.0,0.0,0.0,0.0,0.0,0.0,0.0,0,0.0,0.0,0.0,0.0
2025-08-29,NC-SBY-UTR-2,0.0,0.0,0.0,0.0,0.0,0.0,0.0,0.0,0.0,0,0.0,0.0,0.0,0.0
2025-08-29,NC-SBY-UTR-3,0.0,0.0,0.0,0.0,0.0,0.0,0.0,0.0,0.0,0,0.0,0.0,0.0,0.0
2025-08-29,NC-SBY-UTR-4,0.0,0.0,0.0,0.0,0.0,0.0,0.0,0.0,0.0,0,0.0,0.0,0.0,0.0
2025-08-29,NC-SBY-UTR-5,0.0,0.0,0.0,0.0,0.0,0.0,0.0,0.0,0.0,0,0.0,0.0,0.0,0.0
2025-08-29,NC-SBY-UTR-6,0.0,0.0,0.0,0.0,0.0,0.0,0.0,0.0,0.0,0,0.0,0.0,0.0,0.0
2025-08-29,NC-SBY-UTR-7,0.0,0.0,0.0,0.0,0.0,0.0,0.0,0.0,0.0,0,0.0,0.0,0.0,0.0
2025-08-29,NC-SDA-UTR-24,0.0,0.0,0.0,0.0,0.0,0.0,0.0,0.0,0.0,0,0.0,0.0,0.0,0.0
2025-08-29,NC-SDA-UTR-25,0.0,0.0,0.0,0.0,0.0,0.0,0.0,0.0,0.0,0,0.0,0.0,0.0,0.0
2025-08-29,NC-SDA-UTR-26,0.0,0.0,0.0,0.0,0.0,0.0,0.0,0.0,0.0,0,0.0,0.0,0.0,0.0
2025-08-29,OA_CLUSTER,0.0,0.0,0.0,0.0,0.0,0.0,0.0,0.0,0.0,0,0.0,0.0,0.0,0.0
2025-08-30,NC-SBY-BRT-15,0.0,0.0,0.0,0.0,0.0,0.0,0.0,0.0,0.0,0,0.0,0.0,0.0,0.0
2025-08-30,NC-SBY-BRT-16,0.0,0.0,0.0,0.0,0.0,0.0,0.0,0.0,0.0,0,0.0,0.0,0.0,0.0
2025-08-30,NC-SBY-BRT-17,0.0,0.0,0.0,0.0,0.0,0.0,0.0,0.0,0.0,0,0.0,0.0,0.0,0.0
2025-08-30,NC-SBY-SEL-18,0.0,0.0,0.0,0.0,0.0,0.0,0.0,0.0,0.0,0,0.0,0.0,0.0,0.0
2025-08-30,NC-SBY-SEL-19,0.0,0.0,0.0,0.0,0.0,0.0,0.0,0.0,0.0,0,0.0,0.0,0.0,0.0
2025-08-30,NC-SBY-SEL-20,0.0,0.0,0.0,0.0,0.0,0.0,0.0,0.0,0.0,0,0.0,0.0,0.0,0.0
2025-08-30,NC-SBY-SEL-21,0.0,0.0,0.0,0.0,0.0,0.0,0.0,0.0,0.0,0,0.0,0.0,0.0,0.0
2025-08-30,NC-SBY-SEL-22,0.0,0.0,0.0,0.0,0.0,0.0,0.0,0.0,0.0,0,0.0,0.0,0.0,0.0
2025-08-30,NC-SBY-SEL-23,0.0,0.0,0.0,0.0,0.0,0.0,0.0,0.0,0.0,0,0.0,0.0,0.0,0.0
2025-08-30,NC-SBY-TMR-10,0.0,0.0,0.0,0.0,0.0,0.0,0.0,0.0,0.0,0,0.0,0.0,0.0,0.0
2025-08-30,NC-SBY-TMR-11,0.0,0.0,0.0,0.0,0.0,0.0,0.0,0.0,0.0,0,0.0,0.0,0.0,0.0
2025-08-30,NC-SBY-TMR-12,0.0,0.0,0.0,0.0,0.0,0.0,0.0,0.0,0.0,0,0.0,0.0,0.0,0.0
2025-08-30,NC-SBY-TMR-13,0.0,0.0,0.0,0.0,0.0,0.0,0.0,0.0,0.0,0,0.0,0.0,0.0,0.0
2025-08-30,NC-SBY-TMR-14,0.0,0.0,0.0,0.0,0.0,0.0,0.0,0.0,0.0,0,0.0,0.0,0.0,0.0
2025-08-30,NC-SBY-TMR-8,0.0,0.0,0.0,0.0,0.0,0.0,0.0,0.0,0.0,0,0.0,0.0,0.0,0.0
2025-08-30,NC-SBY-TMR-9,0.0,0.0,0.0,0.0,0.0,0.0,0.0,0.0,0.0,0,0.0,0.0,0.0,0.0
2025-08-30,NC-SBY-UTR-1,0.0,0.0,0.0,0.0,0.0,0.0,0.0,0.0,0.0,0,0.0,0.0,0.0,0.0
2025-08-30,NC-SBY-UTR-2,0.0,0.0,0.0,0.0,0.0,0.0,0.0,0.0,0.0,0,0.0,0.0,0.0,0.0
2025-08-30,NC-SBY-UTR-3,0.0,0.0,0.0,0.0,0.0,0.0,0.0,0.0,0.0,0,0.0,0.0,0.0,0.0
2025-08-30,NC-SBY-UTR-4,0.0,0.0,0.0,0.0,0.0,0.0,0.0,0.0,0.0,0,0.0,0.0,0.0,0.0
2025-08-30,NC-SBY-UTR-5,0.0,0.0,0.0,0.0,0.0,0.0,0.0,0.0,0.0,0,0.0,0.0,0.0,0.0
2025-08-30,NC-SBY-UTR-6,0.0,0.0,0.0,0.0,0.0,0.0,0.0,0.0,0.0,0,0.0,0.0,0.0,0.0
2025-08-30,NC-SBY-UTR-7,0.0,0.0,0.0,0.0,0.0,0.0,0.0,0.0,0.0,0,0.0,0.0,0.0,0.0
2025-08-30,NC-SDA-UTR-24,0.0,0.0,0.0,0.0,0.0,0.0,0.0,0.0,0.0,0,0.0,0.0,0.0,0.0
2025-08-30,NC-SDA-UTR-25,0.0,0.0,0.0,0.0,0.0,0.0,0.0,0.0,0.0,0,0.0,0.0,0.0,0.0
2025-08-30,NC-SDA-UTR-26,0.0,0.0,0.0,0.0,0.0,0.0,0.0,0.0,0.0,0,0.0,0.0,0.0,0.0
2025-08-30,OA_CLUSTER,0.0,0.0,0.0,0.0,0.0,0.0,0.0,0.0,0.0,0,0.0,0.0,0.0,0.0
2025-08-31,NC-SBY-BRT-15,0.0,0.0,0.0,0.0,0.0,0.0,0.0,0.0,0.0,0,0.0,0.0,0.0,0.0
2025-08-31,NC-SBY-BRT-16,0.0,0.0,0.0,0.0,0.0,0.0,0.0,0.0,0.0,0,0.0,0.0,0.0,0.0
2025-08-31,NC-SBY-BRT-17,0.0,0.0,0.0,0.0,0.0,0.0,0.0,0.0,0.0,0,0.0,0.0,0.0,0.0
2025-08-31,NC-SBY-SEL-18,0.0,0.0,0.0,0.0,0.0,0.0,0.0,0.0,0.0,0,0.0,0.0,0.0,0.0
2025-08-31,NC-SBY-SEL-19,0.0,0.0,0.0,0.0,0.0,0.0,0.0,0.0,0.0,0,0.0,0.0,0.0,0.0
2025-08-31,NC-SBY-SEL-20,0.0,0.0,0.0,0.0,0.0,0.0,0.0,0.0,0.0,0,0.0,0.0,0.0,0.0
2025-08-31,NC-SBY-SEL-21,0.0,0.0,0.0,0.0,0.0,0.0,0.0,0.0,0.0,0,0.0,0.0,0.0,0.0
2025-08-31,NC-SBY-SEL-22,0.0,0.0,0.0,0.0,0.0,0.0,0.0,0.0,0.0,0,0.0,0.0,0.0,0.0
2025-08-31,NC-SBY-SEL-23,0.0,0.0,0.0,0.0,0.0,0.0,0.0,0.0,0.0,0,0.0,0.0,0.0,0.0
2025-08-31,NC-SBY-TMR-10,0.0,0.0,0.0,0.0,0.0,0.0,0.0,0.0,0.0,0,0.0,0.0,0.0,0.0
2025-08-31,NC-SBY-TMR-11,0.0,0.0,0.0,0.0,0.0,0.0,0.0,0.0,0.0,0,0.0,0.0,0.0,0.0
2025-08-31,NC-SBY-TMR-12,0.0,0.0,0.0,0.0,0.0,0.0,0.0,0.0,0.0,0,0.0,0.0,0.0,0.0
2025-08-31,NC-SBY-TMR-13,0.0,0.0,0.0,0.0,0.0,0.0,0.0,0.0,0.0,0,0.0,0.0,0.0,0.0
2025-08-31,NC-SBY-TMR-14,0.0,0.0,0.0,0.0,0.0,0.0,0.0,0.0,0.0,0,0.0,0.0,0.0,0.0
2025-08-31,NC-SBY-TMR-8,0.0,0.0,0.0,0.0,0.0,0.0,0.0,0.0,0.0,0,0.0,0.0,0.0,0.0
2025-08-31,NC-SBY-TMR-9,0.0,0.0,0.0,0.0,0.0,0.0,0.0,0.0,0.0,0,0.0,0.0,0.0,0.0
2025-08-31,NC-SBY-UTR-1,0.0,0.0,0.0,0.0,0.0,0.0,0.0,0.0,0.0,0,0.0,0.0,0.0,0.0
2025-08-31,NC-SBY-UTR-2,0.0,0.0,0.0,0.0,0.0,0.0,0.0,0.0,0.0,0,0.0,0.0,0.0,0.0
2025-08-31,NC-SBY-UTR-3,0.0,0.0,0.0,0.0,0.0,0.0,0.0,0.0,0.0,0,0.0,0.0,0.0,0.0
2025-08-31,NC-SBY-UTR-4,0.0,0.0,0.0,0.0,0.0,0.0,0.0,0.0,0.0,0,0.0,0.0,0.0,0.0
2025-08-31,NC-SBY-UTR-5,0.0,0.0,0.0,0.0,0.0,0.0,0.0,0.0,0.0,0,0.0,0.0,0.0,0.0
2025-08-31,NC-SBY-UTR-6,0.0,0.0,0.0,0.0,0.0,0.0,0.0,0.0,0.0,0,0.0,0.0,0.0,0.0
2025-08-31,NC-SBY-UTR-7,0.0,0.0,0.0,0.0,0.0,0.0,0.0,0.0,0.0,0,0.0,0.0,0.0,0.0
2025-08-31,NC-SDA-UTR-24,0.0,0.0,0.0,0.0,0.0,0.0,0.0,0.0,0.0,0,0.0,0.0,0.0,0.0
2025-08-31,NC-SDA-UTR-25,0.0,0.0,0.0,0.0,0.0,0.0,0.0,0.0,0.0,0,0.0,0.0,0.0,0.0
2025-08-31,NC-SDA-UTR-26,0.0,0.0,0.0,0.0,0.0,0.0,0.0,0.0,0.0,0,0.0,0.0,0.0,0.0
2025-08-31,OA_CLUSTER,0.0,0.0,0.0,0.0,0.0,0.0,0.0,0.0,0.0,0,0.0,0.0,0.0,0.0
2025-09-01,NC-SBY-BRT-15,0.0,0.0,0.0,0.0,0.0,0.0,0.0,0.0,0.0,0,0.0,0.0,0.0,0.0
2025-09-01,NC-SBY-BRT-16,0.0,0.0,0.0,0.0,0.0,0.0,0.0,0.0,0.0,0,0.0,0.0,0.0,0.0
2025-09-01,NC-SBY-BRT-17,0.0,0.0,0.0,0.0,0.0,0.0,0.0,0.0,0.0,0,0.0,0.0,0.0,0.0
2025-09-01,NC-SBY-SEL-18,0.0,0.0,0.0,0.0,0.0,0.0,0.0,0.0,0.0,0,0.0,0.0,0.0,0.0
2025-09-01,NC-SBY-SEL-19,0.0,0.0,0.0,0.0,0.0,0.0,0.0,0.0,0.0,0,0.0,0.0,0.0,0.0
2025-09-01,NC-SBY-SEL-20,0.0,0.0,0.0,0.0,0.0,0.0,0.0,0.0,0.0,0,0.0,0.0,0.0,0.0
2025-09-01,NC-SBY-SEL-21,0.0,0.0,0.0,0.0,0.0,0.0,0.0,0.0,0.0,0,0.0,0.0,0.0,0.0
2025-09-01,NC-SBY-SEL-22,0.0,0.0,0.0,0.0,0.0,0.0,0.0,0.0,0.0,0,0.0,0.0,0.0,0.0
2025-09-01,NC-SBY-SEL-23,0.0,0.0,0.0,0.0,0.0,0.0,0.0,0.0,0.0,0,0.0,0.0,0.0,0.0
2025-09-01,NC-SBY-TMR-10,0.0,0.0,0.0,0.0,0.0,0.0,0.0,0.0,0.0,0,0.0,0.0,0.0,0.0
2025-09-01,NC-SBY-TMR-11,0.0,0.0,0.0,0.0,0.0,0.0,0.0,0.0,0.0,0,0.0,0.0,0.0,0.0
2025-09-01,NC-SBY-TMR-12,0.0,0.0,0.0,0.0,0.0,0.0,0.0,0.0,0.0,0,0.0,0.0,0.0,0.0
2025-09-01,NC-SBY-TMR-13,0.0,0.0,0.0,0.0,0.0,0.0,0.0,0.0,0.0,0,0.0,0.0,0.0,0.0
2025-09-01,NC-SBY-TMR-14,0.0,0.0,0.0,0.0,0.0,0.0,0.0,0.0,0.0,0,0.0,0.0,0.0,0.0
2025-09-01,NC-SBY-TMR-8,0.0,0.0,0.0,0.0,0.0,0.0,0.0,0.0,0.0,0,0.0,0.0,0.0,0.0
2025-09-01,NC-SBY-TMR-9,0.0,0.0,0.0,0.0,0.0,0.0,0.0,0.0,0.0,0,0.0,0.0,0.0,0.0
2025-09-01,NC-SBY-UTR-1,0.0,0.0,0.0,0.0,0.0,0.0,0.0,0.0,0.0,0,0.0,0.0,0.0,0.0
2025-09-01,NC-SBY-UTR-2,0.0,0.0,0.0,0.0,0.0,0.0,0.0,0.0,0.0,0,0.0,0.0,0.0,0.0
2025-09-01,NC-SBY-UTR-3,0.0,0.0,0.0,0.0,0.0,0.0,0.0,0.0,0.0,0,0.0,0.0,0.0,0.0
2025-09-01,NC-SBY-UTR-4,0.0,0.0,0.0,0.0,0.0,0.0,0.0,0.0,0.0,0,0.0,0.0,0.0,0.0
2025-09-01,NC-SBY-UTR-5,0.0,0.0,0.0,0.0,0.0,0.0,0.0,0.0,0.0,0,0.0,0.0,0.0,0.0
2025-09-01,NC-SBY-UTR-6,0.0,0.0,0.0,0.0,0.0,0.0,0.0,0.0,0.0,0,0.0,0.0,0.0,0.0
2025-09-01,NC-SBY-UTR-7,0.0,0.0,0.0,0.0,0.0,0.0,0.0,0.0,0.0,0,0.0,0.0,0.0,0.0
2025-09-01,NC-SDA-UTR-24,0.0,0.0,0.0,0.0,0.0,0.0,0.0,0.0,0.0,0,0.0,0.0,0.0,0.0
2025-09-01,NC-SDA-UTR-25,0.0,0.0,0.0,0.0,0.0,0.0,0.0,0.0,0.0,0,0.0,0.0,0.0,0.0
2025-09-01,NC-SDA-UTR-26,0.0,0.0,0.0,0.0,0.0,0.0,0.0,0.0,0.0,0,0.0,0.0,0.0,0.0
2025-09-01,OA_CLUSTER,0.0,0.0,0.0,0.0,0.0,0.0,0.0,0.0,0.0,0,0.0,0.0,0.0,0.0
2025-09-02,NC-SBY-BRT-15,0.0,0.0,0.0,0.0,0.0,0.0,0.0,0.0,0.0,0,0.0,0.0,0.0,0.0
2025-09-02,NC-SBY-BRT-16,0.0,0.0,0.0,0.0,0.0,0.0,0.0,0.0,0.0,0,0.0,0.0,0.0,0.0
2025-09-02,NC-SBY-BRT-17,0.0,0.0,0.0,0.0,0.0,0.0,0.0,0.0,0.0,0,0.0,0.0,0.0,0.0
2025-09-02,NC-SBY-SEL-18,0.0,0.0,0.0,0.0,0.0,0.0,0.0,0.0,0.0,0,0.0,0.0,0.0,0.0
2025-09-02,NC-SBY-SEL-19,0.0,0.0,0.0,0.0,0.0,0.0,0.0,0.0,0.0,0,0.0,0.0,0.0,0.0
2025-09-02,NC-SBY-SEL-20,0.0,0.0,0.0,0.0,0.0,0.0,0.0,0.0,0.0,0,0.0,0.0,0.0,0.0
2025-09-02,NC-SBY-SEL-21,0.0,0.0,0.0,0.0,0.0,0.0,0.0,0.0,0.0,0,0.0,0.0,0.0,0.0
2025-09-02,NC-SBY-SEL-22,0.0,0.0,0.0,0.0,0.0,0.0,0.0,0.0,0.0,0,0.0,0.0,0.0,0.0
2025-09-02,NC-SBY-SEL-23,0.0,0.0,0.0,0.0,0.0,0.0,0.0,0.0,0.0,0,0.0,0.0,0.0,0.0
2025-09-02,NC-SBY-TMR-10,0.0,0.0,0.0,0.0,0.0,0.0,0.0,0.0,0.0,0,0.0,0.0,0.0,0.0
2025-09-02,NC-SBY-TMR-11,0.0,0.0,0.0,0.0,0.0,0.0,0.0,0.0,0.0,0,0.0,0.0,0.0,0.0
2025-09-02,NC-SBY-TMR-12,0.0,0.0,0.0,0.0,0.0,0.0,0.0,0.0,0.0,0,0.0,0.0,0.0,0.0
2025-09-02,NC-SBY-TMR-13,0.0,0.0,0.0,0.0,0.0,0.0,0.0,0.0,0.0,0,0.0,0.0,0.0,0.0
2025-09-02,NC-SBY-TMR-14,0.0,0.0,0.0,0.0,0.0,0.0,0.0,0.0,0.0,0,0.0,0.0,0.0,0.0
2025-09-02,NC-SBY-TMR-8,0.0,0.0,0.0,0.0,0.0,0.0,0.0,0.0,0.0,0,0.0,0.0,0.0,0.0
2025-09-02,NC-SBY-TMR-9,0.0,0.0,0.0,0.0,0.0,0.0,0.0,0.0,0.0,0,0.0,0.0,0.0,0.0
2025-09-02,NC-SBY-UTR-1,0.0,0.0,0.0,0.0,0.0,0.0,0.0,0.0,0.0,0,0.0,0.0,0.0,0.0
2025-09-02,NC-SBY-UTR-2,0.0,0.0,0.0,0.0,0.0,0.0,0.0,0.0,0.0,0,0.0,0.0,0.0,0.0
2025-09-02,NC-SBY-UTR-3,0.0,0.0,0.0,0.0,0.0,0.0,0.0,0.0,0.0,0,0.0,0.0,0.0,0.0
2025-09-02,NC-SBY-UTR-4,0.0,0.0,0.0,0.0,0.0,0.0,0.0,0.0,0.0,0,0.0,0.0,0.0,0.0
2025-09-02,NC-SBY-UTR-5,0.0,0.0,0.0,0.0,0.0,0.0,0.0,0.0,0.0,0,0.0,0.0,0.0,0.0
2025-09-02,NC-SBY-UTR-6,0.0,0.0,0.0,0.0,0.0,0.0,0.0,0.0,0.0,0,0.0,0.0,0.0,0.0
2025-09-02,NC-SBY-UTR-7,0.0,0.0,0.0,0.0,0.0,0.0,0.0,0.0,0.0,0,0.0,0.0,0.0,0.0
2025-09-02,NC-SDA-UTR-24,0.0,0.0,0.0,0.0,0.0,0.0,0.0,0.0,0.0,0,0.0,0.0,0.0,0.0
2025-09-02,NC-SDA-UTR-25,0.0,0.0,0.0,0.0,0.0,0.0,0.0,0.0,0.0,0,0.0,0.0,0.0,0.0
2025-09-02,NC-SDA-UTR-26,0.0,0.0,0.0,0.0,0.0,0.0,0.0,0.0,0.0,0,0.0,0.0,0.0,0.0
2025-09-02,OA_CLUSTER,0.0,0.0,0.0,0.0,0.0,0.0,0.0,0.0,0.0,0,0.0,0.0,0.0,0.0
2025-09-03,NC-SBY-BRT-15,0.0,0.0,0.0,0.0,0.0,0.0,0.0,0.0,0.0,0,0.0,0.0,0.0,0.0
2025-09-03,NC-SBY-BRT-16,0.0,0.0,0.0,0.0,0.0,0.0,0.0,0.0,0.0,0,0.0,0.0,0.0,0.0
2025-09-03,NC-SBY-BRT-17,0.0,0.0,0.0,0.0,0.0,0.0,0.0,0.0,0.0,0,0.0,0.0,0.0,0.0
2025-09-03,NC-SBY-SEL-18,0.0,0.0,0.0,0.0,0.0,0.0,0.0,0.0,0.0,0,0.0,0.0,0.0,0.0
2025-09-03,NC-SBY-SEL-19,0.0,0.0,0.0,0.0,0.0,0.0,0.0,0.0,0.0,0,0.0,0.0,0.0,0.0
2025-09-03,NC-SBY-SEL-20,0.0,0.0,0.0,0.0,0.0,0.0,0.0,0.0,0.0,0,0.0,0.0,0.0,0.0
2025-09-03,NC-SBY-SEL-21,0.0,0.0,0.0,0.0,0.0,0.0,0.0,0.0,0.0,0,0.0,0.0,0.0,0.0
2025-09-03,NC-SBY-SEL-22,0.0,0.0,0.0,0.0,0.0,0.0,0.0,0.0,0.0,0,0.0,0.0,0.0,0.0
2025-09-03,NC-SBY-SEL-23,0.0,0.0,0.0,0.0,0.0,0.0,0.0,0.0,0.0,0,0.0,0.0,0.0,0.0
2025-09-03,NC-SBY-TMR-10,0.0,0.0,0.0,0.0,0.0,0.0,0.0,0.0,0.0,0,0.0,0.0,0.0,0.0
2025-09-03,NC-SBY-TMR-11,0.0,0.0,0.0,0.0,0.0,0.0,0.0,0.0,0.0,0,0.0,0.0,0.0,0.0
2025-09-03,NC-SBY-TMR-12,0.0,0.0,0.0,0.0,0.0,0.0,0.0,0.0,0.0,0,0.0,0.0,0.0,0.0
2025-09-03,NC-SBY-TMR-13,0.0,0.0,0.0,0.0,0.0,0.0,0.0,0.0,0.0,0,0.0,0.0,0.0,0.0
2025-09-03,NC-SBY-TMR-14,0.0,0.0,0.0,0.0,0.0,0.0,0.0,0.0,0.0,0,0.0,0.0,0.0,0.0
2025-09-03,NC-SBY-TMR-8,0.0,0.0,0.0,0.0,0.0,0.0,0.0,0.0,0.0,0,0.0,0.0,0.0,0.0
2025-09-03,NC-SBY-TMR-9,0.0,0.0,0.0,0.0,0.0,0.0,0.0,0.0,0.0,0,0.0,0.0,0.0,0.0
2025-09-03,NC-SBY-UTR-1,0.0,0.0,0.0,0.0,0.0,0.0,0.0,0.0,0.0,0,0.0,0.0,0.0,0.0
2025-09-03,NC-SBY-UTR-2,0.0,0.0,0.0,0.0,0.0,0.0,0.0,0.0,0.0,0,0.0,0.0,0.0,0.0
2025-09-03,NC-SBY-UTR-3,0.0,0.0,0.0,0.0,0.0,0.0,0.0,0.0,0.0,0,0.0,0.0,0.0,0.0
2025-09-03,NC-SBY-UTR-4,0.0,0.0,0.0,0.0,0.0,0.0,0.0,0.0,0.0,0,0.0,0.0,0.0,0.0
2025-09-03,NC-SBY-UTR-5,0.0,0.0,0.0,0.0,0.0,0.0,0.0,0.0,0.0,0,0.0,0.0,0.0,0.0
2025-09-03,NC-SBY-UTR-6,0.0,0.0,0.0,0.0,0.0,0.0,0.0,0.0,0.0,0,0.0,0.0,0.0,0.0
2025-09-03,NC-SBY-UTR-7,0.0,0.0,0.0,0.0,0.0,0.0,0.0,0.0,0.0,0,0.0,0.0,0.0,0.0
2025-09-03,NC-SDA-UTR-24,0.0,0.0,0.0,0.0,0.0,0.0,0.0,0.0,0.0,0,0.0,0.0,0.0,0.0
2025-09-03,NC-SDA-UTR-25,0.0,0.0,0.0,0.0,0.0,0.0,0.0,0.0,0.0,0,0.0,0.0,0.0,0.0
2025-09-03,NC-SDA-UTR-26,0.0,0.0,0.0,0.0,0.0,0.0,0.0,0.0,0.0,0,0.0,0.0,0.0,0.0
2025-09-03,OA_CLUSTER,0.0,0.0,0.0,0.0,0.0,0.0,0.0,0.0,0.0,0,0.0,0.0,0.0,0.0
2025-09-04,NC-SBY-BRT-15,0.0,0.0,0.0,0.0,0.0,0.0,0.0,0.0,0.0,0,0.0,0.0,0.0,0.0
2025-09-04,NC-SBY-BRT-16,0.0,0.0,0.0,0.0,0.0,0.0,0.0,0.0,0.0,0,0.0,0.0,0.0,0.0
2025-09-04,NC-SBY-BRT-17,0.0,0.0,0.0,0.0,0.0,0.0,0.0,0.0,0.0,0,0.0,0.0,0.0,0.0
2025-09-04,NC-SBY-SEL-18,0.0,0.0,0.0,0.0,0.0,0.0,0.0,0.0,0.0,0,0.0,0.0,0.0,0.0
2025-09-04,NC-SBY-SEL-19,0.0,0.0,0.0,0.0,0.0,0.0,0.0,0.0,0.0,0,0.0,0.0,0.0,0.0
2025-09-04,NC-SBY-SEL-20,0.0,0.0,0.0,0.0,0.0,0.0,0.0,0.0,0.0,0,0.0,0.0,0.0,0.0
2025-09-04,NC-SBY-SEL-21,0.0,0.0,0.0,0.0,0.0,0.0,0.0,0.0,0.0,0,0.0,0.0,0.0,0.0
2025-09-04,NC-SBY-SEL-22,0.0,0.0,0.0,0.0,0.0,0.0,0.0,0.0,0.0,0,0.0,0.0,0.0,0.0
2025-09-04,NC-SBY-SEL-23,0.0,0.0,0.0,0.0,0.0,0.0,0.0,0.0,0.0,0,0.0,0.0,0.0,0.0
2025-09-04,NC-SBY-TMR-10,0.0,0.0,0.0,0.0,0.0,0.0,0.0,0.0,0.0,0,0.0,0.0,0.0,0.0
2025-09-04,NC-SBY-TMR-11,0.0,0.0,0.0,0.0,0.0,0.0,0.0,0.0,0.0,0,0.0,0.0,0.0,0.0
2025-09-04,NC-SBY-TMR-12,0.0,0.0,0.0,0.0,0.0,0.0,0.0,0.0,0.0,0,0.0,0.0,0.0,0.0
2025-09-04,NC-SBY-TMR-13,0.0,0.0,0.0,0.0,0.0,0.0,0.0,0.0,0.0,0,0.0,0.0,0.0,0.0
2025-09-04,NC-SBY-TMR-14,0.0,0.0,0.0,0.0,0.0,0.0,0.0,0.0,0.0,0,0.0,0.0,0.0,0.0
2025-09-04,NC-SBY-TMR-8,0.0,0.0,0.0,0.0,0.0,0.0,0.0,0.0,0.0,0,0.0,0.0,0.0,0.0
2025-09-04,NC-SBY-TMR-9,0.0,0.0,0.0,0.0,0.0,0.0,0.0,0.0,0.0,0,0.0,0.0,0.0,0.0
2025-09-04,NC-SBY-UTR-1,0.0,0.0,0.0,0.0,0.0,0.0,0.0,0.0,0.0,0,0.0,0.0,0.0,0.0
2025-09-04,NC-SBY-UTR-2,0.0,0.0,0.0,0.0,0.0,0.0,0.0,0.0,0.0,0,0.0,0.0,0.0,0.0
2025-09-04,NC-SBY-UTR-3,0.0,0.0,0.0,0.0,0.0,0.0,0.0,0.0,0.0,0,0.0,0.0,0.0,0.0
2025-09-04,NC-SBY-UTR-4,0.0,0.0,0.0,0.0,0.0,0.0,0.0,0.0,0.0,0,0.0,0.0,0.0,0.0
2025-09-04,NC-SBY-UTR-5,0.0,0.0,0.0,0.0,0.0,0.0,0.0,0.0,0.0,0,0.0,0.0,0.0,0.0
2025-09-04,NC-SBY-UTR-6,0.0,0.0,0.0,0.0,0.0,0.0,0.0,0.0,0.0,0,0.0,0.0,0.0,0.0
2025-09-04,NC-SBY-UTR-7,0.0,0.0,0.0,0.0,0.0,0.0,0.0,0.0,0.0,0,0.0,0.0,0.0,0.0
2025-09-04,NC-SDA-UTR-24,0.0,0.0,0.0,0.0,0.0,0.0,0.0,0.0,0.0,0,0.0,0.0,0.0,0.0
2025-09-04,NC-SDA-UTR-25,0.0,0.0,0.0,0.0,0.0,0.0,0.0,0.0,0.0,0,0.0,0.0,0.0,0.0
2025-09-04,NC-SDA-UTR-26,0.0,0.0,0.0,0.0,0.0,0.0,0.0,0.0,0.0,0,0.0,0.0,0.0,0.0
2025-09-04,OA_CLUSTER,0.0,0.0,0.0,0.0,0.0,0.0,0.0,0.0,0.0,0,0.0,0.0,0.0,0.0
2025-09-05,NC-SBY-BRT-15,0.0,0.0,0.0,0.0,0.0,0.0,0.0,0.0,0.0,0,0.0,0.0,0.0,0.0
2025-09-05,NC-SBY-BRT-16,0.0,0.0,0.0,0.0,0.0,0.0,0.0,0.0,0.0,0,0.0,0.0,0.0,0.0
2025-09-05,NC-SBY-BRT-17,0.0,0.0,0.0,0.0,0.0,0.0,0.0,0.0,0.0,0,0.0,0.0,0.0,0.0
2025-09-05,NC-SBY-SEL-18,0.0,0.0,0.0,0.0,0.0,0.0,0.0,0.0,0.0,0,0.0,0.0,0.0,0.0
2025-09-05,NC-SBY-SEL-19,0.0,0.0,0.0,0.0,0.0,0.0,0.0,0.0,0.0,0,0.0,0.0,0.0,0.0
2025-09-05,NC-SBY-SEL-20,0.0,0.0,0.0,0.0,0.0,0.0,0.0,0.0,0.0,0,0.0,0.0,0.0,0.0
2025-09-05,NC-SBY-SEL-21,0.0,0.0,0.0,0.0,0.0,0.0,0.0,0.0,0.0,0,0.0,0.0,0.0,0.0
2025-09-05,NC-SBY-SEL-22,0.0,0.0,0.0,0.0,0.0,0.0,0.0,0.0,0.0,0,0.0,0.0,0.0,0.0
2025-09-05,NC-SBY-SEL-23,0.0,0.0,0.0,0.0,0.0,0.0,0.0,0.0,0.0,0,0.0,0.0,0.0,0.0
2025-09-05,NC-SBY-TMR-10,0.0,0.0,0.0,0.0,0.0,0.0,0.0,0.0,0.0,0,0.0,0.0,0.0,0.0
2025-09-05,NC-SBY-TMR-11,0.0,0.0,0.0,0.0,0.0,0.0,0.0,0.0,0.0,0,0.0,0.0,0.0,0.0
2025-09-05,NC-SBY-TMR-12,0.0,0.0,0.0,0.0,0.0,0.0,0.0,0.0,0.0,0,0.0,0.0,0.0,0.0
2025-09-05,NC-SBY-TMR-13,0.0,0.0,0.0,0.0,0.0,0.0,0.0,0.0,0.0,0,0.0,0.0,0.0,0.0
2025-09-05,NC-SBY-TMR-14,0.0,0.0,0.0,0.0,0.0,0.0,0.0,0.0,0.0,0,0.0,0.0,0.0,0.0
2025-09-05,NC-SBY-TMR-8,0.0,0.0,0.0,0.0,0.0,0.0,0.0,0.0,0.0,0,0.0,0.0,0.0,0.0
2025-09-05,NC-SBY-TMR-9,0.0,0.0,0.0,0.0,0.0,0.0,0.0,0.0,0.0,0,0.0,0.0,0.0,0.0
2025-09-05,NC-SBY-UTR-1,0.0,0.0,0.0,0.0,0.0,0.0,0.0,0.0,0.0,0,0.0,0.0,0.0,0.0
2025-09-05,NC-SBY-UTR-2,0.0,0.0,0.0,0.0,0.0,0.0,0.0,0.0,0.0,0,0.0,0.0,0.0,0.0
2025-09-05,NC-SBY-UTR-3,0.0,0.0,0.0,0.0,0.0,0.0,0.0,0.0,0.0,0,0.0,0.0,0.0,0.0
2025-09-05,NC-SBY-UTR-4,0.0,0.0,0.0,0.0,0.0,0.0,0.0,0.0,0.0,0,0.0,0.0,0.0,0.0
2025-09-05,NC-SBY-UTR-5,0.0,0.0,0.0,0.0,0.0,0.0,0.0,0.0,0.0,0,0.0,0.0,0.0,0.0
2025-09-05,NC-SBY-UTR-6,0.0,0.0,0.0,0.0,0.0,0.0,0.0,0.0,0.0,0,0.0,0.0,0.0,0.0
2025-09-05,NC-SBY-UTR-7,0.0,0.0,0.0,0.0,0.0,0.0,0.0,0.0,0.0,0,0.0,0.0,0.0,0.0
2025-09-05,NC-SDA-UTR-24,0.0,0.0,0.0,0.0,0.0,0.0,0.0,0.0,0.0,0,0.0,0.0,0.0,0.0
2025-09-05,NC-SDA-UTR-25,0.0,0.0,0.0,0.0,0.0,0.0,0.0,0.0,0.0,0,0.0,0.0,0.0,0.0
2025-09-05,NC-SDA-UTR-26,0.0,0.0,0.0,0.0,0.0,0.0,0.0,0.0,0.0,0,0.0,0.0,0.0,0.0
2025-09-05,OA_CLUSTER,0.0,0.0,0.0,0.0,0.0,0.0,0.0,0.0,0.0,0,0.0,0.0,0.0,0.0
2025-09-06,NC-SBY-BRT-15,0.0,0.0,0.0,0.0,0.0,0.0,0.0,0.0,0.0,0,0.0,0.0,0.0,0.0
2025-09-06,NC-SBY-BRT-16,0.0,0.0,0.0,0.0,0.0,0.0,0.0,0.0,0.0,0,0.0,0.0,0.0,0.0
2025-09-06,NC-SBY-BRT-17,0.0,0.0,0.0,0.0,0.0,0.0,0.0,0.0,0.0,0,0.0,0.0,0.0,0.0
2025-09-06,NC-SBY-SEL-18,0.0,0.0,0.0,0.0,0.0,0.0,0.0,0.0,0.0,0,0.0,0.0,0.0,0.0
2025-09-06,NC-SBY-SEL-19,0.0,0.0,0.0,0.0,0.0,0.0,0.0,0.0,0.0,0,0.0,0.0,0.0,0.0
2025-09-06,NC-SBY-SEL-20,0.0,0.0,0.0,0.0,0.0,0.0,0.0,0.0,0.0,0,0.0,0.0,0.0,0.0
2025-09-06,NC-SBY-SEL-21,0.0,0.0,0.0,0.0,0.0,0.0,0.0,0.0,0.0,0,0.0,0.0,0.0,0.0
2025-09-06,NC-SBY-SEL-22,0.0,0.0,0.0,0.0,0.0,0.0,0.0,0.0,0.0,0,0.0,0.0,0.0,0.0
2025-09-06,NC-SBY-SEL-23,0.9914928774928776,1.0,1.4609203798392989e-05,1.0,822.3913130000001,0.0,11.104609020785045,6391.000078699999,0.2225809353920084,0,0.1031733186590274,0.999151357827476,0.999151357827476,0.9990015974440896
2025-09-06,NC-SBY-TMR-10,0.0,0.0,0.0,0.0,0.0,0.0,0.0,0.0,0.0,0,0.0,0.0,0.0,0.0
2025-09-06,NC-SBY-TMR-11,0.0,0.0,0.0,0.0,0.0,0.0,0.0,0.0,0.0,0,0.0,0.0,0.0,0.0
2025-09-06,NC-SBY-TMR-12,0.0,0.0,0.0,0.0,0.0,0.0,0.0,0.0,0.0,0,0.0,0.0,0.0,0.0
2025-09-06,NC-SBY-TMR-13,0.0,0.0,0.0,0.0,0.0,0.0,0.0,0.0,0.0,0,0.0,0.0,0.0,0.0
2025-09-06,NC-SBY-TMR-14,0.0,0.0,0.0,0.0,0.0,0.0,0.0,0.0,0.0,0,0.0,0.0,0.0,0.0
2025-09-06,NC-SBY-TMR-8,0.0,0.0,0.0,0.0,0.0,0.0,0.0,0.0,0.0,0,0.0,0.0,0.0,0.0
2025-09-06,NC-SBY-TMR-9,0.0,0.0,0.0,0.0,0.0,0.0,0.0,0.0,0.0,0,0.0,0.0,0.0,0.0
2025-09-06,NC-SBY-UTR-1,0.0,0.0,0.0,0.0,0.0,0.0,0.0,0.0,0.0,0,0.0,0.0,0.0,0.0
2025-09-06,NC-SBY-UTR-2,0.0,0.0,0.0,0.0,0.0,0.0,0.0,0.0,0.0,0,0.0,0.0,0.0,0.0
2025-09-06,NC-SBY-UTR-3,0.0,0.0,0.0,0.0,0.0,0.0,0.0,0.0,0.0,0,0.0,0.0,0.0,0.0
2025-09-06,NC-SBY-UTR-4,0.0,0.0,0.0,0.0,0.0,0.0,0.0,0.0,0.0,0,0.0,0.0,0.0,0.0
2025-09-06,NC-SBY-UTR-5,0.0,0.0,0.0,0.0,0.0,0.0,0.0,0.0,0.0,0,0.0,0.0,0.0,0.0
2025-09-06,NC-SBY-UTR-6,0.0,0.0,0.0,0.0,0.0,0.0,0.0,0.0,0.0,0,0.0,0.0,0.0,0.0
2025-09-06,NC-SBY-UTR-7,0.0,0.0,0.0,0.0,0.0,0.0,0.0,0.0,0.0,0,0.0,0.0,0.0,0.0
2025-09-06,NC-SDA-UTR-24,0.0,0.0,0.0,0.0,0.0,0.0,0.0,0.0,0.0,0,0.0,0.0,0.0,0.0
2025-09-06,NC-SDA-UTR-25,0.0,0.0,0.0,0.0,0.0,0.0,0.0,0.0,0.0,0,0.0,0.0,0.0,0.0
2025-09-06,NC-SDA-UTR-26,0.0,0.0,0.0,0.0,0.0,0.0,0.0,0.0,0.0,0,0.0,0.0,0.0,0.0
2025-09-06,OA_CLUSTER,0.0332633047866646,0.0335487077534791,4.901199087433035e-07,0.0335487077534791,822.3913130000001,0.0,0.3725452827549654,6391.000078699999,0.0074673027529625,0,0.0034613315156482,0.0335202369052458,0.0335202369052458,0.0335152126379105
2025-09-07,NC-SBY-BRT-15,0.0,0.0,0.0,0.0,0.0,0.0,0.0,0.0,0.0,0,0.0,0.0,0.0,0.0
2025-09-07,NC-SBY-BRT-16,0.0,0.0,0.0,0.0,0.0,0.0,0.0,0.0,0.0,0,0.0,0.0,0.0,0.0
2025-09-07,NC-SBY-BRT-17,0.0,0.0,0.0,0.0,0.0,0.0,0.0,0.0,0.0,0,0.0,0.0,0.0,0.0
2025-09-07,NC-SBY-SEL-18,0.0,0.0,0.0,0.0,0.0,0.0,0.0,0.0,0.0,0,0.0,0.0,0.0,0.0
2025-09-07,NC-SBY-SEL-19,0.0,0.0,0.0,0.0,0.0,0.0,0.0,0.0,0.0,0,0.0,0.0,0.0,0.0
2025-09-07,NC-SBY-SEL-20,0.0,0.0,0.0,0.0,0.0,0.0,0.0,0.0,0.0,0,0.0,0.0,0.0,0.0
2025-09-07,NC-SBY-SEL-21,0.0,0.0,0.0,0.0,0.0,0.0,0.0,0.0,0.0,0,0.0,0.0,0.0,0.0
2025-09-07,NC-SBY-SEL-22,0.0,0.0,0.0,0.0,0.0,0.0,0.0,0.0,0.0,0,0.0,0.0,0.0,0.0
2025-09-07,NC-SBY-SEL-23,1.0,1.0,1.592153865749586e-05,1.0,1129.370083,0.0,9.902224426629536,9352.301388199998,0.2215046077361303,0,0.3166535075305018,0.999325903289592,0.999325903289592,0.999325903289592
2025-09-07,NC-SBY-TMR-10,0.0,0.0,0.0,0.0,0.0,0.0,0.0,0.0,0.0,0,0.0,0.0,0.0,0.0
2025-09-07,NC-SBY-TMR-11,0.0,0.0,0.0,0.0,0.0,0.0,0.0,0.0,0.0,0,0.0,0.0,0.0,0.0
2025-09-07,NC-SBY-TMR-12,0.0,0.0,0.0,0.0,0.0,0.0,0.0,0.0,0.0,0,0.0,0.0,0.0,0.0
2025-09-07,NC-SBY-TMR-13,0.0,0.0,0.0,0.0,0.0,0.0,0.0,0.0,0.0,0,0.0,0.0,0.0,0.0
2025-09-07,NC-SBY-TMR-14,0.0,0.0,0.0,0.0,0.0,0.0,0.0,0.0,0.0,0,0.0,0.0,0.0,0.0
2025-09-07,NC-SBY-TMR-8,0.0,0.0,0.0,0.0,0.0,0.0,0.0,0.0,0.0,0,0.0,0.0,0.0,0.0
2025-09-07,NC-SBY-TMR-9,0.0,0.0,0.0,0.0,0.0,0.0,0.0,0.0,0.0,0,0.0,0.0,0.0,0.0
2025-09-07,NC-SBY-UTR-1,0.0,0.0,0.0,0.0,0.0,0.0,0.0,0.0,0.0,0,0.0,0.0,0.0,0.0
2025-09-07,NC-SBY-UTR-2,0.0,0.0,0.0,0.0,0.0,0.0,0.0,0.0,0.0,0,0.0,0.0,0.0,0.0
2025-09-07,NC-SBY-UTR-3,0.0,0.0,0.0,0.0,0.0,0.0,0.0,0.0,0.0,0,0.0,0.0,0.0,0.0
2025-09-07,NC-SBY-UTR-4,0.0,0.0,0.0,0.0,0.0,0.0,0.0,0.0,0.0,0,0.0,0.0,0.0,0.0
2025-09-07,NC-SBY-UTR-5,0.0,0.0,0.0,0.0,0.0,0.0,0.0,0.0,0.0,0,0.0,0.0,0.0,0.0
2025-09-07,NC-SBY-UTR-6,0.0,0.0,0.0,0.0,0.0,0.0,0.0,0.0,0.0,0,0.0,0.0,0.0,0.0
2025-09-07,NC-SBY-UTR-7,0.0,0.0,0.0,0.0,0.0,0.0,0.0,0.0,0.0,0,0.0,0.0,0.0,0.0
2025-09-07,NC-SDA-UTR-24,0.0,0.0,0.0,0.0,0.0,0.0,0.0,0.0,0.0,0,0.0,0.0,0.0,0.0
2025-09-07,NC-SDA-UTR-25,0.0,0.0,0.0,0.0,0.0,0.0,0.0,0.0,0.0,0,0.0,0.0,0.0,0.0
2025-09-07,NC-SDA-UTR-26,0.0,0.0,0.0,0.0,0.0,0.0,0.0,0.0,0.0,0,0.0,0.0,0.0,0.0
2025-09-07,OA_CLUSTER,0.0307788161993769,0.0307788161993769,4.900461119503399e-07,0.0307788161993769,1129.370083,0.0,0.3047787455922112,9352.301388199998,0.0068176496088254,0,0.0097462201071693,0.0307580683006266,0.0307580683006266,0.0307580683006266
2025-09-08,NC-SBY-BRT-15,0.0,0.0,0.0,0.0,0.0,0.0,0.0,0.0,0.0,0,0.0,0.0,0.0,0.0
2025-09-08,NC-SBY-BRT-16,0.0,0.0,0.0,0.0,0.0,0.0,0.0,0.0,0.0,0,0.0,0.0,0.0,0.0
2025-09-08,NC-SBY-BRT-17,0.0,0.0,0.0,0.0,0.0,0.0,0.0,0.0,0.0,0,0.0,0.0,0.0,0.0
2025-09-08,NC-SBY-SEL-18,0.0,0.0,0.0,0.0,0.0,0.0,0.0,0.0,0.0,0,0.0,0.0,0.0,0.0
2025-09-08,NC-SBY-SEL-19,0.0,0.0,0.0,0.0,0.0,0.0,0.0,0.0,0.0,0,0.0,0.0,0.0,0.0
2025-09-08,NC-SBY-SEL-20,0.0,0.0,0.0,0.0,0.0,0.0,0.0,0.0,0.0,0,0.0,0.0,0.0,0.0
2025-09-08,NC-SBY-SEL-21,0.0,0.0,0.0,0.0,0.0,0.0,0.0,0.0,0.0,0,0.0,0.0,0.0,0.0
2025-09-08,NC-SBY-SEL-22,0.0,0.0,0.0,0.0,0.0,0.0,0.0,0.0,0.0,0,0.0,0.0,0.0,0.0
2025-09-08,NC-SBY-SEL-23,1.0,1.0,0.0,1.0,981.084232,0.0,13.789423958356416,8772.0718172,0.1627069324176468,0,0.9958478031103728,0.9995289280972978,0.9995289280972978,0.9994432786604428
2025-09-08,NC-SBY-TMR-10,0.0,0.0,0.0,0.0,0.0,0.0,0.0,0.0,0.0,0,0.0,0.0,0.0,0.0
2025-09-08,NC-SBY-TMR-11,0.0,0.0,0.0,0.0,0.0,0.0,0.0,0.0,0.0,0,0.0,0.0,0.0,0.0
2025-09-08,NC-SBY-TMR-12,0.0,0.0,0.0,0.0,0.0,0.0,0.0,0.0,0.0,0,0.0,0.0,0.0,0.0
2025-09-08,NC-SBY-TMR-13,0.0,0.0,0.0,0.0,0.0,0.0,0.0,0.0,0.0,0,0.0,0.0,0.0,0.0
2025-09-08,NC-SBY-TMR-14,0.0,0.0,0.0,0.0,0.0,0.0,0.0,0.0,0.0,0,0.0,0.0,0.0,0.0
2025-09-08,NC-SBY-TMR-8,0.0,0.0,0.0,0.0,0.0,0.0,0.0,0.0,0.0,0,0.0,0.0,0.0,0.0
2025-09-08,NC-SBY-TMR-9,0.0,0.0,0.0,0.0,0.0,0.0,0.0,0.0,0.0,0,0.0,0.0,0.0,0.0
2025-09-08,NC-SBY-UTR-1,0.0,0.0,0.0,0.0,0.0,0.0,0.0,0.0,0.0,0,0.0,0.0,0.0,0.0
2025-09-08,NC-SBY-UTR-2,0.0,0.0,0.0,0.0,0.0,0.0,0.0,0.0,0.0,0,0.0,0.0,0.0,0.0
2025-09-08,NC-SBY-UTR-3,0.0,0.0,0.0,0.0,0.0,0.0,0.0,0.0,0.0,0,0.0,0.0,0.0,0.0
2025-09-08,NC-SBY-UTR-4,0.0,0.0,0.0,0.0,0.0,0.0,0.0,0.0,0.0,0,0.0,0.0,0.0,0.0
2025-09-08,NC-SBY-UTR-5,0.0,0.0,0.0,0.0,0.0,0.0,0.0,0.0,0.0,0,0.0,0.0,0.0,0.0
2025-09-08,NC-SBY-UTR-6,0.0,0.0,0.0,0.0,0.0,0.0,0.0,0.0,0.0,0,0.0,0.0,0.0,0.0
2025-09-08,NC-SBY-UTR-7,0.0,0.0,0.0,0.0,0.0,0.0,0.0,0.0,0.0,0,0.0,0.0,0.0,0.0
2025-09-08,NC-SDA-UTR-24,0.0,0.0,0.0,0.0,0.0,0.0,0.0,0.0,0.0,0,0.0,0.0,0.0,0.0
2025-09-08,NC-SDA-UTR-25,0.0,0.0,0.0,0.0,0.0,0.0,0.0,0.0,0.0,0,0.0,0.0,0.0,0.0
2025-09-08,NC-SDA-UTR-26,0.0,0.0,0.0,0.0,0.0,0.0,0.0,0.0,0.0,0,0.0,0.0,0.0,0.0
2025-09-08,OA_CLUSTER,0.0307634823763856,0.0307634823763856,0.0,0.0307634823763856,981.084232,0.0,0.424210700923407,8772.0718172,0.005005431847946,0,0.0306357463405482,0.0307489905642088,0.0307489905642088,0.0307463556892675
2025-09-09,NC-SBY-BRT-15,0.0,0.0,0.0,0.0,0.0,0.0,0.0,0.0,0.0,0,0.0,0.0,0.0,0.0
2025-09-09,NC-SBY-BRT-16,0.0,0.0,0.0,0.0,0.0,0.0,0.0,0.0,0.0,0,0.0,0.0,0.0,0.0
2025-09-09,NC-SBY-BRT-17,0.0,0.0,0.0,0.0,0.0,0.0,0.0,0.0,0.0,0,0.0,0.0,0.0,0.0
2025-09-09,NC-SBY-SEL-18,0.0,0.0,0.0,0.0,0.0,0.0,0.0,0.0,0.0,0,0.0,0.0,0.0,0.0
2025-09-09,NC-SBY-SEL-19,0.0,0.0,0.0,0.0,0.0,0.0,0.0,0.0,0.0,0,0.0,0.0,0.0,0.0
2025-09-09,NC-SBY-SEL-20,0.0,0.0,0.0,0.0,0.0,0.0,0.0,0.0,0.0,0,0.0,0.0,0.0,0.0
2025-09-09,NC-SBY-SEL-21,0.0,0.0,0.0,0.0,0.0,0.0,0.0,0.0,0.0,0,0.0,0.0,0.0,0.0
2025-09-09,NC-SBY-SEL-22,0.0,0.0,0.0,0.0,0.0,0.0,0.0,0.0,0.0,0,0.0,0.0,0.0,0.0
2025-09-09,NC-SBY-SEL-23,0.0,1.0,1.9645979450305494e-05,1.0,1154.418747,0.0,11.244250019514729,9613.3461105,0.2499884626303762,0,0.9954892435808468,0.9994798214053492,0.9994798214053492,0.9992630803242448
2025-09-09,NC-SBY-TMR-10,0.0,0.0,0.0,0.0,0.0,0.0,0.0,0.0,0.0,0,0.0,0.0,0.0,0.0
2025-09-09,NC-SBY-TMR-11,0.0,0.0,0.0,0.0,0.0,0.0,0.0,0.0,0.0,0,0.0,0.0,0.0,0.0
2025-09-09,NC-SBY-TMR-12,0.0,0.0,0.0,0.0,0.0,0.0,0.0,0.0,0.0,0,0.0,0.0,0.0,0.0
2025-09-09,NC-SBY-TMR-13,0.0,0.0,0.0,0.0,0.0,0.0,0.0,0.0,0.0,0,0.0,0.0,0.0,0.0
2025-09-09,NC-SBY-TMR-14,0.0,0.0,0.0,0.0,0.0,0.0,0.0,0.0,0.0,0,0.0,0.0,0.0,0.0
2025-09-09,NC-SBY-TMR-8,0.0,0.0,0.0,0.0,0.0,0.0,0.0,0.0,0.0,0,0.0,0.0,0.0,0.0
2025-09-09,NC-SBY-TMR-9,0.0,0.0,0.0,0.0,0.0,0.0,0.0,0.0,0.0,0,0.0,0.0,0.0,0.0
2025-09-09,NC-SBY-UTR-1,0.0,0.0,0.0,0.0,0.0,0.0,0.0,0.0,0.0,0,0.0,0.0,0.0,0.0
2025-09-09,NC-SBY-UTR-2,0.0,0.0,0.0,0.0,0.0,0.0,0.0,0.0,0.0,0,0.0,0.0,0.0,0.0
2025-09-09,NC-SBY-UTR-3,0.0,0.0,0.0,0.0,0.0,0.0,0.0,0.0,0.0,0,0.0,0.0,0.0,0.0
2025-09-09,NC-SBY-UTR-4,0.0,0.0,0.0,0.0,0.0,0.0,0.0,0.0,0.0,0,0.0,0.0,0.0,0.0
2025-09-09,NC-SBY-UTR-5,0.0,0.0,0.0,0.0,0.0,0.0,0.0,0.0,0.0,0,0.0,0.0,0.0,0.0
2025-09-09,NC-SBY-UTR-6,0.0,0.0,0.0,0.0,0.0,0.0,0.0,0.0,0.0,0,0.0,0.0,0.0,0.0
2025-09-09,NC-SBY-UTR-7,0.0,0.0,0.0,0.0,0.0,0.0,0.0,0.0,0.0,0,0.0,0.0,0.0,0.0
2025-09-09,NC-SDA-UTR-24,0.0,0.0,0.0,0.0,0.0,0.0,0.0,0.0,0.0,0,0.0,0.0,0.0,0.0
2025-09-09,NC-SDA-UTR-25,0.0,0.0,0.0,0.0,0.0,0.0,0.0,0.0,0.0,0,0.0,0.0,0.0,0.0
2025-09-09,NC-SDA-UTR-26,0.0,0.0,0.0,0.0,0.0,0.0,0.0,0.0,0.0,0,0.0,0.0,0.0,0.0
2025-09-09,OA_CLUSTER,0.0,0.0307290370738989,6.03702030881495e-07,0.0307290370738989,1154.418747,0.0,0.3455249757178574,9613.3461105,0.0076819047362158,0,0.0305904258726634,0.0307130524865789,0.0307130524865789,0.0307063922418622
2025-09-10,NC-SBY-BRT-15,0.0,0.0,0.0,0.0,0.0,0.0,0.0,0.0,0.0,0,0.0,0.0,0.0,0.0
2025-09-10,NC-SBY-BRT-16,0.0,0.0,0.0,0.0,0.0,0.0,0.0,0.0,0.0,0,0.0,0.0,0.0,0.0
2025-09-10,NC-SBY-BRT-17,0.0,0.0,0.0,0.0,0.0,0.0,0.0,0.0,0.0,0,0.0,0.0,0.0,0.0
2025-09-10,NC-SBY-SEL-18,0.0,0.0,0.0,0.0,0.0,0.0,0.0,0.0,0.0,0,0.0,0.0,0.0,0.0
2025-09-10,NC-SBY-SEL-19,0.0,0.0,0.0,0.0,0.0,0.0,0.0,0.0,0.0,0,0.0,0.0,0.0,0.0
2025-09-10,NC-SBY-SEL-20,0.0,0.0,0.0,0.0,0.0,0.0,0.0,0.0,0.0,0,0.0,0.0,0.0,0.0
2025-09-10,NC-SBY-SEL-21,0.0,0.0,0.0,0.0,0.0,0.0,0.0,0.0,0.0,0,0.0,0.0,0.0,0.0
2025-09-10,NC-SBY-SEL-22,0.0,0.0,0.0,0.0,0.0,0.0,0.0,0.0,0.0,0,0.0,0.0,0.0,0.0
2025-09-10,NC-SBY-SEL-23,0.0,1.0,0.0,1.0,1264.5469939999998,0.0,9.107375255898054,11178.044166199998,0.2397014697459253,0,0.9864467325068292,0.9990211631282276,0.9990211631282276,0.9989874101326492
2025-09-10,NC-SBY-TMR-10,0.0,0.0,0.0,0.0,0.0,0.0,0.0,0.0,0.0,0,0.0,0.0,0.0,0.0
2025-09-10,NC-SBY-TMR-11,0.0,0.0,0.0,0.0,0.0,0.0,0.0,0.0,0.0,0,0.0,0.0,0.0,0.0
2025-09-10,NC-SBY-TMR-12,0.0,0.0,0.0,0.0,0.0,0.0,0.0,0.0,0.0,0,0.0,0.0,0.0,0.0
2025-09-10,NC-SBY-TMR-13,0.0,0.0,0.0,0.0,0.0,0.0,0.0,0.0,0.0,0,0.0,0.0,0.0,0.0
2025-09-10,NC-SBY-TMR-14,0.0,0.0,0.0,0.0,0.0,0.0,0.0,0.0,0.0,0,0.0,0.0,0.0,0.0
2025-09-10,NC-SBY-TMR-8,0.0,0.0,0.0,0.0,0.0,0.0,0.0,0.0,0.0,0,0.0,0.0,0.0,0.0
2025-09-10,NC-SBY-TMR-9,0.0,0.0,0.0,0.0,0.0,0.0,0.0,0.0,0.0,0,0.0,0.0,0.0,0.0
2025-09-10,NC-SBY-UTR-1,0.0,0.0,0.0,0.0,0.0,0.0,0.0,0.0,0.0,0,0.0,0.0,0.0,0.0
2025-09-10,NC-SBY-UTR-2,0.0,0.0,0.0,0.0,0.0,0.0,0.0,0.0,0.0,0,0.0,0.0,0.0,0.0
2025-09-10,NC-SBY-UTR-3,0.0,0.0,0.0,0.0,0.0,0.0,0.0,0.0,0.0,0,0.0,0.0,0.0,0.0
2025-09-10,NC-SBY-UTR-4,0.0,0.0,0.0,0.0,0.0,0.0,0.0,0.0,0.0,0,0.0,0.0,0.0,0.0
2025-09-10,NC-SBY-UTR-5,0.0,0.0,0.0,0.0,0.0,0.0,0.0,0.0,0.0,0,0.0,0.0,0.0,0.0
2025-09-10,NC-SBY-UTR-6,0.0,0.0,0.0,0.0,0.0,0.0,0.0,0.0,0.0,0,0.0,0.0,0.0,0.0
2025-09-10,NC-SBY-UTR-7,0.0,0.0,0.0,0.0,0.0,0.0,0.0,0.0,0.0,0,0.0,0.0,0.0,0.0
2025-09-10,NC-SDA-UTR-24,0.0,0.0,0.0,0.0,0.0,0.0,0.0,0.0,0.0,0,0.0,0.0,0.0,0.0
2025-09-10,NC-SDA-UTR-25,0.0,0.0,0.0,0.0,0.0,0.0,0.0,0.0,0.0,0,0.0,0.0,0.0,0.0
2025-09-10,NC-SDA-UTR-26,0.0,0.0,0.0,0.0,0.0,0.0,0.0,0.0,0.0,0,0.0,0.0,0.0,0.0
2025-09-10,OA_CLUSTER,0.0,0.0307252145789277,0.0,0.0307252145789277,1264.5469939999998,0.0,0.2798260589882845,11178.044166199998,0.0073648790928279,0,0.0303087875269544,0.0306951396060047,0.0306951396060047,0.0306941025379729
2025-09-11,NC-SBY-BRT-15,0.0,0.0,0.0,0.0,0.0,0.0,0.0,0.0,0.0,0,0.0,0.0,0.0,0.0
2025-09-11,NC-SBY-BRT-16,0.0,0.0,0.0,0.0,0.0,0.0,0.0,0.0,0.0,0,0.0,0.0,0.0,0.0
2025-09-11,NC-SBY-BRT-17,0.0,0.0,0.0,0.0,0.0,0.0,0.0,0.0,0.0,0,0.0,0.0,0.0,0.0
2025-09-11,NC-SBY-SEL-18,0.0,0.0,0.0,0.0,0.0,0.0,0.0,0.0,0.0,0,0.0,0.0,0.0,0.0
2025-09-11,NC-SBY-SEL-19,0.0,0.0,0.0,0.0,0.0,0.0,0.0,0.0,0.0,0,0.0,0.0,0.0,0.0
2025-09-11,NC-SBY-SEL-20,0.0,0.0,0.0,0.0,0.0,0.0,0.0,0.0,0.0,0,0.0,0.0,0.0,0.0
2025-09-11,NC-SBY-SEL-21,0.0,0.0,0.0,0.0,0.0,0.0,0.0,0.0,0.0,0,0.0,0.0,0.0,0.0
2025-09-11,NC-SBY-SEL-22,0.0,0.0,0.0,0.0,0.0,0.0,0.0,0.0,0.0,0,0.0,0.0,0.0,0.0
2025-09-11,NC-SBY-SEL-23,0.0,1.0,0.0,1.0,1240.256429,0.0,9.892456968719362,10602.7412302,0.2798985825610022,0,0.987011664035043,0.9991058036229375,0.9991058036229375,0.9989615784008308
2025-09-11,NC-SBY-TMR-10,0.0,0.0,0.0,0.0,0.0,0.0,0.0,0.0,0.0,0,0.0,0.0,0.0,0.0
2025-09-11,NC-SBY-TMR-11,0.0,0.0,0.0,0.0,0.0,0.0,0.0,0.0,0.0,0,0.0,0.0,0.0,0.0
2025-09-11,NC-SBY-TMR-12,0.0,0.0,0.0,0.0,0.0,0.0,0.0,0.0,0.0,0,0.0,0.0,0.0,0.0
2025-09-11,NC-SBY-TMR-13,0.0,0.0,0.0,0.0,0.0,0.0,0.0,0.0,0.0,0,0.0,0.0,0.0,0.0
2025-09-11,NC-SBY-TMR-14,0.0,0.0,0.0,0.0,0.0,0.0,0.0,0.0,0.0,0,0.0,0.0,0.0,0.0
2025-09-11,NC-SBY-TMR-8,0.0,0.0,0.0,0.0,0.0,0.0,0.0,0.0,0.0,0,0.0,0.0,0.0,0.0
2025-09-11,NC-SBY-TMR-9,0.0,0.0,0.0,0.0,0.0,0.0,0.0,0.0,0.0,0,0.0,0.0,0.0,0.0
2025-09-11,NC-SBY-UTR-1,0.0,0.0,0.0,0.0,0.0,0.0,0.0,0.0,0.0,0,0.0,0.0,0.0,0.0
2025-09-11,NC-SBY-UTR-2,0.0,0.0,0.0,0.0,0.0,0.0,0.0,0.0,0.0,0,0.0,0.0,0.0,0.0
2025-09-11,NC-SBY-UTR-3,0.0,0.0,0.0,0.0,0.0,0.0,0.0,0.0,0.0,0,0.0,0.0,0.0,0.0
2025-09-11,NC-SBY-UTR-4,0.0,0.0,0.0,0.0,0.0,0.0,0.0,0.0,0.0,0,0.0,0.0,0.0,0.0
2025-09-11,NC-SBY-UTR-5,0.0,0.0,0.0,0.0,0.0,0.0,0.0,0.0,0.0,0,0.0,0.0,0.0,0.0
2025-09-11,NC-SBY-UTR-6,0.0,0.0,0.0,0.0,0.0,0.0,0.0,0.0,0.0,0,0.0,0.0,0.0,0.0
2025-09-11,NC-SBY-UTR-7,0.0,0.0,0.0,0.0,0.0,0.0,0.0,0.0,0.0,0,0.0,0.0,0.0,0.0
2025-09-11,NC-SDA-UTR-24,0.0,0.0,0.0,0.0,0.0,0.0,0.0,0.0,0.0,0,0.0,0.0,0.0,0.0
2025-09-11,NC-SDA-UTR-25,0.0,0.0,0.0,0.0,0.0,0.0,0.0,0.0,0.0,0,0.0,0.0,0.0,0.0
2025-09-11,NC-SDA-UTR-26,0.0,0.0,0.0,0.0,0.0,0.0,0.0,0.0,0.0,0,0.0,0.0,0.0,0.0
2025-09-11,OA_CLUSTER,0.0,0.0306794187057508,0.0,0.0306794187057508,1240.256429,0.0,0.303494829371964,10602.7412302,0.0085871258095351,0,0.0302809441083909,0.0306519852806937,0.0306519852806937,0.0306475605347168
2025-09-12,NC-SBY-BRT-15,0.0,0.0,0.0,0.0,0.0,0.0,0.0,0.0,0.0,0,0.0,0.0,0.0,0.0
2025-09-12,NC-SBY-BRT-16,0.0,0.0,0.0,0.0,0.0,0.0,0.0,0.0,0.0,0,0.0,0.0,0.0,0.0
2025-09-12,NC-SBY-BRT-17,0.0,0.0,0.0,0.0,0.0,0.0,0.0,0.0,0.0,0,0.0,0.0,0.0,0.0
2025-09-12,NC-SBY-SEL-18,0.0,0.0,0.0,0.0,0.0,0.0,0.0,0.0,0.0,0,0.0,0.0,0.0,0.0
2025-09-12,NC-SBY-SEL-19,0.0,0.0,0.0,0.0,0.0,0.0,0.0,0.0,0.0,0,0.0,0.0,0.0,0.0
2025-09-12,NC-SBY-SEL-20,0.0,0.0,0.0,0.0,0.0,0.0,0.0,0.0,0.0,0,0.0,0.0,0.0,0.0
2025-09-12,NC-SBY-SEL-21,0.0,0.0,0.0,0.0,0.0,0.0,0.0,0.0,0.0,0,0.0,0.0,0.0,0.0
2025-09-12,NC-SBY-SEL-22,0.0,0.0,0.0,0.0,0.0,0.0,0.0,0.0,0.0,0,0.0,0.0,0.0,0.0
2025-09-12,NC-SBY-SEL-23,0.0,1.0,0.0,1.0,1226.286767,0.0,9.79231798902392,10731.3415285,0.2673068582631658,0,0.9885187029804188,0.9989001492654568,0.9989001492654568,0.9988215884987036
2025-09-12,NC-SBY-TMR-10,0.0,0.0,0.0,0.0,0.0,0.0,0.0,0.0,0.0,0,0.0,0.0,0.0,0.0
2025-09-12,NC-SBY-TMR-11,0.0,0.0,0.0,0.0,0.0,0.0,0.0,0.0,0.0,0,0.0,0.0,0.0,0.0
2025-09-12,NC-SBY-TMR-12,0.0,0.0,0.0,0.0,0.0,0.0,0.0,0.0,0.0,0,0.0,0.0,0.0,0.0
2025-09-12,NC-SBY-TMR-13,0.0,0.0,0.0,0.0,0.0,0.0,0.0,0.0,0.0,0,0.0,0.0,0.0,0.0
2025-09-12,NC-SBY-TMR-14,0.0,0.0,0.0,0.0,0.0,0.0,0.0,0.0,0.0,0,0.0,0.0,0.0,0.0
2025-09-12,NC-SBY-TMR-8,0.0,0.0,0.0,0.0,0.0,0.0,0.0,0.0,0.0,0,0.0,0.0,0.0,0.0
2025-09-12,NC-SBY-TMR-9,0.0,0.0,0.0,0.0,0.0,0.0,0.0,0.0,0.0,0,0.0,0.0,0.0,0.0
2025-09-12,NC-SBY-UTR-1,0.0,0.0,0.0,0.0,0.0,0.0,0.0,0.0,0.0,0,0.0,0.0,0.0,0.0
2025-09-12,NC-SBY-UTR-2,0.0,0.0,0.0,0.0,0.0,0.0,0.0,0.0,0.0,0,0.0,0.0,0.0,0.0
2025-09-12,NC-SBY-UTR-3,0.0,0.0,0.0,0.0,0.0,0.0,0.0,0.0,0.0,0,0.0,0.0,0.0,0.0
2025-09-12,NC-SBY-UTR-4,0.0,0.0,0.0,0.0,0.0,0.0,0.0,0.0,0.0,0,0.0,0.0,0.0,0.0
2025-09-12,NC-SBY-UTR-5,0.0,0.0,0.0,0.0,0.0,0.0,0.0,0.0,0.0,0,0.0,0.0,0.0,0.0
2025-09-12,NC-SBY-UTR-6,0.0,0.0,0.0,0.0,0.0,0.0,0.0,0.0,0.0,0,0.0,0.0,0.0,0.0
2025-09-12,NC-SBY-UTR-7,0.0,0.0,0.0,0.0,0.0,0.0,0.0,0.0,0.0,0,0.0,0.0,0.0,0.0
2025-09-12,NC-SDA-UTR-24,0.0,0.0,0.0,0.0,0.0,0.0,0.0,0.0,0.0,0,0.0,0.0,0.0,0.0
2025-09-12,NC-SDA-UTR-25,0.0,0.0,0.0,0.0,0.0,0.0,0.0,0.0,0.0,0,0.0,0.0,0.0,0.0
2025-09-12,NC-SDA-UTR-26,0.0,0.0,0.0,0.0,0.0,0.0,0.0,0.0,0.0,0,0.0,0.0,0.0,0.0
2025-09-12,OA_CLUSTER,0.0,0.0306794187057508,0.0,0.0306794187057508,1226.286767,0.0,0.3004226236851208,10731.3415285,0.0082008190275744,0,0.030327179187202,0.0306456759245519,0.0306456759245519,0.0306432657258948
2025-09-13,NC-SBY-BRT-15,0.0,0.0,0.0,0.0,0.0,0.0,0.0,0.0,0.0,0,0.0,0.0,0.0,0.0
2025-09-13,NC-SBY-BRT-16,0.0,0.0,0.0,0.0,0.0,0.0,0.0,0.0,0.0,0,0.0,0.0,0.0,0.0
2025-09-13,NC-SBY-BRT-17,0.0,0.0,0.0,0.0,0.0,0.0,0.0,0.0,0.0,0,0.0,0.0,0.0,0.0
2025-09-13,NC-SBY-SEL-18,0.0,0.0,0.0,0.0,0.0,0.0,0.0,0.0,0.0,0,0.0,0.0,0.0,0.0
2025-09-13,NC-SBY-SEL-19,0.0,0.0,0.0,0.0,0.0,0.0,0.0,0.0,0.0,0,0.0,0.0,0.0,0.0
2025-09-13,NC-SBY-SEL-20,0.0,0.0,0.0,0.0,0.0,0.0,0.0,0.0,0.0,0,0.0,0.0,0.0,0.0
2025-09-13,NC-SBY-SEL-21,0.0,0.0,0.0,0.0,0.0,0.0,0.0,0.0,0.0,0,0.0,0.0,0.0,0.0
2025-09-13,NC-SBY-SEL-22,0.0,0.0,0.0,0.0,0.0,0.0,0.0,0.0,0.0,0,0.0,0.0,0.0,0.0
2025-09-13,NC-SBY-SEL-23,0.0,1.0,0.0,1.0,1235.891371,0.0,10.721869965489937,10180.4836773,0.229518801044727,0,0.9910775065642322,0.9993059107181996,0.9993059107181996,0.9993059107181996
2025-09-13,NC-SBY-TMR-10,0.0,0.0,0.0,0.0,0.0,0.0,0.0,0.0,0.0,0,0.0,0.0,0.0,0.0
2025-09-13,NC-SBY-TMR-11,0.0,0.0,0.0,0.0,0.0,0.0,0.0,0.0,0.0,0,0.0,0.0,0.0,0.0
2025-09-13,NC-SBY-TMR-12,0.0,0.0,0.0,0.0,0.0,0.0,0.0,0.0,0.0,0,0.0,0.0,0.0,0.0
2025-09-13,NC-SBY-TMR-13,0.0,0.0,0.0,0.0,0.0,0.0,0.0,0.0,0.0,0,0.0,0.0,0.0,0.0
2025-09-13,NC-SBY-TMR-14,0.0,0.0,0.0,0.0,0.0,0.0,0.0,0.0,0.0,0,0.0,0.0,0.0,0.0
2025-09-13,NC-SBY-TMR-8,0.0,0.0,0.0,0.0,0.0,0.0,0.0,0.0,0.0,0,0.0,0.0,0.0,0.0
2025-09-13,NC-SBY-TMR-9,0.0,0.0,0.0,0.0,0.0,0.0,0.0,0.0,0.0,0,0.0,0.0,0.0,0.0
2025-09-13,NC-SBY-UTR-1,0.0,0.0,0.0,0.0,0.0,0.0,0.0,0.0,0.0,0,0.0,0.0,0.0,0.0
2025-09-13,NC-SBY-UTR-2,0.0,0.0,0.0,0.0,0.0,0.0,0.0,0.0,0.0,0,0.0,0.0,0.0,0.0
2025-09-13,NC-SBY-UTR-3,0.0,0.0,0.0,0.0,0.0,0.0,0.0,0.0,0.0,0,0.0,0.0,0.0,0.0
2025-09-13,NC-SBY-UTR-4,0.0,0.0,0.0,0.0,0.0,0.0,0.0,0.0,0.0,0,0.0,0.0,0.0,0.0
2025-09-13,NC-SBY-UTR-5,0.0,0.0,0.0,0.0,0.0,0.0,0.0,0.0,0.0,0,0.0,0.0,0.0,0.0
2025-09-13,NC-SBY-UTR-6,0.0,0.0,0.0,0.0,0.0,0.0,0.0,0.0,0.0,0,0.0,0.0,0.0,0.0
2025-09-13,NC-SBY-UTR-7,0.0,0.0,0.0,0.0,0.0,0.0,0.0,0.0,0.0,0,0.0,0.0,0.0,0.0
2025-09-13,NC-SDA-UTR-24,0.0,0.0,0.0,0.0,0.0,0.0,0.0,0.0,0.0,0,0.0,0.0,0.0,0.0
2025-09-13,NC-SDA-UTR-25,0.0,0.0,0.0,0.0,0.0,0.0,0.0,0.0,0.0,0,0.0,0.0,0.0,0.0
2025-09-13,NC-SDA-UTR-26,0.0,0.0,0.0,0.0,0.0,0.0,0.0,0.0,0.0,0,0.0,0.0,0.0,0.0
2025-09-13,OA_CLUSTER,0.0,0.0306794187057508,0.0,0.0306794187057508,1235.891371,0.0,0.32894073797988,10180.4836773,0.0070415033980931,0,0.0304056817937356,0.0306581244500553,0.0306581244500553,0.0306581244500553
2025-09-14,NC-SBY-BRT-15,0.0,0.0,0.0,0.0,0.0,0.0,0.0,0.0,0.0,0,0.0,0.0,0.0,0.0
2025-09-14,NC-SBY-BRT-16,0.0,0.0,0.0,0.0,0.0,0.0,0.0,0.0,0.0,0,0.0,0.0,0.0,0.0
2025-09-14,NC-SBY-BRT-17,0.0,0.0,0.0,0.0,0.0,0.0,0.0,0.0,0.0,0,0.0,0.0,0.0,0.0
2025-09-14,NC-SBY-SEL-18,0.0,0.0,0.0,0.0,0.0,0.0,0.0,0.0,0.0,0,0.0,0.0,0.0,0.0
2025-09-14,NC-SBY-SEL-19,0.0,0.0,0.0,0.0,0.0,0.0,0.0,0.0,0.0,0,0.0,0.0,0.0,0.0
2025-09-14,NC-SBY-SEL-20,0.0,0.0,0.0,0.0,0.0,0.0,0.0,0.0,0.0,0,0.0,0.0,0.0,0.0
2025-09-14,NC-SBY-SEL-21,0.0,0.0,0.0,0.0,0.0,0.0,0.0,0.0,0.0,0,0.0,0.0,0.0,0.0
2025-09-14,NC-SBY-SEL-22,0.0,0.0,0.0,0.0,0.0,0.0,0.0,0.0,0.0,0,0.0,0.0,0.0,0.0
2025-09-14,NC-SBY-SEL-23,0.0,1.0,0.0,1.0,1262.351157,0.0,11.037696184727093,9900.8874565,0.248721576619681,0,0.9965698987701832,0.998840341164148,0.998840341164148,0.9987655244650606
2025-09-14,NC-SBY-TMR-10,0.0,0.0,0.0,0.0,0.0,0.0,0.0,0.0,0.0,0,0.0,0.0,0.0,0.0
2025-09-14,NC-SBY-TMR-11,0.0,0.0,0.0,0.0,0.0,0.0,0.0,0.0,0.0,0,0.0,0.0,0.0,0.0
2025-09-14,NC-SBY-TMR-12,0.0,0.0,0.0,0.0,0.0,0.0,0.0,0.0,0.0,0,0.0,0.0,0.0,0.0
2025-09-14,NC-SBY-TMR-13,0.0,0.0,0.0,0.0,0.0,0.0,0.0,0.0,0.0,0,0.0,0.0,0.0,0.0
2025-09-14,NC-SBY-TMR-14,0.0,0.0,0.0,0.0,0.0,0.0,0.0,0.0,0.0,0,0.0,0.0,0.0,0.0
2025-09-14,NC-SBY-TMR-8,0.0,0.0,0.0,0.0,0.0,0.0,0.0,0.0,0.0,0,0.0,0.0,0.0,0.0
2025-09-14,NC-SBY-TMR-9,0.0,0.0,0.0,0.0,0.0,0.0,0.0,0.0,0.0,0,0.0,0.0,0.0,0.0
2025-09-14,NC-SBY-UTR-1,0.0,0.0,0.0,0.0,0.0,0.0,0.0,0.0,0.0,0,0.0,0.0,0.0,0.0
2025-09-14,NC-SBY-UTR-2,0.0,0.0,0.0,0.0,0.0,0.0,0.0,0.0,0.0,0,0.0,0.0,0.0,0.0
2025-09-14,NC-SBY-UTR-3,0.0,0.0,0.0,0.0,0.0,0.0,0.0,0.0,0.0,0,0.0,0.0,0.0,0.0
2025-09-14,NC-SBY-UTR-4,0.0,0.0,0.0,0.0,0.0,0.0,0.0,0.0,0.0,0,0.0,0.0,0.0,0.0
2025-09-14,NC-SBY-UTR-5,0.0,0.0,0.0,0.0,0.0,0.0,0.0,0.0,0.0,0,0.0,0.0,0.0,0.0
2025-09-14,NC-SBY-UTR-6,0.0,0.0,0.0,0.0,0.0,0.0,0.0,0.0,0.0,0,0.0,0.0,0.0,0.0
2025-09-14,NC-SBY-UTR-7,0.0,0.0,0.0,0.0,0.0,0.0,0.0,0.0,0.0,0,0.0,0.0,0.0,0.0
2025-09-14,NC-SDA-UTR-24,0.0,0.0,0.0,0.0,0.0,0.0,0.0,0.0,0.0,0,0.0,0.0,0.0,0.0
2025-09-14,NC-SDA-UTR-25,0.0,0.0,0.0,0.0,0.0,0.0,0.0,0.0,0.0,0,0.0,0.0,0.0,0.0
2025-09-14,NC-SDA-UTR-26,0.0,0.0,0.0,0.0,0.0,0.0,0.0,0.0,0.0,0,0.0,0.0,0.0,0.0
2025-09-14,OA_CLUSTER,0.0,0.0305958132045088,0.0,0.0305958132045088,1262.351157,0.0,0.3377072906760302,9900.8874565,0.0076098388981866,0,0.0304908664680088,0.0305603324993861,0.0305603324993861,0.0305580434216363
2025-09-15,NC-SBY-BRT-15,0.0,0.0,0.0,0.0,0.0,0.0,0.0,0.0,0.0,0,0.0,0.0,0.0,0.0
2025-09-15,NC-SBY-BRT-16,0.0,0.0,0.0,0.0,0.0,0.0,0.0,0.0,0.0,0,0.0,0.0,0.0,0.0
2025-09-15,NC-SBY-BRT-17,0.0,0.0,0.0,0.0,0.0,0.0,0.0,0.0,0.0,0,0.0,0.0,0.0,0.0
2025-09-15,NC-SBY-SEL-18,0.0,0.0,0.0,0.0,0.0,0.0,0.0,0.0,0.0,0,0.0,0.0,0.0,0.0
2025-09-15,NC-SBY-SEL-19,0.0,0.0,0.0,0.0,0.0,0.0,0.0,0.0,0.0,0,0.0,0.0,0.0,0.0
2025-09-15,NC-SBY-SEL-20,0.0,0.0,0.0,0.0,0.0,0.0,0.0,0.0,0.0,0,0.0,0.0,0.0,0.0
2025-09-15,NC-SBY-SEL-21,0.0,0.0,0.0,0.0,0.0,0.0,0.0,0.0,0.0,0,0.0,0.0,0.0,0.0
2025-09-15,NC-SBY-SEL-22,0.0,0.0,0.0,0.0,0.0,0.0,0.0,0.0,0.0,0,0.0,0.0,0.0,0.0
2025-09-15,NC-SBY-SEL-23,0.0,1.0,0.0001368775493443,1.0,1239.196783,0.0,9.177706184432706,10802.242857100004,0.2652216220321121,0,0.933435717419921,0.9992553983618764,0.9992553983618764,0.9990071978158352
2025-09-15,NC-SBY-TMR-10,0.0,0.0,0.0,0.0,0.0,0.0,0.0,0.0,0.0,0,0.0,0.0,0.0,0.0
2025-09-15,NC-SBY-TMR-11,0.0,0.0,0.0,0.0,0.0,0.0,0.0,0.0,0.0,0,0.0,0.0,0.0,0.0
2025-09-15,NC-SBY-TMR-12,0.0,0.0,0.0,0.0,0.0,0.0,0.0,0.0,0.0,0,0.0,0.0,0.0,0.0
2025-09-15,NC-SBY-TMR-13,0.0,0.0,0.0,0.0,0.0,0.0,0.0,0.0,0.0,0,0.0,0.0,0.0,0.0
2025-09-15,NC-SBY-TMR-14,0.0,0.0,0.0,0.0,0.0,0.0,0.0,0.0,0.0,0,0.0,0.0,0.0,0.0
2025-09-15,NC-SBY-TMR-8,0.0,0.0,0.0,0.0,0.0,0.0,0.0,0.0,0.0,0,0.0,0.0,0.0,0.0
2025-09-15,NC-SBY-TMR-9,0.0,0.0,0.0,0.0,0.0,0.0,0.0,0.0,0.0,0,0.0,0.0,0.0,0.0
2025-09-15,NC-SBY-UTR-1,0.0,0.0,0.0,0.0,0.0,0.0,0.0,0.0,0.0,0,0.0,0.0,0.0,0.0
2025-09-15,NC-SBY-UTR-2,0.0,0.0,0.0,0.0,0.0,0.0,0.0,0.0,0.0,0,0.0,0.0,0.0,0.0
2025-09-15,NC-SBY-UTR-3,0.0,0.0,0.0,0.0,0.0,0.0,0.0,0.0,0.0,0,0.0,0.0,0.0,0.0
2025-09-15,NC-SBY-UTR-4,0.0,0.0,0.0,0.0,0.0,0.0,0.0,0.0,0.0,0,0.0,0.0,0.0,0.0
2025-09-15,NC-SBY-UTR-5,0.0,0.0,0.0,0.0,0.0,0.0,0.0,0.0,0.0,0,0.0,0.0,0.0,0.0
2025-09-15,NC-SBY-UTR-6,0.0,0.0,0.0,0.0,0.0,0.0,0.0,0.0,0.0,0,0.0,0.0,0.0,0.0
2025-09-15,NC-SBY-UTR-7,0.0,0.0,0.0,0.0,0.0,0.0,0.0,0.0,0.0,0,0.0,0.0,0.0,0.0
2025-09-15,NC-SDA-UTR-24,0.0,0.0,0.0,0.0,0.0,0.0,0.0,0.0,0.0,0,0.0,0.0,0.0,0.0
2025-09-15,NC-SDA-UTR-25,0.0,0.0,0.0,0.0,0.0,0.0,0.0,0.0,0.0,0,0.0,0.0,0.0,0.0
2025-09-15,NC-SDA-UTR-26,0.0,0.0,0.0,0.0,0.0,0.0,0.0,0.0,0.0,0,0.0,0.0,0.0,0.0
2025-09-15,OA_CLUSTER,0.0,0.0305958132045088,4.187879931630876e-06,0.0305958132045088,1239.196783,0.0,0.2807993840647688,10802.242857100004,0.0081146712054913,0,0.0285592248485966,0.030573031511877,0.030573031511877,0.0305654376143331
2025-09-16,NC-SBY-BRT-15,0.0,0.0,0.0,0.0,0.0,0.0,0.0,0.0,0.0,0,0.0,0.0,0.0,0.0
2025-09-16,NC-SBY-BRT-16,0.0,0.0,0.0,0.0,0.0,0.0,0.0,0.0,0.0,0,0.0,0.0,0.0,0.0
2025-09-16,NC-SBY-BRT-17,0.0,0.0,0.0,0.0,0.0,0.0,0.0,0.0,0.0,0,0.0,0.0,0.0,0.0
2025-09-16,NC-SBY-SEL-18,0.0,0.0,0.0,0.0,0.0,0.0,0.0,0.0,0.0,0,0.0,0.0,0.0,0.0
2025-09-16,NC-SBY-SEL-19,0.0,0.0,0.0,0.0,0.0,0.0,0.0,0.0,0.0,0,0.0,0.0,0.0,0.0
2025-09-16,NC-SBY-SEL-20,0.0,0.0,0.0,0.0,0.0,0.0,0.0,0.0,0.0,0,0.0,0.0,0.0,0.0
2025-09-16,NC-SBY-SEL-21,0.0,0.0,0.0,0.0,0.0,0.0,0.0,0.0,0.0,0,0.0,0.0,0.0,0.0
2025-09-16,NC-SBY-SEL-22,0.0,0.0,0.0,0.0,0.0,0.0,0.0,0.0,0.0,0,0.0,0.0,0.0,0.0
2025-09-16,NC-SBY-SEL-23,0.0,1.0,0.0,1.0,1307.442939,0.0,7.031835101803589,11223.144445499998,0.3043929703908083,0,0.9943436664530813,0.9986138814699618,0.9986138814699618,0.9986138814699618
2025-09-16,NC-SBY-TMR-10,0.0,0.0,0.0,0.0,0.0,0.0,0.0,0.0,0.0,0,0.0,0.0,0.0,0.0
2025-09-16,NC-SBY-TMR-11,0.0,0.0,0.0,0.0,0.0,0.0,0.0,0.0,0.0,0,0.0,0.0,0.0,0.0
2025-09-16,NC-SBY-TMR-12,0.0,0.0,0.0,0.0,0.0,0.0,0.0,0.0,0.0,0,0.0,0.0,0.0,0.0
2025-09-16,NC-SBY-TMR-13,0.0,0.0,0.0,0.0,0.0,0.0,0.0,0.0,0.0,0,0.0,0.0,0.0,0.0
2025-09-16,NC-SBY-TMR-14,0.0,0.0,0.0,0.0,0.0,0.0,0.0,0.0,0.0,0,0.0,0.0,0.0,0.0
2025-09-16,NC-SBY-TMR-8,0.0,0.0,0.0,0.0,0.0,0.0,0.0,0.0,0.0,0,0.0,0.0,0.0,0.0
2025-09-16,NC-SBY-TMR-9,0.0,0.0,0.0,0.0,0.0,0.0,0.0,0.0,0.0,0,0.0,0.0,0.0,0.0
2025-09-16,NC-SBY-UTR-1,0.0,0.0,0.0,0.0,0.0,0.0,0.0,0.0,0.0,0,0.0,0.0,0.0,0.0
2025-09-16,NC-SBY-UTR-2,0.0,0.0,0.0,0.0,0.0,0.0,0.0,0.0,0.0,0,0.0,0.0,0.0,0.0
2025-09-16,NC-SBY-UTR-3,0.0,0.0,0.0,0.0,0.0,0.0,0.0,0.0,0.0,0,0.0,0.0,0.0,0.0
2025-09-16,NC-SBY-UTR-4,0.0,0.0,0.0,0.0,0.0,0.0,0.0,0.0,0.0,0,0.0,0.0,0.0,0.0
2025-09-16,NC-SBY-UTR-5,0.0,0.0,0.0,0.0,0.0,0.0,0.0,0.0,0.0,0,0.0,0.0,0.0,0.0
2025-09-16,NC-SBY-UTR-6,0.0,0.0,0.0,0.0,0.0,0.0,0.0,0.0,0.0,0,0.0,0.0,0.0,0.0
2025-09-16,NC-SBY-UTR-7,0.0,0.0,0.0,0.0,0.0,0.0,0.0,0.0,0.0,0,0.0,0.0,0.0,0.0
2025-09-16,NC-SDA-UTR-24,0.0,0.0,0.0,0.0,0.0,0.0,0.0,0.0,0.0,0,0.0,0.0,0.0,0.0
2025-09-16,NC-SDA-UTR-25,0.0,0.0,0.0,0.0,0.0,0.0,0.0,0.0,0.0,0,0.0,0.0,0.0,0.0
2025-09-16,NC-SDA-UTR-26,0.0,0.0,0.0,0.0,0.0,0.0,0.0,0.0,0.0,0,0.0,0.0,0.0,0.0
2025-09-16,OA_CLUSTER,0.0,0.0305579611530372,0.0,0.0305579611530372,1307.442939,0.0,0.2148785438754777,11223.144445499998,0.0093016285644599,0,0.0303851151322418,0.0305156041968428,0.0305156041968428,0.0305156041968428
2025-09-17,NC-SBY-BRT-15,0.0,0.0,0.0,0.0,0.0,0.0,0.0,0.0,0.0,0,0.0,0.0,0.0,0.0
2025-09-17,NC-SBY-BRT-16,0.0,0.0,0.0,0.0,0.0,0.0,0.0,0.0,0.0,0,0.0,0.0,0.0,0.0
2025-09-17,NC-SBY-BRT-17,0.0,0.0,0.0,0.0,0.0,0.0,0.0,0.0,0.0,0,0.0,0.0,0.0,0.0
2025-09-17,NC-SBY-SEL-18,0.0,0.0,0.0,0.0,0.0,0.0,0.0,0.0,0.0,0,0.0,0.0,0.0,0.0
2025-09-17,NC-SBY-SEL-19,0.0,0.0,0.0,0.0,0.0,0.0,0.0,0.0,0.0,0,0.0,0.0,0.0,0.0
2025-09-17,NC-SBY-SEL-20,0.0,0.0,0.0,0.0,0.0,0.0,0.0,0.0,0.0,0,0.0,0.0,0.0,0.0
2025-09-17,NC-SBY-SEL-21,0.0,0.0,0.0,0.0,0.0,0.0,0.0,0.0,0.0,0,0.0,0.0,0.0,0.0
2025-09-17,NC-SBY-SEL-22,0.0,0.0,0.0,0.0,0.0,0.0,0.0,0.0,0.0,0,0.0,0.0,0.0,0.0
2025-09-17,NC-SBY-SEL-23,0.0,1.0,0.0,1.0,1235.228377,29.89655735639964,9.170427928599011,10428.4149994,0.2720246527717794,0,0.995099083741743,0.9991621739763952,0.9991621739763952,0.9991986011948129
2025-09-17,NC-SBY-TMR-10,0.0,0.0,0.0,0.0,0.0,0.0,0.0,0.0,0.0,0,0.0,0.0,0.0,0.0
2025-09-17,NC-SBY-TMR-11,0.0,0.0,0.0,0.0,0.0,0.0,0.0,0.0,0.0,0,0.0,0.0,0.0,0.0
2025-09-17,NC-SBY-TMR-12,0.0,0.0,0.0,0.0,0.0,0.0,0.0,0.0,0.0,0,0.0,0.0,0.0,0.0
2025-09-17,NC-SBY-TMR-13,0.0,0.0,0.0,0.0,0.0,0.0,0.0,0.0,0.0,0,0.0,0.0,0.0,0.0
2025-09-17,NC-SBY-TMR-14,0.0,0.0,0.0,0.0,0.0,0.0,0.0,0.0,0.0,0,0.0,0.0,0.0,0.0
2025-09-17,NC-SBY-TMR-8,0.0,0.0,0.0,0.0,0.0,0.0,0.0,0.0,0.0,0,0.0,0.0,0.0,0.0
2025-09-17,NC-SBY-TMR-9,0.0,0.0,0.0,0.0,0.0,0.0,0.0,0.0,0.0,0,0.0,0.0,0.0,0.0
2025-09-17,NC-SBY-UTR-1,0.0,0.0,0.0,0.0,0.0,0.0,0.0,0.0,0.0,0,0.0,0.0,0.0,0.0
2025-09-17,NC-SBY-UTR-2,0.0,0.0,0.0,0.0,0.0,0.0,0.0,0.0,0.0,0,0.0,0.0,0.0,0.0
2025-09-17,NC-SBY-UTR-3,0.0,0.0,0.0,0.0,0.0,0.0,0.0,0.0,0.0,0,0.0,0.0,0.0,0.0
2025-09-17,NC-SBY-UTR-4,0.0,0.0,0.0,0.0,0.0,0.0,0.0,0.0,0.0,0,0.0,0.0,0.0,0.0
2025-09-17,NC-SBY-UTR-5,0.0,0.0,0.0,0.0,0.0,0.0,0.0,0.0,0.0,0,0.0,0.0,0.0,0.0
2025-09-17,NC-SBY-UTR-6,0.0,0.0,0.0,0.0,0.0,0.0,0.0,0.0,0.0,0,0.0,0.0,0.0,0.0
2025-09-17,NC-SBY-UTR-7,0.0,0.0,0.0,0.0,0.0,0.0,0.0,0.0,0.0,0,0.0,0.0,0.0,0.0
2025-09-17,NC-SDA-UTR-24,0.0,0.0,0.0,0.0,0.0,0.0,0.0,0.0,0.0,0,0.0,0.0,0.0,0.0
2025-09-17,NC-SDA-UTR-25,0.0,0.0,0.0,0.0,0.0,0.0,0.0,0.0,0.0,0,0.0,0.0,0.0,0.0
2025-09-17,NC-SDA-UTR-26,0.0,0.0,0.0,0.0,0.0,0.0,0.0,0.0,0.0,0,0.0,0.0,0.0,0.0
2025-09-17,OA_CLUSTER,0.0,0.0305504019789734,0.0,0.0305504019789734,1235.228377,0.9133518450254436,0.2801602595379042,10428.4149994,0.0083104624903685,0,0.0304006770172183,0.0305248060571638,0.0305248060571638,0.0305259189233294
2025-09-18,NC-SBY-BRT-15,0.0,0.0,0.0,0.0,0.0,0.0,0.0,0.0,0.0,0,0.0,0.0,0.0,0.0
2025-09-18,NC-SBY-BRT-16,0.0,0.0,0.0,0.0,0.0,0.0,0.0,0.0,0.0,0,0.0,0.0,0.0,0.0
2025-09-18,NC-SBY-BRT-17,0.0,0.0,0.0,0.0,0.0,0.0,0.0,0.0,0.0,0,0.0,0.0,0.0,0.0
2025-09-18,NC-SBY-SEL-18,0.0,0.0,0.0,0.0,0.0,0.0,0.0,0.0,0.0,0,0.0,0.0,0.0,0.0
2025-09-18,NC-SBY-SEL-19,0.0,0.0,0.0,0.0,0.0,0.0,0.0,0.0,0.0,0,0.0,0.0,0.0,0.0
2025-09-18,NC-SBY-SEL-20,0.0,0.0,0.0,0.0,0.0,0.0,0.0,0.0,0.0,0,0.0,0.0,0.0,0.0
2025-09-18,NC-SBY-SEL-21,0.0,0.0,0.0,0.0,0.0,0.0,0.0,0.0,0.0,0,0.0,0.0,0.0,0.0
2025-09-18,NC-SBY-SEL-22,0.0,0.0,0.0,0.0,0.0,0.0,0.0,0.0,0.0,0,0.0,0.0,0.0,0.0
2025-09-18,NC-SBY-SEL-23,0.0,1.0,0.0001460653642505,1.0,1152.9938080000004,46.9290981923044,8.296040674003928,9811.5333552,0.2904660946099584,0,0.84032393970602,0.9993336606579224,0.9993336606579224,0.9993687311496108
2025-09-18,NC-SBY-TMR-10,0.0,0.0,0.0,0.0,0.0,0.0,0.0,0.0,0.0,0,0.0,0.0,0.0,0.0
2025-09-18,NC-SBY-TMR-11,0.0,0.0,0.0,0.0,0.0,0.0,0.0,0.0,0.0,0,0.0,0.0,0.0,0.0
2025-09-18,NC-SBY-TMR-12,0.0,0.0,0.0,0.0,0.0,0.0,0.0,0.0,0.0,0,0.0,0.0,0.0,0.0
2025-09-18,NC-SBY-TMR-13,0.0,0.0,0.0,0.0,0.0,0.0,0.0,0.0,0.0,0,0.0,0.0,0.0,0.0
2025-09-18,NC-SBY-TMR-14,0.0,0.0,0.0,0.0,0.0,0.0,0.0,0.0,0.0,0,0.0,0.0,0.0,0.0
2025-09-18,NC-SBY-TMR-8,0.0,0.0,0.0,0.0,0.0,0.0,0.0,0.0,0.0,0,0.0,0.0,0.0,0.0
2025-09-18,NC-SBY-TMR-9,0.0,0.0,0.0,0.0,0.0,0.0,0.0,0.0,0.0,0,0.0,0.0,0.0,0.0
2025-09-18,NC-SBY-UTR-1,0.0,0.0,0.0,0.0,0.0,0.0,0.0,0.0,0.0,0,0.0,0.0,0.0,0.0
2025-09-18,NC-SBY-UTR-2,0.0,0.0,0.0,0.0,0.0,0.0,0.0,0.0,0.0,0,0.0,0.0,0.0,0.0
2025-09-18,NC-SBY-UTR-3,0.0,0.0,0.0,0.0,0.0,0.0,0.0,0.0,0.0,0,0.0,0.0,0.0,0.0
2025-09-18,NC-SBY-UTR-4,0.0,0.0,0.0,0.0,0.0,0.0,0.0,0.0,0.0,0,0.0,0.0,0.0,0.0
2025-09-18,NC-SBY-UTR-5,0.0,0.0,0.0,0.0,0.0,0.0,0.0,0.0,0.0,0,0.0,0.0,0.0,0.0
2025-09-18,NC-SBY-UTR-6,0.0,0.0,0.0,0.0,0.0,0.0,0.0,0.0,0.0,0,0.0,0.0,0.0,0.0
2025-09-18,NC-SBY-UTR-7,0.0,0.0,0.0,0.0,0.0,0.0,0.0,0.0,0.0,0,0.0,0.0,0.0,0.0
2025-09-18,NC-SDA-UTR-24,0.0,0.0,0.0,0.0,0.0,0.0,0.0,0.0,0.0,0,0.0,0.0,0.0,0.0
2025-09-18,NC-SDA-UTR-25,0.0,0.0,0.0,0.0,0.0,0.0,0.0,0.0,0.0,0,0.0,0.0,0.0,0.0
2025-09-18,NC-SDA-UTR-26,0.0,0.0,0.0,0.0,0.0,0.0,0.0,0.0,0.0,0,0.0,0.0,0.0,0.0
2025-09-18,OA_CLUSTER,0.0,0.0310643564356435,4.537426537979705e-06,0.0310643564356435,1152.9938080000004,1.45782223344906,0.2577111645018546,9811.5333552,0.0090231422954331,0,0.026104122384432,0.0310436570328141,0.0310436570328141,0.0310447464750683
2025-09-19,NC-SBY-BRT-15,0.0,0.0,0.0,0.0,0.0,0.0,0.0,0.0,0.0,0,0.0,0.0,0.0,0.0
2025-09-19,NC-SBY-BRT-16,0.0,0.0,0.0,0.0,0.0,0.0,0.0,0.0,0.0,0,0.0,0.0,0.0,0.0
2025-09-19,NC-SBY-BRT-17,0.0,0.0,0.0,0.0,0.0,0.0,0.0,0.0,0.0,0,0.0,0.0,0.0,0.0
2025-09-19,NC-SBY-SEL-18,0.0,0.0,0.0,0.0,0.0,0.0,0.0,0.0,0.0,0,0.0,0.0,0.0,0.0
2025-09-19,NC-SBY-SEL-19,0.0,0.0,0.0,0.0,0.0,0.0,0.0,0.0,0.0,0,0.0,0.0,0.0,0.0
2025-09-19,NC-SBY-SEL-20,0.0,0.0,0.0,0.0,0.0,0.0,0.0,0.0,0.0,0,0.0,0.0,0.0,0.0
2025-09-19,NC-SBY-SEL-21,0.0,0.0,0.0,0.0,0.0,0.0,0.0,0.0,0.0,0,0.0,0.0,0.0,0.0
2025-09-19,NC-SBY-SEL-22,0.0,0.0,0.0,0.0,0.0,0.0,0.0,0.0,0.0,0,0.0,0.0,0.0,0.0
2025-09-19,NC-SBY-SEL-23,0.0,1.0,8.57155102215746e-05,1.0,1259.825213,52.44822298075239,10.449652774705282,10232.221854900004,0.2519672356812698,0,0.8456850266381973,0.9992858473576351,0.9992858473576351,0.9991616468980936
2025-09-19,NC-SBY-TMR-10,0.0,0.0,0.0,0.0,0.0,0.0,0.0,0.0,0.0,0,0.0,0.0,0.0,0.0
2025-09-19,NC-SBY-TMR-11,0.0,0.0,0.0,0.0,0.0,0.0,0.0,0.0,0.0,0,0.0,0.0,0.0,0.0
2025-09-19,NC-SBY-TMR-12,0.0,0.0,0.0,0.0,0.0,0.0,0.0,0.0,0.0,0,0.0,0.0,0.0,0.0
2025-09-19,NC-SBY-TMR-13,0.0,0.0,0.0,0.0,0.0,0.0,0.0,0.0,0.0,0,0.0,0.0,0.0,0.0
2025-09-19,NC-SBY-TMR-14,0.0,0.0,0.0,0.0,0.0,0.0,0.0,0.0,0.0,0,0.0,0.0,0.0,0.0
2025-09-19,NC-SBY-TMR-8,0.0,0.0,0.0,0.0,0.0,0.0,0.0,0.0,0.0,0,0.0,0.0,0.0,0.0
2025-09-19,NC-SBY-TMR-9,0.0,0.0,0.0,0.0,0.0,0.0,0.0,0.0,0.0,0,0.0,0.0,0.0,0.0
2025-09-19,NC-SBY-UTR-1,0.994079663460124,1.0,0.0,1.0,2905.559193,19.664150607029057,11.71505668045982,21073.41347690001,0.2475634044638664,0,0.7872903971004103,0.9991622191882836,0.9991622191882836,0.9991156758098548
2025-09-19,NC-SBY-UTR-2,0.0,0.0,0.0,0.0,0.0,0.0,0.0,0.0,0.0,0,0.0,0.0,0.0,0.0
2025-09-19,NC-SBY-UTR-3,0.0,0.0,0.0,0.0,0.0,0.0,0.0,0.0,0.0,0,0.0,0.0,0.0,0.0
2025-09-19,NC-SBY-UTR-4,0.0,0.0,0.0,0.0,0.0,0.0,0.0,0.0,0.0,0,0.0,0.0,0.0,0.0
2025-09-19,NC-SBY-UTR-5,0.0,0.0,0.0,0.0,0.0,0.0,0.0,0.0,0.0,0,0.0,0.0,0.0,0.0
2025-09-19,NC-SBY-UTR-6,0.0,0.0,0.0,0.0,0.0,0.0,0.0,0.0,0.0,0,0.0,0.0,0.0,0.0
2025-09-19,NC-SBY-UTR-7,0.0,0.0,0.0,0.0,0.0,0.0,0.0,0.0,0.0,0,0.0,0.0,0.0,0.0
2025-09-19,NC-SDA-UTR-24,0.0,0.0,0.0,0.0,0.0,0.0,0.0,0.0,0.0,0,0.0,0.0,0.0,0.0
2025-09-19,NC-SDA-UTR-25,0.0,0.0,0.0,0.0,0.0,0.0,0.0,0.0,0.0,0,0.0,0.0,0.0,0.0
2025-09-19,NC-SDA-UTR-26,0.0,0.0,0.0,0.0,0.0,0.0,0.0,0.0,0.0,0,0.0,0.0,0.0,0.0
2025-09-19,OA_CLUSTER,0.0392416206937413,0.0708307307932542,2.687644355479728e-06,0.0708307307932542,4165.384405999999,2.420783955026862,0.7901087766991042,31305.63533180001,0.0176731807578489,0,0.0575953413079221,0.0707752665771722,0.0707752665771722,0.0707695349066003
2025-09-20,NC-SBY-BRT-15,0.0,0.0,0.0,0.0,0.0,0.0,0.0,0.0,0.0,0,0.0,0.0,0.0,0.0
2025-09-20,NC-SBY-BRT-16,0.0,0.0,0.0,0.0,0.0,0.0,0.0,0.0,0.0,0,0.0,0.0,0.0,0.0
2025-09-20,NC-SBY-BRT-17,0.0,0.0,0.0,0.0,0.0,0.0,0.0,0.0,0.0,0,0.0,0.0,0.0,0.0
2025-09-20,NC-SBY-SEL-18,0.0,0.0,0.0,0.0,0.0,0.0,0.0,0.0,0.0,0,0.0,0.0,0.0,0.0
2025-09-20,NC-SBY-SEL-19,0.0,0.0,0.0,0.0,0.0,0.0,0.0,0.0,0.0,0,0.0,0.0,0.0,0.0
2025-09-20,NC-SBY-SEL-20,0.0,0.0,0.0,0.0,0.0,0.0,0.0,0.0,0.0,0,0.0,0.0,0.0,0.0
2025-09-20,NC-SBY-SEL-21,0.0,0.0,0.0,0.0,0.0,0.0,0.0,0.0,0.0,0,0.0,0.0,0.0,0.0
2025-09-20,NC-SBY-SEL-22,0.0,0.0,0.0,0.0,0.0,0.0,0.0,0.0,0.0,0,0.0,0.0,0.0,0.0
2025-09-20,NC-SBY-SEL-23,0.0,1.0,2.4552530138230743e-05,1.0,1228.7309819999996,49.25308493773934,12.121563939756664,9730.6758258,0.2340414808658026,0,0.9555044112006136,0.9993450202273164,0.9993450202273164,0.9993450202273164
2025-09-20,NC-SBY-TMR-10,0.0,0.0,0.0,0.0,0.0,0.0,0.0,0.0,0.0,0,0.0,0.0,0.0,0.0
2025-09-20,NC-SBY-TMR-11,0.0,0.0,0.0,0.0,0.0,0.0,0.0,0.0,0.0,0,0.0,0.0,0.0,0.0
2025-09-20,NC-SBY-TMR-12,0.0,0.0,0.0,0.0,0.0,0.0,0.0,0.0,0.0,0,0.0,0.0,0.0,0.0
2025-09-20,NC-SBY-TMR-13,0.0,0.0,0.0,0.0,0.0,0.0,0.0,0.0,0.0,0,0.0,0.0,0.0,0.0
2025-09-20,NC-SBY-TMR-14,0.0,0.0,0.0,0.0,0.0,0.0,0.0,0.0,0.0,0,0.0,0.0,0.0,0.0
2025-09-20,NC-SBY-TMR-8,0.0,0.0,0.0,0.0,0.0,0.0,0.0,0.0,0.0,0,0.0,0.0,0.0,0.0
2025-09-20,NC-SBY-TMR-9,0.0,0.0,0.0,0.0,0.0,0.0,0.0,0.0,0.0,0,0.0,0.0,0.0,0.0
2025-09-20,NC-SBY-UTR-1,0.0,1.0,0.0,1.0,2548.838478999998,57.24840422193043,11.873031649596008,18482.0852644,0.2029674748580704,0,0.814109439154127,0.9990908303749242,0.9990908303749242,0.999047536583254
2025-09-20,NC-SBY-UTR-2,0.0,0.0,0.0,0.0,0.0,0.0,0.0,0.0,0.0,0,0.0,0.0,0.0,0.0
2025-09-20,NC-SBY-UTR-3,0.0,0.0,0.0,0.0,0.0,0.0,0.0,0.0,0.0,0,0.0,0.0,0.0,0.0
2025-09-20,NC-SBY-UTR-4,0.0,0.0,0.0,0.0,0.0,0.0,0.0,0.0,0.0,0,0.0,0.0,0.0,0.0
2025-09-20,NC-SBY-UTR-5,0.0,0.0,0.0,0.0,0.0,0.0,0.0,0.0,0.0,0,0.0,0.0,0.0,0.0
2025-09-20,NC-SBY-UTR-6,0.0,0.0,0.0,0.0,0.0,0.0,0.0,0.0,0.0,0,0.0,0.0,0.0,0.0
2025-09-20,NC-SBY-UTR-7,0.0,0.0,0.0,0.0,0.0,0.0,0.0,0.0,0.0,0,0.0,0.0,0.0,0.0
2025-09-20,NC-SDA-UTR-24,0.0,0.0,0.0,0.0,0.0,0.0,0.0,0.0,0.0,0,0.0,0.0,0.0,0.0
2025-09-20,NC-SDA-UTR-25,0.0,0.0,0.0,0.0,0.0,0.0,0.0,0.0,0.0,0,0.0,0.0,0.0,0.0
2025-09-20,NC-SDA-UTR-26,0.0,0.0,0.0,0.0,0.0,0.0,0.0,0.0,0.0,0,0.0,0.0,0.0,0.0
2025-09-20,OA_CLUSTER,0.0,0.0706718185217499,7.803683391809597e-07,0.0706718185217499,3777.569460999998,3.791728627242406,0.8469879944300018,28212.761090199994,0.0153317250126508,0,0.062028638897201,0.0706156449252077,0.0706156449252077,0.0706139613077328
2025-09-21,NC-SBY-BRT-15,0.0,0.0,0.0,0.0,0.0,0.0,0.0,0.0,0.0,0,0.0,0.0,0.0,0.0
2025-09-21,NC-SBY-BRT-16,0.0,0.0,0.0,0.0,0.0,0.0,0.0,0.0,0.0,0,0.0,0.0,0.0,0.0
2025-09-21,NC-SBY-BRT-17,0.0,0.0,0.0,0.0,0.0,0.0,0.0,0.0,0.0,0,0.0,0.0,0.0,0.0
2025-09-21,NC-SBY-SEL-18,0.0,0.0,0.0,0.0,0.0,0.0,0.0,0.0,0.0,0,0.0,0.0,0.0,0.0
2025-09-21,NC-SBY-SEL-19,0.0,0.0,0.0,0.0,0.0,0.0,0.0,0.0,0.0,0,0.0,0.0,0.0,0.0
2025-09-21,NC-SBY-SEL-20,0.0,0.0,0.0,0.0,0.0,0.0,0.0,0.0,0.0,0,0.0,0.0,0.0,0.0
2025-09-21,NC-SBY-SEL-21,0.0,0.0,0.0,0.0,0.0,0.0,0.0,0.0,0.0,0,0.0,0.0,0.0,0.0
2025-09-21,NC-SBY-SEL-22,0.0,0.0,0.0,0.0,0.0,0.0,0.0,0.0,0.0,0,0.0,0.0,0.0,0.0
2025-09-21,NC-SBY-SEL-23,0.0,1.0,0.0,1.0,1318.6408620000002,50.23266161064929,10.819403608438035,9637.2668807,0.2582567072240253,0,0.9537891522865278,0.9991102763086352,0.9991102763086352,0.9990608472146706
2025-09-21,NC-SBY-TMR-10,0.0,0.0,0.0,0.0,0.0,0.0,0.0,0.0,0.0,0,0.0,0.0,0.0,0.0
2025-09-21,NC-SBY-TMR-11,0.0,0.0,0.0,0.0,0.0,0.0,0.0,0.0,0.0,0,0.0,0.0,0.0,0.0
2025-09-21,NC-SBY-TMR-12,0.0,0.0,0.0,0.0,0.0,0.0,0.0,0.0,0.0,0,0.0,0.0,0.0,0.0
2025-09-21,NC-SBY-TMR-13,0.0,0.0,0.0,0.0,0.0,0.0,0.0,0.0,0.0,0,0.0,0.0,0.0,0.0
2025-09-21,NC-SBY-TMR-14,0.0,0.0,0.0,0.0,0.0,0.0,0.0,0.0,0.0,0,0.0,0.0,0.0,0.0
2025-09-21,NC-SBY-TMR-8,0.0,0.0,0.0,0.0,0.0,0.0,0.0,0.0,0.0,0,0.0,0.0,0.0,0.0
2025-09-21,NC-SBY-TMR-9,0.0,0.0,0.0,0.0,0.0,0.0,0.0,0.0,0.0,0,0.0,0.0,0.0,0.0
2025-09-21,NC-SBY-UTR-1,0.0,1.0,0.0,1.0,2599.4023720000005,64.24155807190883,14.49007463143069,17754.5544453,0.1626350176673853,0,0.7326558466117442,0.9987437679111216,0.9987437679111216,0.9985474816472344
2025-09-21,NC-SBY-UTR-2,0.0,0.0,0.0,0.0,0.0,0.0,0.0,0.0,0.0,0,0.0,0.0,0.0,0.0
2025-09-21,NC-SBY-UTR-3,0.0,0.0,0.0,0.0,0.0,0.0,0.0,0.0,0.0,0,0.0,0.0,0.0,0.0
2025-09-21,NC-SBY-UTR-4,0.0,0.0,0.0,0.0,0.0,0.0,0.0,0.0,0.0,0,0.0,0.0,0.0,0.0
2025-09-21,NC-SBY-UTR-5,0.0,0.0,0.0,0.0,0.0,0.0,0.0,0.0,0.0,0,0.0,0.0,0.0,0.0
2025-09-21,NC-SBY-UTR-6,0.0,0.0,0.0,0.0,0.0,0.0,0.0,0.0,0.0,0,0.0,0.0,0.0,0.0
2025-09-21,NC-SBY-UTR-7,0.0,0.0,0.0,0.0,0.0,0.0,0.0,0.0,0.0,0,0.0,0.0,0.0,0.0
2025-09-21,NC-SDA-UTR-24,0.0,0.0,0.0,0.0,0.0,0.0,0.0,0.0,0.0,0,0.0,0.0,0.0,0.0
2025-09-21,NC-SDA-UTR-25,0.0,0.0,0.0,0.0,0.0,0.0,0.0,0.0,0.0,0,0.0,0.0,0.0,0.0
2025-09-21,NC-SDA-UTR-26,0.0,0.0,0.0,0.0,0.0,0.0,0.0,0.0,0.0,0,0.0,0.0,0.0,0.0
2025-09-21,OA_CLUSTER,0.0,0.0706454024420633,0.0,0.0706454024420633,3918.0432340000007,4.093283681678435,0.9070335416344476,27391.821326,0.0145274839090892,0,0.0587845574353262,0.0705683000307714,0.0705683000307714,0.0705590992167553
2025-09-22,NC-SBY-BRT-15,0.0,0.0,0.0,0.0,0.0,0.0,0.0,0.0,0.0,0,0.0,0.0,0.0,0.0
2025-09-22,NC-SBY-BRT-16,0.0,0.0,0.0,0.0,0.0,0.0,0.0,0.0,0.0,0,0.0,0.0,0.0,0.0
2025-09-22,NC-SBY-BRT-17,0.0,0.0,0.0,0.0,0.0,0.0,0.0,0.0,0.0,0,0.0,0.0,0.0,0.0
2025-09-22,NC-SBY-SEL-18,0.0,0.0,0.0,0.0,0.0,0.0,0.0,0.0,0.0,0,0.0,0.0,0.0,0.0
2025-09-22,NC-SBY-SEL-19,0.0,0.0,0.0,0.0,0.0,0.0,0.0,0.0,0.0,0,0.0,0.0,0.0,0.0
2025-09-22,NC-SBY-SEL-20,0.0,0.0,0.0,0.0,0.0,0.0,0.0,0.0,0.0,0,0.0,0.0,0.0,0.0
2025-09-22,NC-SBY-SEL-21,0.0,0.0,0.0,0.0,0.0,0.0,0.0,0.0,0.0,0,0.0,0.0,0.0,0.0
2025-09-22,NC-SBY-SEL-22,0.0,0.0,0.0,0.0,0.0,0.0,0.0,0.0,0.0,0,0.0,0.0,0.0,0.0
2025-09-22,NC-SBY-SEL-23,0.0,1.0,0.0,1.0,1268.968436,49.96683426448382,10.562051081744722,10147.3560257,0.250055719813185,0,0.9947291202521328,0.9994611101131669,0.9994611101131669,0.9991916651697504
2025-09-22,NC-SBY-TMR-10,0.0,0.0,0.0,0.0,0.0,0.0,0.0,0.0,0.0,0,0.0,0.0,0.0,0.0
2025-09-22,NC-SBY-TMR-11,0.0,0.0,0.0,0.0,0.0,0.0,0.0,0.0,0.0,0,0.0,0.0,0.0,0.0
2025-09-22,NC-SBY-TMR-12,0.0,0.0,0.0,0.0,0.0,0.0,0.0,0.0,0.0,0,0.0,0.0,0.0,0.0
2025-09-22,NC-SBY-TMR-13,0.0,0.0,0.0,0.0,0.0,0.0,0.0,0.0,0.0,0,0.0,0.0,0.0,0.0
2025-09-22,NC-SBY-TMR-14,0.0,0.0,0.0,0.0,0.0,0.0,0.0,0.0,0.0,0,0.0,0.0,0.0,0.0
2025-09-22,NC-SBY-TMR-8,0.0,0.0,0.0,0.0,0.0,0.0,0.0,0.0,0.0,0,0.0,0.0,0.0,0.0
2025-09-22,NC-SBY-TMR-9,0.0,0.0,0.0,0.0,0.0,0.0,0.0,0.0,0.0,0,0.0,0.0,0.0,0.0
2025-09-22,NC-SBY-UTR-1,0.0,1.0,8.140471984565665e-06,1.0,3074.467719999999,55.65172090801397,10.905067584244732,23762.7627767,0.2537140020966814,0,0.9140614665549628,0.9994684526657098,0.9994684526657098,0.9989900600648488
2025-09-22,NC-SBY-UTR-2,0.0,0.0,0.0,0.0,0.0,0.0,0.0,0.0,0.0,0,0.0,0.0,0.0,0.0
2025-09-22,NC-SBY-UTR-3,0.0,0.0,0.0,0.0,0.0,0.0,0.0,0.0,0.0,0,0.0,0.0,0.0,0.0
2025-09-22,NC-SBY-UTR-4,0.0,0.0,0.0,0.0,0.0,0.0,0.0,0.0,0.0,0,0.0,0.0,0.0,0.0
2025-09-22,NC-SBY-UTR-5,0.0,0.0,0.0,0.0,0.0,0.0,0.0,0.0,0.0,0,0.0,0.0,0.0,0.0
2025-09-22,NC-SBY-UTR-6,0.0,0.0,0.0,0.0,0.0,0.0,0.0,0.0,0.0,0,0.0,0.0,0.0,0.0
2025-09-22,NC-SBY-UTR-7,0.0,0.0,0.0,0.0,0.0,0.0,0.0,0.0,0.0,0,0.0,0.0,0.0,0.0
2025-09-22,NC-SDA-UTR-24,0.0,0.0,0.0,0.0,0.0,0.0,0.0,0.0,0.0,0,0.0,0.0,0.0,0.0
2025-09-22,NC-SDA-UTR-25,0.0,0.0,0.0,0.0,0.0,0.0,0.0,0.0,0.0,0,0.0,0.0,0.0,0.0
2025-09-22,NC-SDA-UTR-26,0.0,0.0,0.0,0.0,0.0,0.0,0.0,0.0,0.0,0,0.0,0.0,0.0,0.0
2025-09-22,OA_CLUSTER,0.0,0.0706806282722513,3.166077361237207e-07,0.0706806282722513,4343.436155999999,3.75278978568234,0.7598733622699153,33910.1188024,0.017816377113753,0,0.0671706685651261,0.0706428247707004,0.0706428247707004,0.0706156536223534
2025-09-23,NC-SBY-BRT-15,0.0,0.0,0.0,0.0,0.0,0.0,0.0,0.0,0.0,0,0.0,0.0,0.0,0.0
2025-09-23,NC-SBY-BRT-16,0.0,0.0,0.0,0.0,0.0,0.0,0.0,0.0,0.0,0,0.0,0.0,0.0,0.0
2025-09-23,NC-SBY-BRT-17,0.0,0.0,0.0,0.0,0.0,0.0,0.0,0.0,0.0,0,0.0,0.0,0.0,0.0
2025-09-23,NC-SBY-SEL-18,0.0,0.0,0.0,0.0,0.0,0.0,0.0,0.0,0.0,0,0.0,0.0,0.0,0.0
2025-09-23,NC-SBY-SEL-19,0.0,0.0,0.0,0.0,0.0,0.0,0.0,0.0,0.0,0,0.0,0.0,0.0,0.0
2025-09-23,NC-SBY-SEL-20,0.0,0.0,0.0,0.0,0.0,0.0,0.0,0.0,0.0,0,0.0,0.0,0.0,0.0
2025-09-23,NC-SBY-SEL-21,0.0,0.0,0.0,0.0,0.0,0.0,0.0,0.0,0.0,0,0.0,0.0,0.0,0.0
2025-09-23,NC-SBY-SEL-22,0.0,0.0,0.0,0.0,0.0,0.0,0.0,0.0,0.0,0,0.0,0.0,0.0,0.0
2025-09-23,NC-SBY-SEL-23,0.0,1.0,0.0,1.0,1263.6264990000004,50.63062302586763,11.290509799340011,10072.9686107,0.2441885978205369,0,0.9943531057918144,0.999034282955094,0.999034282955094,0.999034282955094
2025-09-23,NC-SBY-TMR-10,0.0,0.0,0.0,0.0,0.0,0.0,0.0,0.0,0.0,0,0.0,0.0,0.0,0.0
2025-09-23,NC-SBY-TMR-11,0.0,0.0,0.0,0.0,0.0,0.0,0.0,0.0,0.0,0,0.0,0.0,0.0,0.0
2025-09-23,NC-SBY-TMR-12,0.0,0.0,0.0,0.0,0.0,0.0,0.0,0.0,0.0,0,0.0,0.0,0.0,0.0
2025-09-23,NC-SBY-TMR-13,0.0,0.0,0.0,0.0,0.0,0.0,0.0,0.0,0.0,0,0.0,0.0,0.0,0.0
2025-09-23,NC-SBY-TMR-14,0.0,0.0,0.0,0.0,0.0,0.0,0.0,0.0,0.0,0,0.0,0.0,0.0,0.0
2025-09-23,NC-SBY-TMR-8,0.0,0.0,0.0,0.0,0.0,0.0,0.0,0.0,0.0,0,0.0,0.0,0.0,0.0
2025-09-23,NC-SBY-TMR-9,0.0,0.0,0.0,0.0,0.0,0.0,0.0,0.0,0.0,0,0.0,0.0,0.0,0.0
2025-09-23,NC-SBY-UTR-1,0.0,1.0,3.30398295144797e-05,1.0,3133.322888,54.768035873975485,11.031554729896971,24056.1125006,0.2717402235471123,0,0.9846966480722712,0.9990752845891394,0.9990752845891394,0.998756417206084
2025-09-23,NC-SBY-UTR-2,0.0,0.0,0.0,0.0,0.0,0.0,0.0,0.0,0.0,0,0.0,0.0,0.0,0.0
2025-09-23,NC-SBY-UTR-3,0.0,0.0,0.0,0.0,0.0,0.0,0.0,0.0,0.0,0,0.0,0.0,0.0,0.0
2025-09-23,NC-SBY-UTR-4,0.0,0.0,0.0,0.0,0.0,0.0,0.0,0.0,0.0,0,0.0,0.0,0.0,0.0
2025-09-23,NC-SBY-UTR-5,0.0,0.0,0.0,0.0,0.0,0.0,0.0,0.0,0.0,0,0.0,0.0,0.0,0.0
2025-09-23,NC-SBY-UTR-6,0.0,0.0,0.0,0.0,0.0,0.0,0.0,0.0,0.0,0,0.0,0.0,0.0,0.0
2025-09-23,NC-SBY-UTR-7,0.0,0.0,0.0,0.0,0.0,0.0,0.0,0.0,0.0,0,0.0,0.0,0.0,0.0
2025-09-23,NC-SDA-UTR-24,0.0,0.0,0.0,0.0,0.0,0.0,0.0,0.0,0.0,0,0.0,0.0,0.0,0.0
2025-09-23,NC-SDA-UTR-25,0.0,0.0,0.0,0.0,0.0,0.0,0.0,0.0,0.0,0,0.0,0.0,0.0,0.0
2025-09-23,NC-SDA-UTR-26,0.0,0.0,0.0,0.0,0.0,0.0,0.0,0.0,0.0,0,0.0,0.0,0.0,0.0
2025-09-23,OA_CLUSTER,0.0,0.0709669400944568,1.2811865285256858e-06,0.0709669400944568,4396.949387000001,3.753536981901575,0.7912114235342927,34129.081111299995,0.0183976878675389,0,0.0701917485208337,0.0708999960324609,0.0708999960324609,0.0708876313017235
2025-09-24,NC-SBY-BRT-15,0.0,0.0,0.0,0.0,0.0,0.0,0.0,0.0,0.0,0,0.0,0.0,0.0,0.0
2025-09-24,NC-SBY-BRT-16,0.0,0.0,0.0,0.0,0.0,0.0,0.0,0.0,0.0,0,0.0,0.0,0.0,0.0
2025-09-24,NC-SBY-BRT-17,0.0,0.0,0.0,0.0,0.0,0.0,0.0,0.0,0.0,0,0.0,0.0,0.0,0.0
2025-09-24,NC-SBY-SEL-18,0.0,0.0,0.0,0.0,0.0,0.0,0.0,0.0,0.0,0,0.0,0.0,0.0,0.0
2025-09-24,NC-SBY-SEL-19,0.0,0.0,0.0,0.0,0.0,0.0,0.0,0.0,0.0,0,0.0,0.0,0.0,0.0
2025-09-24,NC-SBY-SEL-20,0.0,0.0,0.0,0.0,0.0,0.0,0.0,0.0,0.0,0,0.0,0.0,0.0,0.0
2025-09-24,NC-SBY-SEL-21,0.0,0.0,0.0,0.0,0.0,0.0,0.0,0.0,0.0,0,0.0,0.0,0.0,0.0
2025-09-24,NC-SBY-SEL-22,0.0,0.0,0.0,0.0,0.0,0.0,0.0,0.0,0.0,0,0.0,0.0,0.0,0.0
2025-09-24,NC-SBY-SEL-23,0.0,1.0,2.1437146287086264e-05,1.0,1255.4733910000004,51.57982729356497,9.292196674803568,10103.7502763,0.2737442049153004,0,0.9952773311897106,0.9990658174097664,0.9990658174097664,0.9990658174097664
2025-09-24,NC-SBY-TMR-10,0.0,0.0,0.0,0.0,0.0,0.0,0.0,0.0,0.0,0,0.0,0.0,0.0,0.0
2025-09-24,NC-SBY-TMR-11,0.0,0.0,0.0,0.0,0.0,0.0,0.0,0.0,0.0,0,0.0,0.0,0.0,0.0
2025-09-24,NC-SBY-TMR-12,0.0,0.0,0.0,0.0,0.0,0.0,0.0,0.0,0.0,0,0.0,0.0,0.0,0.0
2025-09-24,NC-SBY-TMR-13,0.0,0.0,0.0,0.0,0.0,0.0,0.0,0.0,0.0,0,0.0,0.0,0.0,0.0
2025-09-24,NC-SBY-TMR-14,0.0,0.0,0.0,0.0,0.0,0.0,0.0,0.0,0.0,0,0.0,0.0,0.0,0.0
2025-09-24,NC-SBY-TMR-8,0.0,0.0,0.0,0.0,0.0,0.0,0.0,0.0,0.0,0,0.0,0.0,0.0,0.0
2025-09-24,NC-SBY-TMR-9,0.0,0.0,0.0,0.0,0.0,0.0,0.0,0.0,0.0,0,0.0,0.0,0.0,0.0
2025-09-24,NC-SBY-UTR-1,0.0,1.0,1.754693805930865e-05,1.0,3051.868891,54.06973101783302,8.20789042147445,23294.16971910001,0.2672207027405871,0,0.9744450138023372,0.9995829733996604,0.9995829733996604,0.9993744600994906
2025-09-24,NC-SBY-UTR-2,0.0,0.0,0.0,0.0,0.0,0.0,0.0,0.0,0.0,0,0.0,0.0,0.0,0.0
2025-09-24,NC-SBY-UTR-3,0.0,0.0,0.0,0.0,0.0,0.0,0.0,0.0,0.0,0,0.0,0.0,0.0,0.0
2025-09-24,NC-SBY-UTR-4,0.0,0.0,0.0,0.0,0.0,0.0,0.0,0.0,0.0,0,0.0,0.0,0.0,0.0
2025-09-24,NC-SBY-UTR-5,0.0,0.0,0.0,0.0,0.0,0.0,0.0,0.0,0.0,0,0.0,0.0,0.0,0.0
2025-09-24,NC-SBY-UTR-6,0.0,0.0,0.0,0.0,0.0,0.0,0.0,0.0,0.0,0,0.0,0.0,0.0,0.0
2025-09-24,NC-SBY-UTR-7,0.0,0.0,0.0,0.0,0.0,0.0,0.0,0.0,0.0,0,0.0,0.0,0.0,0.0
2025-09-24,NC-SDA-UTR-24,0.0,0.0,0.0,0.0,0.0,0.0,0.0,0.0,0.0,0,0.0,0.0,0.0,0.0
2025-09-24,NC-SDA-UTR-25,0.0,0.0,0.0,0.0,0.0,0.0,0.0,0.0,0.0,0,0.0,0.0,0.0,0.0
2025-09-24,NC-SDA-UTR-26,0.0,0.0,0.0,0.0,0.0,0.0,0.0,0.0,0.0,0,0.0,0.0,0.0,0.0
2025-09-24,OA_CLUSTER,0.0,0.0716421629703463,1.3845768935968088e-06,0.0716421629703463,4307.3422820000005,3.792082065259343,0.6235621152471177,33397.91999540001,0.0193580345312468,0,0.070493992326093,0.0715953398554027,0.0715953398554027,0.0715872341801407
2025-09-25,NC-SBY-BRT-15,0.0,0.0,0.0,0.0,0.0,0.0,0.0,0.0,0.0,0,0.0,0.0,0.0,0.0
2025-09-25,NC-SBY-BRT-16,0.0,0.0,0.0,0.0,0.0,0.0,0.0,0.0,0.0,0,0.0,0.0,0.0,0.0
2025-09-25,NC-SBY-BRT-17,0.0,0.0,0.0,0.0,0.0,0.0,0.0,0.0,0.0,0,0.0,0.0,0.0,0.0
2025-09-25,NC-SBY-SEL-18,0.0,0.0,0.0,0.0,0.0,0.0,0.0,0.0,0.0,0,0.0,0.0,0.0,0.0
2025-09-25,NC-SBY-SEL-19,0.0,0.0,0.0,0.0,0.0,0.0,0.0,0.0,0.0,0,0.0,0.0,0.0,0.0
2025-09-25,NC-SBY-SEL-20,0.0,0.0,0.0,0.0,0.0,0.0,0.0,0.0,0.0,0,0.0,0.0,0.0,0.0
2025-09-25,NC-SBY-SEL-21,0.0,0.0,0.0,0.0,0.0,0.0,0.0,0.0,0.0,0,0.0,0.0,0.0,0.0
2025-09-25,NC-SBY-SEL-22,0.0,0.0,0.0,0.0,0.0,0.0,0.0,0.0,0.0,0,0.0,0.0,0.0,0.0
2025-09-25,NC-SBY-SEL-23,0.0,1.0,0.0,1.0,1239.507614,51.1520820328176,8.373570706995196,9899.1905556,0.2671809380251082,1,0.9783311157574606,0.9993099746990723,0.9993099746990723,0.9990799662654296
2025-09-25,NC-SBY-TMR-10,0.0,0.0,0.0,0.0,0.0,0.0,0.0,0.0,0.0,0,0.0,0.0,0.0,0.0
2025-09-25,NC-SBY-TMR-11,0.0,0.0,0.0,0.0,0.0,0.0,0.0,0.0,0.0,0,0.0,0.0,0.0,0.0
2025-09-25,NC-SBY-TMR-12,0.0,0.0,0.0,0.0,0.0,0.0,0.0,0.0,0.0,0,0.0,0.0,0.0,0.0
2025-09-25,NC-SBY-TMR-13,0.0,0.0,0.0,0.0,0.0,0.0,0.0,0.0,0.0,0,0.0,0.0,0.0,0.0
2025-09-25,NC-SBY-TMR-14,0.0,0.0,0.0,0.0,0.0,0.0,0.0,0.0,0.0,0,0.0,0.0,0.0,0.0
2025-09-25,NC-SBY-TMR-8,0.0,0.0,0.0,0.0,0.0,0.0,0.0,0.0,0.0,0,0.0,0.0,0.0,0.0
2025-09-25,NC-SBY-TMR-9,0.0,0.0,0.0,0.0,0.0,0.0,0.0,0.0,0.0,0,0.0,0.0,0.0,0.0
2025-09-25,NC-SBY-UTR-1,0.0,1.0,1.7102787754403968e-05,1.0,3057.398075,55.6635789518153,8.238793353715854,23385.427778199995,0.2560541341121976,0,0.9805862551301168,0.99937928358981,0.99937928358981,0.9992241044872624
2025-09-25,NC-SBY-UTR-2,0.0,0.0,0.0,0.0,0.0,0.0,0.0,0.0,0.0,0,0.0,0.0,0.0,0.0
2025-09-25,NC-SBY-UTR-3,0.0,0.0,0.0,0.0,0.0,0.0,0.0,0.0,0.0,0,0.0,0.0,0.0,0.0
2025-09-25,NC-SBY-UTR-4,0.0,0.0,0.0,0.0,0.0,0.0,0.0,0.0,0.0,0,0.0,0.0,0.0,0.0
2025-09-25,NC-SBY-UTR-5,0.0,0.0,0.0,0.0,0.0,0.0,0.0,0.0,0.0,0,0.0,0.0,0.0,0.0
2025-09-25,NC-SBY-UTR-6,0.0,0.0,0.0,0.0,0.0,0.0,0.0,0.0,0.0,0,0.0,0.0,0.0,0.0
2025-09-25,NC-SBY-UTR-7,0.0,0.0,0.0,0.0,0.0,0.0,0.0,0.0,0.0,0,0.0,0.0,0.0,0.0
2025-09-25,NC-SDA-UTR-24,0.0,0.0,0.0,0.0,0.0,0.0,0.0,0.0,0.0,0,0.0,0.0,0.0,0.0
2025-09-25,NC-SDA-UTR-25,0.0,0.0,0.0,0.0,0.0,0.0,0.0,0.0,0.0,0,0.0,0.0,0.0,0.0
2025-09-25,NC-SDA-UTR-26,0.0,0.0,0.0,0.0,0.0,0.0,0.0,0.0,0.0,0,0.0,0.0,0.0,0.0
2025-09-25,OA_CLUSTER,0.0,0.0713930965979637,6.625366003692622e-07,0.0713930965979637,4296.905688999999,3.8266742249313888,0.5925940678295359,33284.6183338,0.0186438386570162,1,0.0699334486025339,0.0713465184785046,0.0713465184785046,0.0713329962413501
2025-09-26,NC-SBY-BRT-15,0.0,0.0,0.0,0.0,0.0,0.0,0.0,0.0,0.0,0,0.0,0.0,0.0,0.0
2025-09-26,NC-SBY-BRT-16,0.0,0.0,0.0,0.0,0.0,0.0,0.0,0.0,0.0,0,0.0,0.0,0.0,0.0
2025-09-26,NC-SBY-BRT-17,0.0,0.0,0.0,0.0,0.0,0.0,0.0,0.0,0.0,0,0.0,0.0,0.0,0.0
2025-09-26,NC-SBY-SEL-18,0.0,0.0,0.0,0.0,0.0,0.0,0.0,0.0,0.0,0,0.0,0.0,0.0,0.0
2025-09-26,NC-SBY-SEL-19,0.0,0.0,0.0,0.0,0.0,0.0,0.0,0.0,0.0,0,0.0,0.0,0.0,0.0
2025-09-26,NC-SBY-SEL-20,0.0,0.0,0.0,0.0,0.0,0.0,0.0,0.0,0.0,0,0.0,0.0,0.0,0.0
2025-09-26,NC-SBY-SEL-21,0.0,0.0,0.0,0.0,0.0,0.0,0.0,0.0,0.0,0,0.0,0.0,0.0,0.0
2025-09-26,NC-SBY-SEL-22,0.0,0.0,0.0,0.0,0.0,0.0,0.0,0.0,0.0,0,0.0,0.0,0.0,0.0
2025-09-26,NC-SBY-SEL-23,0.0,1.0,0.0,1.0,1251.3934150000002,52.81591883637774,11.274738023030848,10036.4513885,0.2260497376228457,0,0.9964201647704982,0.9990272373540856,0.9990272373540856,0.9985408560311284
2025-09-26,NC-SBY-TMR-10,0.0,0.0,0.0,0.0,0.0,0.0,0.0,0.0,0.0,0,0.0,0.0,0.0,0.0
2025-09-26,NC-SBY-TMR-11,0.0,0.0,0.0,0.0,0.0,0.0,0.0,0.0,0.0,0,0.0,0.0,0.0,0.0
2025-09-26,NC-SBY-TMR-12,0.0,0.0,0.0,0.0,0.0,0.0,0.0,0.0,0.0,0,0.0,0.0,0.0,0.0
2025-09-26,NC-SBY-TMR-13,0.0,0.0,0.0,0.0,0.0,0.0,0.0,0.0,0.0,0,0.0,0.0,0.0,0.0
2025-09-26,NC-SBY-TMR-14,0.0,0.0,0.0,0.0,0.0,0.0,0.0,0.0,0.0,0,0.0,0.0,0.0,0.0
2025-09-26,NC-SBY-TMR-8,0.0,0.0,0.0,0.0,0.0,0.0,0.0,0.0,0.0,0,0.0,0.0,0.0,0.0
2025-09-26,NC-SBY-TMR-9,0.0,0.0,0.0,0.0,0.0,0.0,0.0,0.0,0.0,0,0.0,0.0,0.0,0.0
2025-09-26,NC-SBY-UTR-1,0.0,1.0,0.0,1.0,3052.885392,59.24097725859831,12.490953524509486,22721.379167299998,0.2358018936308497,0,0.9856037051431532,0.9996066296024336,0.9996066296024336,0.9993443826707228
2025-09-26,NC-SBY-UTR-2,0.0,0.0,0.0,0.0,0.0,0.0,0.0,0.0,0.0,0,0.0,0.0,0.0,0.0
2025-09-26,NC-SBY-UTR-3,0.0,0.0,0.0,0.0,0.0,0.0,0.0,0.0,0.0,0,0.0,0.0,0.0,0.0
2025-09-26,NC-SBY-UTR-4,0.0,0.0,0.0,0.0,0.0,0.0,0.0,0.0,0.0,0,0.0,0.0,0.0,0.0
2025-09-26,NC-SBY-UTR-5,0.0,0.0,0.0,0.0,0.0,0.0,0.0,0.0,0.0,0,0.0,0.0,0.0,0.0
2025-09-26,NC-SBY-UTR-6,0.0,0.0,0.0,0.0,0.0,0.0,0.0,0.0,0.0,0,0.0,0.0,0.0,0.0
2025-09-26,NC-SBY-UTR-7,0.0,0.0,0.0,0.0,0.0,0.0,0.0,0.0,0.0,0,0.0,0.0,0.0,0.0
2025-09-26,NC-SDA-UTR-24,0.0,0.0,0.0,0.0,0.0,0.0,0.0,0.0,0.0,0,0.0,0.0,0.0,0.0
2025-09-26,NC-SDA-UTR-25,0.0,0.0,0.0,0.0,0.0,0.0,0.0,0.0,0.0,0,0.0,0.0,0.0,0.0
2025-09-26,NC-SDA-UTR-26,0.0,0.0,0.0,0.0,0.0,0.0,0.0,0.0,0.0,0,0.0,0.0,0.0,0.0
2025-09-26,OA_CLUSTER,0.0,0.0711633663366336,0.0,0.0711633663366336,4304.278807,4.006654895872527,0.8493110890722863,32757.8305558,0.0164630286890635,0,0.0704909479380327,0.0711165138440697,0.0711165138440697,0.0710905560061203
2025-09-27,NC-SBY-BRT-15,0.0,0.0,0.0,0.0,0.0,0.0,0.0,0.0,0.0,0,0.0,0.0,0.0,0.0
2025-09-27,NC-SBY-BRT-16,0.0,0.0,0.0,0.0,0.0,0.0,0.0,0.0,0.0,0,0.0,0.0,0.0,0.0
2025-09-27,NC-SBY-BRT-17,0.0,0.0,0.0,0.0,0.0,0.0,0.0,0.0,0.0,0,0.0,0.0,0.0,0.0
2025-09-27,NC-SBY-SEL-18,0.0,0.0,0.0,0.0,0.0,0.0,0.0,0.0,0.0,0,0.0,0.0,0.0,0.0
2025-09-27,NC-SBY-SEL-19,0.0,0.0,0.0,0.0,0.0,0.0,0.0,0.0,0.0,0,0.0,0.0,0.0,0.0
2025-09-27,NC-SBY-SEL-20,0.0,0.0,0.0,0.0,0.0,0.0,0.0,0.0,0.0,0,0.0,0.0,0.0,0.0
2025-09-27,NC-SBY-SEL-21,0.0,0.0,0.0,0.0,0.0,0.0,0.0,0.0,0.0,0,0.0,0.0,0.0,0.0
2025-09-27,NC-SBY-SEL-22,0.0,0.0,0.0,0.0,0.0,0.0,0.0,0.0,0.0,0,0.0,0.0,0.0,0.0
2025-09-27,NC-SBY-SEL-23,0.0,1.0,0.0,1.0,1298.4703019999995,51.771319347211005,11.453843324084437,9944.1663881,0.2165397536851561,0,0.9965623622741296,0.999715767782278,0.999715767782278,0.9994315355645562
2025-09-27,NC-SBY-TMR-10,0.0,0.0,0.0,0.0,0.0,0.0,0.0,0.0,0.0,0,0.0,0.0,0.0,0.0
2025-09-27,NC-SBY-TMR-11,0.0,0.0,0.0,0.0,0.0,0.0,0.0,0.0,0.0,0,0.0,0.0,0.0,0.0
2025-09-27,NC-SBY-TMR-12,0.0,0.0,0.0,0.0,0.0,0.0,0.0,0.0,0.0,0,0.0,0.0,0.0,0.0
2025-09-27,NC-SBY-TMR-13,0.0,0.0,0.0,0.0,0.0,0.0,0.0,0.0,0.0,0,0.0,0.0,0.0,0.0
2025-09-27,NC-SBY-TMR-14,0.0,0.0,0.0,0.0,0.0,0.0,0.0,0.0,0.0,0,0.0,0.0,0.0,0.0
2025-09-27,NC-SBY-TMR-8,0.0,0.0,0.0,0.0,0.0,0.0,0.0,0.0,0.0,0,0.0,0.0,0.0,0.0
2025-09-27,NC-SBY-TMR-9,0.0,0.0,0.0,0.0,0.0,0.0,0.0,0.0,0.0,0,0.0,0.0,0.0,0.0
2025-09-27,NC-SBY-UTR-1,0.0,1.0,0.0,1.0,2570.465444,64.03815743421258,13.473212029923738,18409.4419444,0.1908334146162582,0,0.977938864951828,0.9997985982437768,0.9997985982437768,0.9995569161363088
2025-09-27,NC-SBY-UTR-2,0.0,0.0,0.0,0.0,0.0,0.0,0.0,0.0,0.0,0,0.0,0.0,0.0,0.0
2025-09-27,NC-SBY-UTR-3,0.0,0.0,0.0,0.0,0.0,0.0,0.0,0.0,0.0,0,0.0,0.0,0.0,0.0
2025-09-27,NC-SBY-UTR-4,0.0,0.0,0.0,0.0,0.0,0.0,0.0,0.0,0.0,0,0.0,0.0,0.0,0.0
2025-09-27,NC-SBY-UTR-5,0.0,0.0,0.0,0.0,0.0,0.0,0.0,0.0,0.0,0,0.0,0.0,0.0,0.0
2025-09-27,NC-SBY-UTR-6,0.0,0.0,0.0,0.0,0.0,0.0,0.0,0.0,0.0,0,0.0,0.0,0.0,0.0
2025-09-27,NC-SBY-UTR-7,0.0,0.0,0.0,0.0,0.0,0.0,0.0,0.0,0.0,0,0.0,0.0,0.0,0.0
2025-09-27,NC-SDA-UTR-24,0.0,0.0,0.0,0.0,0.0,0.0,0.0,0.0,0.0,0,0.0,0.0,0.0,0.0
2025-09-27,NC-SDA-UTR-25,0.0,0.0,0.0,0.0,0.0,0.0,0.0,0.0,0.0,0,0.0,0.0,0.0,0.0
2025-09-27,NC-SDA-UTR-26,0.0,0.0,0.0,0.0,0.0,0.0,0.0,0.0,0.0,0,0.0,0.0,0.0,0.0
2025-09-27,OA_CLUSTER,0.0,0.070630143716988,0.0,0.070630143716988,3868.935746,4.126736532095666,0.8863779569549703,28353.6083325,0.0143090505563774,0,0.0696736060856241,0.0706132427931209,0.0706132427931209,0.0705947981437177
2025-09-28,NC-SBY-BRT-15,0.0,0.0,0.0,0.0,0.0,0.0,0.0,0.0,0.0,0,0.0,0.0,0.0,0.0
2025-09-28,NC-SBY-BRT-16,0.0,0.0,0.0,0.0,0.0,0.0,0.0,0.0,0.0,0,0.0,0.0,0.0,0.0
2025-09-28,NC-SBY-BRT-17,0.0,0.0,0.0,0.0,0.0,0.0,0.0,0.0,0.0,0,0.0,0.0,0.0,0.0
2025-09-28,NC-SBY-SEL-18,0.0,0.0,0.0,0.0,0.0,0.0,0.0,0.0,0.0,0,0.0,0.0,0.0,0.0
2025-09-28,NC-SBY-SEL-19,0.0,0.0,0.0,0.0,0.0,0.0,0.0,0.0,0.0,0,0.0,0.0,0.0,0.0
2025-09-28,NC-SBY-SEL-20,0.0,0.0,0.0,0.0,0.0,0.0,0.0,0.0,0.0,0,0.0,0.0,0.0,0.0
2025-09-28,NC-SBY-SEL-21,0.0,0.0,0.0,0.0,0.0,0.0,0.0,0.0,0.0,0,0.0,0.0,0.0,0.0
2025-09-28,NC-SBY-SEL-22,0.0,0.0,0.0,0.0,0.0,0.0,0.0,0.0,0.0,0,0.0,0.0,0.0,0.0
2025-09-28,NC-SBY-SEL-23,0.0,1.0,0.0,1.0,1372.559077,52.0393011442887,9.60672705965396,10245.5883332,0.2568696595144668,0,0.9966714024761518,0.9997132534266217,0.9997132534266217,0.9993691575385674
2025-09-28,NC-SBY-TMR-10,0.0,0.0,0.0,0.0,0.0,0.0,0.0,0.0,0.0,0,0.0,0.0,0.0,0.0
2025-09-28,NC-SBY-TMR-11,0.0,0.0,0.0,0.0,0.0,0.0,0.0,0.0,0.0,0,0.0,0.0,0.0,0.0
2025-09-28,NC-SBY-TMR-12,0.0,0.0,0.0,0.0,0.0,0.0,0.0,0.0,0.0,0,0.0,0.0,0.0,0.0
2025-09-28,NC-SBY-TMR-13,0.0,0.0,0.0,0.0,0.0,0.0,0.0,0.0,0.0,0,0.0,0.0,0.0,0.0
2025-09-28,NC-SBY-TMR-14,0.0,0.0,0.0,0.0,0.0,0.0,0.0,0.0,0.0,0,0.0,0.0,0.0,0.0
2025-09-28,NC-SBY-TMR-8,0.0,0.0,0.0,0.0,0.0,0.0,0.0,0.0,0.0,0,0.0,0.0,0.0,0.0
2025-09-28,NC-SBY-TMR-9,0.0,0.0,0.0,0.0,0.0,0.0,0.0,0.0,0.0,0,0.0,0.0,0.0,0.0
2025-09-28,NC-SBY-UTR-1,0.0,1.0,0.0,1.0,2443.454079,66.81611082292815,14.671289906176806,16814.126666100005,0.154985419608973,0,0.969332623088045,0.9993683878098848,0.9993683878098848,0.9989999473656508
2025-09-28,NC-SBY-UTR-2,0.0,0.0,0.0,0.0,0.0,0.0,0.0,0.0,0.0,0,0.0,0.0,0.0,0.0
2025-09-28,NC-SBY-UTR-3,0.0,0.0,0.0,0.0,0.0,0.0,0.0,0.0,0.0,0,0.0,0.0,0.0,0.0
2025-09-28,NC-SBY-UTR-4,0.0,0.0,0.0,0.0,0.0,0.0,0.0,0.0,0.0,0,0.0,0.0,0.0,0.0
2025-09-28,NC-SBY-UTR-5,0.0,0.0,0.0,0.0,0.0,0.0,0.0,0.0,0.0,0,0.0,0.0,0.0,0.0
2025-09-28,NC-SBY-UTR-6,0.0,0.0,0.0,0.0,0.0,0.0,0.0,0.0,0.0,0,0.0,0.0,0.0,0.0
2025-09-28,NC-SBY-UTR-7,0.0,0.0,0.0,0.0,0.0,0.0,0.0,0.0,0.0,0,0.0,0.0,0.0,0.0
2025-09-28,NC-SDA-UTR-24,0.0,0.0,0.0,0.0,0.0,0.0,0.0,0.0,0.0,0,0.0,0.0,0.0,0.0
2025-09-28,NC-SDA-UTR-25,0.0,0.0,0.0,0.0,0.0,0.0,0.0,0.0,0.0,0,0.0,0.0,0.0,0.0
2025-09-28,NC-SDA-UTR-26,0.0,0.0,0.0,0.0,0.0,0.0,0.0,0.0,0.0,0,0.0,0.0,0.0,0.0
2025-09-28,OA_CLUSTER,0.0,0.0705694648993618,0.0,0.0705694648993618,3816.013156,4.238213399325173,0.8718718295797931,27059.71499930001,0.0142258433198704,0,0.069287721803473,0.0705360238890384,0.0705360238890384,0.0705108090342079
2025-09-29,NC-SBY-BRT-15,0.0,0.0,0.0,0.0,0.0,0.0,0.0,0.0,0.0,0,0.0,0.0,0.0,0.0
2025-09-29,NC-SBY-BRT-16,0.0,0.0,0.0,0.0,0.0,0.0,0.0,0.0,0.0,0,0.0,0.0,0.0,0.0
2025-09-29,NC-SBY-BRT-17,0.0,0.0,0.0,0.0,0.0,0.0,0.0,0.0,0.0,0,0.0,0.0,0.0,0.0
2025-09-29,NC-SBY-SEL-18,0.0,0.0,0.0,0.0,0.0,0.0,0.0,0.0,0.0,0,0.0,0.0,0.0,0.0
2025-09-29,NC-SBY-SEL-19,0.0,0.0,0.0,0.0,0.0,0.0,0.0,0.0,0.0,0,0.0,0.0,0.0,0.0
2025-09-29,NC-SBY-SEL-20,0.0,0.0,0.0,0.0,0.0,0.0,0.0,0.0,0.0,0,0.0,0.0,0.0,0.0
2025-09-29,NC-SBY-SEL-21,0.0,0.0,0.0,0.0,0.0,0.0,0.0,0.0,0.0,0,0.0,0.0,0.0,0.0
2025-09-29,NC-SBY-SEL-22,0.0,0.0,0.0,0.0,0.0,0.0,0.0,0.0,0.0,0,0.0,0.0,0.0,0.0
2025-09-29,NC-SBY-SEL-23,0.0,1.0,0.0,1.0,1256.057639,55.79301389870754,11.208506664633685,9744.1780549,0.2338429884619711,0,0.9577490661931296,0.999542508577964,0.999542508577964,0.9994662600076248
2025-09-29,NC-SBY-TMR-10,0.0,0.0,0.0,0.0,0.0,0.0,0.0,0.0,0.0,0,0.0,0.0,0.0,0.0
2025-09-29,NC-SBY-TMR-11,0.0,0.0,0.0,0.0,0.0,0.0,0.0,0.0,0.0,0,0.0,0.0,0.0,0.0
2025-09-29,NC-SBY-TMR-12,0.0,0.0,0.0,0.0,0.0,0.0,0.0,0.0,0.0,0,0.0,0.0,0.0,0.0
2025-09-29,NC-SBY-TMR-13,0.0,0.0,0.0,0.0,0.0,0.0,0.0,0.0,0.0,0,0.0,0.0,0.0,0.0
2025-09-29,NC-SBY-TMR-14,0.0,0.0,0.0,0.0,0.0,0.0,0.0,0.0,0.0,0,0.0,0.0,0.0,0.0
2025-09-29,NC-SBY-TMR-8,0.0,0.0,0.0,0.0,0.0,0.0,0.0,0.0,0.0,0,0.0,0.0,0.0,0.0
2025-09-29,NC-SBY-TMR-9,0.0,0.0,0.0,0.0,0.0,0.0,0.0,0.0,0.0,0,0.0,0.0,0.0,0.0
2025-09-29,NC-SBY-UTR-1,0.0,1.0,0.0,1.0,2887.2865719999995,65.0913250844758,8.30301216979018,21353.606109799995,0.221199575919068,0,0.8109065259878621,0.9994803995150396,0.9994803995150396,0.9995381329022572
2025-09-29,NC-SBY-UTR-2,0.9993029371128048,1.0,0.0,1.0,4461.680538000001,67.62509326373078,10.181962175554508,34372.19842999999,0.2409683580461541,1,0.8390041897403473,0.9996152702726336,0.9996152702726336,0.99940541769407
2025-09-29,NC-SBY-UTR-3,0.0,0.0,0.0,0.0,0.0,0.0,0.0,0.0,0.0,0,0.0,0.0,0.0,0.0
2025-09-29,NC-SBY-UTR-4,0.0,0.0,0.0,0.0,0.0,0.0,0.0,0.0,0.0,0,0.0,0.0,0.0,0.0
2025-09-29,NC-SBY-UTR-5,0.0,0.0,0.0,0.0,0.0,0.0,0.0,0.0,0.0,0,0.0,0.0,0.0,0.0
2025-09-29,NC-SBY-UTR-6,0.0,0.0,0.0,0.0,0.0,0.0,0.0,0.0,0.0,0,0.0,0.0,0.0,0.0
2025-09-29,NC-SBY-UTR-7,0.0,0.0,0.0,0.0,0.0,0.0,0.0,0.0,0.0,0,0.0,0.0,0.0,0.0
2025-09-29,NC-SDA-UTR-24,0.0,0.0,0.0,0.0,0.0,0.0,0.0,0.0,0.0,0,0.0,0.0,0.0,0.0
2025-09-29,NC-SDA-UTR-25,0.0,0.0,0.0,0.0,0.0,0.0,0.0,0.0,0.0,0,0.0,0.0,0.0,0.0
2025-09-29,NC-SDA-UTR-26,0.0,0.0,0.0,0.0,0.0,0.0,0.0,0.0,0.0,0,0.0,0.0,0.0,0.0
2025-09-29,OA_CLUSTER,0.0570426623721897,0.1285909712722298,0.0,0.1285909712722298,8605.024749,8.21066706750018,1.2699785708683888,65469.982594699984,0.0299862517094182,1,0.1106819753274251,0.1285338855191936,0.1285338855191936,0.1285216528502782
2025-09-30,NC-SBY-BRT-15,0.0,0.0,0.0,0.0,0.0,0.0,0.0,0.0,0.0,0,0.0,0.0,0.0,0.0
2025-09-30,NC-SBY-BRT-16,0.0,0.0,0.0,0.0,0.0,0.0,0.0,0.0,0.0,0,0.0,0.0,0.0,0.0
2025-09-30,NC-SBY-BRT-17,0.0,0.0,0.0,0.0,0.0,0.0,0.0,0.0,0.0,0,0.0,0.0,0.0,0.0
2025-09-30,NC-SBY-SEL-18,0.0,0.0,0.0,0.0,0.0,0.0,0.0,0.0,0.0,0,0.0,0.0,0.0,0.0
2025-09-30,NC-SBY-SEL-19,0.0,0.0,0.0,0.0,0.0,0.0,0.0,0.0,0.0,0,0.0,0.0,0.0,0.0
2025-09-30,NC-SBY-SEL-20,0.0,0.0,0.0,0.0,0.0,0.0,0.0,0.0,0.0,0,0.0,0.0,0.0,0.0
2025-09-30,NC-SBY-SEL-21,0.0,0.0,0.0,0.0,0.0,0.0,0.0,0.0,0.0,0,0.0,0.0,0.0,0.0
2025-09-30,NC-SBY-SEL-22,0.0,0.0,0.0,0.0,0.0,0.0,0.0,0.0,0.0,0,0.0,0.0,0.0,0.0
2025-09-30,NC-SBY-SEL-23,0.0,1.0,0.0,1.0,1296.070799,53.11986917925382,10.29202106142398,10084.9400005,0.2536040045009859,0,0.9960238568588468,0.9992221934145707,0.9992221934145707,0.9989629245527611
2025-09-30,NC-SBY-TMR-10,0.0,0.0,0.0,0.0,0.0,0.0,0.0,0.0,0.0,0,0.0,0.0,0.0,0.0
2025-09-30,NC-SBY-TMR-11,0.0,0.0,0.0,0.0,0.0,0.0,0.0,0.0,0.0,0,0.0,0.0,0.0,0.0
2025-09-30,NC-SBY-TMR-12,0.0,0.0,0.0,0.0,0.0,0.0,0.0,0.0,0.0,0,0.0,0.0,0.0,0.0
2025-09-30,NC-SBY-TMR-13,0.0,0.0,0.0,0.0,0.0,0.0,0.0,0.0,0.0,0,0.0,0.0,0.0,0.0
2025-09-30,NC-SBY-TMR-14,0.0,0.0,0.0,0.0,0.0,0.0,0.0,0.0,0.0,0,0.0,0.0,0.0,0.0
2025-09-30,NC-SBY-TMR-8,0.0,0.0,0.0,0.0,0.0,0.0,0.0,0.0,0.0,0,0.0,0.0,0.0,0.0
2025-09-30,NC-SBY-TMR-9,0.0,0.0,0.0,0.0,0.0,0.0,0.0,0.0,0.0,0,0.0,0.0,0.0,0.0
2025-09-30,NC-SBY-UTR-1,0.0,1.0,5.211930108017251e-05,1.0,2885.447117,66.9688492826972,12.747411298044105,21813.1711123,0.2274029110652647,0,0.9542879399475958,0.9994689823202348,0.9994689823202348,0.9990629099768852
2025-09-30,NC-SBY-UTR-2,1.0,1.0,0.0,1.0,5051.121775000002,67.60450799046258,11.240506673799304,39106.85750329998,0.2481125221619652,0,0.8514724884246797,0.9996783749471012,0.9996783749471012,0.9995598815065596
2025-09-30,NC-SBY-UTR-3,0.0,0.0,0.0,0.0,0.0,0.0,0.0,0.0,0.0,0,0.0,0.0,0.0,0.0
2025-09-30,NC-SBY-UTR-4,0.0,0.0,0.0,0.0,0.0,0.0,0.0,0.0,0.0,0,0.0,0.0,0.0,0.0
2025-09-30,NC-SBY-UTR-5,0.0,0.0,0.0,0.0,0.0,0.0,0.0,0.0,0.0,0,0.0,0.0,0.0,0.0
2025-09-30,NC-SBY-UTR-6,0.0,0.0,0.0,0.0,0.0,0.0,0.0,0.0,0.0,0,0.0,0.0,0.0,0.0
2025-09-30,NC-SBY-UTR-7,0.0,0.0,0.0,0.0,0.0,0.0,0.0,0.0,0.0,0,0.0,0.0,0.0,0.0
2025-09-30,NC-SDA-UTR-24,0.0,0.0,0.0,0.0,0.0,0.0,0.0,0.0,0.0,0,0.0,0.0,0.0,0.0
2025-09-30,NC-SDA-UTR-25,0.0,0.0,0.0,0.0,0.0,0.0,0.0,0.0,0.0,0,0.0,0.0,0.0,0.0
2025-09-30,NC-SDA-UTR-26,0.0,0.0,0.0,0.0,0.0,0.0,0.0,0.0,0.0,0,0.0,0.0,0.0,0.0
2025-09-30,OA_CLUSTER,0.0568702762978565,0.1281129971502911,2.014771643788109e-06,0.1281129971502911,9232.639691000002,8.164449973729104,1.467400127297503,71004.96861609998,0.0311648134194602,0,0.117769543278956,0.1280488332861684,0.1280488332861684,0.1280179485419
2025-10-01,NC-SBY-BRT-15,0.0,0.0,0.0,0.0,0.0,0.0,0.0,0.0,0.0,0,0.0,0.0,0.0,0.0
2025-10-01,NC-SBY-BRT-16,0.0,0.0,0.0,0.0,0.0,0.0,0.0,0.0,0.0,0,0.0,0.0,0.0,0.0
2025-10-01,NC-SBY-BRT-17,0.0,0.0,0.0,0.0,0.0,0.0,0.0,0.0,0.0,0,0.0,0.0,0.0,0.0
2025-10-01,NC-SBY-SEL-18,0.0,0.0,0.0,0.0,0.0,0.0,0.0,0.0,0.0,0,0.0,0.0,0.0,0.0
2025-10-01,NC-SBY-SEL-19,0.0,0.0,0.0,0.0,0.0,0.0,0.0,0.0,0.0,0,0.0,0.0,0.0,0.0
2025-10-01,NC-SBY-SEL-20,0.0,0.0,0.0,0.0,0.0,0.0,0.0,0.0,0.0,0,0.0,0.0,0.0,0.0
2025-10-01,NC-SBY-SEL-21,0.0,0.0,0.0,0.0,0.0,0.0,0.0,0.0,0.0,0,0.0,0.0,0.0,0.0
2025-10-01,NC-SBY-SEL-22,0.0,0.0,0.0,0.0,0.0,0.0,0.0,0.0,0.0,0,0.0,0.0,0.0,0.0
2025-10-01,NC-SBY-SEL-23,1.0,1.0,8.665060742075802e-06,1.0,2568.831144,60.91526470859986,8.514515731937967,22732.4236994,0.2216852160208769,0,0.4525610900233257,0.9993039766136144,0.9993039766136144,0.9986311540067746
2025-10-01,NC-SBY-TMR-10,0.0,0.0,0.0,0.0,0.0,0.0,0.0,0.0,0.0,0,0.0,0.0,0.0,0.0
2025-10-01,NC-SBY-TMR-11,0.0,0.0,0.0,0.0,0.0,0.0,0.0,0.0,0.0,0,0.0,0.0,0.0,0.0
2025-10-01,NC-SBY-TMR-12,0.0,0.0,0.0,0.0,0.0,0.0,0.0,0.0,0.0,0,0.0,0.0,0.0,0.0
2025-10-01,NC-SBY-TMR-13,0.0,0.0,0.0,0.0,0.0,0.0,0.0,0.0,0.0,0,0.0,0.0,0.0,0.0
2025-10-01,NC-SBY-TMR-14,0.0,0.0,0.0,0.0,0.0,0.0,0.0,0.0,0.0,0,0.0,0.0,0.0,0.0
2025-10-01,NC-SBY-TMR-8,0.0,0.0,0.0,0.0,0.0,0.0,0.0,0.0,0.0,0,0.0,0.0,0.0,0.0
2025-10-01,NC-SBY-TMR-9,0.0,0.0,0.0,0.0,0.0,0.0,0.0,0.0,0.0,0,0.0,0.0,0.0,0.0
2025-10-01,NC-SBY-UTR-1,0.0,1.0,0.0,1.0,2905.5572010000005,67.58632991995538,11.85408711722955,22165.738333800007,0.2352052383221417,0,0.4768077214533562,0.9994775794514584,0.9994775794514584,0.9992744159048034
2025-10-01,NC-SBY-UTR-2,0.0,1.0,0.0,1.0,4947.422000000001,70.93321971624916,13.011833391443902,37917.035833400005,0.2104502565112293,0,0.9494629070157772,0.9995804225145278,0.9995804225145278,0.9993286760232446
2025-10-01,NC-SBY-UTR-3,1.0,1.0,0.0,1.0,2990.474986,56.17087086956519,5.64334216863997,25523.2755609,0.2963212164585542,0,0.5869111179225445,0.9995447164342192,0.9995447164342192,0.9991653134627352
2025-10-01,NC-SBY-UTR-4,1.0,1.0,0.0,1.0,2.429116,11.495387617911742,19.373550820792204,38.5066667,0.1765805533994797,0,0.0,1.0,1.0,0.9951219512195122
2025-10-01,NC-SBY-UTR-5,0.0,0.0,0.0,0.0,0.0,0.0,0.0,0.0,0.0,0,0.0,0.0,0.0,0.0
2025-10-01,NC-SBY-UTR-6,0.0,0.0,0.0,0.0,0.0,0.0,0.0,0.0,0.0,0,0.0,0.0,0.0,0.0
2025-10-01,NC-SBY-UTR-7,0.0,0.0,0.0,0.0,0.0,0.0,0.0,0.0,0.0,0,0.0,0.0,0.0,0.0
2025-10-01,NC-SDA-UTR-24,0.0,0.0,0.0,0.0,0.0,0.0,0.0,0.0,0.0,0,0.0,0.0,0.0,0.0
2025-10-01,NC-SDA-UTR-25,0.0,0.0,0.0,0.0,0.0,0.0,0.0,0.0,0.0,0,0.0,0.0,0.0,0.0
2025-10-01,NC-SDA-UTR-26,0.0,0.0,0.0,0.0,0.0,0.0,0.0,0.0,0.0,0,0.0,0.0,0.0,0.0
2025-10-01,OA_CLUSTER,0.1082897684839432,0.2042569081404033,2.8042267773708097e-07,0.2042569081404033,13414.714447000002,11.167460928358972,2.444411879163359,108376.9800942,0.0461508877395767,0,0.1090314983476259,0.2041733493536335,0.2041733493536335,0.2039246708447381
2025-10-02,NC-SBY-BRT-15,0.0,0.0,0.0,0.0,0.0,0.0,0.0,0.0,0.0,0,0.0,0.0,0.0,0.0
2025-10-02,NC-SBY-BRT-16,0.0,0.0,0.0,0.0,0.0,0.0,0.0,0.0,0.0,0,0.0,0.0,0.0,0.0
2025-10-02,NC-SBY-BRT-17,0.0,0.0,0.0,0.0,0.0,0.0,0.0,0.0,0.0,0,0.0,0.0,0.0,0.0
2025-10-02,NC-SBY-SEL-18,0.0,0.0,0.0,0.0,0.0,0.0,0.0,0.0,0.0,0,0.0,0.0,0.0,0.0
2025-10-02,NC-SBY-SEL-19,0.0,0.0,0.0,0.0,0.0,0.0,0.0,0.0,0.0,0,0.0,0.0,0.0,0.0
2025-10-02,NC-SBY-SEL-20,0.0,0.0,0.0,0.0,0.0,0.0,0.0,0.0,0.0,0,0.0,0.0,0.0,0.0
2025-10-02,NC-SBY-SEL-21,0.0,0.0,0.0,0.0,0.0,0.0,0.0,0.0,0.0,0,0.0,0.0,0.0,0.0
2025-10-02,NC-SBY-SEL-22,0.0,0.0,0.0,0.0,0.0,0.0,0.0,0.0,0.0,0,0.0,0.0,0.0,0.0
2025-10-02,NC-SBY-SEL-23,1.0,1.0,9.134589034839325e-06,1.0,5147.25255,62.40148560198425,9.398644542020817,45401.62897699999,0.2213209270304819,0,0.6010956611429517,0.9992605915267786,0.9992605915267786,0.9989208633093524
2025-10-02,NC-SBY-TMR-10,0.0,0.0,0.0,0.0,0.0,0.0,0.0,0.0,0.0,0,0.0,0.0,0.0,0.0
2025-10-02,NC-SBY-TMR-11,0.0,0.0,0.0,0.0,0.0,0.0,0.0,0.0,0.0,0,0.0,0.0,0.0,0.0
2025-10-02,NC-SBY-TMR-12,0.0,0.0,0.0,0.0,0.0,0.0,0.0,0.0,0.0,0,0.0,0.0,0.0,0.0
2025-10-02,NC-SBY-TMR-13,0.0,0.0,0.0,0.0,0.0,0.0,0.0,0.0,0.0,0,0.0,0.0,0.0,0.0
2025-10-02,NC-SBY-TMR-14,0.0,0.0,0.0,0.0,0.0,0.0,0.0,0.0,0.0,0,0.0,0.0,0.0,0.0
2025-10-02,NC-SBY-TMR-8,0.0,0.0,0.0,0.0,0.0,0.0,0.0,0.0,0.0,0,0.0,0.0,0.0,0.0
2025-10-02,NC-SBY-TMR-9,0.0,0.0,0.0,0.0,0.0,0.0,0.0,0.0,0.0,0,0.0,0.0,0.0,0.0
2025-10-02,NC-SBY-UTR-1,0.0,1.0,0.0001072833472404,1.0,5885.722855999999,74.5888539526915,4.868318772552427,44805.49944399999,0.2463357846680117,3,0.7312859104909426,0.9996847414880202,0.9996847414880202,0.9993169398907104
2025-10-02,NC-SBY-UTR-2,0.0,1.0,0.0,1.0,7645.294749999996,80.63046827803497,15.722246605071932,61159.78166859999,0.1629377977000192,0,0.9138082338128124,0.9995338538631862,0.9995338538631862,0.99932991492833
2025-10-02,NC-SBY-UTR-3,1.0,1.0,0.0,1.0,6387.654845,59.76485602739727,6.628973396200448,53484.8027827,0.2636759935071817,0,0.7699548703248175,0.9995311547658118,0.9995311547658118,0.9991717067529342
2025-10-02,NC-SBY-UTR-4,1.0,1.0,0.0,1.0,5221.585066,65.48193883259904,14.362154173671962,42928.23363480001,0.2235522461184351,0,0.9224757736792748,0.9995636363636364,0.9995636363636364,0.999240404040404
2025-10-02,NC-SBY-UTR-5,0.0,0.0,0.0,0.0,0.0,0.0,0.0,0.0,0.0,0,0.0,0.0,0.0,0.0
2025-10-02,NC-SBY-UTR-6,0.0,0.0,0.0,0.0,0.0,0.0,0.0,0.0,0.0,0,0.0,0.0,0.0,0.0
2025-10-02,NC-SBY-UTR-7,0.0,0.0,0.0,0.0,0.0,0.0,0.0,0.0,0.0,0,0.0,0.0,0.0,0.0
2025-10-02,NC-SDA-UTR-24,0.0,0.0,0.0,0.0,0.0,0.0,0.0,0.0,0.0,0,0.0,0.0,0.0,0.0
2025-10-02,NC-SDA-UTR-25,0.0,0.0,0.0,0.0,0.0,0.0,0.0,0.0,0.0,0,0.0,0.0,0.0,0.0
2025-10-02,NC-SDA-UTR-26,0.0,0.0,0.0,0.0,0.0,0.0,0.0,0.0,0.0,0,0.0,0.0,0.0,0.0
2025-10-02,OA_CLUSTER,0.0979725475380934,0.1950635940057927,4.480858129462695e-06,0.1950635940057927,30287.510067,13.706722441660864,2.078393537835041,247779.9465071,0.0424089612100576,3,0.1569714677673263,0.1949715022509123,0.1949715022509123,0.1949117840353388
2025-10-03,NC-SBY-BRT-15,0.0,0.0,0.0,0.0,0.0,0.0,0.0,0.0,0.0,0,0.0,0.0,0.0,0.0
2025-10-03,NC-SBY-BRT-16,0.0,0.0,0.0,0.0,0.0,0.0,0.0,0.0,0.0,0,0.0,0.0,0.0,0.0
2025-10-03,NC-SBY-BRT-17,0.0,0.0,0.0,0.0,0.0,0.0,0.0,0.0,0.0,0,0.0,0.0,0.0,0.0
2025-10-03,NC-SBY-SEL-18,0.0,0.0,0.0,0.0,0.0,0.0,0.0,0.0,0.0,0,0.0,0.0,0.0,0.0
2025-10-03,NC-SBY-SEL-19,0.0,0.0,0.0,0.0,0.0,0.0,0.0,0.0,0.0,0,0.0,0.0,0.0,0.0
2025-10-03,NC-SBY-SEL-20,0.0,0.0,0.0,0.0,0.0,0.0,0.0,0.0,0.0,0,0.0,0.0,0.0,0.0
2025-10-03,NC-SBY-SEL-21,0.0,0.0,0.0,0.0,0.0,0.0,0.0,0.0,0.0,0,0.0,0.0,0.0,0.0
2025-10-03,NC-SBY-SEL-22,0.0,0.0,0.0,0.0,0.0,0.0,0.0,0.0,0.0,0,0.0,0.0,0.0,0.0
2025-10-03,NC-SBY-SEL-23,1.0,1.0,0.0,1.0,5244.928073000001,59.51267642372314,9.026372444303284,45841.89361189999,0.2404540902989117,0,0.928825227626027,0.9994494551224964,0.9994494551224964,0.9991741826837444
2025-10-03,NC-SBY-TMR-10,0.0,0.0,0.0,0.0,0.0,0.0,0.0,0.0,0.0,0,0.0,0.0,0.0,0.0
2025-10-03,NC-SBY-TMR-11,0.0,0.0,0.0,0.0,0.0,0.0,0.0,0.0,0.0,0,0.0,0.0,0.0,0.0
2025-10-03,NC-SBY-TMR-12,0.0,0.0,0.0,0.0,0.0,0.0,0.0,0.0,0.0,0,0.0,0.0,0.0,0.0
2025-10-03,NC-SBY-TMR-13,0.0,0.0,0.0,0.0,0.0,0.0,0.0,0.0,0.0,0,0.0,0.0,0.0,0.0
2025-10-03,NC-SBY-TMR-14,0.0,0.0,0.0,0.0,0.0,0.0,0.0,0.0,0.0,0,0.0,0.0,0.0,0.0
2025-10-03,NC-SBY-TMR-8,0.0,0.0,0.0,0.0,0.0,0.0,0.0,0.0,0.0,0,0.0,0.0,0.0,0.0
2025-10-03,NC-SBY-TMR-9,0.0,0.0,0.0,0.0,0.0,0.0,0.0,0.0,0.0,0,0.0,0.0,0.0,0.0
2025-10-03,NC-SBY-UTR-1,0.0,1.0,1.45734355416946e-05,1.0,5605.594843999999,81.77919024333725,15.691396802604338,41890.2961091,0.1896603594129385,0,0.6855356832783469,0.9996354688781556,0.9996354688781556,0.9994835809107202
2025-10-03,NC-SBY-UTR-2,0.0,1.0,0.0,1.0,7785.170844000001,76.9342150057974,16.667132015138943,61801.03541139999,0.1492212959861598,0,0.9544211485870556,0.999414372960763,0.999414372960763,0.9993585989570262
2025-10-03,NC-SBY-UTR-3,1.0,1.0,0.0,1.0,6632.772908999998,61.50648835616438,6.82882246311209,54862.93139089998,0.2449905947526728,0,0.8764650902957576,0.9995250681423968,0.9995250681423968,0.9992359791855951
2025-10-03,NC-SBY-UTR-4,1.0,1.0,3.428101288966085e-05,1.0,5527.537667999999,66.48204928914761,14.95758856864427,46281.86577739999,0.228081147710303,0,0.9057071960297768,0.9996417953218468,0.9996417953218468,0.999068667836802
2025-10-03,NC-SBY-UTR-5,0.0,0.0,0.0,0.0,0.0,0.0,0.0,0.0,0.0,0,0.0,0.0,0.0,0.0
2025-10-03,NC-SBY-UTR-6,0.0,0.0,0.0,0.0,0.0,0.0,0.0,0.0,0.0,0,0.0,0.0,0.0,0.0
2025-10-03,NC-SBY-UTR-7,0.0,0.0,0.0,0.0,0.0,0.0,0.0,0.0,0.0,0,0.0,0.0,0.0,0.0
2025-10-03,NC-SDA-UTR-24,0.0,0.0,0.0,0.0,0.0,0.0,0.0,0.0,0.0,0,0.0,0.0,0.0,0.0
2025-10-03,NC-SDA-UTR-25,0.0,0.0,0.0,0.0,0.0,0.0,0.0,0.0,0.0,0,0.0,0.0,0.0,0.0
2025-10-03,NC-SDA-UTR-26,0.0,0.0,0.0,0.0,0.0,0.0,0.0,0.0,0.0,0,0.0,0.0,0.0,0.0
2025-10-03,OA_CLUSTER,0.0977386934673366,0.1945979899497487,1.669418363803044e-06,0.1945979899497487,30796.004338,13.754793651532024,2.56774154223975,250678.0223007,0.0393102321843518,0,0.1700261569497323,0.1945050584568997,0.1945050584568997,0.1944589355007466
2025-10-04,NC-SBY-BRT-15,0.0,0.0,0.0,0.0,0.0,0.0,0.0,0.0,0.0,0,0.0,0.0,0.0,0.0
2025-10-04,NC-SBY-BRT-16,0.0,0.0,0.0,0.0,0.0,0.0,0.0,0.0,0.0,0,0.0,0.0,0.0,0.0
2025-10-04,NC-SBY-BRT-17,0.0,0.0,0.0,0.0,0.0,0.0,0.0,0.0,0.0,0,0.0,0.0,0.0,0.0
2025-10-04,NC-SBY-SEL-18,0.0,0.0,0.0,0.0,0.0,0.0,0.0,0.0,0.0,0,0.0,0.0,0.0,0.0
2025-10-04,NC-SBY-SEL-19,0.0,0.0,0.0,0.0,0.0,0.0,0.0,0.0,0.0,0,0.0,0.0,0.0,0.0
2025-10-04,NC-SBY-SEL-20,0.0,0.0,0.0,0.0,0.0,0.0,0.0,0.0,0.0,0,0.0,0.0,0.0,0.0
2025-10-04,NC-SBY-SEL-21,0.0,0.0,0.0,0.0,0.0,0.0,0.0,0.0,0.0,0,0.0,0.0,0.0,0.0
2025-10-04,NC-SBY-SEL-22,0.0,0.0,0.0,0.0,0.0,0.0,0.0,0.0,0.0,0,0.0,0.0,0.0,0.0
2025-10-04,NC-SBY-SEL-23,1.0,1.0,0.0,1.0,5516.347091999999,57.4851715269824,7.969730814528835,44261.49778100002,0.2498300254387296,0,0.9298666634016136,0.999637765155906,0.999637765155906,0.9993479772806306
2025-10-04,NC-SBY-TMR-10,0.0,0.0,0.0,0.0,0.0,0.0,0.0,0.0,0.0,0,0.0,0.0,0.0,0.0
2025-10-04,NC-SBY-TMR-11,0.0,0.0,0.0,0.0,0.0,0.0,0.0,0.0,0.0,0,0.0,0.0,0.0,0.0
2025-10-04,NC-SBY-TMR-12,0.0,0.0,0.0,0.0,0.0,0.0,0.0,0.0,0.0,0,0.0,0.0,0.0,0.0
2025-10-04,NC-SBY-TMR-13,0.0,0.0,0.0,0.0,0.0,0.0,0.0,0.0,0.0,0,0.0,0.0,0.0,0.0
2025-10-04,NC-SBY-TMR-14,0.0,0.0,0.0,0.0,0.0,0.0,0.0,0.0,0.0,0,0.0,0.0,0.0,0.0
2025-10-04,NC-SBY-TMR-8,0.0,0.0,0.0,0.0,0.0,0.0,0.0,0.0,0.0,0,0.0,0.0,0.0,0.0
2025-10-04,NC-SBY-TMR-9,0.0,0.0,0.0,0.0,0.0,0.0,0.0,0.0,0.0,0,0.0,0.0,0.0,0.0
2025-10-04,NC-SBY-UTR-1,0.0,1.0,2.385610000477122e-05,1.0,4867.015676000002,88.58781388495899,18.002275576069486,32995.0888912,0.1283596679619252,0,0.8934369062793103,0.9996565260058882,0.9996565260058882,0.9996074582924436
2025-10-04,NC-SBY-UTR-2,0.0,1.0,0.0,1.0,8236.278998000002,80.45548654605362,16.254464104471126,60544.98068379999,0.1426486715693634,0,0.955428649435748,0.999491940326082,0.999491940326082,0.9991917232460394
2025-10-04,NC-SBY-UTR-3,1.0,1.0,0.0,1.0,6378.387556,64.04002041095893,8.570256063978931,49191.541669400016,0.2202878752383709,0,0.9259630463747952,0.9994317277748732,0.9994317277748732,0.9991362262178074
2025-10-04,NC-SBY-UTR-4,1.0,1.0,0.0,1.0,5405.747384,69.94199715572987,18.24442617103083,41997.16666420001,0.2017470915683355,0,0.949824181769002,0.9996303645772538,0.9996303645772538,0.9993385471382435
2025-10-04,NC-SBY-UTR-5,0.0,0.0,0.0,0.0,0.0,0.0,0.0,0.0,0.0,0,0.0,0.0,0.0,0.0
2025-10-04,NC-SBY-UTR-6,0.0,0.0,0.0,0.0,0.0,0.0,0.0,0.0,0.0,0,0.0,0.0,0.0,0.0
2025-10-04,NC-SBY-UTR-7,0.0,0.0,0.0,0.0,0.0,0.0,0.0,0.0,0.0,0,0.0,0.0,0.0,0.0
2025-10-04,NC-SDA-UTR-24,0.0,0.0,0.0,0.0,0.0,0.0,0.0,0.0,0.0,0,0.0,0.0,0.0,0.0
2025-10-04,NC-SDA-UTR-25,0.0,0.0,0.0,0.0,0.0,0.0,0.0,0.0,0.0,0,0.0,0.0,0.0,0.0
2025-10-04,NC-SDA-UTR-26,0.0,0.0,0.0,0.0,0.0,0.0,0.0,0.0,0.0,0,0.0,0.0,0.0,0.0
2025-10-04,OA_CLUSTER,0.0970437819633279,0.1932144193588624,9.284150182722492e-07,0.1932144193588624,30403.776706000004,14.26748610629785,2.7533192299035543,228990.27568960004,0.0348015792004908,0,0.180202025693958,0.1931290717166004,0.1931290717166004,0.1930815789303794
2025-10-05,NC-SBY-BRT-15,0.0,0.0,0.0,0.0,0.0,0.0,0.0,0.0,0.0,0,0.0,0.0,0.0,0.0
2025-10-05,NC-SBY-BRT-16,0.0,0.0,0.0,0.0,0.0,0.0,0.0,0.0,0.0,0,0.0,0.0,0.0,0.0
2025-10-05,NC-SBY-BRT-17,0.0,0.0,0.0,0.0,0.0,0.0,0.0,0.0,0.0,0,0.0,0.0,0.0,0.0
2025-10-05,NC-SBY-SEL-18,0.0,0.0,0.0,0.0,0.0,0.0,0.0,0.0,0.0,0,0.0,0.0,0.0,0.0
2025-10-05,NC-SBY-SEL-19,0.0,0.0,0.0,0.0,0.0,0.0,0.0,0.0,0.0,0,0.0,0.0,0.0,0.0
2025-10-05,NC-SBY-SEL-20,0.0,0.0,0.0,0.0,0.0,0.0,0.0,0.0,0.0,0,0.0,0.0,0.0,0.0
2025-10-05,NC-SBY-SEL-21,0.0,0.0,0.0,0.0,0.0,0.0,0.0,0.0,0.0,0,0.0,0.0,0.0,0.0
2025-10-05,NC-SBY-SEL-22,0.0,0.0,0.0,0.0,0.0,0.0,0.0,0.0,0.0,0,0.0,0.0,0.0,0.0
2025-10-05,NC-SBY-SEL-23,1.0,1.0,0.0,1.0,5701.606425999998,60.68304426794315,7.856750237758898,43383.8511068,0.2594713364058971,0,0.8964454829304604,0.9993460008837826,0.9993460008837826,0.9989924878479894
2025-10-05,NC-SBY-TMR-10,0.0,0.0,0.0,0.0,0.0,0.0,0.0,0.0,0.0,0,0.0,0.0,0.0,0.0
2025-10-05,NC-SBY-TMR-11,0.0,0.0,0.0,0.0,0.0,0.0,0.0,0.0,0.0,0,0.0,0.0,0.0,0.0
2025-10-05,NC-SBY-TMR-12,0.0,0.0,0.0,0.0,0.0,0.0,0.0,0.0,0.0,0,0.0,0.0,0.0,0.0
2025-10-05,NC-SBY-TMR-13,0.0,0.0,0.0,0.0,0.0,0.0,0.0,0.0,0.0,0,0.0,0.0,0.0,0.0
2025-10-05,NC-SBY-TMR-14,0.0,0.0,0.0,0.0,0.0,0.0,0.0,0.0,0.0,0,0.0,0.0,0.0,0.0
2025-10-05,NC-SBY-TMR-8,0.0,0.0,0.0,0.0,0.0,0.0,0.0,0.0,0.0,0,0.0,0.0,0.0,0.0
2025-10-05,NC-SBY-TMR-9,0.0,0.0,0.0,0.0,0.0,0.0,0.0,0.0,0.0,0,0.0,0.0,0.0,0.0
2025-10-05,NC-SBY-UTR-1,0.0,1.0,0.0,1.0,4697.480548,84.70981489232301,17.79204778411725,30416.8822214,0.1311944685804453,0,0.8606582990469246,0.9992900968510724,0.9992900968510724,0.9992900968510724
2025-10-05,NC-SBY-UTR-2,0.0,1.0,0.0,1.0,9454.669517999995,75.32180172390669,13.995265824456643,64542.98500060003,0.2060984438169232,0,0.9652024449491804,0.9998422557428768,0.9998422557428768,0.9997831016464556
2025-10-05,NC-SBY-UTR-3,1.0,1.0,0.0,1.0,6425.724838,68.08809863013701,8.629845357195737,46038.586669600016,0.2224835647378266,0,0.9074598563214896,0.9995392380673132,0.9995392380673132,0.9991831947556916
2025-10-05,NC-SBY-UTR-4,1.0,1.0,0.0,1.0,5375.4789660000015,71.7226949023889,17.65132013686382,38620.516707400006,0.1919536673788762,0,0.5953391593841032,0.9995705170157068,0.9995705170157068,0.9993864528795812
2025-10-05,NC-SBY-UTR-5,0.0,0.0,0.0,0.0,0.0,0.0,0.0,0.0,0.0,0,0.0,0.0,0.0,0.0
2025-10-05,NC-SBY-UTR-6,0.0,0.0,0.0,0.0,0.0,0.0,0.0,0.0,0.0,0,0.0,0.0,0.0,0.0
2025-10-05,NC-SBY-UTR-7,0.0,0.0,0.0,0.0,0.0,0.0,0.0,0.0,0.0,0,0.0,0.0,0.0,0.0
2025-10-05,NC-SDA-UTR-24,0.0,0.0,0.0,0.0,0.0,0.0,0.0,0.0,0.0,0,0.0,0.0,0.0,0.0
2025-10-05,NC-SDA-UTR-25,0.0,0.0,0.0,0.0,0.0,0.0,0.0,0.0,0.0,0,0.0,0.0,0.0,0.0
2025-10-05,NC-SDA-UTR-26,0.0,0.0,0.0,0.0,0.0,0.0,0.0,0.0,0.0,0,0.0,0.0,0.0,0.0
2025-10-05,OA_CLUSTER,0.0970437819633279,0.1932144193588624,0.0,0.1932144193588624,31654.960296,14.118867963537731,2.59584092630584,223002.82170580004,0.0385908849574513,0,0.1665737784433169,0.1931284733893388,0.1931284733893388,0.1930960779492451
2025-10-06,NC-SBY-BRT-15,0.0,0.0,0.0,0.0,0.0,0.0,0.0,0.0,0.0,0,0.0,0.0,0.0,0.0
2025-10-06,NC-SBY-BRT-16,0.0,0.0,0.0,0.0,0.0,0.0,0.0,0.0,0.0,0,0.0,0.0,0.0,0.0
2025-10-06,NC-SBY-BRT-17,0.0,0.0,0.0,0.0,0.0,0.0,0.0,0.0,0.0,0,0.0,0.0,0.0,0.0
2025-10-06,NC-SBY-SEL-18,0.0,0.0,0.0,0.0,0.0,0.0,0.0,0.0,0.0,0,0.0,0.0,0.0,0.0
2025-10-06,NC-SBY-SEL-19,0.0,0.0,0.0,0.0,0.0,0.0,0.0,0.0,0.0,0,0.0,0.0,0.0,0.0
2025-10-06,NC-SBY-SEL-20,0.0,0.0,0.0,0.0,0.0,0.0,0.0,0.0,0.0,0,0.0,0.0,0.0,0.0
2025-10-06,NC-SBY-SEL-21,0.0,0.0,0.0,0.0,0.0,0.0,0.0,0.0,0.0,0,0.0,0.0,0.0,0.0
2025-10-06,NC-SBY-SEL-22,0.0,0.0,0.0,0.0,0.0,0.0,0.0,0.0,0.0,0,0.0,0.0,0.0,0.0
2025-10-06,NC-SBY-SEL-23,1.0,1.0,0.0,1.0,5272.822050000001,60.3610952917533,8.796104534696537,47337.09181460001,0.2391063426532317,0,0.9370818539719344,0.9995492873105598,0.9995492873105598,0.9992675918796596
2025-10-06,NC-SBY-TMR-10,0.0,0.0,0.0,0.0,0.0,0.0,0.0,0.0,0.0,0,0.0,0.0,0.0,0.0
2025-10-06,NC-SBY-TMR-11,0.0,0.0,0.0,0.0,0.0,0.0,0.0,0.0,0.0,0,0.0,0.0,0.0,0.0
2025-10-06,NC-SBY-TMR-12,0.0,0.0,0.0,0.0,0.0,0.0,0.0,0.0,0.0,0,0.0,0.0,0.0,0.0
2025-10-06,NC-SBY-TMR-13,0.0,0.0,0.0,0.0,0.0,0.0,0.0,0.0,0.0,0,0.0,0.0,0.0,0.0
2025-10-06,NC-SBY-TMR-14,0.0,0.0,0.0,0.0,0.0,0.0,0.0,0.0,0.0,0,0.0,0.0,0.0,0.0
2025-10-06,NC-SBY-TMR-8,0.0,0.0,0.0,0.0,0.0,0.0,0.0,0.0,0.0,0,0.0,0.0,0.0,0.0
2025-10-06,NC-SBY-TMR-9,0.0,0.0,0.0,0.0,0.0,0.0,0.0,0.0,0.0,0,0.0,0.0,0.0,0.0
2025-10-06,NC-SBY-UTR-1,0.0,1.0,2.814404120287632e-05,1.0,5838.492886000002,76.4043062345006,13.177185737112657,41564.011671799984,0.2182392696327155,0,0.8106216034204633,0.9996071676789652,0.9996071676789652,0.9993049889704771
2025-10-06,NC-SBY-UTR-2,0.0,1.0,0.0,1.0,9196.81094,78.0502907606587,13.329830364945645,73990.5066676,0.1892165788082028,0,0.9710202880618072,0.9997625229561142,0.9997625229561142,0.9994933823063772
2025-10-06,NC-SBY-UTR-3,1.0,1.0,0.0,1.0,6172.839258000001,62.44499712328765,7.780656061471076,52417.77437199999,0.2481704276122039,0,0.9042693114357826,0.999358331662322,0.999358331662322,0.9991177060356928
2025-10-06,NC-SBY-UTR-4,0.9988791877407628,1.0,0.0,1.0,5724.709144,66.58461465202049,15.45225289546391,47082.60522940001,0.2457307737988891,0,0.6648446989415235,0.999566332302587,0.999566332302587,0.9993589260125196
2025-10-06,NC-SBY-UTR-5,0.0,0.0,0.0,0.0,0.0,0.0,0.0,0.0,0.0,0,0.0,0.0,0.0,0.0
2025-10-06,NC-SBY-UTR-6,0.0,0.0,0.0,0.0,0.0,0.0,0.0,0.0,0.0,0,0.0,0.0,0.0,0.0
2025-10-06,NC-SBY-UTR-7,0.0,0.0,0.0,0.0,0.0,0.0,0.0,0.0,0.0,0,0.0,0.0,0.0,0.0
2025-10-06,NC-SDA-UTR-24,0.0,0.0,0.0,0.0,0.0,0.0,0.0,0.0,0.0,0,0.0,0.0,0.0,0.0
2025-10-06,NC-SDA-UTR-25,0.0,0.0,0.0,0.0,0.0,0.0,0.0,0.0,0.0,0,0.0,0.0,0.0,0.0
2025-10-06,NC-SDA-UTR-26,0.0,0.0,0.0,0.0,0.0,0.0,0.0,0.0,0.0,0,0.0,0.0,0.0,0.0
2025-10-06,OA_CLUSTER,0.0962398456718097,0.1916841975003093,1.0866156237219911e-06,0.1916841975003093,32205.67427800001,13.466112599055409,2.2860846792843645,262391.9897554,0.0427300753783874,0,0.1668927357906704,0.19160578731642,0.19160578731642,0.1915555412767271
2025-10-07,NC-SBY-BRT-15,0.0,0.0,0.0,0.0,0.0,0.0,0.0,0.0,0.0,0,0.0,0.0,0.0,0.0
2025-10-07,NC-SBY-BRT-16,0.0,0.0,0.0,0.0,0.0,0.0,0.0,0.0,0.0,0,0.0,0.0,0.0,0.0
2025-10-07,NC-SBY-BRT-17,0.0,0.0,0.0,0.0,0.0,0.0,0.0,0.0,0.0,0,0.0,0.0,0.0,0.0
2025-10-07,NC-SBY-SEL-18,0.0,0.0,0.0,0.0,0.0,0.0,0.0,0.0,0.0,0,0.0,0.0,0.0,0.0
2025-10-07,NC-SBY-SEL-19,0.0,0.0,0.0,0.0,0.0,0.0,0.0,0.0,0.0,0,0.0,0.0,0.0,0.0
2025-10-07,NC-SBY-SEL-20,0.0,0.0,0.0,0.0,0.0,0.0,0.0,0.0,0.0,0,0.0,0.0,0.0,0.0
2025-10-07,NC-SBY-SEL-21,0.0,0.0,0.0,0.0,0.0,0.0,0.0,0.0,0.0,0,0.0,0.0,0.0,0.0
2025-10-07,NC-SBY-SEL-22,0.0,0.0,0.0,0.0,0.0,0.0,0.0,0.0,0.0,0,0.0,0.0,0.0,0.0
2025-10-07,NC-SBY-SEL-23,1.0,1.0,1.0641127959563711e-05,1.0,5435.481622000001,60.36808018120071,6.838008088617761,47985.33214679999,0.2551528673762357,0,0.935424418402476,0.9993903265140224,0.9993903265140224,0.9990346836472024
2025-10-07,NC-SBY-TMR-10,0.0,0.0,0.0,0.0,0.0,0.0,0.0,0.0,0.0,0,0.0,0.0,0.0,0.0
2025-10-07,NC-SBY-TMR-11,0.0,0.0,0.0,0.0,0.0,0.0,0.0,0.0,0.0,0,0.0,0.0,0.0,0.0
2025-10-07,NC-SBY-TMR-12,0.0,0.0,0.0,0.0,0.0,0.0,0.0,0.0,0.0,0,0.0,0.0,0.0,0.0
2025-10-07,NC-SBY-TMR-13,0.0,0.0,0.0,0.0,0.0,0.0,0.0,0.0,0.0,0,0.0,0.0,0.0,0.0
2025-10-07,NC-SBY-TMR-14,0.0,0.0,0.0,0.0,0.0,0.0,0.0,0.0,0.0,0,0.0,0.0,0.0,0.0
2025-10-07,NC-SBY-TMR-8,0.0,0.0,0.0,0.0,0.0,0.0,0.0,0.0,0.0,0,0.0,0.0,0.0,0.0
2025-10-07,NC-SBY-TMR-9,0.0,0.0,0.0,0.0,0.0,0.0,0.0,0.0,0.0,0,0.0,0.0,0.0,0.0
2025-10-07,NC-SBY-UTR-1,0.0,1.0,1.2875315445228408e-05,1.0,5914.672514000001,73.60685214985257,13.03566856685987,44570.91200179999,0.2099420292806827,0,0.8720073236202268,0.9994427047396636,0.9994427047396636,0.999522318348283
2025-10-07,NC-SBY-UTR-2,0.0,1.0,1.0449648369332373e-05,1.0,9056.712519999995,77.68448995360762,12.834416965535372,74366.21722260001,0.1922850917319956,0,0.9684731631057842,0.9996833383178227,0.9996833383178227,0.9994370458983516
2025-10-07,NC-SBY-UTR-3,1.0,1.0,0.0,1.0,6068.961119999999,62.04052328767125,7.932143168790993,52115.4995262,0.2353975375665282,0,0.935699479673421,0.999567854322202,0.999567854322202,0.999359232270851
2025-10-07,NC-SBY-UTR-4,1.0,1.0,0.0,1.0,5598.708608000001,66.7926993079342,13.82171240853249,46399.862220400006,0.2336591319644284,0,0.6489177788534679,0.9995914794280713,0.9995914794280713,0.9993385857406868
2025-10-07,NC-SBY-UTR-5,0.0,0.0,0.0,0.0,0.0,0.0,0.0,0.0,0.0,0,0.0,0.0,0.0,0.0
2025-10-07,NC-SBY-UTR-6,0.0,0.0,0.0,0.0,0.0,0.0,0.0,0.0,0.0,0,0.0,0.0,0.0,0.0
2025-10-07,NC-SBY-UTR-7,0.0,0.0,0.0,0.0,0.0,0.0,0.0,0.0,0.0,0,0.0,0.0,0.0,0.0
2025-10-07,NC-SDA-UTR-24,0.0,0.0,0.0,0.0,0.0,0.0,0.0,0.0,0.0,0,0.0,0.0,0.0,0.0
2025-10-07,NC-SDA-UTR-25,0.0,0.0,0.0,0.0,0.0,0.0,0.0,0.0,0.0,0,0.0,0.0,0.0,0.0
2025-10-07,NC-SDA-UTR-26,0.0,0.0,0.0,0.0,0.0,0.0,0.0,0.0,0.0,0,0.0,0.0,0.0,0.0
2025-10-07,OA_CLUSTER,0.0956478977133021,0.1904352102286697,1.385737346827396e-06,0.1904352102286697,32074.536384,13.242625572269546,2.136516881973749,265437.8231178,0.0419252818078221,0,0.1685980807915307,0.1903503297648925,0.1903503297648925,0.1903139678511771
2025-10-08,NC-SBY-BRT-15,0.0,0.0,0.0,0.0,0.0,0.0,0.0,0.0,0.0,0,0.0,0.0,0.0,0.0
2025-10-08,NC-SBY-BRT-16,0.0,0.0,0.0,0.0,0.0,0.0,0.0,0.0,0.0,0,0.0,0.0,0.0,0.0
2025-10-08,NC-SBY-BRT-17,0.0,0.0,0.0,0.0,0.0,0.0,0.0,0.0,0.0,0,0.0,0.0,0.0,0.0
2025-10-08,NC-SBY-SEL-18,0.0,0.0,0.0,0.0,0.0,0.0,0.0,0.0,0.0,0,0.0,0.0,0.0,0.0
2025-10-08,NC-SBY-SEL-19,0.0,0.0,0.0,0.0,0.0,0.0,0.0,0.0,0.0,0,0.0,0.0,0.0,0.0
2025-10-08,NC-SBY-SEL-20,0.0,0.0,0.0,0.0,0.0,0.0,0.0,0.0,0.0,0,0.0,0.0,0.0,0.0
2025-10-08,NC-SBY-SEL-21,0.0,0.0,0.0,0.0,0.0,0.0,0.0,0.0,0.0,0,0.0,0.0,0.0,0.0
2025-10-08,NC-SBY-SEL-22,0.0,0.0,0.0,0.0,0.0,0.0,0.0,0.0,0.0,0,0.0,0.0,0.0,0.0
2025-10-08,NC-SBY-SEL-23,1.0,1.0,0.0,1.0,5619.750666000001,60.46250179301097,8.256302635235373,49229.05666439999,0.251159216746935,0,0.9440564936231364,0.9994880895502012,0.9994880895502012,0.999215070643642
2025-10-08,NC-SBY-TMR-10,0.0,0.0,0.0,0.0,0.0,0.0,0.0,0.0,0.0,0,0.0,0.0,0.0,0.0
2025-10-08,NC-SBY-TMR-11,0.0,0.0,0.0,0.0,0.0,0.0,0.0,0.0,0.0,0,0.0,0.0,0.0,0.0
2025-10-08,NC-SBY-TMR-12,0.0,0.0,0.0,0.0,0.0,0.0,0.0,0.0,0.0,0,0.0,0.0,0.0,0.0
2025-10-08,NC-SBY-TMR-13,0.0,0.0,0.0,0.0,0.0,0.0,0.0,0.0,0.0,0,0.0,0.0,0.0,0.0
2025-10-08,NC-SBY-TMR-14,0.0,0.0,0.0,0.0,0.0,0.0,0.0,0.0,0.0,0,0.0,0.0,0.0,0.0
2025-10-08,NC-SBY-TMR-8,0.0,0.0,0.0,0.0,0.0,0.0,0.0,0.0,0.0,0,0.0,0.0,0.0,0.0
2025-10-08,NC-SBY-TMR-9,0.0,0.0,0.0,0.0,0.0,0.0,0.0,0.0,0.0,0,0.0,0.0,0.0,0.0
2025-10-08,NC-SBY-UTR-1,0.0,1.0,0.0,1.0,5936.572134000002,73.14174606413131,12.441713939429835,46070.22444260002,0.2241169448475871,0,0.8323079026524474,0.999506538366642,0.999506538366642,0.9991672834937084
2025-10-08,NC-SBY-UTR-2,0.0,1.0,9.606240213642782e-06,1.0,9356.935585999994,79.0466875979195,13.986762896103114,73601.26444600002,0.1907550616175675,0,0.9720553216318936,0.9995817925691144,0.9995817925691144,0.999405705229794
2025-10-08,NC-SBY-UTR-3,1.0,1.0,0.0,1.0,6701.538982000002,62.39535616438356,6.829353285646199,54859.3022222,0.2676613690187424,0,0.930433254785233,0.9995676538570264,0.9995676538570264,0.9993681094833464
2025-10-08,NC-SBY-UTR-4,0.9972004357298476,1.0,0.0,1.0,5526.993278,68.47825958891679,14.995991492102233,45562.63463180002,0.2225243695765,0,0.648820179007323,0.9994635792673386,0.9994635792673386,0.9992847723564516
2025-10-08,NC-SBY-UTR-5,0.0,0.0,0.0,0.0,0.0,0.0,0.0,0.0,0.0,0,0.0,0.0,0.0,0.0
2025-10-08,NC-SBY-UTR-6,0.0,0.0,0.0,0.0,0.0,0.0,0.0,0.0,0.0,0,0.0,0.0,0.0,0.0
2025-10-08,NC-SBY-UTR-7,0.0,0.0,0.0,0.0,0.0,0.0,0.0,0.0,0.0,0,0.0,0.0,0.0,0.0
2025-10-08,NC-SDA-UTR-24,0.0,0.0,0.0,0.0,0.0,0.0,0.0,0.0,0.0,0,0.0,0.0,0.0,0.0
2025-10-08,NC-SDA-UTR-25,0.0,0.0,0.0,0.0,0.0,0.0,0.0,0.0,0.0,0,0.0,0.0,0.0,0.0
2025-10-08,NC-SDA-UTR-26,0.0,0.0,0.0,0.0,0.0,0.0,0.0,0.0,0.0,0,0.0,0.0,0.0,0.0
2025-10-08,OA_CLUSTER,0.0954193605586927,0.1901546771421556,5.412796781318485e-07,0.1901546771421556,33141.790645999994,13.350220045275393,2.2129994865022797,269322.48240700003,0.0430149365503232,0,0.167083987764265,0.1900654062220888,0.1900654062220888,0.1900219982063866
2025-10-09,NC-SBY-BRT-15,0.0,0.0,0.0,0.0,0.0,0.0,0.0,0.0,0.0,0,0.0,0.0,0.0,0.0
2025-10-09,NC-SBY-BRT-16,0.0,0.0,0.0,0.0,0.0,0.0,0.0,0.0,0.0,0,0.0,0.0,0.0,0.0
2025-10-09,NC-SBY-BRT-17,0.0,0.0,0.0,0.0,0.0,0.0,0.0,0.0,0.0,0,0.0,0.0,0.0,0.0
2025-10-09,NC-SBY-SEL-18,0.0,0.0,0.0,0.0,0.0,0.0,0.0,0.0,0.0,0,0.0,0.0,0.0,0.0
2025-10-09,NC-SBY-SEL-19,0.0,0.0,0.0,0.0,0.0,0.0,0.0,0.0,0.0,0,0.0,0.0,0.0,0.0
2025-10-09,NC-SBY-SEL-20,0.0,0.0,0.0,0.0,0.0,0.0,0.0,0.0,0.0,0,0.0,0.0,0.0,0.0
2025-10-09,NC-SBY-SEL-21,1.0,1.0,0.0,1.0,19.518813,33.12041333333334,5.525936373770338,132.23861069999998,0.1962615954993743,0,0.0,0.0,0.0,0.0
2025-10-09,NC-SBY-SEL-22,0.0,0.0,0.0,0.0,0.0,0.0,0.0,0.0,0.0,0,0.0,0.0,0.0,0.0
2025-10-09,NC-SBY-SEL-23,1.0,1.0,2.6180580554373797e-05,1.0,4995.146707,61.32606296142458,8.658595254956891,41994.08389049998,0.2456412909659464,0,0.9265165707278858,0.9992514006994724,0.9992514006994724,0.9991344320587652
2025-10-09,NC-SBY-TMR-10,0.0,0.0,0.0,0.0,0.0,0.0,0.0,0.0,0.0,0,0.0,0.0,0.0,0.0
2025-10-09,NC-SBY-TMR-11,0.0,0.0,0.0,0.0,0.0,0.0,0.0,0.0,0.0,0,0.0,0.0,0.0,0.0
2025-10-09,NC-SBY-TMR-12,1.0,1.0,0.0,0.9939870490286772,29.129846,8.576813333333334,0.3382100419343389,462.0699997,0.4432654314194293,0,0.0,1.0,1.0,1.0
2025-10-09,NC-SBY-TMR-13,0.0,0.0,0.0,0.0,0.0,0.0,0.0,0.0,0.0,0,0.0,0.0,0.0,0.0
2025-10-09,NC-SBY-TMR-14,0.0,0.0,0.0,0.0,0.0,0.0,0.0,0.0,0.0,0,0.0,0.0,0.0,0.0
2025-10-09,NC-SBY-TMR-8,0.0,0.0,0.0,0.0,0.0,0.0,0.0,0.0,0.0,0,0.0,0.0,0.0,0.0
2025-10-09,NC-SBY-TMR-9,0.0,0.0,0.0,0.0,0.0,0.0,0.0,0.0,0.0,0,0.0,0.0,0.0,0.0
2025-10-09,NC-SBY-UTR-1,0.0,1.0,6.263211461676975e-05,1.0,4963.101554000002,68.32944526170618,12.648320980729672,35123.565152899995,0.2575882891029031,0,0.8557933175740041,0.9994532876337868,0.9994532876337868,0.9994743150324872
2025-10-09,NC-SBY-UTR-2,0.0,1.0,0.0,1.0,7139.154991999999,78.5942912142945,13.4084084868467,53598.388724100005,0.1898107695936292,0,0.9787585555817796,0.999532181392892,0.999532181392892,0.9993963630876028
2025-10-09,NC-SBY-UTR-3,1.0,1.0,0.0,1.0,4517.056497999999,64.07628720000001,7.633283627103641,35700.87138789999,0.2428293580696867,0,0.8862884587296269,0.9995498459087918,0.9995498459087918,0.9993074552442952
2025-10-09,NC-SBY-UTR-4,1.0,1.0,0.0,1.0,3432.5665980000003,63.4210237691649,12.623767354882402,27068.7019431,0.2668335386691101,0,0.4541354739785334,0.9993955877908732,0.9993955877908732,0.99909338168631
2025-10-09,NC-SBY-UTR-5,0.0,0.0,0.0,0.0,0.0,0.0,0.0,0.0,0.0,0,0.0,0.0,0.0,0.0
2025-10-09,NC-SBY-UTR-6,0.0,0.0,0.0,0.0,0.0,0.0,0.0,0.0,0.0,0,0.0,0.0,0.0,0.0
2025-10-09,NC-SBY-UTR-7,0.0,0.0,0.0,0.0,0.0,0.0,0.0,0.0,0.0,0,0.0,0.0,0.0,0.0
2025-10-09,NC-SDA-UTR-24,0.0,0.0,0.0,0.0,0.0,0.0,0.0,0.0,0.0,0,0.0,0.0,0.0,0.0
2025-10-09,NC-SDA-UTR-25,0.0,0.0,0.0,0.0,0.0,0.0,0.0,0.0,0.0,0,0.0,0.0,0.0,0.0
2025-10-09,NC-SDA-UTR-26,1.0,1.0,0.0,0.9969660194174758,31.002267,20.19512571428572,4.321324547866297,240.701667,0.1312642537054675,0,0.0,1.0,1.0,1.0
2025-10-09,OA_CLUSTER,0.1744300073547438,0.268938465310125,3.136667549459734e-06,0.2686642782837298,25095.675008,14.547066861564064,2.351464256630729,194079.9197089,0.071298934620378,0,0.1599514336536951,0.2353709488176877,0.2353709488176877,0.2353426771284952
2025-10-10,NC-SBY-BRT-15,0.0,0.0,0.0,0.0,0.0,0.0,0.0,0.0,0.0,0,0.0,0.0,0.0,0.0
2025-10-10,NC-SBY-BRT-16,0.0,0.0,0.0,0.0,0.0,0.0,0.0,0.0,0.0,0,0.0,0.0,0.0,0.0
2025-10-10,NC-SBY-BRT-17,0.0,0.0,0.0,0.0,0.0,0.0,0.0,0.0,0.0,0,0.0,0.0,0.0,0.0
2025-10-10,NC-SBY-SEL-18,0.0,0.0,0.0,0.0,0.0,0.0,0.0,0.0,0.0,0,0.0,0.0,0.0,0.0
2025-10-10,NC-SBY-SEL-19,0.0,0.0,0.0,0.0,0.0,0.0,0.0,0.0,0.0,0,0.0,0.0,0.0,0.0
2025-10-10,NC-SBY-SEL-20,0.0,0.0,0.0,0.0,0.0,0.0,0.0,0.0,0.0,0,0.0,0.0,0.0,0.0
2025-10-10,NC-SBY-SEL-21,0.0,0.0,0.0,0.0,0.0,0.0,0.0,0.0,0.0,0,0.0,0.0,0.0,0.0
2025-10-10,NC-SBY-SEL-22,0.0,0.0,0.0,0.0,0.0,0.0,0.0,0.0,0.0,0,0.0,0.0,0.0,0.0
2025-10-10,NC-SBY-SEL-23,1.0,1.0,0.0,1.0,2935.1764859999985,59.699043548912194,8.94649251487553,24731.232223200004,0.2452398824253324,0,0.971237056108156,0.9996112164066676,0.9996112164066676,0.9993034293952796
2025-10-10,NC-SBY-TMR-10,0.0,0.0,0.0,0.0,0.0,0.0,0.0,0.0,0.0,0,0.0,0.0,0.0,0.0
2025-10-10,NC-SBY-TMR-11,0.0,0.0,0.0,0.0,0.0,0.0,0.0,0.0,0.0,0,0.0,0.0,0.0,0.0
2025-10-10,NC-SBY-TMR-12,0.0,0.0,0.0,0.0,0.0,0.0,0.0,0.0,0.0,0,0.0,0.0,0.0,0.0
2025-10-10,NC-SBY-TMR-13,0.0,0.0,0.0,0.0,0.0,0.0,0.0,0.0,0.0,0,0.0,0.0,0.0,0.0
2025-10-10,NC-SBY-TMR-14,0.0,0.0,0.0,0.0,0.0,0.0,0.0,0.0,0.0,0,0.0,0.0,0.0,0.0
2025-10-10,NC-SBY-TMR-8,0.0,0.0,0.0,0.0,0.0,0.0,0.0,0.0,0.0,0,0.0,0.0,0.0,0.0
2025-10-10,NC-SBY-TMR-9,0.0,0.0,0.0,0.0,0.0,0.0,0.0,0.0,0.0,0,0.0,0.0,0.0,0.0
2025-10-10,NC-SBY-UTR-1,0.0,1.0,2.9278290147855364e-05,1.0,3096.6330730000004,73.63892115221584,12.62490618364158,21746.783332499992,0.2298381217234755,0,0.9153591090098524,0.9994310866245472,0.9994310866245472,0.9993113153876096
2025-10-10,NC-SBY-UTR-2,0.0,1.0,0.0,1.0,4837.241161999999,77.05851400836715,13.75272170449682,36173.42999490001,0.195680518206115,0,0.9876654027702546,0.9996526068957532,0.9996526068957532,0.9994933850563066
2025-10-10,NC-SBY-UTR-3,1.0,1.0,0.0,1.0,3310.851093000001,65.48884602739726,8.30037565116306,26103.05889460001,0.2287390628730726,0,0.9775928297055058,0.9995319209556952,0.9995319209556952,0.9992673545393492
2025-10-10,NC-SBY-UTR-4,1.0,1.0,0.0,1.0,2988.1237210000004,62.353800258421096,13.521928464611968,23410.471662100004,0.2584237505170867,0,0.9277713807180992,0.9997456903598482,0.9997456903598482,0.9995277106682894
2025-10-10,NC-SBY-UTR-5,0.0,0.0,0.0,0.0,0.0,0.0,0.0,0.0,0.0,0,0.0,0.0,0.0,0.0
2025-10-10,NC-SBY-UTR-6,0.0,0.0,0.0,0.0,0.0,0.0,0.0,0.0,0.0,0,0.0,0.0,0.0,0.0
2025-10-10,NC-SBY-UTR-7,0.0,0.0,0.0,0.0,0.0,0.0,0.0,0.0,0.0,0,0.0,0.0,0.0,0.0
2025-10-10,NC-SDA-UTR-24,0.0,0.0,0.0,0.0,0.0,0.0,0.0,0.0,0.0,0,0.0,0.0,0.0,0.0
2025-10-10,NC-SDA-UTR-25,0.0,0.0,0.0,0.0,0.0,0.0,0.0,0.0,0.0,0,0.0,0.0,0.0,0.0
2025-10-10,NC-SDA-UTR-26,0.0,0.0,0.0,0.0,0.0,0.0,0.0,0.0,0.0,0,0.0,0.0,0.0,0.0
2025-10-10,OA_CLUSTER,0.0949842500605766,0.1883935061788224,1.106715110992352e-06,0.1883935061788224,17168.025535,13.030236924060134,2.2098029398012,132164.97610730003,0.0426750135440532,0,0.1806627801282967,0.1883170462888912,0.1883170462888912,0.1882787647449998
2025-10-11,NC-SBY-BRT-15,0.0,0.0,0.0,0.0,0.0,0.0,0.0,0.0,0.0,0,0.0,0.0,0.0,0.0
2025-10-11,NC-SBY-BRT-16,0.0,0.0,0.0,0.0,0.0,0.0,0.0,0.0,0.0,0,0.0,0.0,0.0,0.0
2025-10-11,NC-SBY-BRT-17,0.0,0.0,0.0,0.0,0.0,0.0,0.0,0.0,0.0,0,0.0,0.0,0.0,0.0
2025-10-11,NC-SBY-SEL-18,0.0,0.0,0.0,0.0,0.0,0.0,0.0,0.0,0.0,0,0.0,0.0,0.0,0.0
2025-10-11,NC-SBY-SEL-19,0.0,0.0,0.0,0.0,0.0,0.0,0.0,0.0,0.0,0,0.0,0.0,0.0,0.0
2025-10-11,NC-SBY-SEL-20,0.0,0.0,0.0,0.0,0.0,0.0,0.0,0.0,0.0,0,0.0,0.0,0.0,0.0
2025-10-11,NC-SBY-SEL-21,0.0,0.0,0.0,0.0,0.0,0.0,0.0,0.0,0.0,0,0.0,0.0,0.0,0.0
2025-10-11,NC-SBY-SEL-22,0.0,0.0,0.0,0.0,0.0,0.0,0.0,0.0,0.0,0,0.0,0.0,0.0,0.0
2025-10-11,NC-SBY-SEL-23,1.0,1.0,0.0,1.0,2909.04233,58.35258642510104,6.995948023598918,24222.6652783,0.2611176046712297,0,0.9929561186875752,0.9994822527757004,0.9994822527757004,0.9991370879595006
2025-10-11,NC-SBY-TMR-10,0.0,0.0,0.0,0.0,0.0,0.0,0.0,0.0,0.0,0,0.0,0.0,0.0,0.0
2025-10-11,NC-SBY-TMR-11,0.0,0.0,0.0,0.0,0.0,0.0,0.0,0.0,0.0,0,0.0,0.0,0.0,0.0
2025-10-11,NC-SBY-TMR-12,0.0,0.0,0.0,0.0,0.0,0.0,0.0,0.0,0.0,0,0.0,0.0,0.0,0.0
2025-10-11,NC-SBY-TMR-13,0.0,0.0,0.0,0.0,0.0,0.0,0.0,0.0,0.0,0,0.0,0.0,0.0,0.0
2025-10-11,NC-SBY-TMR-14,0.0,0.0,0.0,0.0,0.0,0.0,0.0,0.0,0.0,0,0.0,0.0,0.0,0.0
2025-10-11,NC-SBY-TMR-8,1.0,1.0,1.1076895810718004e-05,1.0,3226.168007,68.89029135685304,13.977910841449487,24181.839444,0.2421433955919469,0,0.6239601992936245,0.9996040192050686,0.9996040192050686,0.9992905344090812
2025-10-11,NC-SBY-TMR-9,0.0,0.0,0.0,0.0,0.0,0.0,0.0,0.0,0.0,0,0.0,0.0,0.0,0.0
2025-10-11,NC-SBY-UTR-1,0.0,1.0,0.0,1.0,2557.458489999999,80.31761883258577,16.14914121331683,17708.577499799998,0.1662998346923705,0,0.9585845990310512,0.9995837572842476,0.9995837572842476,0.9993525113310516
2025-10-11,NC-SBY-UTR-2,0.0,1.0,9.606424776890783e-06,1.0,4907.679712999999,80.99922293049924,15.800926096721692,36005.3969434,0.1682109763815322,0,0.9427191054808688,0.9997380778657088,0.9997380778657088,0.9995884080746852
2025-10-11,NC-SBY-UTR-3,1.0,1.0,0.0,1.0,3186.537708,68.64359616438355,10.895279628537956,23516.0216687,0.1830980775669059,0,0.8369385588330333,0.9995562950637826,0.9995562950637826,0.9993344425956738
2025-10-11,NC-SBY-UTR-4,1.0,1.0,0.0,1.0,2833.074235,74.11878100009511,15.67763654406577,21465.3089375,0.222967980440578,0,0.2134886199284463,0.9995797781959695,0.9995797781959695,0.9995249666563134
2025-10-11,NC-SBY-UTR-5,0.9993245052281196,1.0,0.0,1.0,3325.0219840000013,50.07406548363219,4.419213159437516,26729.5701871,0.3815900861225724,4,0.8333300573300574,0.9991638418079096,0.9991638418079096,0.9984971751412428
2025-10-11,NC-SBY-UTR-6,0.9998373655913978,1.0,0.0,0.9622590608022624,2836.529078,50.04146572601275,4.139078867124914,24037.516774400003,0.3779210087526344,3,0.814934886532227,0.9985031776801708,0.9985031776801708,0.9732370772176132
2025-10-11,NC-SBY-UTR-7,0.9995532836688328,1.0,0.0,1.0,4274.807445999998,61.49663973399819,10.128708040292056,34250.75813790001,0.2806231884297482,0,0.8827033996845535,0.9993054093874972,0.9993054093874972,0.9989791730249102
2025-10-11,NC-SDA-UTR-24,0.0,0.0,0.0,0.0,0.0,0.0,0.0,0.0,0.0,0,0.0,0.0,0.0,0.0
2025-10-11,NC-SDA-UTR-25,0.0,0.0,0.0,0.0,0.0,0.0,0.0,0.0,0.0,0,0.0,0.0,0.0,0.0
2025-10-11,NC-SDA-UTR-26,0.0,0.0,0.0,0.0,0.0,0.0,0.0,0.0,0.0,0,0.0,0.0,0.0,0.0
2025-10-11,OA_CLUSTER,0.257409749517379,0.3538307711536058,9.248982429054782e-07,0.3525949098775394,30056.318991,23.514417345324755,3.9196581987714354,232117.6548711,0.0891222683611053,7,0.2856003433589681,0.3536207647608173,0.3536207647608173,0.3526985907091199
2025-10-12,NC-SBY-BRT-15,0.0,0.0,0.0,0.0,0.0,0.0,0.0,0.0,0.0,0,0.0,0.0,0.0,0.0
2025-10-12,NC-SBY-BRT-16,0.0,0.0,0.0,0.0,0.0,0.0,0.0,0.0,0.0,0,0.0,0.0,0.0,0.0
2025-10-12,NC-SBY-BRT-17,0.0,0.0,0.0,0.0,0.0,0.0,0.0,0.0,0.0,0,0.0,0.0,0.0,0.0
2025-10-12,NC-SBY-SEL-18,0.0,0.0,0.0,0.0,0.0,0.0,0.0,0.0,0.0,0,0.0,0.0,0.0,0.0
2025-10-12,NC-SBY-SEL-19,0.0,0.0,0.0,0.0,0.0,0.0,0.0,0.0,0.0,0,0.0,0.0,0.0,0.0
2025-10-12,NC-SBY-SEL-20,0.0,0.0,0.0,0.0,0.0,0.0,0.0,0.0,0.0,0,0.0,0.0,0.0,0.0
2025-10-12,NC-SBY-SEL-21,0.0,0.0,0.0,0.0,0.0,0.0,0.0,0.0,0.0,0,0.0,0.0,0.0,0.0
2025-10-12,NC-SBY-SEL-22,0.0,0.0,0.0,0.0,0.0,0.0,0.0,0.0,0.0,0,0.0,0.0,0.0,0.0
2025-10-12,NC-SBY-SEL-23,1.0,1.0,0.0,1.0,3004.206897000001,61.41578695380568,7.839911752109191,23249.92638730001,0.2439180980321416,0,0.9845102651496968,0.9995278843316612,0.9995278843316612,0.9994098554145766
2025-10-12,NC-SBY-TMR-10,0.0,0.0,0.0,0.0,0.0,0.0,0.0,0.0,0.0,0,0.0,0.0,0.0,0.0
2025-10-12,NC-SBY-TMR-11,0.0,0.0,0.0,0.0,0.0,0.0,0.0,0.0,0.0,0,0.0,0.0,0.0,0.0
2025-10-12,NC-SBY-TMR-12,0.0,0.0,0.0,0.0,0.0,0.0,0.0,0.0,0.0,0,0.0,0.0,0.0,0.0
2025-10-12,NC-SBY-TMR-13,0.0,0.0,0.0,0.0,0.0,0.0,0.0,0.0,0.0,0,0.0,0.0,0.0,0.0
2025-10-12,NC-SBY-TMR-14,0.0,0.0,0.0,0.0,0.0,0.0,0.0,0.0,0.0,0,0.0,0.0,0.0,0.0
2025-10-12,NC-SBY-TMR-8,0.0,1.0,0.0,1.0,3501.825790000001,65.07681330847429,12.176918054233507,26632.4309911,0.2677171964838258,0,0.9761503527462796,0.9997784745416128,0.9997784745416128,0.9996421511826052
2025-10-12,NC-SBY-TMR-9,0.0,0.0,0.0,0.0,0.0,0.0,0.0,0.0,0.0,0,0.0,0.0,0.0,0.0
2025-10-12,NC-SBY-UTR-1,0.0,1.0,0.0,1.0,2449.904528,83.49414110159928,17.441627341039148,16011.2919471,0.1424290778071268,0,0.6486654478976234,0.9994193810602102,0.9994193810602102,0.9993613191662312
2025-10-12,NC-SBY-UTR-2,0.0,1.0,0.0,1.0,5588.062463,78.55488871894869,14.352830297185973,37917.57055499999,0.1938776612988098,0,0.9863706686967412,0.9995619293553444,0.9995619293553444,0.999354422207876
2025-10-12,NC-SBY-UTR-3,1.0,1.0,0.0,1.0,3308.6561380000003,72.24859569883563,10.52214211557026,22522.678610200008,0.1837731110267538,0,0.8928734075224494,0.9994224581282144,0.9994224581282144,0.9993674541404252
2025-10-12,NC-SBY-UTR-4,1.0,1.0,0.0,1.0,2799.988063,78.85862883370905,16.190571511063546,19402.4924438,0.2032068389677408,0,0.3735532476174632,0.999571688617625,0.999571688617625,0.9992076239426064
2025-10-12,NC-SBY-UTR-5,1.0,1.0,0.0,1.0,3451.7594800000006,52.48930719947905,6.171489552045834,25307.220276899992,0.3558706676307933,2,0.8683654564955959,0.9991409662315036,0.9991409662315036,0.9985239138062456
2025-10-12,NC-SBY-UTR-6,0.0,1.0,0.0,0.9753915740212048,2816.2766999999985,52.532331915568726,3.929139367520852,23179.8038907,0.3405605292073738,3,0.9006451612903226,0.9985867920178806,0.9985867920178806,0.9969856593494631
2025-10-12,NC-SBY-UTR-7,1.0,1.0,0.0,1.0,4596.764953999999,65.12104955033979,11.38840544470265,34935.0621595,0.2548981770285681,0,0.8708532390017383,0.999599051087574,0.999599051087574,0.9994097141011504
2025-10-12,NC-SDA-UTR-24,0.0,0.0,0.0,0.0,0.0,0.0,0.0,0.0,0.0,0,0.0,0.0,0.0,0.0
2025-10-12,NC-SDA-UTR-25,0.0,0.0,0.0,0.0,0.0,0.0,0.0,0.0,0.0,0,0.0,0.0,0.0,0.0
2025-10-12,NC-SDA-UTR-26,0.0,0.0,0.0,0.0,0.0,0.0,0.0,0.0,0.0,0,0.0,0.0,0.0,0.0
2025-10-12,OA_CLUSTER,0.1896701929060361,0.3518357187305538,0.0,0.3510333033470511,31517.445013,23.96537076984757,3.9649563503509535,229158.4772616,0.0853430675311662,5,0.2970397042716134,0.3516274522151499,0.3516274522151499,0.3515016082120359
2025-10-13,NC-SBY-BRT-15,0.0,0.0,0.0,0.0,0.0,0.0,0.0,0.0,0.0,0,0.0,0.0,0.0,0.0
2025-10-13,NC-SBY-BRT-16,0.0,0.0,0.0,0.0,0.0,0.0,0.0,0.0,0.0,0,0.0,0.0,0.0,0.0
2025-10-13,NC-SBY-BRT-17,0.0,0.0,0.0,0.0,0.0,0.0,0.0,0.0,0.0,0,0.0,0.0,0.0,0.0
2025-10-13,NC-SBY-SEL-18,0.0,0.0,0.0,0.0,0.0,0.0,0.0,0.0,0.0,0,0.0,0.0,0.0,0.0
2025-10-13,NC-SBY-SEL-19,0.0,0.0,0.0,0.0,0.0,0.0,0.0,0.0,0.0,0,0.0,0.0,0.0,0.0
2025-10-13,NC-SBY-SEL-20,0.0,0.0,0.0,0.0,0.0,0.0,0.0,0.0,0.0,0,0.0,0.0,0.0,0.0
2025-10-13,NC-SBY-SEL-21,1.0,1.0,0.0,1.0,0.000985,8.385336666666666,4.712798623063684,0.0627778,0.000144073094232,0,0.0,0.0,0.0,0.0
2025-10-13,NC-SBY-SEL-22,0.0,0.0,0.0,0.0,0.0,0.0,0.0,0.0,0.0,0,0.0,0.0,0.0,0.0
2025-10-13,NC-SBY-SEL-23,1.0,1.0,0.0,1.0,4979.317281999998,61.47854276982733,8.072197342086888,42872.61610689999,0.2381864823474327,0,0.992679083094556,0.999566522879134,0.999566522879134,0.9994819419775016
2025-10-13,NC-SBY-TMR-10,0.0,0.0,0.0,0.0,0.0,0.0,0.0,0.0,0.0,0,0.0,0.0,0.0,0.0
2025-10-13,NC-SBY-TMR-11,0.0,0.0,0.0,0.0,0.0,0.0,0.0,0.0,0.0,0,0.0,0.0,0.0,0.0
2025-10-13,NC-SBY-TMR-12,0.0,0.0,0.0,0.0,0.0,0.0,0.0,0.0,0.0,0,0.0,0.0,0.0,0.0
2025-10-13,NC-SBY-TMR-13,0.0,0.0,0.0,0.0,0.0,0.0,0.0,0.0,0.0,0,0.0,0.0,0.0,0.0
2025-10-13,NC-SBY-TMR-14,0.0,0.0,0.0,0.0,0.0,0.0,0.0,0.0,0.0,0,0.0,0.0,0.0,0.0
2025-10-13,NC-SBY-TMR-8,0.0,1.0,3.509428665013336e-05,1.0,2963.266494,68.36314159718808,12.371419222259624,26090.67054060001,0.2359345145629043,0,0.96033433536183,0.9993723252496434,0.9993723252496434,0.9993723252496434
2025-10-13,NC-SBY-TMR-9,0.0,0.0,0.0,0.0,0.0,0.0,0.0,0.0,0.0,0,0.0,0.0,0.0,0.0
2025-10-13,NC-SBY-UTR-1,0.0,1.0,1.7379969585053227e-05,1.0,4461.658521000002,70.92986741881282,13.347969901687584,32894.40557219998,0.2226507073916417,0,0.9843906946843988,0.9996479725418582,0.9996479725418582,0.9994279553805197
2025-10-13,NC-SBY-UTR-2,0.0,1.0,0.0,1.0,6783.764876000001,76.20367152306972,13.068053570216374,53045.20500450003,0.1996814778768122,0,0.9677931201550388,0.9994952681388012,0.9994952681388012,0.9993550648440238
2025-10-13,NC-SBY-UTR-3,1.0,1.0,8.343484572897024e-06,1.0,4230.275734,68.73975174954167,10.271684123014802,34376.15805630001,0.1930350776167169,0,0.963759411328384,0.9996347409042544,0.9996347409042544,0.9994441709412568
2025-10-13,NC-SBY-UTR-4,1.0,1.0,0.0,1.0,3166.424883,77.90796354812312,14.427150717921984,26560.235310700005,0.226338881031147,0,0.7964005907236364,0.999427600723808,0.999427600723808,0.9992060268104436
2025-10-13,NC-SBY-UTR-5,1.0,1.0,0.0,1.0,3479.322986,48.39825317035236,7.156935084176277,28807.6041778,0.3466608982278568,3,0.8639843103190868,0.9991075541225242,0.9991075541225242,0.9983302625518194
2025-10-13,NC-SBY-UTR-6,0.0,1.0,4.468195385247806e-06,0.9805768352477876,2986.7715170000006,48.94233042829304,3.769983723030444,26863.118610300004,0.4350966401461526,4,0.9296192192487714,0.9986358698855646,0.9986358698855646,0.9856310130634712
2025-10-13,NC-SBY-UTR-7,1.0,1.0,2.021002255438517e-05,1.0,5505.175339000002,58.70798886296589,8.432669505511887,48078.9958035,0.330926547827474,1,0.8686937603341746,0.9995743573979048,0.9995743573979048,0.9991881261478556
2025-10-13,NC-SDA-UTR-24,0.0,0.0,0.0,0.0,0.0,0.0,0.0,0.0,0.0,0,0.0,0.0,0.0,0.0
2025-10-13,NC-SDA-UTR-25,0.0,0.0,0.0,0.0,0.0,0.0,0.0,0.0,0.0,0,0.0,0.0,0.0,0.0
2025-10-13,NC-SDA-UTR-26,1.0,1.0,0.0,1.0,0.8304349999999999,19.370627142857145,5.235609316534928,5.576111099999999,0.033695165819865,0,0.0,1.0,1.0,1.0
2025-10-13,OA_CLUSTER,0.2221669980119284,0.3840705765407555,3.201279043579316e-06,0.383438261783663,38555.978617,22.88247460380368,3.7336039986642473,319589.07196060003,0.0941965074424634,8,0.3238392768798963,0.3499363982037473,0.3499363982037473,0.349426307158171
2025-10-14,NC-SBY-BRT-15,0.0,0.0,0.0,0.0,0.0,0.0,0.0,0.0,0.0,0,0.0,0.0,0.0,0.0
2025-10-14,NC-SBY-BRT-16,0.0,0.0,0.0,0.0,0.0,0.0,0.0,0.0,0.0,0,0.0,0.0,0.0,0.0
2025-10-14,NC-SBY-BRT-17,0.0,0.0,0.0,0.0,0.0,0.0,0.0,0.0,0.0,0,0.0,0.0,0.0,0.0
2025-10-14,NC-SBY-SEL-18,0.0,0.0,0.0,0.0,0.0,0.0,0.0,0.0,0.0,0,0.0,0.0,0.0,0.0
2025-10-14,NC-SBY-SEL-19,0.0,0.0,0.0,0.0,0.0,0.0,0.0,0.0,0.0,0,0.0,0.0,0.0,0.0
2025-10-14,NC-SBY-SEL-20,0.0,0.0,0.0,0.0,0.0,0.0,0.0,0.0,0.0,0,0.0,0.0,0.0,0.0
2025-10-14,NC-SBY-SEL-21,1.0,1.0,0.0,1.0,18.61201,33.756076666666665,5.334190723995862,114.4491665,0.1989273877077343,0,0.0,0.0,0.0,0.0
2025-10-14,NC-SBY-SEL-22,0.0,0.0,0.0,0.0,0.0,0.0,0.0,0.0,0.0,0,0.0,0.0,0.0,0.0
2025-10-14,NC-SBY-SEL-23,1.0,1.0,0.0,1.0,3679.788573000002,61.74019555939015,8.609510289851384,32845.5708334,0.2459462608576982,1,0.9921983324397774,0.9994410857840168,0.9994410857840168,0.9992361505714896
2025-10-14,NC-SBY-TMR-10,1.0,1.0,0.0,1.0,1.513232,15.955561605226915,19.56831559854088,32.285555599999995,0.0952263759104221,0,0.0,1.0,1.0,1.0
2025-10-14,NC-SBY-TMR-11,0.0,0.0,0.0,0.0,0.0,0.0,0.0,0.0,0.0,0,0.0,0.0,0.0,0.0
2025-10-14,NC-SBY-TMR-12,0.0,0.0,0.0,0.0,0.0,0.0,0.0,0.0,0.0,0,0.0,0.0,0.0,0.0
2025-10-14,NC-SBY-TMR-13,0.0,0.0,0.0,0.0,0.0,0.0,0.0,0.0,0.0,0,0.0,0.0,0.0,0.0
2025-10-14,NC-SBY-TMR-14,0.0,0.0,0.0,0.0,0.0,0.0,0.0,0.0,0.0,0,0.0,0.0,0.0,0.0
2025-10-14,NC-SBY-TMR-8,0.0,1.0,0.0,1.0,2986.260405,66.86478081514154,12.53441674338518,25791.88861059999,0.2364015668082563,0,0.9605897445865568,0.9996592055399548,0.9996592055399548,0.999577414869544
2025-10-14,NC-SBY-TMR-9,0.0,0.0,0.0,0.0,0.0,0.0,0.0,0.0,0.0,0,0.0,0.0,0.0,0.0
2025-10-14,NC-SBY-UTR-1,1.0,1.0,3.713882492757929e-05,1.0,2976.915065000001,71.93731818497626,13.05690371585911,22321.099443199997,0.2261082943343053,0,0.9405907091410064,0.9992044803665756,0.9992044803665756,0.9988544517278688
2025-10-14,NC-SBY-UTR-2,1.0,1.0,0.0,1.0,5139.887556999998,80.7688181443037,14.60786928100357,41068.058607,0.1817247550533377,0,0.9860787106807876,0.9992250979697568,0.9992250979697568,0.9992250979697568
2025-10-14,NC-SBY-UTR-3,1.0,1.0,0.0,1.0,4123.508206000001,68.97383402208465,10.181510624307036,33895.2148655,0.2106909631873338,0,0.954772887913396,0.99980401240067,0.99980401240067,0.999322951929587
2025-10-14,NC-SBY-UTR-4,1.0,1.0,9.825499135356077e-06,1.0,2902.485418999999,75.00186409250523,12.975849936156688,24155.568306,0.2552714473940096,0,0.6942725449191243,0.999547822009345,0.999547822009345,0.9994473380114216
2025-10-14,NC-SBY-UTR-5,1.0,1.0,0.0001256251345983,1.0,3668.7497320000007,51.56161831673399,8.606373048039051,29779.6580674,0.3240009084439131,0,0.8825269592649649,0.9991121532560072,0.9991121532560072,0.9986568472334468
2025-10-14,NC-SBY-UTR-6,1.0,1.0,4.894115804568167e-06,0.7155927595501441,3014.175376,53.694875946846096,4.758582984201093,27551.422498599997,0.4068046071016257,1,0.8722699091450856,0.99944974492413,0.99944974492413,0.8252586492462002
2025-10-14,NC-SBY-UTR-7,1.0,1.0,2.1335882260067332e-05,1.0,5047.4598860000015,59.75788401070997,9.050998418162807,45349.00611010001,0.3247842386077466,1,0.9739397244634276,0.9994181382186214,0.9994181382186214,0.9990302303643688
2025-10-14,NC-SDA-UTR-24,0.0,0.0,0.0,0.0,0.0,0.0,0.0,0.0,0.0,0,0.0,0.0,0.0,0.0
2025-10-14,NC-SDA-UTR-25,0.0,0.0,0.0,0.0,0.0,0.0,0.0,0.0,0.0,0,0.0,0.0,0.0,0.0
2025-10-14,NC-SDA-UTR-26,1.0,1.0,0.0,0.9996315401621224,28.074474,20.34198857142857,3.0806662224200974,227.6083335,0.1394477199579477,0,0.0,0.999400479616307,0.999400479616307,0.998800959232614
2025-10-14,OA_CLUSTER,0.391401037805782,0.424759080800593,8.680697519510548e-06,0.4155529161109634,33559.35546100001,24.77779525817118,4.754059986947943,282904.2220639,0.1029503095923741,3,0.3209112240903646,0.3908224291388706,0.3908224291388706,0.3851030850674469
2025-10-15,NC-SBY-BRT-15,0.0,0.0,0.0,0.0,0.0,0.0,0.0,0.0,0.0,0,0.0,0.0,0.0,0.0
2025-10-15,NC-SBY-BRT-16,0.0,0.0,0.0,0.0,0.0,0.0,0.0,0.0,0.0,0,0.0,0.0,0.0,0.0
2025-10-15,NC-SBY-BRT-17,0.0,0.0,0.0,0.0,0.0,0.0,0.0,0.0,0.0,0,0.0,0.0,0.0,0.0
2025-10-15,NC-SBY-SEL-18,0.0,0.0,0.0,0.0,0.0,0.0,0.0,0.0,0.0,0,0.0,0.0,0.0,0.0
2025-10-15,NC-SBY-SEL-19,0.0,0.0,0.0,0.0,0.0,0.0,0.0,0.0,0.0,0,0.0,0.0,0.0,0.0
2025-10-15,NC-SBY-SEL-20,0.0,0.0,0.0,0.0,0.0,0.0,0.0,0.0,0.0,0,0.0,0.0,0.0,0.0
2025-10-15,NC-SBY-SEL-21,0.9564783427495293,1.0,0.0,1.0,3.757569,31.85024333333333,4.171284153688394,35.3404135,0.1350851499589603,0,0.0,0.0,0.0,0.0
2025-10-15,NC-SBY-SEL-22,0.0,0.0,0.0,0.0,0.0,0.0,0.0,0.0,0.0,0,0.0,0.0,0.0,0.0
2025-10-15,NC-SBY-SEL-23,1.0,1.0,0.0,1.0,3797.357396000001,60.98085014180443,8.040592534516874,33122.35583069999,0.2674951977292246,0,0.9904000405275334,0.9996964313822492,0.9996964313822492,0.9993928627644982
2025-10-15,NC-SBY-TMR-10,1.0,1.0,1.107511698092311e-05,1.0,2872.337101,66.64227578867924,8.128622401456845,25916.6313876,0.2968765311118324,0,0.8893436559988165,0.9993531022214008,0.9993531022214008,0.998994998093962
2025-10-15,NC-SBY-TMR-11,0.0,0.0,0.0,0.0,0.0,0.0,0.0,0.0,0.0,0,0.0,0.0,0.0,0.0
2025-10-15,NC-SBY-TMR-12,0.0,0.0,0.0,0.0,0.0,0.0,0.0,0.0,0.0,0,0.0,0.0,0.0,0.0
2025-10-15,NC-SBY-TMR-13,0.0,0.0,0.0,0.0,0.0,0.0,0.0,0.0,0.0,0,0.0,0.0,0.0,0.0
2025-10-15,NC-SBY-TMR-14,0.0,0.0,0.0,0.0,0.0,0.0,0.0,0.0,0.0,0,0.0,0.0,0.0,0.0
2025-10-15,NC-SBY-TMR-8,0.0,1.0,1.2432707968122536e-05,1.0,2902.528681,80.16062053536209,14.094022841635416,24209.219999699995,0.21845927826313,0,0.9132216868061294,0.9994852740111632,0.9994852740111632,0.9993083369525004
2025-10-15,NC-SBY-TMR-9,1.0,1.0,4.856372775174223e-05,1.0,2908.36683,81.2154611981476,13.583050543442797,24584.189725000007,0.2011714989575139,0,0.8893292779021023,0.9996464814506738,0.9996464814506738,0.9994801305911954
2025-10-15,NC-SBY-UTR-1,0.9982488796966564,1.0,2.627016234960332e-05,1.0,3083.676507,77.691422424014,13.000387486918644,22425.441981300013,0.2272668181743047,0,0.9483560912350294,0.9995909634384242,0.9995909634384242,0.9991819268768484
2025-10-15,NC-SBY-UTR-2,1.0,1.0,0.0,1.0,5151.020857999999,90.46656133598032,14.66488468874821,39671.529721000006,0.1742816604116039,0,0.949567493740041,0.9996944165538918,0.9996944165538918,0.9995052458491582
2025-10-15,NC-SBY-UTR-3,1.0,1.0,0.0,1.0,3947.839751000001,68.80097151353105,9.552617373489149,31769.941224399998,0.2150445200430455,0,0.9588846756749656,0.9995603622614966,0.9995603622614966,0.9993258888009612
2025-10-15,NC-SBY-UTR-4,0.9964258087201124,1.0,0.0,0.999982839099396,3080.945614000001,86.54143767176178,14.477554301503408,25143.035790700014,0.2237146694146131,0,0.8810233741320711,0.9993367018474804,0.9993367018474804,0.9990440703096042
2025-10-15,NC-SBY-UTR-5,1.0,1.0,1.1308059819636446e-05,1.0,3638.379333,52.0089412673888,7.60539170359224,29755.1291688,0.3402420211767584,1,0.9187942210468514,0.99946261682243,0.99946261682243,0.9988785046728972
2025-10-15,NC-SBY-UTR-6,0.9850217256362508,1.0,0.0,0.94812764347856,3247.754747999998,52.65675039779611,4.015080351446336,28303.04667890001,0.4109338380909669,3,0.8969022980018857,0.998926206526278,0.998926206526278,0.9699699451063512
2025-10-15,NC-SBY-UTR-7,1.0,1.0,4.393788939954481e-06,1.0,5108.798386999999,60.603833275975525,8.257634401075041,45530.77138420001,0.3290375860871143,1,0.9701650474744912,0.9992603550295858,0.9992603550295858,0.998895463510848
2025-10-15,NC-SDA-UTR-24,0.0,0.0,0.0,0.0,0.0,0.0,0.0,0.0,0.0,0,0.0,0.0,0.0,0.0
2025-10-15,NC-SDA-UTR-25,0.0,0.0,0.0,0.0,0.0,0.0,0.0,0.0,0.0,0,0.0,0.0,0.0,0.0
2025-10-15,NC-SDA-UTR-26,0.9958673835125448,1.0,0.0,0.9981447124304268,22.513448,16.889317142857145,2.8801539424910776,168.0231695,0.132129099002162,0,0.0,0.993975903614458,0.993975903614458,0.9948364888123924
2025-10-15,OA_CLUSTER,0.4232453295234145,0.4592258549417512,4.374416467588717e-06,0.4575293737192724,39742.762775,31.33492505630107,4.662902297913463,330466.63330580003,0.11593386158602,5,0.3950168527235811,0.4248014165757584,0.4248014165757584,0.4237323985376552
2025-10-16,NC-SBY-BRT-15,0.0,0.0,0.0,0.0,0.0,0.0,0.0,0.0,0.0,0,0.0,0.0,0.0,0.0
2025-10-16,NC-SBY-BRT-16,0.0,0.0,0.0,0.0,0.0,0.0,0.0,0.0,0.0,0,0.0,0.0,0.0,0.0
2025-10-16,NC-SBY-BRT-17,0.0,0.0,0.0,0.0,0.0,0.0,0.0,0.0,0.0,0,0.0,0.0,0.0,0.0
2025-10-16,NC-SBY-SEL-18,0.0,0.0,0.0,0.0,0.0,0.0,0.0,0.0,0.0,0,0.0,0.0,0.0,0.0
2025-10-16,NC-SBY-SEL-19,0.0,0.0,0.0,0.0,0.0,0.0,0.0,0.0,0.0,0,0.0,0.0,0.0,0.0
2025-10-16,NC-SBY-SEL-20,0.0,0.0,0.0,0.0,0.0,0.0,0.0,0.0,0.0,0,0.0,0.0,0.0,0.0
2025-10-16,NC-SBY-SEL-21,1.0,1.0,0.0,1.0,18.602343,33.93224,4.915628664056317,104.9208334,0.2008255555790172,0,0.0,0.0,0.0,0.0
2025-10-16,NC-SBY-SEL-22,0.0,0.0,0.0,0.0,0.0,0.0,0.0,0.0,0.0,0,0.0,0.0,0.0,0.0
2025-10-16,NC-SBY-SEL-23,1.0,1.0,0.0,1.0,2863.756059,62.82555227092397,8.83387070451349,24160.4127784,0.2399495224284054,0,0.9895133519589372,0.9994571423223078,0.9994571423223078,0.9991201961775332
2025-10-16,NC-SBY-TMR-10,0.0,1.0,6.89893066574681e-05,1.0,1595.6261719999995,72.26789645229148,10.228339946270822,14046.865278200004,0.2679952655469865,0,0.791673995527301,0.9991465756347344,0.9991465756347344,0.9988675715153206
2025-10-16,NC-SBY-TMR-11,1.0,1.0,4.698276672116667e-06,1.0,3812.687178,61.22709880350671,9.961847420660977,35258.021944199994,0.296351187435848,0,0.6386861690597355,0.999227751136576,0.999227751136576,0.9987419816902284
2025-10-16,NC-SBY-TMR-12,1.0,1.0,1.939713698258137e-05,1.0,952.6594459999998,64.3320985312348,9.829165370057732,8099.512477299999,0.2238514191146935,0,0.5503650768130485,0.9996382830502116,0.9996382830502116,0.9993033599485558
2025-10-16,NC-SBY-TMR-13,0.0,0.0,0.0,0.0,0.0,0.0,0.0,0.0,0.0,0,0.0,0.0,0.0,0.0
2025-10-16,NC-SBY-TMR-14,0.0,0.0,0.0,0.0,0.0,0.0,0.0,0.0,0.0,0,0.0,0.0,0.0,0.0
2025-10-16,NC-SBY-TMR-8,0.0,1.0,0.0,1.0,2839.280786000001,83.40188518346737,14.908126596460084,23720.99916900001,0.2151032100044746,0,0.9513451845479114,0.9996211952404296,0.9996211952404296,0.9994206515441864
2025-10-16,NC-SBY-TMR-9,0.0,1.0,1.4076774729374004e-05,1.0,2413.078367,84.01316564033935,15.717255829055023,21239.0705555,0.1643203844929558,0,0.9280427033318784,0.9996068775734,0.9996068775734,0.9994413523411476
2025-10-16,NC-SBY-UTR-1,1.0,1.0,0.0,1.0,3141.442291,76.69655153281167,10.216006304799654,23045.42000000001,0.2315186196722877,1,0.7338910823537307,0.9993146860246712,0.9993146860246712,0.9984516980557387
2025-10-16,NC-SBY-UTR-2,1.0,1.0,0.0,1.0,4527.112095999999,89.5384983122637,15.066564947239272,34258.73305470001,0.1810336448263293,0,0.9469062388206786,0.9995776484198542,0.9995776484198542,0.9994491066345924
2025-10-16,NC-SBY-UTR-3,1.0,1.0,0.0,1.0,3156.011281000001,70.31004351969943,10.122863180362296,25983.4547218,0.2006450709566618,0,0.9555694504857184,0.9996116976095134,0.9996116976095134,0.9995146220118918
2025-10-16,NC-SBY-UTR-4,0.998603270609319,1.0,0.0,1.0,3100.605739,85.81706352865707,15.033096230700409,24925.9836006,0.2256559237009398,0,0.8651872070254554,0.999466045337605,0.999466045337605,0.9993042408944548
2025-10-16,NC-SBY-UTR-5,0.997925659472422,1.0,0.0,1.0,3782.235293,52.403502519636646,9.633650289567578,30665.1899228,0.3235141515100172,0,0.8951503627330162,0.999284639935434,0.999284639935434,0.9987343629626912
2025-10-16,NC-SBY-UTR-6,0.9997793263646922,1.0,5.708935626041881e-06,0.9934083915173716,3396.015633,55.6416070801202,4.144574157986024,28824.986628700004,0.3943987905484662,4,0.9543790373593514,0.9987911189811346,0.9987911189811346,0.9925920281756916
2025-10-16,NC-SBY-UTR-7,1.0,1.0,0.0,1.0,5047.978965,67.76024643773654,8.171658516461855,43327.3227773,0.3304835886544096,1,0.952366625581102,0.9995076783245914,0.9995076783245914,0.9991952434151976
2025-10-16,NC-SDA-UTR-24,0.0,0.0,0.0,0.0,0.0,0.0,0.0,0.0,0.0,0,0.0,0.0,0.0,0.0
2025-10-16,NC-SDA-UTR-25,0.0,0.0,0.0,0.0,0.0,0.0,0.0,0.0,0.0,0,0.0,0.0,0.0,0.0
2025-10-16,NC-SDA-UTR-26,1.0,1.0,0.0,0.9996753246753248,29.013272,14.166720000000002,3.024560044793913,247.4083333,0.1035476471027213,0,0.0,0.994296577946768,0.994296577946768,0.9968314321926488
2025-10-16,OA_CLUSTER,0.4386850757527187,0.547558494404883,4.226430619160854e-06,0.5473422386840644,40647.091649,37.858296587908185,5.82601464289403,337660.89374190004,0.1365417052028175,6,0.4390688909512896,0.5125423011744039,0.5125423011744039,0.5121812947062148
2025-10-17,NC-SBY-BRT-15,0.0,0.0,0.0,0.0,0.0,0.0,0.0,0.0,0.0,0,0.0,0.0,0.0,0.0
2025-10-17,NC-SBY-BRT-16,0.0,0.0,0.0,0.0,0.0,0.0,0.0,0.0,0.0,0,0.0,0.0,0.0,0.0
2025-10-17,NC-SBY-BRT-17,0.0,0.0,0.0,0.0,0.0,0.0,0.0,0.0,0.0,0,0.0,0.0,0.0,0.0
2025-10-17,NC-SBY-SEL-18,0.0,0.0,0.0,0.0,0.0,0.0,0.0,0.0,0.0,0,0.0,0.0,0.0,0.0
2025-10-17,NC-SBY-SEL-19,0.0,0.0,0.0,0.0,0.0,0.0,0.0,0.0,0.0,0,0.0,0.0,0.0,0.0
2025-10-17,NC-SBY-SEL-20,0.0,0.0,0.0,0.0,0.0,0.0,0.0,0.0,0.0,0,0.0,0.0,0.0,0.0
2025-10-17,NC-SBY-SEL-21,1.0,1.0,0.0,1.0,22.414478,28.92296333333333,4.073761046508944,123.2541668,0.2921451640384757,0,0.0,0.0,0.0,0.0
2025-10-17,NC-SBY-SEL-22,0.0,0.0,0.0,0.0,0.0,0.0,0.0,0.0,0.0,0,0.0,0.0,0.0,0.0
2025-10-17,NC-SBY-SEL-23,0.9983854166666668,1.0,0.0,1.0,2800.009860000001,63.04866971844249,7.997903730102932,23970.366937200004,0.2310323821308311,0,0.9926667516898354,0.9995711556704916,0.9995711556704916,0.999376226429806
2025-10-17,NC-SBY-TMR-10,0.0,1.0,1.5036576472268794e-05,1.0,1418.004889,75.54668803699586,12.3925927689168,12747.2875002,0.2072881842458641,0,0.8768995901509536,0.99937302109784,0.99937302109784,0.9991692659759558
2025-10-17,NC-SBY-TMR-11,1.0,1.0,3.830867212565244e-05,1.0,3781.587863,62.76190018504143,10.401812818694712,34941.73273949999,0.2644875001032964,0,0.822443066308865,0.9993564630304946,0.9993564630304946,0.999040339606878
2025-10-17,NC-SBY-TMR-12,0.0,1.0,8.605481691837701e-06,1.0,1017.3948759999998,63.85496184778442,10.2665767610029,9127.0835574,0.2199417769145354,0,0.6356701317343088,0.9994179199436872,0.9994179199436872,0.9989712073423308
2025-10-17,NC-SBY-TMR-13,0.0,0.0,0.0,0.0,0.0,0.0,0.0,0.0,0.0,0,0.0,0.0,0.0,0.0
2025-10-17,NC-SBY-TMR-14,0.0,0.0,0.0,0.0,0.0,0.0,0.0,0.0,0.0,0,0.0,0.0,0.0,0.0
2025-10-17,NC-SBY-TMR-8,0.0,1.0,0.0,1.0,2798.2982389999997,82.89262992995783,16.924173357206673,23741.0220311,0.2112810699543588,0,0.9634253490526854,0.9995987413148614,0.9995987413148614,0.999324195898714
2025-10-17,NC-SBY-TMR-9,0.0,1.0,1.6989466530750934e-05,1.0,2407.270505,86.64456695541301,15.84116363110508,20901.6905558,0.1567766562944667,0,0.9639527359010618,0.9997730419191576,0.9997730419191576,0.9996822586868206
2025-10-17,NC-SBY-UTR-1,1.0,1.0,1.365691107985196e-05,1.0,3034.5919819999995,78.55261466125147,13.377191164330544,21305.978054899984,0.2162903865818075,0,0.5308003119018927,0.9994910179640718,0.9994910179640718,0.9991916167664672
2025-10-17,NC-SBY-UTR-2,1.0,1.0,0.0,1.0,4451.883831,91.71536885755668,15.736265455486691,33855.052221900005,0.1661867683749136,0,0.9419186280201868,0.999639845769247,0.999639845769247,0.9995339180543196
2025-10-17,NC-SBY-UTR-3,1.0,1.0,0.0,1.0,3259.738431,72.65669236403606,9.99132226403953,26023.932500300005,0.1980277659165702,0,0.9583804954273636,0.9995243380371016,0.9995243380371016,0.9990090375772952
2025-10-17,NC-SBY-UTR-4,0.9995867208672088,1.0,0.0,1.0,3009.336778000001,84.01657926489845,15.11853660988204,24288.7782663,0.2246923553254455,0,0.9165559772296016,0.999666711105186,0.999666711105186,0.9994667377682976
2025-10-17,NC-SBY-UTR-5,1.0,1.0,0.0,1.0,3888.0594729999993,54.8428256837104,8.482063985293351,30655.7066668,0.3255711116043282,1,0.8936049801924165,0.999171625130065,0.999171625130065,0.9987776419602178
2025-10-17,NC-SBY-UTR-6,0.9978125,1.0,1.0414334289716363e-05,0.9975608289746034,3404.7862340000006,52.95065845618296,4.24581588625058,28548.12112569999,0.4186576372676442,3,0.91500750127769,0.9990725577353698,0.9990725577353698,0.9964893554923658
2025-10-17,NC-SBY-UTR-7,1.0,1.0,0.0,1.0,4915.588711999999,67.18598039134102,9.004384000453827,42313.07928759999,0.3014081789761478,1,0.9691112126950956,0.9995286875390756,0.9995286875390756,0.9991920357812726
2025-10-17,NC-SDA-UTR-24,0.0,0.0,0.0,0.0,0.0,0.0,0.0,0.0,0.0,0,0.0,0.0,0.0,0.0
2025-10-17,NC-SDA-UTR-25,0.0,0.0,0.0,0.0,0.0,0.0,0.0,0.0,0.0,0,0.0,0.0,0.0,0.0
2025-10-17,NC-SDA-UTR-26,1.0,1.0,0.0,1.0,27.872049,13.02350857142857,2.1354945218843304,251.350833,0.1586686288931327,0,0.0,0.996551724137931,0.996551724137931,0.996551724137931
2025-10-17,OA_CLUSTER,0.3980899695121951,0.5475555555555556,4.0189462992364544e-06,0.5474756436667235,40208.96615099999,38.166179972159895,6.108824420515656,332543.0856115,0.1332622849911016,5,0.4480526161403786,0.5126200631416581,0.5126200631416581,0.5124005159643897
2025-10-18,NC-SBY-BRT-15,0.0,0.0,0.0,0.0,0.0,0.0,0.0,0.0,0.0,0,0.0,0.0,0.0,0.0
2025-10-18,NC-SBY-BRT-16,0.0,0.0,0.0,0.0,0.0,0.0,0.0,0.0,0.0,0,0.0,0.0,0.0,0.0
2025-10-18,NC-SBY-BRT-17,0.0,0.0,0.0,0.0,0.0,0.0,0.0,0.0,0.0,0,0.0,0.0,0.0,0.0
2025-10-18,NC-SBY-SEL-18,0.0,0.0,0.0,0.0,0.0,0.0,0.0,0.0,0.0,0,0.0,0.0,0.0,0.0
2025-10-18,NC-SBY-SEL-19,0.0,0.0,0.0,0.0,0.0,0.0,0.0,0.0,0.0,0,0.0,0.0,0.0,0.0
2025-10-18,NC-SBY-SEL-20,0.0,0.0,0.0,0.0,0.0,0.0,0.0,0.0,0.0,0,0.0,0.0,0.0,0.0
2025-10-18,NC-SBY-SEL-21,1.0,1.0,0.0,1.0,20.580879,29.483626666666662,3.3564707081137946,128.97305490000002,0.3191499720595934,0,0.0,0.0,0.0,0.0
2025-10-18,NC-SBY-SEL-22,0.0,0.0,0.0,0.0,0.0,0.0,0.0,0.0,0.0,0,0.0,0.0,0.0,0.0
2025-10-18,NC-SBY-SEL-23,0.999886574074074,1.0,0.0,1.0,2942.825205,60.99269448816316,6.96933165350571,23302.4280991,0.2523037151016551,1,0.9845518154856172,0.9995649784778826,0.9995649784778826,0.999290228042861
2025-10-18,NC-SBY-TMR-10,0.0,1.0,3.489694930869144e-05,1.0,2805.849414,73.3499169912774,8.518060063340805,23969.4002777,0.2476070497697665,1,0.8195479955175251,0.9991004000852252,0.9991004000852252,0.99883998958358
2025-10-18,NC-SBY-TMR-11,1.0,1.0,3.543021134121065e-05,1.0,3837.711806999999,67.68094701663586,13.288091890357508,32422.184612300003,0.2301369669740567,0,0.8588395967284055,0.9989024132836136,0.9989024132836136,0.9986350524168016
2025-10-18,NC-SBY-TMR-12,0.0,1.0,0.0,1.0,2617.7036740000017,65.1653104708812,9.727171796613694,23276.41574049999,0.2263301395924191,1,0.744963343941805,0.9997031550378832,0.9997031550378832,0.9995335293452448
2025-10-18,NC-SBY-TMR-13,0.0,0.0,0.0,0.0,0.0,0.0,0.0,0.0,0.0,0,0.0,0.0,0.0,0.0
2025-10-18,NC-SBY-TMR-14,0.0,0.0,0.0,0.0,0.0,0.0,0.0,0.0,0.0,0,0.0,0.0,0.0,0.0
2025-10-18,NC-SBY-TMR-8,0.0,1.0,0.0,1.0,2865.631601,85.68729843067854,16.8569649214221,22990.94482080001,0.1879732851591209,0,0.9670027497708524,0.9995145426147156,0.9995145426147156,0.9992823673434928
2025-10-18,NC-SBY-TMR-9,0.0,1.0,0.0,1.0,3146.293258,87.23370299881448,17.620807817253468,25312.670278599995,0.1479212591618731,0,0.971902310768775,0.9996699125268196,0.9996699125268196,0.9996332361409108
2025-10-18,NC-SBY-UTR-1,1.0,1.0,7.951653944020357e-05,1.0,2458.067343999999,87.47558120859978,17.593179255470634,16830.515555800004,0.1338439054900495,0,0.5883362144036185,0.999329009170208,0.999329009170208,0.9994408409751734
2025-10-18,NC-SBY-UTR-2,1.0,1.0,0.0,1.0,4715.732208,96.1461395538659,18.33515796990988,34499.44000280001,0.1329380978605922,0,0.9814823236917106,0.9997716563220062,0.9997716563220062,0.9994810370954684
2025-10-18,NC-SBY-UTR-3,1.0,1.0,0.0,1.0,3095.328276,74.79367883697364,12.799781620355002,23408.26916700001,0.1629901799221908,0,0.9322322891244024,0.999408948519416,0.999408948519416,0.9990937210631046
2025-10-18,NC-SBY-UTR-4,0.9976228632478632,1.0,0.0,1.0,2889.511069,89.96742671630818,18.93318237532924,22336.199946399996,0.1836018635404479,0,0.8889324533315908,0.9998373322488816,0.9998373322488816,0.9992408838281144
2025-10-18,NC-SBY-UTR-5,0.0,1.0,5.290753350369559e-06,1.0,3836.3459950000006,54.68081375353212,5.849854427107751,29218.7450174,0.3447548616152408,3,0.8903340678160799,0.998950386564948,0.998950386564948,0.9986346491901764
2025-10-18,NC-SBY-UTR-6,0.9985725818717898,1.0,0.0,0.9934796070765084,2789.8139079999987,53.68896938986884,6.33504498356677,22872.15044100001,0.3518583141106757,1,0.9080486791890982,0.9994892647376588,0.9994892647376588,0.9989588858113816
2025-10-18,NC-SBY-UTR-7,1.0,1.0,0.0,1.0,4726.924607999998,71.43389898815306,12.234878672772764,36765.304720900014,0.2532363748788324,0,0.9733294606092706,0.9994368757471276,0.9994368757471276,0.9991898914256924
2025-10-18,NC-SDA-UTR-24,0.0,0.0,0.0,0.0,0.0,0.0,0.0,0.0,0.0,0,0.0,0.0,0.0,0.0
2025-10-18,NC-SDA-UTR-25,0.0,0.0,0.0,0.0,0.0,0.0,0.0,0.0,0.0,0,0.0,0.0,0.0,0.0
2025-10-18,NC-SDA-UTR-26,1.0,1.0,0.0,0.9996124031007751,33.036182999999994,19.098965714285715,3.160539432430589,239.2199998,0.1131791995029901,0,0.0,0.997983870967742,0.997983870967742,0.997983870967742
2025-10-18,OA_CLUSTER,0.3475816603500243,0.5424918525946353,6.0913429940760605e-06,0.5422809900508573,42748.319246,39.1121224344303,6.63970536991409,337333.6417352,0.1216705882881201,7,0.4498097119538224,0.507231620415171,0.507231620415171,0.5071010362424592
2025-10-19,NC-SBY-BRT-15,0.0,0.0,0.0,0.0,0.0,0.0,0.0,0.0,0.0,0,0.0,0.0,0.0,0.0
2025-10-19,NC-SBY-BRT-16,0.0,0.0,0.0,0.0,0.0,0.0,0.0,0.0,0.0,0,0.0,0.0,0.0,0.0
2025-10-19,NC-SBY-BRT-17,0.0,0.0,0.0,0.0,0.0,0.0,0.0,0.0,0.0,0,0.0,0.0,0.0,0.0
2025-10-19,NC-SBY-SEL-18,0.0,0.0,0.0,0.0,0.0,0.0,0.0,0.0,0.0,0,0.0,0.0,0.0,0.0
2025-10-19,NC-SBY-SEL-19,0.0,0.0,0.0,0.0,0.0,0.0,0.0,0.0,0.0,0,0.0,0.0,0.0,0.0
2025-10-19,NC-SBY-SEL-20,0.0,0.0,0.0,0.0,0.0,0.0,0.0,0.0,0.0,0,0.0,0.0,0.0,0.0
2025-10-19,NC-SBY-SEL-21,1.0,1.0,0.0,1.0,24.271422,26.07992333333333,6.394014018452645,130.98722220000002,0.3983059375265955,0,0.0,0.0,0.0,0.0
2025-10-19,NC-SBY-SEL-22,0.0,0.0,0.0,0.0,0.0,0.0,0.0,0.0,0.0,0,0.0,0.0,0.0,0.0
2025-10-19,NC-SBY-SEL-23,0.9998625925925926,1.0,0.0,1.0,2269.678687,59.25140701444116,8.124896745389583,15930.4525308,0.246414409875843,0,0.9910686354251392,0.9995945597287236,0.9995945597287236,0.9994102686963252
2025-10-19,NC-SBY-TMR-10,0.0,1.0,7.149035952501805e-06,1.0,2363.096366,70.9719568991804,9.327493165181302,17773.148948199996,0.2734289041707133,1,0.8829168431455597,0.9992880028479886,0.9992880028479886,0.9989320042719828
2025-10-19,NC-SBY-TMR-11,0.0,1.0,3.716297824107624e-05,1.0,3030.297763,63.79884850204866,10.504489600376372,22477.175950000004,0.2442357529465085,1,0.8365138029868758,0.9992899790221076,0.9992899790221076,0.9990317895756012
2025-10-19,NC-SBY-TMR-12,0.0,1.0,0.0,1.0,2228.400777,61.78673374104062,10.12570148750584,17061.017223499995,0.2680193418167321,0,0.821922478815145,0.9996432712030678,0.9996432712030678,0.9992122239067748
2025-10-19,NC-SBY-TMR-13,0.0,0.0,0.0,0.0,0.0,0.0,0.0,0.0,0.0,0,0.0,0.0,0.0,0.0
2025-10-19,NC-SBY-TMR-14,0.0,0.0,0.0,0.0,0.0,0.0,0.0,0.0,0.0,0,0.0,0.0,0.0,0.0
2025-10-19,NC-SBY-TMR-8,0.0,1.0,0.0,1.0,2308.09494,80.43684706362923,15.32701239954056,15952.3520607,0.2092245870599183,0,0.967932417923942,0.9997206495828368,0.9997206495828368,0.9995530393325388
2025-10-19,NC-SBY-TMR-9,0.0,1.0,1.3514426650449357e-05,1.0,2600.533991,79.67081648570728,12.58146766513532,17788.951758900002,0.1949202502045349,0,0.9267921172385736,0.9996489238164682,0.9996489238164682,0.99967592967674
2025-10-19,NC-SBY-UTR-1,1.0,1.0,0.0,1.0,1838.727139,88.04189929100056,18.46731411441942,10752.856665900004,0.1298020590600957,0,0.9926810374762935,0.9995529156287922,0.9995529156287922,0.9995529156287922
2025-10-19,NC-SBY-UTR-2,1.0,1.0,0.0,1.0,3996.305181999999,84.78760966886234,13.714542692741146,23975.433333800003,0.2082252154970995,0,0.990346324585455,0.9993603362803556,0.9993603362803556,0.9992004203504444
2025-10-19,NC-SBY-UTR-3,1.0,1.0,0.0,1.0,2462.909419,73.24392720430268,11.31184692681419,15153.378610099997,0.1793850455725666,0,0.9777947542653423,0.999683226862362,0.999683226862362,0.9994456470091336
2025-10-19,NC-SBY-UTR-4,1.0,1.0,0.0,1.0,2130.4862610000005,92.17619646917578,18.098197907141213,13894.9072225,0.1719865423092956,0,0.8712018140589569,0.9996463619485456,0.9996463619485456,0.9994032357881708
2025-10-19,NC-SBY-UTR-5,0.0,1.0,0.0,1.0,2928.157544000001,55.485991774076666,9.405260867881168,20050.5052771,0.2968159249177234,0,0.9000816612225851,0.9992346887398544,0.9992346887398544,0.9989930114998088
2025-10-19,NC-SBY-UTR-6,0.0,1.0,0.0,1.0,2324.0679,58.82932166892799,5.797938453015075,18074.9599996,0.3337610817875084,2,0.9756825761166972,0.9990706799525014,0.9990706799525014,0.9985440652589188
2025-10-19,NC-SBY-UTR-7,1.0,1.0,6.317678126934789e-06,1.0,3670.963683,72.27486417657269,12.390700222692876,25120.70277759998,0.2561915283708837,0,0.9781371168901732,0.9994819758052228,0.9994819758052228,0.9993499304222404
2025-10-19,NC-SDA-UTR-24,0.0,0.0,0.0,0.0,0.0,0.0,0.0,0.0,0.0,0,0.0,0.0,0.0,0.0
2025-10-19,NC-SDA-UTR-25,0.0,0.0,0.0,0.0,0.0,0.0,0.0,0.0,0.0,0,0.0,0.0,0.0,0.0
2025-10-19,NC-SDA-UTR-26,1.0,1.0,0.0,1.0,25.657854,19.36034,2.950680935067656,193.3633332,0.1100772937351994,0,0.0,0.9978070175438596,0.9978070175438596,0.9985380116959064
2025-10-19,OA_CLUSTER,0.2730868964990487,0.5411823522059742,2.595330229370566e-06,0.5411823522059742,34175.991074000005,37.618930761777136,6.295582547200148,234136.8295809,0.1313985667773149,4,0.4716334956658525,0.5057919934831377,0.5057919934831377,0.5056812074478845
2025-10-20,NC-SBY-BRT-15,0.0,0.0,0.0,0.0,0.0,0.0,0.0,0.0,0.0,0,0.0,0.0,0.0,0.0
2025-10-20,NC-SBY-BRT-16,0.0,0.0,0.0,0.0,0.0,0.0,0.0,0.0,0.0,0,0.0,0.0,0.0,0.0
2025-10-20,NC-SBY-BRT-17,0.0,0.0,0.0,0.0,0.0,0.0,0.0,0.0,0.0,0,0.0,0.0,0.0,0.0
2025-10-20,NC-SBY-SEL-18,0.0,0.0,0.0,0.0,0.0,0.0,0.0,0.0,0.0,0,0.0,0.0,0.0,0.0
2025-10-20,NC-SBY-SEL-19,0.0,0.0,0.0,0.0,0.0,0.0,0.0,0.0,0.0,0,0.0,0.0,0.0,0.0
2025-10-20,NC-SBY-SEL-20,0.0,0.0,0.0,0.0,0.0,0.0,0.0,0.0,0.0,0,0.0,0.0,0.0,0.0
2025-10-20,NC-SBY-SEL-21,1.0,1.0,0.0,1.0,16.882777,35.32101333333333,6.41502058921261,112.6413889,0.1741157591189556,0,0.0,0.0,0.0,0.0
2025-10-20,NC-SBY-SEL-22,0.0,0.0,0.0,0.0,0.0,0.0,0.0,0.0,0.0,0,0.0,0.0,0.0,0.0
2025-10-20,NC-SBY-SEL-23,1.0,1.0,0.0,1.0,2663.165269999999,59.287146973700445,8.776841692132033,19582.189999600007,0.2626231850680264,1,0.9931455425171014,0.9995398962997044,0.9995398962997044,0.999239059264896
2025-10-20,NC-SBY-TMR-10,0.0,1.0,6.690350507463086e-06,1.0,2500.37591,71.09051966378026,11.760311320924098,23012.8894419,0.2737785605280087,0,0.972869860110216,0.9992980198309398,0.9992980198309398,0.9990055280938314
2025-10-20,NC-SBY-TMR-11,0.0,1.0,4.788561085279484e-06,1.0,3697.276236,62.38351917700032,9.139554500811489,34294.44485099999,0.3092093162171225,0,0.9762984656308872,0.9991327681021904,0.9991327681021904,0.9987858753430668
2025-10-20,NC-SBY-TMR-12,0.0,1.0,0.0,1.0,2838.761579999999,63.9305523762947,9.086055767481414,24413.6444437,0.3095915435088767,0,0.9661920687010556,0.9997235023041474,0.9997235023041474,0.9994733377221856
2025-10-20,NC-SBY-TMR-13,0.0,0.0,0.0,0.0,0.0,0.0,0.0,0.0,0.0,0,0.0,0.0,0.0,0.0
2025-10-20,NC-SBY-TMR-14,0.0,0.0,0.0,0.0,0.0,0.0,0.0,0.0,0.0,0,0.0,0.0,0.0,0.0
2025-10-20,NC-SBY-TMR-8,0.0,1.0,0.0,1.0,2485.2792120000004,81.95410511725943,14.769661576694885,20169.0590533,0.2197168489239864,0,0.9815043031012884,0.9993937366726596,0.9993937366726596,0.9992264916168416
2025-10-20,NC-SBY-TMR-9,0.0,1.0,0.0,1.0,2597.6854160000007,83.70365921881809,15.24171026560395,21828.16861230001,0.182722290405574,0,0.9696664725941944,0.9996635866152328,0.9996635866152328,0.999618731497264
2025-10-20,NC-SBY-UTR-1,1.0,1.0,0.0,1.0,2805.747446999999,80.39024369861103,13.556657586824208,20081.13444619999,0.2031715671374225,0,0.9917094655348462,0.9994055403638094,0.9994055403638094,0.9991974794911426
2025-10-20,NC-SBY-UTR-2,1.0,1.0,0.0,1.0,3941.839613000001,88.60018103252543,14.924498764754803,26822.0786118,0.1742934542699536,0,0.9866515258621986,0.9997325774188373,0.9997325774188373,0.999598866128256
2025-10-20,NC-SBY-UTR-3,1.0,1.0,0.0,1.0,2826.577224999999,70.62050952081826,10.08409980533825,22266.62916749999,0.1975657139691061,0,0.9808244778671332,0.9995610519485476,0.9995610519485476,0.9994465437612122
2025-10-20,NC-SBY-UTR-4,1.0,1.0,0.0,1.0,2713.478756,83.14767639830565,14.106219572278963,19187.3502789,0.2378304468147804,0,0.888143340341896,0.9996812859419386,0.9996812859419386,0.99948728608051
2025-10-20,NC-SBY-UTR-5,0.0,1.0,0.0,1.0,3298.0352820000007,54.83656273556826,9.809894763064424,25414.452498300005,0.3034758110234888,0,0.9520706424072616,0.999286796826246,0.999286796826246,0.9989174594684088
2025-10-20,NC-SBY-UTR-6,0.0,1.0,1.4457343607685523e-05,1.0,2873.127808,53.87988182878659,6.210155680450038,23466.220835,0.3799645322003449,1,0.9552254112370612,0.9995144740675204,0.9995144740675204,0.9992015795777004
2025-10-20,NC-SBY-UTR-7,1.0,1.0,0.0,1.0,4532.04344,66.31669804048434,8.906668916831105,37994.38687849999,0.318215814808908,1,0.9856652378162232,0.9995043690941806,0.9995043690941806,0.9992242298865436
2025-10-20,NC-SDA-UTR-24,0.0,0.0,0.0,0.0,0.0,0.0,0.0,0.0,0.0,0,0.0,0.0,0.0,0.0
2025-10-20,NC-SDA-UTR-25,0.0,0.0,0.0,0.0,0.0,0.0,0.0,0.0,0.0,0,0.0,0.0,0.0,0.0
2025-10-20,NC-SDA-UTR-26,1.0,1.0,0.0,1.0,23.622896,17.117485714285714,3.5060066703204726,223.0394443,0.0975051842815161,0,0.0,0.9986449864498644,0.9986449864498644,0.9986449864498644
2025-10-20,OA_CLUSTER,0.2722858565737052,0.5393426294820717,9.07812318398292e-07,0.5393426294820717,39790.275972,37.12675786312198,5.948927719211892,318645.2905069,0.1360123942341228,3,0.4892499248245206,0.503854807881994,0.503854807881994,0.5037381674777741
2025-10-21,NC-SBY-BRT-15,0.0,0.0,0.0,0.0,0.0,0.0,0.0,0.0,0.0,0,0.0,0.0,0.0,0.0
2025-10-21,NC-SBY-BRT-16,0.0,0.0,0.0,0.0,0.0,0.0,0.0,0.0,0.0,0,0.0,0.0,0.0,0.0
2025-10-21,NC-SBY-BRT-17,0.0,0.0,0.0,0.0,0.0,0.0,0.0,0.0,0.0,0,0.0,0.0,0.0,0.0
2025-10-21,NC-SBY-SEL-18,0.0,0.0,0.0,0.0,0.0,0.0,0.0,0.0,0.0,0,0.0,0.0,0.0,0.0
2025-10-21,NC-SBY-SEL-19,0.0,0.0,0.0,0.0,0.0,0.0,0.0,0.0,0.0,0,0.0,0.0,0.0,0.0
2025-10-21,NC-SBY-SEL-20,0.0,0.0,0.0,0.0,0.0,0.0,0.0,0.0,0.0,0,0.0,0.0,0.0,0.0
2025-10-21,NC-SBY-SEL-21,1.0,1.0,0.0,1.0,14.831402,32.51131,5.965960198975241,101.36111069999998,0.1905953225716759,0,0.0,0.0,0.0,0.0
2025-10-21,NC-SBY-SEL-22,0.0,0.0,0.0,0.0,0.0,0.0,0.0,0.0,0.0,0,0.0,0.0,0.0,0.0
2025-10-21,NC-SBY-SEL-23,1.0,1.0,9.748203893432635e-06,1.0,2666.9993790000008,58.93763364502384,7.498035971953673,19825.8166674,0.2763203464638699,0,0.9933400144616829,0.9992239385120514,0.9992239385120514,0.9990149988806806
2025-10-21,NC-SBY-TMR-10,1.0,1.0,1.1034056615744495e-05,1.0,2645.634748999999,70.73193845784604,10.799388389369987,24258.562476799994,0.2703500216974282,0,0.8729375533875826,0.9994288782025654,0.9994288782025654,0.999189007047643
2025-10-21,NC-SBY-TMR-11,0.0,1.0,4.938637429933081e-06,1.0,3900.446298,63.4979237088902,9.666810563806106,34733.798333700004,0.2993778959077796,0,0.9906061376933928,0.9994171946381908,0.9994171946381908,0.9991163918708053
2025-10-21,NC-SBY-TMR-12,1.0,1.0,0.0001038344582066,1.0,3161.042537,63.5692912736202,9.088333353775823,27611.2508334,0.3044004393312156,1,0.9695755554948208,0.9994076319052212,0.9994076319052212,0.9990494558479128
2025-10-21,NC-SBY-TMR-13,0.0,0.0,0.0,0.0,0.0,0.0,0.0,0.0,0.0,0,0.0,0.0,0.0,0.0
2025-10-21,NC-SBY-TMR-14,0.0,0.0,0.0,0.0,0.0,0.0,0.0,0.0,0.0,0,0.0,0.0,0.0,0.0
2025-10-21,NC-SBY-TMR-8,0.0,1.0,0.0,1.0,2610.2036270000003,78.76274159965274,14.578364262108533,20655.288056199992,0.2346067162967441,0,0.7785388672760687,0.9996640035839618,0.9996640035839618,0.999477338908385
2025-10-21,NC-SBY-TMR-9,0.0,1.0,2.3543260741612717e-05,1.0,2652.271338,81.55785762924152,14.290025636635358,22041.292777,0.1872384131438403,0,0.7288013731904006,0.998874772397144,0.998874772397144,0.999017983182962
2025-10-21,NC-SBY-UTR-1,1.0,1.0,0.0,1.0,2819.9184880000007,77.84313306005892,12.903939555680152,19923.829905,0.2197210582753259,0,0.9876598753133234,0.9994542974079128,0.9994542974079128,0.9992117629225404
2025-10-21,NC-SBY-UTR-2,1.0,1.0,0.0,1.0,4179.604641999998,83.85963475678648,14.042387671233667,27889.945001100008,0.1976860771639139,0,0.9906413775892188,0.999605144404332,0.999605144404332,0.9994171179302046
2025-10-21,NC-SBY-UTR-3,1.0,1.0,0.0,1.0,2964.0463389999995,67.63380018469687,7.547728493302339,19530.304165900005,0.2095334036593055,0,0.989928509552685,0.999549354074173,0.999549354074173,0.9991654705077276
2025-10-21,NC-SBY-UTR-4,1.0,1.0,0.0,1.0,2791.9872940000014,82.83294285605433,14.746935760295788,18247.1438898,0.2214328410187037,0,0.9096482107269734,0.9995976597207088,0.9995976597207088,0.9992791403329366
2025-10-21,NC-SBY-UTR-5,0.0,1.0,0.0,1.0,3280.3516350000004,53.05038419167688,9.884788163635877,23835.596666400008,0.2896647680004107,0,0.949952120259454,0.9994004625003567,0.9994004625003567,0.9989817378974316
2025-10-21,NC-SBY-UTR-6,0.0,1.0,0.0,0.9128038521784532,2986.85273,52.1777219478144,6.2274418240180704,22178.9986107,0.391094274093563,2,0.9843043751737052,0.9994781977403694,0.9994781977403694,0.9893844079982026
2025-10-21,NC-SBY-UTR-7,1.0,1.0,0.0,1.0,4721.429865000001,64.70907017059056,8.206472637997246,38105.1781667,0.3276143482666855,2,0.9836724476030207,0.99940263353274,0.99940263353274,0.999044213652384
2025-10-21,NC-SDA-UTR-24,0.0,0.0,0.0,0.0,0.0,0.0,0.0,0.0,0.0,0,0.0,0.0,0.0,0.0
2025-10-21,NC-SDA-UTR-25,0.0,0.0,0.0,0.0,0.0,0.0,0.0,0.0,0.0,0,0.0,0.0,0.0,0.0
2025-10-21,NC-SDA-UTR-26,1.0,1.0,0.0,1.0,30.908506000000003,18.498952857142857,3.2840301392388445,229.5158335,0.1155746628836799,0,0.0,0.9979736575481256,0.9979736575481256,0.9969604863221884
2025-10-21,OA_CLUSTER,0.3482408325074331,0.5377849355797819,5.798750571615449e-06,0.5349979427480229,41395.620323,35.972350970427776,5.640637772650903,318938.3666608,0.138358338663794,5,0.469036237867581,0.5002097320243352,0.5002097320243352,0.4997659866402265
2025-10-22,NC-SBY-BRT-15,0.0,0.0,0.0,0.0,0.0,0.0,0.0,0.0,0.0,0,0.0,0.0,0.0,0.0
2025-10-22,NC-SBY-BRT-16,0.0,0.0,0.0,0.0,0.0,0.0,0.0,0.0,0.0,0,0.0,0.0,0.0,0.0
2025-10-22,NC-SBY-BRT-17,0.0,0.0,0.0,0.0,0.0,0.0,0.0,0.0,0.0,0,0.0,0.0,0.0,0.0
2025-10-22,NC-SBY-SEL-18,0.0,0.0,0.0,0.0,0.0,0.0,0.0,0.0,0.0,0,0.0,0.0,0.0,0.0
2025-10-22,NC-SBY-SEL-19,0.0,0.0,0.0,0.0,0.0,0.0,0.0,0.0,0.0,0,0.0,0.0,0.0,0.0
2025-10-22,NC-SBY-SEL-20,0.0,0.0,0.0,0.0,0.0,0.0,0.0,0.0,0.0,0,0.0,0.0,0.0,0.0
2025-10-22,NC-SBY-SEL-21,1.0,1.0,0.0,1.0,3.92199,26.878206666666667,4.292083581271096,24.0158335,0.1390177789188389,0,0.0,0.0,0.0,0.0
2025-10-22,NC-SBY-SEL-22,0.0,0.0,0.0,0.0,0.0,0.0,0.0,0.0,0.0,0,0.0,0.0,0.0,0.0
2025-10-22,NC-SBY-SEL-23,0.9992928146587238,1.0,0.0,1.0,2912.612244999999,52.34346239728454,7.455687735150016,20991.8274755,0.2830667458050768,0,0.990784966468857,0.9988670057613962,0.9988670057613962,0.9983848805534796
2025-10-22,NC-SBY-TMR-10,0.0,1.0,0.0,1.0,2806.414889999998,72.50141716894683,11.293252674768286,22034.2507373,0.2472917007364096,0,0.9128474161388832,0.9990573052206704,0.9990573052206704,0.9985262095703435
2025-10-22,NC-SBY-TMR-11,0.0,1.0,5.372704511997249e-06,1.0,3942.149783,68.41104341829991,11.354896276125531,30745.8130704,0.267764117501094,0,0.9779304070957472,0.9993432371931252,0.9993432371931252,0.9989917303387416
2025-10-22,NC-SBY-TMR-12,0.0,1.0,6.859698584844182e-06,1.0,3261.246535,65.71306760027551,9.93482979826613,24974.4899202,0.2806133636276539,0,0.9849639866457778,0.9995555341998414,0.9995555341998414,0.9991711313456504
2025-10-22,NC-SBY-TMR-13,0.9939204599001036,1.0,0.0,1.0,3882.913247,53.1612639222314,10.908106141203502,29633.23839529999,0.2613752034834687,0,0.8648439147859102,0.99958545257418,0.99958545257418,0.9992346816754094
2025-10-22,NC-SBY-TMR-14,0.0,0.0,0.0,0.0,0.0,0.0,0.0,0.0,0.0,0,0.0,0.0,0.0,0.0
2025-10-22,NC-SBY-TMR-8,0.0,1.0,0.0,1.0,2762.774772,80.35964775830702,16.153194698593385,18826.17902,0.2049934455247545,0,0.9698774111971016,0.9997011994706962,0.9997011994706962,0.9994023989413924
2025-10-22,NC-SBY-TMR-9,0.0,1.0,1.3215975471149526e-05,1.0,2710.892855,80.8809681809954,15.617105617968829,19516.84218100001,0.166149824705726,0,0.9795026649131308,0.999661418655832,0.999661418655832,0.9996190959878112
2025-10-22,NC-SBY-UTR-1,1.0,1.0,1.241280007944192e-05,1.0,3211.97484,75.0684833031112,11.47105531838702,22828.65250009999,0.2480421421617867,0,0.9883571569725316,0.9993694201984666,0.9993694201984666,0.9991702897348246
2025-10-22,NC-SBY-UTR-2,1.0,1.0,9.857558282813348e-06,1.0,4635.301727,85.68637407054217,14.672259267414438,31192.402629399978,0.1872488074147625,0,0.9762979930987692,0.9996673074079552,0.9996673074079552,0.9995564098772732
2025-10-22,NC-SBY-UTR-3,0.999837978960301,1.0,0.0,1.0,3310.173856999999,66.38334627400921,9.923179760710608,21543.0467562,0.2190900300473866,0,0.9844221494338844,0.9994379974482046,0.9994379974482046,0.9992861048666384
2025-10-22,NC-SBY-UTR-4,0.9996149474282466,1.0,0.0,1.0,3133.637,83.40356298450533,15.09936534473193,20238.15150690001,0.2330214833828827,0,0.892792670818666,0.9995099497698514,0.9995099497698514,0.9991949174790417
2025-10-22,NC-SBY-UTR-5,0.0,1.0,5.239113122930551e-06,1.0,3714.652435,51.19563940272089,6.450948422062042,27040.467810300004,0.3245153578572816,2,0.9315772909665164,0.998869619537734,0.998869619537734,0.99817552627143
2025-10-22,NC-SBY-UTR-6,1.0,1.0,0.0,1.0,3292.680977,57.87319424321239,5.971335633268329,24004.4107973,0.3898666261456926,2,0.6840105079641057,0.9994929239846956,0.9994929239846956,0.999031945788964
2025-10-22,NC-SBY-UTR-7,0.9998526936026936,1.0,0.0,1.0,5154.0264670000015,65.54616528389538,8.378059018621904,42019.0447481,0.3182640740531642,1,0.9805256845486148,0.9995544157400164,0.9995544157400164,0.9991088314800328
2025-10-22,NC-SDA-UTR-24,0.0,0.0,0.0,0.0,0.0,0.0,0.0,0.0,0.0,0,0.0,0.0,0.0,0.0
2025-10-22,NC-SDA-UTR-25,0.0,0.0,0.0,0.0,0.0,0.0,0.0,0.0,0.0,0,0.0,0.0,0.0,0.0
2025-10-22,NC-SDA-UTR-26,1.0,1.0,0.0,0.958077709611452,29.392222000000004,13.095897142857144,2.270847772545785,274.8383324,0.1771815951317536,0,0.0,0.9993698802772528,0.9993698802772528,0.9993698802772528
2025-10-22,OA_CLUSTER,0.3550501511302843,0.5906300889389954,2.2778635763173564e-06,0.5906300889389954,48735.37362,38.94877341407743,6.29319272460105,355612.8333814999,0.1478879814766241,5,0.5198056515393256,0.5526019689248867,0.5526019689248867,0.5524137734999841
2025-10-23,NC-SBY-BRT-15,1.0,1.0,4.605663123376504e-06,1.0,3145.091604,44.99190727808009,7.757928623641259,44097.87222279999,0.3117065035219537,1,0.8292750572024684,0.999222650121238,0.999222650121238,0.998780487804878
2025-10-23,NC-SBY-BRT-16,0.0,0.0,0.0,0.0,0.0,0.0,0.0,0.0,0.0,0,0.0,0.0,0.0,0.0
2025-10-23,NC-SBY-BRT-17,0.0,0.0,0.0,0.0,0.0,0.0,0.0,0.0,0.0,0,0.0,0.0,0.0,0.0
2025-10-23,NC-SBY-SEL-18,0.0,0.0,0.0,0.0,0.0,0.0,0.0,0.0,0.0,0,0.0,0.0,0.0,0.0
2025-10-23,NC-SBY-SEL-19,0.0,0.0,0.0,0.0,0.0,0.0,0.0,0.0,0.0,0,0.0,0.0,0.0,0.0
2025-10-23,NC-SBY-SEL-20,0.0,0.0,0.0,0.0,0.0,0.0,0.0,0.0,0.0,0,0.0,0.0,0.0,0.0
2025-10-23,NC-SBY-SEL-21,0.0,0.0,0.0,0.0,0.0,0.0,0.0,0.0,0.0,0,0.0,0.0,0.0,0.0
2025-10-23,NC-SBY-SEL-22,0.0,0.0,0.0,0.0,0.0,0.0,0.0,0.0,0.0,0,0.0,0.0,0.0,0.0
2025-10-23,NC-SBY-SEL-23,1.0,1.0,0.0,1.0,2972.946258,56.20604451973677,8.621134581596815,41671.9337948,0.2607856305939278,0,0.9918932678876806,0.9992077177611036,0.9992077177611036,0.998298923428252
2025-10-23,NC-SBY-TMR-10,0.0,1.0,0.0,1.0,3726.851224,70.96264818477678,11.612496347257563,49036.30605180001,0.245282856277567,0,0.9292075881688612,0.9992816791662608,0.9992816791662608,0.9990016557903963
2025-10-23,NC-SBY-TMR-11,0.0,1.0,0.0,1.0,6366.193989999999,67.36932666029462,11.38778600408385,79577.8160946,0.2616174862761579,0,0.988080313556804,0.9987347183038386,0.9987347183038386,0.99836425294235
2025-10-23,NC-SBY-TMR-12,0.0,1.0,0.0,1.0,5436.512621999998,70.70544443263138,11.482109266664596,65781.7968418,0.2421483535002859,0,0.9811573999225188,0.9991432869918926,0.9991432869918926,0.9988437856963752
2025-10-23,NC-SBY-TMR-13,0.0,1.0,0.0,1.0,4203.782665999998,56.96377725866133,11.98657496175304,60761.0977214,0.2320975748451543,0,0.8664008682989086,0.9994846854971174,0.9994846854971174,0.999162613932816
2025-10-23,NC-SBY-TMR-14,0.0,0.0,0.0,0.0,0.0,0.0,0.0,0.0,0.0,0,0.0,0.0,0.0,0.0
2025-10-23,NC-SBY-TMR-8,0.0,1.0,0.0,1.0,3878.381434000001,84.19251358118795,16.276253659170344,43408.764777999975,0.2025513019628088,0,0.9900499230094668,0.9996471418489769,0.9996471418489769,0.999367288832648
2025-10-23,NC-SBY-TMR-9,0.0,1.0,0.0,1.0,3405.286563,82.77788857833366,15.09135769434977,43712.41984290001,0.172954247606325,0,0.9754285357126116,0.9997437629574414,0.9997437629574414,0.999510820191479
2025-10-23,NC-SBY-UTR-1,0.9986926328502416,1.0,0.0,1.0,4630.174149000001,81.63480793351474,13.948458801148378,47141.14753039998,0.2056675098148294,0,0.991961249098217,0.999265043638034,0.999265043638034,0.9987138263665596
2025-10-23,NC-SBY-UTR-2,0.9986743013861092,1.0,0.0,1.0,5907.622562000001,87.17983646239922,15.7063190564394,60880.11672889999,0.1771423611446576,0,0.9877525478276415,0.9993533785968316,0.9993533785968316,0.999426858301737
2025-10-23,NC-SBY-UTR-3,1.0,1.0,0.0,1.0,3917.343841,69.26899439000253,10.468550894602712,45824.79611400001,0.2090513891442585,0,0.9828711955031532,0.9995637813921604,0.9995637813921604,0.9992677759082694
2025-10-23,NC-SBY-UTR-4,0.9996694958847736,1.0,0.0,1.0,3482.6163600000004,86.1522775575237,16.34547440457374,43331.45512089998,0.2210152726330594,0,0.9813128012417286,0.9996492360360866,0.9996492360360866,0.999368624864956
2025-10-23,NC-SBY-UTR-5,0.0,1.0,0.0,1.0,5269.161452000002,52.64843419017689,10.576603159264,63902.259591300026,0.2901249487454782,0,0.9831598575889966,0.9988515835842076,0.9988515835842076,0.9983840140434922
2025-10-23,NC-SBY-UTR-6,0.9487037037037036,1.0,4.4705124995529485e-06,1.0,4434.882691000001,59.80195580053584,6.519801032741045,59862.45433759998,0.3624895207184773,2,0.9169811792867896,0.9992391031189792,0.9992391031189792,0.9989179906737776
2025-10-23,NC-SBY-UTR-7,0.999769595176572,1.0,0.0,1.0,8012.255586999994,68.33093639410552,9.354640700332574,95506.9585247,0.2753141416336954,0,0.9800319532370374,0.9994662231636672,0.9994662231636672,0.9991234822477062
2025-10-23,NC-SDA-UTR-24,0.0,0.0,0.0,0.0,0.0,0.0,0.0,0.0,0.0,0,0.0,0.0,0.0,0.0
2025-10-23,NC-SDA-UTR-25,0.0,0.0,0.0,0.0,0.0,0.0,0.0,0.0,0.0,0,0.0,0.0,0.0,0.0
2025-10-23,NC-SDA-UTR-26,1.0,1.0,0.0,1.0,29.941759,15.345394285714288,2.7938812662868653,501.21277800000007,0.1316828586779283,0,0.0,1.0,1.0,1.0
2025-10-23,OA_CLUSTER,0.3129685295037477,0.5974448897795591,3.469921634595797e-07,0.5974448897795591,68789.103003,41.31168744176191,7.090298304166525,844497.1952958999,0.1454097618867462,3,0.5717302892730414,0.5970338449134327,0.5970338449134327,0.596832637824
2025-10-24,NC-SBY-BRT-15,0.0,1.0,0.0,1.0,4056.037831,42.565081315244434,6.180534305701764,59560.1922229,0.3512690103013252,1,0.927160733400522,0.9988717124829072,0.9988717124829072,0.9984853966482502
2025-10-24,NC-SBY-BRT-16,0.0,0.0,0.0,0.0,0.0,0.0,0.0,0.0,0.0,0,0.0,0.0,0.0,0.0
2025-10-24,NC-SBY-BRT-17,0.0,0.0,0.0,0.0,0.0,0.0,0.0,0.0,0.0,0,0.0,0.0,0.0,0.0
2025-10-24,NC-SBY-SEL-18,0.0,0.0,0.0,0.0,0.0,0.0,0.0,0.0,0.0,0,0.0,0.0,0.0,0.0
2025-10-24,NC-SBY-SEL-19,0.0,0.0,0.0,0.0,0.0,0.0,0.0,0.0,0.0,0,0.0,0.0,0.0,0.0
2025-10-24,NC-SBY-SEL-20,0.0,0.0,0.0,0.0,0.0,0.0,0.0,0.0,0.0,0,0.0,0.0,0.0,0.0
2025-10-24,NC-SBY-SEL-21,0.0,0.0,0.0,0.0,0.0,0.0,0.0,0.0,0.0,0,0.0,0.0,0.0,0.0
2025-10-24,NC-SBY-SEL-22,0.0,0.0,0.0,0.0,0.0,0.0,0.0,0.0,0.0,0,0.0,0.0,0.0,0.0
2025-10-24,NC-SBY-SEL-23,1.0,1.0,0.0,1.0,2883.0915429999995,55.58553303549255,7.942531068504485,40277.00832999999,0.2594064564648511,0,0.9935086662651408,0.9991286162425932,0.9991286162425932,0.9986251500716472
2025-10-24,NC-SBY-TMR-10,0.0,1.0,0.0,1.0,3641.1147450000008,71.57852589414053,12.278341431657251,48212.4911077,0.2370642593827467,0,0.9739798698993496,0.9991904232467266,0.9991904232467266,0.9988018264051554
2025-10-24,NC-SBY-TMR-11,0.0,1.0,0.0,1.0,6387.236748,67.69139723320507,12.92977987379585,77374.18777669995,0.2514066051756267,0,0.9573413911021538,0.9990521681653218,0.9990521681653218,0.9986031951910006
2025-10-24,NC-SBY-TMR-12,0.0,1.0,4.247023898003474e-06,1.0,5140.866385999998,67.93981432302606,12.109153519979271,63362.79499450001,0.2388450972898962,0,0.9876556838656516,0.999355135068285,0.999355135068285,0.9988957792265154
2025-10-24,NC-SBY-TMR-13,0.0,1.0,0.0,1.0,4163.652204000001,56.82317929580321,12.324952142557454,59530.767463199976,0.2388356438852634,0,0.9152746176987274,0.999347337745128,0.999347337745128,0.998937526561836
2025-10-24,NC-SBY-TMR-14,0.0,0.0,0.0,0.0,0.0,0.0,0.0,0.0,0.0,0,0.0,0.0,0.0,0.0
2025-10-24,NC-SBY-TMR-8,0.0,1.0,0.0,1.0,3959.095302,80.71844139368758,15.92658165129401,43336.9431289,0.2131320149985565,0,0.9881880463028584,0.9997305150677228,0.9997305150677228,0.9996719313867928
2025-10-24,NC-SBY-TMR-9,0.0,1.0,0.0,1.0,3496.265342,83.29576419194144,16.24425929828731,43366.33972939997,0.170244063595344,0,0.9797767543270636,0.9993935049897998,0.9993935049897998,0.9991913399864
2025-10-24,NC-SBY-UTR-1,0.999920138819565,1.0,0.0,1.0,4688.978424000001,81.34821244874301,15.35346830886705,46147.62867619999,0.1990741934296249,0,0.99049587246074,0.999402641179357,0.999402641179357,0.9992106329870074
2025-10-24,NC-SBY-UTR-2,0.9998233145254628,1.0,0.0,1.0,6058.871590000001,84.44444917528115,15.771645001189103,61292.68946970002,0.1879076823755887,0,0.9886852624451192,0.9995667110272044,0.9995667110272044,0.9993964903593204
2025-10-24,NC-SBY-UTR-3,1.0,1.0,0.0,1.0,3842.074456,71.33004682943088,10.338029864578466,45149.2404327,0.2010403544104454,0,0.9853876912378304,0.9993119231747266,0.9993119231747266,0.9991174666806276
2025-10-24,NC-SBY-UTR-4,1.0,1.0,0.0,1.0,3508.8010230000004,83.76747299777814,15.549712165444213,43235.3302784,0.2137599135818096,0,0.983262660415071,0.9995612421094348,0.9995612421094348,0.9993064794633
2025-10-24,NC-SBY-UTR-5,0.0,1.0,0.0,1.0,5544.676959000003,53.5583048753345,8.766291552872746,67033.47535169998,0.3120297167965979,1,0.9830868209856072,0.9991087408609708,0.9991087408609708,0.9984348619997536
2025-10-24,NC-SBY-UTR-6,0.9882777777777778,1.0,4.707366557926499e-06,0.999981459335688,4471.010877,62.17687711706359,6.786373164361812,57274.42273989999,0.3504766060323578,1,0.9802357320694436,0.9992224255609924,0.9992224255609924,0.998971088368586
2025-10-24,NC-SBY-UTR-7,1.0,1.0,0.0,1.0,7864.698130999995,66.47539689426742,10.365590709128972,92705.56939800002,0.2777861046266534,0,0.9808330543732964,0.9993514360185514,0.9993514360185514,0.9990699837247152
2025-10-24,NC-SDA-UTR-24,0.0,0.0,0.0,0.0,0.0,0.0,0.0,0.0,0.0,0,0.0,0.0,0.0,0.0
2025-10-24,NC-SDA-UTR-25,0.0,0.0,0.0,0.0,0.0,0.0,0.0,0.0,0.0,0,0.0,0.0,0.0,0.0
2025-10-24,NC-SDA-UTR-26,1.0,1.0,0.0,1.0,37.79478,18.09504714285714,3.311685296911707,595.6855552,0.1309659670003114,0,0.0,0.9944289693593314,0.9944289693593314,0.9953574744661096
2025-10-24,OA_CLUSTER,0.2698929716569562,0.5971457185778668,3.1775050076894737e-07,0.5971451267063846,69706.471561,40.85478832745381,7.1542178392352005,847859.0810999,0.1473698919594311,3,0.5810241899920259,0.5967306656766749,0.5967306656766749,0.5965344241715438
2025-10-25,NC-SBY-BRT-15,1.0,1.0,0.0,1.0,4117.093406000001,45.822883885058985,7.395126649270044,59750.97305479999,0.2933929852517706,2,0.8578067171569088,0.9990709364691096,0.9990709364691096,0.99880164269204
2025-10-25,NC-SBY-BRT-16,0.0,0.0,0.0,0.0,0.0,0.0,0.0,0.0,0.0,0,0.0,0.0,0.0,0.0
2025-10-25,NC-SBY-BRT-17,0.0,0.0,0.0,0.0,0.0,0.0,0.0,0.0,0.0,0,0.0,0.0,0.0,0.0
2025-10-25,NC-SBY-SEL-18,0.0,0.0,0.0,0.0,0.0,0.0,0.0,0.0,0.0,0,0.0,0.0,0.0,0.0
2025-10-25,NC-SBY-SEL-19,0.0,0.0,0.0,0.0,0.0,0.0,0.0,0.0,0.0,0,0.0,0.0,0.0,0.0
2025-10-25,NC-SBY-SEL-20,0.0,0.0,0.0,0.0,0.0,0.0,0.0,0.0,0.0,0,0.0,0.0,0.0,0.0
2025-10-25,NC-SBY-SEL-21,0.0,0.0,0.0,0.0,0.0,0.0,0.0,0.0,0.0,0,0.0,0.0,0.0,0.0
2025-10-25,NC-SBY-SEL-22,0.0,0.0,0.0,0.0,0.0,0.0,0.0,0.0,0.0,0,0.0,0.0,0.0,0.0
2025-10-25,NC-SBY-SEL-23,0.9946399401034576,1.0,0.0,1.0,2850.9737420000006,55.4634598534851,7.192602381444006,39414.3419246,0.2792572811011024,0,0.941646442559531,0.9991583066038808,0.9991583066038808,0.9986578402602424
2025-10-25,NC-SBY-TMR-10,1.0,1.0,0.0,1.0,3289.831477000001,74.70168361298731,11.741937917496251,44947.08527500001,0.2083244062898108,0,0.9686969339622642,0.998516831869314,0.998516831869314,0.9983706040254436
2025-10-25,NC-SBY-TMR-11,0.0,1.0,0.0,1.0,5576.569040000001,72.90414669443983,15.736618711204985,68000.1086168,0.1968932251557929,0,0.979721274175199,0.9991465485918052,0.9991465485918052,0.998867698131702
2025-10-25,NC-SBY-TMR-12,0.0,1.0,0.0,1.0,4760.313234,72.77261610263173,11.134317596772826,60604.7602266,0.1961400660301807,0,0.9837397423152642,0.9993336201297331,0.9993336201297331,0.9990130829769466
2025-10-25,NC-SBY-TMR-13,0.0,1.0,0.0,1.0,3667.3091020000015,62.645862805077975,15.397381057813831,54039.44761070003,0.170762132912483,0,0.9555746738558069,0.9994758799974842,0.9994758799974842,0.9989936895951698
2025-10-25,NC-SBY-TMR-14,0.0,0.0,0.0,0.0,0.0,0.0,0.0,0.0,0.0,0,0.0,0.0,0.0,0.0
2025-10-25,NC-SBY-TMR-8,1.0,1.0,0.0,1.0,3905.572568,83.86325842403177,17.304556178672925,43719.98002509999,0.1781816849997059,0,0.99263758384587,0.9997551345229716,0.9997551345229716,0.9993878363074286
2025-10-25,NC-SBY-TMR-9,0.0,1.0,4.0997048212528697e-05,1.0,3506.3801690000014,86.50549667807607,18.22940179633208,43948.39500450002,0.1449839882566965,0,0.981136288455177,0.9995148290163548,0.9995148290163548,0.9994209249550045
2025-10-25,NC-SBY-UTR-1,0.9978653413797184,1.0,0.0,1.0,3968.9682899999984,83.07795900878097,17.069338401311203,36443.57832949999,0.1543338326883506,0,0.979099358434519,0.9996097970944892,0.9996097970944892,0.9987693600672348
2025-10-25,NC-SBY-UTR-2,1.0,1.0,0.0,1.0,6453.024076000003,83.55658814977136,15.035210696675597,64525.14393359998,0.1866539126936869,0,0.9144173419912922,0.9994222884830414,0.9994222884830414,0.999217294073798
2025-10-25,NC-SBY-UTR-3,1.0,1.0,3.499776889223312e-05,1.0,3689.3283590000015,72.0458365850659,11.429723254422807,42409.49621349998,0.1801836166036244,0,0.9398169400698888,0.9996592917527308,0.9996592917527308,0.9993824663018248
2025-10-25,NC-SBY-UTR-4,1.0,1.0,0.0,1.0,3191.785663,92.2809852733416,18.763128505470476,38761.872223000006,0.1648383832795168,0,0.9766209476309228,0.9988651502442394,0.9988651502442394,0.9987911383036464
2025-10-25,NC-SBY-UTR-5,1.0,1.0,0.0,1.0,5446.848104999997,50.781099267655655,5.878949667930098,66775.8247234,0.3483302376889689,4,0.9599958043472376,0.9987459210442128,0.9987459210442128,0.9982660438927634
2025-10-25,NC-SBY-UTR-6,1.0,1.0,0.0,1.0,3711.648527000001,67.44293710102316,6.941717330469194,47845.18194639999,0.27070424618259,0,0.976579706548376,0.9995167998343314,0.9995167998343314,0.9990767425405974
2025-10-25,NC-SBY-UTR-7,1.0,1.0,0.0,1.0,7143.892004999999,73.80414043877408,13.14364099856284,80323.72801100001,0.2192172688216443,0,0.981276289243744,0.9992697624505502,0.9992697624505502,0.9988760691630209
2025-10-25,NC-SDA-UTR-24,0.0,0.0,0.0,0.0,0.0,0.0,0.0,0.0,0.0,0,0.0,0.0,0.0,0.0
2025-10-25,NC-SDA-UTR-25,0.0,0.0,0.0,0.0,0.0,0.0,0.0,0.0,0.0,0,0.0,0.0,0.0,0.0
2025-10-25,NC-SDA-UTR-26,0.9893381603100144,1.0,0.0,1.0,32.781394000000006,15.557898571428568,1.892458724641891,528.5476145999999,0.136439786363833,0,0.0,0.9951338199513382,0.9951338199513382,0.9956204379562044
2025-10-25,OA_CLUSTER,0.4304383148196969,0.595282665668289,2.799259903225424e-06,0.595282665668289,65279.537763000015,42.56040004951822,7.645061061450341,791509.9171184999,0.1270860507339482,6,0.5695662400922678,0.5948476597808836,0.5948476597808836,0.5946426027626415
2025-10-26,NC-SBY-BRT-15,1.0,1.0,0.0,1.0,3946.2538489999984,45.87371062462272,7.948015769793074,55949.0927765,0.2749348971437796,2,0.9915587151847975,0.9988159237116564,0.9988159237116564,0.9986996305047654
2025-10-26,NC-SBY-BRT-16,0.0,0.0,0.0,0.0,0.0,0.0,0.0,0.0,0.0,0,0.0,0.0,0.0,0.0
2025-10-26,NC-SBY-BRT-17,0.0,0.0,0.0,0.0,0.0,0.0,0.0,0.0,0.0,0,0.0,0.0,0.0,0.0
2025-10-26,NC-SBY-SEL-18,0.0,0.0,0.0,0.0,0.0,0.0,0.0,0.0,0.0,0,0.0,0.0,0.0,0.0
2025-10-26,NC-SBY-SEL-19,0.0,0.0,0.0,0.0,0.0,0.0,0.0,0.0,0.0,0,0.0,0.0,0.0,0.0
2025-10-26,NC-SBY-SEL-20,0.0,0.0,0.0,0.0,0.0,0.0,0.0,0.0,0.0,0,0.0,0.0,0.0,0.0
2025-10-26,NC-SBY-SEL-21,0.0,0.0,0.0,0.0,0.0,0.0,0.0,0.0,0.0,0,0.0,0.0,0.0,0.0
2025-10-26,NC-SBY-SEL-22,0.0,0.0,0.0,0.0,0.0,0.0,0.0,0.0,0.0,0,0.0,0.0,0.0,0.0
2025-10-26,NC-SBY-SEL-23,1.0,1.0,0.0,1.0,3067.5481350000005,57.65308153298284,7.635060855100542,38597.35222279999,0.2575547839402717,0,0.9925264412616124,0.9993038439105156,0.9993038439105156,0.9988334681743776
2025-10-26,NC-SBY-TMR-10,1.0,1.0,0.0,1.0,3335.0324280000004,75.3271211189853,14.36396756287664,42376.7925014,0.2018354604223672,0,0.9866214683813064,0.9987328117963702,0.9987328117963702,0.998366269753998
2025-10-26,NC-SBY-TMR-11,0.0,1.0,0.0,1.0,5508.210425000003,74.24391455764388,14.730199521047275,62283.19499909999,0.181440951314546,0,0.9911005531130336,0.9994733842635676,0.9994733842635676,0.9991992555240548
2025-10-26,NC-SBY-TMR-12,0.0,1.0,0.0,1.0,4934.109972,73.632999407084,12.980231350275442,59574.72137589998,0.2007177199275505,0,0.991786945608724,0.9995999354281744,0.9995999354281744,0.999213908209746
2025-10-26,NC-SBY-TMR-13,0.0,1.0,0.0,1.0,3680.298757000001,61.56754214586663,14.258456620700445,50019.30584069999,0.183721346081781,0,0.9745210967822712,0.9994884349764316,0.9994884349764316,0.9992691928234736
2025-10-26,NC-SBY-TMR-14,0.0,0.0,0.0,0.0,0.0,0.0,0.0,0.0,0.0,0,0.0,0.0,0.0,0.0
2025-10-26,NC-SBY-TMR-8,1.0,1.0,0.0,1.0,4299.180394000002,79.63736803055792,16.09400070054427,43562.8083427,0.2233857201572139,0,0.9530362934261336,0.9994185164585124,0.9994185164585124,0.9992794660464176
2025-10-26,NC-SBY-TMR-9,0.0,1.0,0.0,1.0,3588.946807,83.46174008205557,17.948514127972988,43115.14472029999,0.1462031434543755,0,0.9917491026875602,0.999438571726472,0.999438571726472,0.999214000417061
2025-10-26,NC-SBY-UTR-1,1.0,1.0,0.0,1.0,3793.6799339999993,91.00902964619344,18.809736270544303,32947.1367356,0.1340757051416922,0,0.9876233714962496,0.999513009600668,0.999513009600668,0.9993042994295256
2025-10-26,NC-SBY-UTR-2,1.0,1.0,0.0,1.0,7341.159802000003,80.0782319063116,6.9290946224620775,68018.40350339997,0.2258447231258941,4,0.9614474462630644,0.9994703456625093,0.9994703456625093,0.999129853588408
2025-10-26,NC-SBY-UTR-3,1.0,1.0,1.938472871072169e-05,1.0,3832.851298000001,73.4794445695734,12.619040113341876,38827.0094472,0.1867183262387651,0,0.9844973395636676,0.9995472674355934,0.9995472674355934,0.9992454457259892
2025-10-26,NC-SBY-UTR-4,1.0,1.0,0.0,1.0,3064.346691,95.43823139671731,19.34937316246597,35391.87750199999,0.1638525712844566,0,0.9694545454545456,0.999600833044082,0.999600833044082,0.9994619923637624
2025-10-26,NC-SBY-UTR-5,1.0,1.0,0.0,1.0,5197.393252999998,56.604150423374776,10.20585752599399,59141.52440079999,0.2688956779924411,0,0.9831414788021196,0.998904931862427,0.998904931862427,0.9985480207657366
2025-10-26,NC-SBY-UTR-6,1.0,1.0,0.0,1.0,3421.818322,71.43457817279462,12.323745230461745,41673.0390016,0.217854537300641,0,0.9733703325057202,0.9996280342208516,0.9996280342208516,0.9987641137015396
2025-10-26,NC-SBY-UTR-7,1.0,1.0,0.0,1.0,7030.182652999999,71.77039381499291,13.440117886240326,74113.8052732,0.2168279248790905,0,0.9708043319255362,0.9996042297940758,0.9996042297940758,0.999233195226022
2025-10-26,NC-SDA-UTR-24,0.0,0.0,0.0,0.0,0.0,0.0,0.0,0.0,0.0,0,0.0,0.0,0.0,0.0
2025-10-26,NC-SDA-UTR-25,0.0,0.0,0.0,0.0,0.0,0.0,0.0,0.0,0.0,0,0.0,0.0,0.0,0.0
2025-10-26,NC-SDA-UTR-26,0.9992345679012344,1.0,0.0,1.0,16.647278999999997,17.59536142857143,2.407658126698691,315.3023369999999,0.1665013578854641,0,0.0,1.0,1.0,1.0
2025-10-26,OA_CLUSTER,0.4308231173380035,0.5943207405554166,7.104985629523964e-07,0.5943207405554166,66041.01272000001,42.95095622735793,7.746082457206183,745591.2086432,0.1230453641406842,6,0.5823031354890816,0.5939420097968474,0.5939420097968474,0.5937563539794406
2025-10-27,NC-SBY-BRT-15,0.0,1.0,4.639122649124597e-06,1.0,3965.4654299999993,46.63214582883086,8.75885811840716,32631.543890100016,0.2887944739973523,2,0.9897283098757204,0.9990354047224412,0.9990354047224412,0.998722930195908
2025-10-27,NC-SBY-BRT-16,0.0,0.0,0.0,0.0,0.0,0.0,0.0,0.0,0.0,0,0.0,0.0,0.0,0.0
2025-10-27,NC-SBY-BRT-17,0.0,0.0,0.0,0.0,0.0,0.0,0.0,0.0,0.0,0,0.0,0.0,0.0,0.0
2025-10-27,NC-SBY-SEL-18,0.0,0.0,0.0,0.0,0.0,0.0,0.0,0.0,0.0,0,0.0,0.0,0.0,0.0
2025-10-27,NC-SBY-SEL-19,0.0,0.0,0.0,0.0,0.0,0.0,0.0,0.0,0.0,0,0.0,0.0,0.0,0.0
2025-10-27,NC-SBY-SEL-20,0.0,0.0,0.0,0.0,0.0,0.0,0.0,0.0,0.0,0,0.0,0.0,0.0,0.0
2025-10-27,NC-SBY-SEL-21,0.0,0.0,0.0,0.0,0.0,0.0,0.0,0.0,0.0,0,0.0,0.0,0.0,0.0
2025-10-27,NC-SBY-SEL-22,0.0,0.0,0.0,0.0,0.0,0.0,0.0,0.0,0.0,0,0.0,0.0,0.0,0.0
2025-10-27,NC-SBY-SEL-23,1.0,1.0,0.0,1.0,2950.291327,57.37080441872799,9.14937827150771,19989.07694410001,0.2549558325843213,0,0.9904125125283536,0.9992662196041664,0.9992662196041664,0.9986139703634253
2025-10-27,NC-SBY-TMR-10,1.0,1.0,3.177528518318452e-05,1.0,3554.5846589999983,73.4640883372168,9.251162557820695,28508.96184940001,0.2439394308753054,0,0.9782899366643208,0.999352998969591,0.999352998969591,0.9992092209628334
2025-10-27,NC-SBY-TMR-11,0.9996090534979424,1.0,0.0,1.0,6018.637046,69.00421606069669,12.284427958853437,48302.55600840002,0.2562438440625419,0,0.8833127130544637,0.9993384617447624,0.9993384617447624,0.9990389815886752
2025-10-27,NC-SBY-TMR-12,0.0,1.0,8.606000103272e-06,1.0,4901.251672000001,68.40377535185455,11.581253142802256,38278.669849900005,0.2501313097323281,0,0.9949247385089014,0.9994458495552588,0.9994458495552588,0.9989414305606866
2025-10-27,NC-SBY-TMR-13,0.0,1.0,0.0,1.0,3835.475831999999,59.87661060215039,13.699207665740644,30807.233156800005,0.2095593480358157,0,0.9911806260762064,0.9994526845821248,0.9994526845821248,0.999179026873187
2025-10-27,NC-SBY-TMR-14,0.0,0.0,0.0,0.0,0.0,0.0,0.0,0.0,0.0,0,0.0,0.0,0.0,0.0
2025-10-27,NC-SBY-TMR-8,1.0,1.0,0.0,1.0,3800.490554,79.22512804540139,13.63633504087799,24876.985111700007,0.2352915502432006,0,0.9951415583623162,0.9996615014292162,0.9996615014292162,0.9994483726994634
2025-10-27,NC-SBY-TMR-9,0.0,1.0,0.0,1.0,3105.273051,81.49279254104177,15.504124407705913,23526.9038402,0.1625037208833835,0,0.9666233975582648,0.9968275484159372,0.9968275484159372,0.9969429102917212
2025-10-27,NC-SBY-UTR-1,1.0,1.0,4.634306846724935e-05,1.0,4399.788306,82.64969620698523,15.240747408368064,27072.596945800007,0.1841839993135455,0,0.9896176547277598,0.999381400783559,0.999381400783559,0.9989460902238412
2025-10-27,NC-SBY-UTR-2,1.0,1.0,0.0,1.0,5957.038598000005,85.01545952313896,14.552315442922543,34981.3006355,0.1879594494490676,0,0.9664553859483124,0.9994445119516724,0.9994445119516724,0.9992188449320396
2025-10-27,NC-SBY-UTR-3,1.0,1.0,0.0,1.0,3731.594625999998,70.77580023444067,10.628015813911455,24609.75416649999,0.1933851114460724,0,0.9841158090416484,0.999718010177269,0.999718010177269,0.999397567196893
2025-10-27,NC-SBY-UTR-4,1.0,1.0,0.0,1.0,3282.432745000001,87.49374160598119,15.214237269871887,22426.0777783,0.2025716735005699,0,0.9847478244596238,0.9996663478434948,0.9996663478434948,0.9992882087327892
2025-10-27,NC-SBY-UTR-5,0.9997575757575756,1.0,0.0,1.0,4937.536828,55.13556668204232,10.26201491385286,35890.65559290002,0.2646220296787856,1,0.9911906637778216,0.999143070724014,0.999143070724014,0.9988240013127428
2025-10-27,NC-SBY-UTR-6,1.0,1.0,0.0,1.0,4051.2623880000015,60.49877459804215,7.897182877726235,31411.62500240001,0.3395946326258501,0,0.9803493860358412,0.9990051711401132,0.9990051711401132,0.9985717803496676
2025-10-27,NC-SBY-UTR-7,1.0,1.0,0.0,1.0,7821.329602,64.13360559288012,8.853713627829174,58000.57055739996,0.310676263836203,3,0.9899428831050822,0.9993748026116492,0.9993748026116492,0.9991105439217278
2025-10-27,NC-SDA-UTR-24,0.0,0.0,0.0,0.0,0.0,0.0,0.0,0.0,0.0,0,0.0,0.0,0.0,0.0
2025-10-27,NC-SDA-UTR-25,0.0,0.0,0.0,0.0,0.0,0.0,0.0,0.0,0.0,0,0.0,0.0,0.0,0.0
2025-10-27,NC-SDA-UTR-26,1.0,1.0,0.0,1.0,9.021338000000002,26.26648,4.964577642429747,98.8972223,0.1971206072718379,0,0.0,1.0,1.0,1.0
2025-10-27,OA_CLUSTER,0.4243057867453067,0.5898199875853507,3.462108223024663e-06,0.5898199875853507,66312.45266400001,40.86226910247989,6.983631529404214,481314.5113294,0.1403357845415684,6,0.5768180826656176,0.5893566295104687,0.5893566295104687,0.5891785037582846
2025-10-28,NC-SBY-BRT-15,0.0,1.0,0.0,1.0,4235.034788000003,47.36184950443599,5.948871760756575,58813.29666489999,0.3105196236679252,3,0.9339889096976092,0.9991156086056696,0.9991156086056696,0.9989291042980218
2025-10-28,NC-SBY-BRT-16,1.0,1.0,0.0,1.0,3848.096981,71.29913377435592,14.578903928165666,53152.2677723,0.2366871405398816,0,0.8873398146705187,0.99931874712844,0.99931874712844,0.9991444731380408
2025-10-28,NC-SBY-BRT-17,0.0,0.0,0.0,0.0,0.0,0.0,0.0,0.0,0.0,0,0.0,0.0,0.0,0.0
2025-10-28,NC-SBY-SEL-18,0.0,0.0,0.0,0.0,0.0,0.0,0.0,0.0,0.0,0,0.0,0.0,0.0,0.0
2025-10-28,NC-SBY-SEL-19,0.0,0.0,0.0,0.0,0.0,0.0,0.0,0.0,0.0,0,0.0,0.0,0.0,0.0
2025-10-28,NC-SBY-SEL-20,0.0,0.0,0.0,0.0,0.0,0.0,0.0,0.0,0.0,0,0.0,0.0,0.0,0.0
2025-10-28,NC-SBY-SEL-21,0.0,0.0,0.0,0.0,0.0,0.0,0.0,0.0,0.0,0,0.0,0.0,0.0,0.0
2025-10-28,NC-SBY-SEL-22,0.0,0.0,0.0,0.0,0.0,0.0,0.0,0.0,0.0,0,0.0,0.0,0.0,0.0
2025-10-28,NC-SBY-SEL-23,0.9998363095238096,1.0,0.0,1.0,3058.543765,57.61764779431021,8.131714746562707,41353.631774,0.2675655809943416,0,0.9926903644354091,0.999229899164922,0.999229899164922,0.9986041922364208
2025-10-28,NC-SBY-TMR-10,1.0,1.0,0.0,1.0,3601.4045369999985,67.5470751802859,7.67217812297246,50181.57314280002,0.2800065595889408,1,0.9881103439556024,0.9993397275507367,0.9993397275507367,0.99900090353072
2025-10-28,NC-SBY-TMR-11,1.0,1.0,1.2688825585747913e-05,1.0,6440.638565000001,69.64232164047131,11.302818550301,81064.60611350006,0.2595619470979745,0,0.965349470405627,0.9991275389149564,0.9991275389149564,0.9987817464117378
2025-10-28,NC-SBY-TMR-12,0.0,1.0,0.0,1.0,5391.597773000002,70.1044279149874,10.883699027363727,63184.9372222,0.2691710900878628,0,0.9892505978256716,0.9994764215155852,0.9994764215155852,0.999176236517854
2025-10-28,NC-SBY-TMR-13,0.0,1.0,6.351626016260163e-06,1.0,3735.403820000001,70.87796952894544,13.859137982742316,57649.45015959999,0.1966053003223672,0,0.9745172344483064,0.9996072049828854,0.9996072049828854,0.999298580326581
2025-10-28,NC-SBY-TMR-14,1.0,1.0,0.0,1.0,3379.882484000001,61.98736441431051,8.277184715378683,52414.7489158,0.3204587169561811,1,0.7573762352391927,0.9995082860446264,0.9995082860446264,0.9987640703283852
2025-10-28,NC-SBY-TMR-8,1.0,1.0,0.0,1.0,3984.347665,80.4888115899386,14.381971225374254,42958.76555660002,0.2220395494652261,0,0.9885733939695036,0.9994511791577214,0.9994511791577214,0.9991283433681458
2025-10-28,NC-SBY-TMR-9,0.0,1.0,0.0,1.0,3413.112652,81.0092952866254,15.009410605396502,40870.5665079,0.1722328144146941,0,0.9803024136262756,0.9996692815472332,0.9996692815472332,0.9995899091185692
2025-10-28,NC-SBY-UTR-1,1.0,1.0,1.7673308885256042e-05,1.0,4662.597181999999,82.46983202932326,14.893705421253172,36805.083889,0.2033312501438967,0,0.9861694744147896,0.999512076116126,0.999512076116126,0.9993494348215012
2025-10-28,NC-SBY-UTR-2,1.0,1.0,0.0,1.0,5884.726631,84.02094317210911,15.742520478026044,56466.8392982,0.1900093765799442,0,0.9877742835942191,0.9996579162638508,0.9996579162638508,0.9995686770283334
2025-10-28,NC-SBY-UTR-3,1.0,1.0,0.0,1.0,3512.947203,70.06186469783883,10.849159808724917,42830.2277774,0.2107862336488007,0,0.983760154738878,0.9992301099635392,0.9992301099635392,0.9990412690111996
2025-10-28,NC-SBY-UTR-4,1.0,1.0,0.0,1.0,3258.734934999998,87.77687906307683,16.302055377942665,42276.16805169999,0.1968572269471894,0,0.9855859935099238,0.9994995075800384,0.9994995075800384,0.9993380584123088
2025-10-28,NC-SBY-UTR-5,1.0,1.0,0.0,1.0,4878.434524000002,61.15301362075542,9.46520810498305,57958.40472540001,0.2759099843455752,0,0.9493867558087524,0.999167855444603,0.999167855444603,0.9988032968774766
2025-10-28,NC-SBY-UTR-6,1.0,1.0,0.0,1.0,3942.720621000001,63.13976820388056,7.111352980577743,51972.281942599984,0.3351902656094037,0,0.983828893233346,0.9991955394046992,0.9991955394046992,0.9986869723616928
2025-10-28,NC-SBY-UTR-7,0.9982057722616232,1.0,0.0,1.0,7945.224118000003,63.739227369307365,8.266656828374156,88740.976419,0.3224053345385472,2,0.983697096359497,0.9995072040606384,0.9995072040606384,0.999002088222793
2025-10-28,NC-SDA-UTR-24,0.0,0.0,0.0,0.0,0.0,0.0,0.0,0.0,0.0,0,0.0,0.0,0.0,0.0
2025-10-28,NC-SDA-UTR-25,0.0,0.0,0.0,0.0,0.0,0.0,0.0,0.0,0.0,0,0.0,0.0,0.0,0.0
2025-10-28,NC-SDA-UTR-26,1.0,1.0,0.0,1.0,9.325699,27.06981,5.323550405795854,118.80388870000002,0.196379980834293,0,0.0,1.0,1.0,1.0
2025-10-28,OA_CLUSTER,0.5135467679789708,0.6795180722891566,1.524904631442261e-06,0.6795180722891566,75173.448244,47.70150599044607,7.79401890417502,918693.8259329,0.1695400761437318,7,0.6523110718786738,0.6791088486401431,0.6791088486401431,0.6789000511029393
2025-10-29,NC-SBY-BRT-15,0.0,1.0,5.36454784908454e-06,1.0,3551.5388840000005,44.03214165259921,5.517792250298194,26373.81194559999,0.3608013123815264,3,0.935462561833656,0.9989709782399544,0.9989709782399544,0.9985777748031892
2025-10-29,NC-SBY-BRT-16,0.0,1.0,7.325095043108184e-06,1.0,4060.03552,65.36454763994246,12.754199285837796,28269.73298770001,0.2689276597286218,0,0.964370309066522,0.9994945174585892,0.9994945174585892,0.9993389843689244
2025-10-29,NC-SBY-BRT-17,0.0,0.0,0.0,0.0,0.0,0.0,0.0,0.0,0.0,0,0.0,0.0,0.0,0.0
2025-10-29,NC-SBY-SEL-18,0.0,0.0,0.0,0.0,0.0,0.0,0.0,0.0,0.0,0,0.0,0.0,0.0,0.0
2025-10-29,NC-SBY-SEL-19,0.0,0.0,0.0,0.0,0.0,0.0,0.0,0.0,0.0,0,0.0,0.0,0.0,0.0
2025-10-29,NC-SBY-SEL-20,0.0,0.0,0.0,0.0,0.0,0.0,0.0,0.0,0.0,0,0.0,0.0,0.0,0.0
2025-10-29,NC-SBY-SEL-21,0.0,0.0,0.0,0.0,0.0,0.0,0.0,0.0,0.0,0,0.0,0.0,0.0,0.0
2025-10-29,NC-SBY-SEL-22,0.0,0.0,0.0,0.0,0.0,0.0,0.0,0.0,0.0,0,0.0,0.0,0.0,0.0
2025-10-29,NC-SBY-SEL-23,1.0,1.0,0.0,1.0,3070.935465,54.77509383323039,8.242513935170294,20635.8452786,0.2815758478282446,0,0.9479615973285098,0.9995581714610324,0.9995581714610324,0.9992110204661292
2025-10-29,NC-SBY-TMR-10,1.0,1.0,2.12677718818788e-05,1.0,2954.968209,67.87431183946346,8.602265632215865,22002.4972426,0.3033635587032866,0,0.9812886562116332,0.9988407237196208,0.9988407237196208,0.9984819001090272
2025-10-29,NC-SBY-TMR-11,0.0,1.0,0.0,1.0,4157.939872,69.13034532078666,11.549985354185404,31652.5863891,0.2760730773321891,0,0.9734642614509958,0.9990577360988032,0.9990577360988032,0.9986763435673662
2025-10-29,NC-SBY-TMR-12,0.0,1.0,0.0,1.0,3413.2878049999986,64.82463075243096,8.704530634984284,25076.88631390001,0.2985736647356237,0,0.9942489098513838,0.9995716086706404,0.9995716086706404,0.9992656148639552
2025-10-29,NC-SBY-TMR-13,0.0,1.0,0.0001380738695201,1.0,3453.906863000001,68.49648052517064,12.45719062089982,27346.131552700008,0.2058687370047196,0,0.9807329956978708,0.9996289769038122,0.9996289769038122,0.9994125467643694
2025-10-29,NC-SBY-TMR-14,0.0,1.0,1.0648379849005974e-05,1.0,3713.310300000001,58.28460333769228,7.160145778894007,28175.70611189999,0.345980968927715,1,0.7869683044656534,0.999369145741048,0.999369145741048,0.9989028621583445
2025-10-29,NC-SBY-TMR-8,1.0,1.0,0.0,1.0,3042.3103759999995,79.63660746377496,14.47018867581219,18947.9472207,0.2327094311806825,0,0.9938899995919868,0.9995813632781718,0.9995813632781718,0.9994582348305752
2025-10-29,NC-SBY-TMR-9,1.0,1.0,0.0,1.0,2788.9104970000003,81.2135735364109,14.995887853661864,19205.61707699999,0.181995232419957,0,0.979163821748828,0.9993957217097048,0.9993957217097048,0.9993352938806752
2025-10-29,NC-SBY-UTR-1,1.0,1.0,1.2282447154771115e-05,1.0,2956.370503999999,76.18382574467626,13.717122585771124,18315.284999300005,0.224207932201865,0,0.9858412548392372,0.9995049855031468,0.9995049855031468,0.9989392546496004
2025-10-29,NC-SBY-UTR-2,1.0,1.0,0.0,1.0,4663.818279999999,83.23001660694425,14.104086007463382,27190.3608351,0.207403191964906,0,0.9855885708926646,0.9996095952804408,0.9996095952804408,0.9991975014097948
2025-10-29,NC-SBY-UTR-3,1.0,1.0,0.0,1.0,3185.330753,70.02968797720447,10.94390610773296,21165.8904001,0.2026694625344471,0,0.9882634584757712,0.9994912435182468,0.9994912435182468,0.999158595049408
2025-10-29,NC-SBY-UTR-4,0.9993683449074074,1.0,0.0,1.0,2993.598606999999,85.04033026353689,15.47549520861109,19772.4983491,0.224270860808551,0,0.9810584404285466,0.9995571747750648,0.9995571747750648,0.9993961474205432
2025-10-29,NC-SBY-UTR-5,1.0,1.0,0.0,1.0,3605.842048000002,61.98272658429951,9.98260548504152,24968.6719448,0.2732400305751221,0,0.942021658102976,0.999272889326719,0.999272889326719,0.9986630545684833
2025-10-29,NC-SBY-UTR-6,1.0,1.0,0.0,1.0,3265.272479,58.35219393736494,5.927352720092276,23656.311387700007,0.368268171821503,1,0.983486883461874,0.9993841080937672,0.9993841080937672,0.9990903750307946
2025-10-29,NC-SBY-UTR-7,1.0,1.0,0.0,1.0,5054.479439000001,63.82279845144393,7.788805426443176,35435.1952005,0.3212640902168516,1,0.705745748447846,0.9993052693553136,0.9993052693553136,0.9989402413894612
2025-10-29,NC-SDA-UTR-24,0.0,0.0,0.0,0.0,0.0,0.0,0.0,0.0,0.0,0,0.0,0.0,0.0,0.0
2025-10-29,NC-SDA-UTR-25,0.0,0.0,0.0,0.0,0.0,0.0,0.0,0.0,0.0,0,0.0,0.0,0.0,0.0
2025-10-29,NC-SDA-UTR-26,1.0,1.0,0.0,1.0,11.706213,24.17295,5.182103680622756,122.4347222,0.29556697761035,0,0.0,1.0,1.0,1.0
2025-10-29,OA_CLUSTER,0.4291112432566275,0.6774560627133646,8.707614913080993e-06,0.6774560627133646,59931.855901,46.107157455166416,7.332806419126606,418190.9752364,0.1809511445436225,6,0.6410199671559534,0.677042243177654,0.677042243177654,0.6768159295749339
2025-10-30,NC-SBY-BRT-15,0.0,1.0,0.0,1.0,3484.384488,50.83226510775396,5.8497694814426,25702.7597224,0.3378757899426476,3,0.9353719099809844,0.9990351290225472,0.9990351290225472,0.9987418082454014
2025-10-30,NC-SBY-BRT-16,0.0,1.0,0.0,1.0,3981.536137,78.12324651433359,14.054246413794845,27444.9606108,0.240751232519846,0,0.9825237069413372,0.9993680945177412,0.9993680945177412,0.9991191620550331
2025-10-30,NC-SBY-BRT-17,1.0,1.0,0.0,1.0,3773.362636,67.61948574040515,12.03599292469487,25716.204138599995,0.2415035899550919,0,0.8921447045101447,0.9994554517655928,0.9994554517655928,0.9991622334855276
2025-10-30,NC-SBY-SEL-18,0.999812986235787,1.0,0.0,1.0,2960.952938,56.44660525044624,10.87154020911087,22576.35418829999,0.2550361539074482,0,0.6811627921215201,0.9993114302577218,0.9993114302577218,0.9987999213063152
2025-10-30,NC-SBY-SEL-19,1.0,1.0,0.0,1.0,3638.2732180000016,53.270696044554825,8.086713500539041,28783.94089630001,0.2868291513878859,0,0.762927238414762,0.9988329362744626,0.9988329362744626,0.998292807608098
2025-10-30,NC-SBY-SEL-20,0.0,0.0,0.0,0.0,0.0,0.0,0.0,0.0,0.0,0,0.0,0.0,0.0,0.0
2025-10-30,NC-SBY-SEL-21,0.0,0.0,0.0,0.0,0.0,0.0,0.0,0.0,0.0,0,0.0,0.0,0.0,0.0
2025-10-30,NC-SBY-SEL-22,0.0,0.0,0.0,0.0,0.0,0.0,0.0,0.0,0.0,0,0.0,0.0,0.0,0.0
2025-10-30,NC-SBY-SEL-23,1.0,1.0,0.0,1.0,3177.3480880000016,53.77359792002267,7.856802716131109,20724.6575021,0.2890041557008842,0,0.9306483655409066,0.9994821671305586,0.9994821671305586,0.998899605152437
2025-10-30,NC-SBY-TMR-10,1.0,1.0,0.0,1.0,2709.144639,69.30527218024568,8.120215268880823,20508.3274996,0.2875444114134396,1,0.9830073952341823,0.9990038487661308,0.9990038487661308,0.9986416119538148
2025-10-30,NC-SBY-TMR-11,1.0,1.0,8.589719621446004e-05,1.0,4282.281190000002,68.29306991403644,11.289780401704055,31571.286933699987,0.2806852446516129,0,0.9836523855712744,0.9993817558134896,0.9993817558134896,0.9988333133899724
2025-10-30,NC-SBY-TMR-12,1.0,1.0,0.0,1.0,3441.528516,67.25080404471842,9.769497022139104,24726.59316269999,0.2805454925951747,1,0.9932832669459124,0.9994243255907356,0.9994243255907356,0.9989959167280272
2025-10-30,NC-SBY-TMR-13,0.0,1.0,0.0002546771107225,1.0,3452.515308000001,68.41786152881313,12.730857482723598,26976.232966500003,0.2035118537935978,0,0.9699851000752676,0.9994976702291664,0.9994976702291664,0.9992032010531604
2025-10-30,NC-SBY-TMR-14,0.0,1.0,0.0,1.0,3732.435433000001,57.738338969773295,7.0961578623332855,27471.536594899982,0.3545741258169136,1,0.7051453121550875,0.9990327884708384,0.9990327884708384,0.9985008221297996
2025-10-30,NC-SBY-TMR-8,1.0,1.0,0.0,1.0,3108.983348,78.94145989595975,14.403638292465502,19205.8950014,0.2431786893629804,0,0.9914913878767804,0.9995539877549364,0.9995539877549364,0.9994120747678708
2025-10-30,NC-SBY-TMR-9,1.0,1.0,0.0,1.0,2860.812365999999,82.18519673944195,14.802927046759809,18810.9011108,0.1857611819318037,0,0.989732712666116,0.9996358634083184,0.9996358634083184,0.9993931056805307
2025-10-30,NC-SBY-UTR-1,1.0,1.0,0.0,1.0,3005.6098159999992,78.4936285949874,14.912031316105448,18362.7199983,0.2015129340218344,0,0.9863070390096444,0.999278046330592,0.999278046330592,0.998807206980978
2025-10-30,NC-SBY-UTR-2,1.0,1.0,0.0,1.0,4831.615570999999,80.34077794469923,14.711988310849636,26977.758388200004,0.2165605434132484,0,0.9761856931533868,0.9995012593202164,0.9995012593202164,0.9992269519463356
2025-10-30,NC-SBY-UTR-3,1.0,1.0,0.0,1.0,3295.051242000001,71.88686970186791,10.907208126523855,21311.674720300005,0.2001709777489425,0,0.977347413722532,0.9994270216585812,0.9994270216585812,0.9992551281561556
2025-10-30,NC-SBY-UTR-4,1.0,1.0,0.0,1.0,3079.101671,85.70688069301316,12.703254135893998,20025.862159699995,0.2378935259767693,0,0.988536871558805,0.9996896086369772,0.9996896086369772,0.9994601889338732
2025-10-30,NC-SBY-UTR-5,1.0,1.0,0.0,1.0,3672.612734,64.26411178299935,9.630342450253016,25471.833889299996,0.2873120431121143,0,0.956646157344822,0.9989707110099612,0.9989707110099612,0.9985818685026132
2025-10-30,NC-SBY-UTR-6,0.9969296013570824,1.0,6.544031516055781e-06,1.0,3276.530619,60.80432684168726,5.774681942977868,23874.947846399995,0.3613352947099559,3,0.96812054772571,0.9994005620958708,0.9994005620958708,0.99891904640239
2025-10-30,NC-SBY-UTR-7,1.0,1.0,0.0,1.0,5215.221970000001,65.05149852655468,8.456997303847745,35637.96944500001,0.326786081367337,1,0.9810512375238998,0.999332652900997,0.999332652900997,0.9989008400722303
2025-10-30,NC-SDA-UTR-24,0.0,0.0,0.0,0.0,0.0,0.0,0.0,0.0,0.0,0,0.0,0.0,0.0,0.0
2025-10-30,NC-SDA-UTR-25,0.0,0.0,0.0,0.0,0.0,0.0,0.0,0.0,0.0,0,0.0,0.0,0.0,0.0
2025-10-30,NC-SDA-UTR-26,1.0,1.0,0.0,1.0,7.524277,17.21251,5.046982063874845,66.1102777,0.6246945049950537,0,0.0,1.0,1.0,1.0
2025-10-30,OA_CLUSTER,0.6754258156024285,0.8476190476190476,1.6342340795514215e-05,0.8476190476190476,70979.301928,57.515204128910014,9.185974399608716,491882.4167753,0.2237154055875319,10,0.7860636281252625,0.8470460618831955,0.8470460618831955,0.8467295758362336
2025-10-31,NC-SBY-BRT-15,0.0,1.0,0.0,1.0,3647.010096,51.1170585714485,5.99958542104252,26620.271720500004,0.361026167668225,2,0.8959854475632247,0.9990223364019124,0.9990223364019124,0.9987083422536216
2025-10-31,NC-SBY-BRT-16,0.0,1.0,7.034080118172546e-05,1.0,3925.575116,78.329896014152,14.528626905957337,26622.492061,0.2373083952294567,0,0.9443421147505524,0.999289812547891,0.999289812547891,0.9991776776870316
2025-10-31,NC-SBY-BRT-17,1.0,1.0,0.0,1.0,4105.209070000001,66.74914768264853,10.16040634269214,27914.35357259999,0.2497716607518409,1,0.8680679216484355,0.9992024531441224,0.9992024531441224,0.9987624272926034
2025-10-31,NC-SBY-SEL-18,0.0,1.0,7.550931029795974e-06,1.0,3113.4721509999995,58.07087758110026,12.066691383870156,23776.126131700003,0.247334521113256,1,0.7590118863292495,0.9995179109474388,0.9995179109474388,0.9993572145965852
2025-10-31,NC-SBY-SEL-19,0.0,1.0,0.0,1.0,3809.166439000001,55.5946495581198,10.03588562986985,29082.8435278,0.2648879354380062,0,0.8300288833406766,0.9994226099611646,0.9994226099611646,0.9990587751421725
2025-10-31,NC-SBY-SEL-20,0.0,0.0,0.0,0.0,0.0,0.0,0.0,0.0,0.0,0,0.0,0.0,0.0,0.0
2025-10-31,NC-SBY-SEL-21,0.0,0.0,0.0,0.0,0.0,0.0,0.0,0.0,0.0,0,0.0,0.0,0.0,0.0
2025-10-31,NC-SBY-SEL-22,0.0,0.0,0.0,0.0,0.0,0.0,0.0,0.0,0.0,0,0.0,0.0,0.0,0.0
2025-10-31,NC-SBY-SEL-23,1.0,1.0,0.0,1.0,3066.3174960000006,57.594997833302806,8.357583012398077,20114.610276599997,0.2647349357919201,0,0.9690664866209444,0.9992981752556648,0.9992981752556648,0.9989973932223782
2025-10-31,NC-SBY-TMR-10,1.0,1.0,0.0,1.0,2816.570280000001,73.06090157754474,12.473229996282424,20611.7025011,0.2474918994986307,0,0.9861552366345312,0.9989182367258632,0.9989182367258632,0.9985396195799152
2025-10-31,NC-SBY-TMR-11,1.0,1.0,4.985442507876999e-06,1.0,4365.3215150000005,68.71043636070567,11.877091626157569,31531.32083120001,0.2821538801927329,0,0.9798094584315108,0.9989820353476108,0.9989820353476108,0.99875905261423
2025-10-31,NC-SBY-TMR-12,1.0,1.0,0.0,1.0,3322.473311,67.10735422405732,10.303242628582383,23964.565977,0.2716384252456412,0,0.9858106999742224,0.9993857399530092,0.9993857399530092,0.998925044917766
2025-10-31,NC-SBY-TMR-13,0.0,1.0,0.0,1.0,3454.054995999998,69.11690447330943,13.725694181893042,26931.95683570001,0.2038066769944283,0,0.9920845438086816,0.9995432090410772,0.9995432090410772,0.9993909453881032
2025-10-31,NC-SBY-TMR-14,1.0,1.0,0.0,1.0,3773.763227000001,64.99315939655843,12.29406239911785,27201.887499399996,0.2929303127211251,0,0.7133434592084359,0.9993030776092774,0.9993030776092774,0.9990243086529884
2025-10-31,NC-SBY-TMR-8,1.0,1.0,0.0,1.0,3021.41644,80.69186695713974,15.015195154125342,18975.749444800003,0.2297193795501925,0,0.9914126093882984,0.9994555315896384,0.9994555315896384,0.9991204741063388
2025-10-31,NC-SBY-TMR-9,1.0,1.0,3.729997886334531e-05,1.0,2844.1393900000007,81.97930050161571,16.8420349924571,19008.134999099995,0.1773288501117903,0,0.9914752853230996,0.9996211809272832,0.9996211809272832,0.9995223585604875
2025-10-31,NC-SBY-UTR-1,1.0,1.0,1.3395847287340925e-05,1.0,2910.396784,77.82447167401627,13.620522985374626,17838.292223000004,0.2032884229507835,0,0.9857062595016194,0.998959253185316,0.998959253185316,0.998517724233632
2025-10-31,NC-SBY-UTR-2,0.9999559476568404,1.0,0.0,1.0,4888.333578000002,82.15999278959632,13.903803088242205,26844.028717800004,0.2034919419298962,0,0.9747504981835776,0.9995506223879926,0.9995506223879926,0.9992585269401878
2025-10-31,NC-SBY-UTR-3,1.0,1.0,0.0,1.0,3418.8562899999997,71.96930193711839,10.548183432930069,21762.9480592,0.2094571325806352,0,0.9864388027927016,0.999512662648841,0.999512662648841,0.9992365048165176
2025-10-31,NC-SBY-UTR-4,1.0,1.0,0.0,1.0,3075.4402170000008,86.29564892297367,15.17775534267822,20154.1880534,0.2249504277793375,0,0.9842319168638748,0.9995650188129364,0.9995650188129364,0.9991300376258728
2025-10-31,NC-SBY-UTR-5,1.0,1.0,0.0,1.0,3824.537886,63.99951877224347,9.292917919123896,26645.378054,0.2996229787622544,1,0.9636985500467729,0.999184051737164,0.999184051737164,0.9987609674527304
2025-10-31,NC-SBY-UTR-6,0.9998521969174144,1.0,7.681126880398946e-05,1.0,3448.253293,61.77414506709143,6.30744678288011,24768.5926494,0.3634391552609358,0,0.9646569906807612,0.999387556349836,0.999387556349836,0.9990261141956406
2025-10-31,NC-SBY-UTR-7,1.0,1.0,0.0,1.0,5118.968011999999,67.09395506655144,10.02722726024974,35166.518332199994,0.3063893487353109,0,0.9814104656885436,0.9992347719620448,0.9992347719620448,0.9988630897721806
2025-10-31,NC-SDA-UTR-24,0.0,0.0,0.0,0.0,0.0,0.0,0.0,0.0,0.0,0,0.0,0.0,0.0,0.0
2025-10-31,NC-SDA-UTR-25,0.0,0.0,0.0,0.0,0.0,0.0,0.0,0.0,0.0,0,0.0,0.0,0.0,0.0
2025-10-31,NC-SDA-UTR-26,0.0,0.0,0.0,0.0,0.0,0.0,0.0,0.0,0.0,0,0.0,0.0,0.0,0.0
2025-10-31,OA_CLUSTER,0.6091070429932852,0.8479166666666667,8.234411259678789e-06,0.8479166666666667,71949.275587,58.51102158944349,9.87318246931742,495535.9614675001,0.2172147176426699,5,0.7919324921699028,0.8473410838363306,0.8473410838363306,0.8470803778379102
2025-11-01,NC-SBY-BRT-15,1.0,1.0,0.0,1.0,3493.007038,55.265730587235545,4.731246329837246,26566.7516693,0.313598204819909,2,0.9362559751351126,0.9989397885705532,0.9989397885705532,0.9984127470507124
2025-11-01,NC-SBY-BRT-16,0.0,1.0,1.531897944958907e-05,1.0,4020.351474000002,85.40539340458427,16.290736902593647,26589.91034000001,0.1888704656101566,1,0.9737852549769463,0.9995573563962,0.9995573563962,0.9994552078722464
2025-11-01,NC-SBY-BRT-17,0.0,1.0,0.0,1.0,4078.769041000001,68.48426846476718,10.149623423296632,27172.00626790001,0.2190600374394035,0,0.7233974431411546,0.9992349349694724,0.9992349349694724,0.9989349094673048
2025-11-01,NC-SBY-SEL-18,1.0,1.0,0.0,1.0,3500.356163000001,64.86864776611726,13.893854578982875,24499.9570871,0.1973828511865185,0,0.8568693034007949,0.9995937679220036,0.9995937679220036,0.9993906518830052
2025-11-01,NC-SBY-SEL-19,0.0,1.0,0.0,1.0,3400.545742,59.61600769871338,11.540608016373318,24024.691225199997,0.2084026678604319,0,0.8752929479440381,0.9993671286627428,0.9993671286627428,0.998936776153408
2025-11-01,NC-SBY-SEL-20,0.0,0.0,0.0,0.0,0.0,0.0,0.0,0.0,0.0,0,0.0,0.0,0.0,0.0
2025-11-01,NC-SBY-SEL-21,0.0,0.0,0.0,0.0,0.0,0.0,0.0,0.0,0.0,0,0.0,0.0,0.0,0.0
2025-11-01,NC-SBY-SEL-22,0.0,0.0,0.0,0.0,0.0,0.0,0.0,0.0,0.0,0,0.0,0.0,0.0,0.0
2025-11-01,NC-SBY-SEL-23,1.0,1.0,9.612519345195184e-06,1.0,2972.50523,56.13194299470971,8.252085469531028,19365.4722225,0.2555018909634929,0,0.9449280025742096,0.999433624438192,0.999433624438192,0.9991230313881684
2025-11-01,NC-SBY-TMR-10,1.0,1.0,0.0,1.0,2791.4313000000006,71.43214128013447,11.144602731804936,19317.3102779,0.2374689651059582,0,0.976321905868681,0.9990024021107072,0.9990024021107072,0.9988186340784688
2025-11-01,NC-SBY-TMR-11,1.0,1.0,0.0,1.0,3954.374317,73.812285240949,14.180302345708531,27550.5388909,0.212669709407526,0,0.9880613489804216,0.9992215532445418,0.9992215532445418,0.9988444930973668
2025-11-01,NC-SBY-TMR-12,1.0,1.0,0.0,1.0,3047.9067720000003,69.11994491601679,9.838587647424593,21905.23312580001,0.2303544176817632,0,0.9950909892807148,0.9994960388654828,0.9994960388654828,0.9991331868486304
2025-11-01,NC-SBY-TMR-13,0.0,1.0,0.0,1.0,3208.131032,75.4036029787486,17.13685544259778,24208.2442606,0.1481339782988586,0,0.991658704616313,0.999666762935152,0.999666762935152,0.9992446626530114
2025-11-01,NC-SBY-TMR-14,0.0,1.0,0.0,1.0,3516.9262300000005,71.5460041627037,14.857948000295826,25926.038385799995,0.231314173312553,0,0.6996657180286399,0.9992454144416066,0.9992454144416066,0.9988004024456312
2025-11-01,NC-SBY-TMR-8,1.0,1.0,0.0,1.0,3244.487911,79.42494941787909,10.570511203252568,19540.514167200006,0.2322679255306517,0,0.6443036600762063,0.9991541597987336,0.9991541597987336,0.9989372776958444
2025-11-01,NC-SBY-TMR-9,1.0,1.0,0.0,1.0,2993.8917399999987,84.62451157026021,17.594521056713884,19083.7794432,0.1547725230479902,0,0.9924352739694664,0.9992568776729656,0.9992568776729656,0.9992113803876368
2025-11-01,NC-SBY-UTR-1,1.0,1.0,5.540063895403594e-05,1.0,2436.623217,84.29734615221149,17.900043697330503,13709.405279399998,0.1352116479917139,0,0.9792194519556284,0.9990388020438103,0.9990388020438103,0.9986846764810036
2025-11-01,NC-SBY-UTR-2,1.0,1.0,0.0,1.0,4970.208635000001,83.86404821359783,15.61486450510967,26938.18040189999,0.1795278611596882,0,0.9702345508677656,0.9991373623585528,0.9991373623585528,0.9987821586238392
2025-11-01,NC-SBY-UTR-3,1.0,1.0,0.0,1.0,3222.531585,78.26165097545407,11.933310612171995,19678.902501,0.164204958326976,0,0.986437444494392,0.9995617639003012,0.9995617639003012,0.9994156852004016
2025-11-01,NC-SBY-UTR-4,1.0,1.0,0.0,0.9984719365265942,2852.459545,90.76376890894714,9.013867687660795,18591.2666683,0.18079634957398,1,0.3341187434610211,0.9997012568550884,0.9997012568550884,0.9994665300983718
2025-11-01,NC-SBY-UTR-5,1.0,1.0,0.0,1.0,3983.5024989999993,63.64654974455892,6.018261208147092,26735.62110980001,0.3365503307145163,3,0.9688762004135026,0.9988625656783438,0.9988625656783438,0.9984211732550144
2025-11-01,NC-SBY-UTR-6,1.0,1.0,0.0,0.5657499305502942,3149.9067909999994,61.77879155796928,3.9463330838390096,23114.1509355,0.3376625673267521,2,0.7591703076937288,0.9994035192365046,0.9994035192365046,0.9699374420759964
2025-11-01,NC-SBY-UTR-7,1.0,1.0,0.0,1.0,4798.102020999998,71.75504919409468,13.01660500965521,30313.1574985,0.249853635378406,0,0.9871533529995012,0.999326986745981,0.999326986745981,0.9989579149615188
2025-11-01,NC-SDA-UTR-24,0.0,0.0,0.0,0.0,0.0,0.0,0.0,0.0,0.0,0,0.0,0.0,0.0,0.0
2025-11-01,NC-SDA-UTR-25,0.0,0.0,0.0,0.0,0.0,0.0,0.0,0.0,0.0,0,0.0,0.0,0.0,0.0
2025-11-01,NC-SDA-UTR-26,0.0,0.0,0.0,0.0,0.0,0.0,0.0,0.0,0.0,0,0.0,0.0,0.0,0.0
2025-11-01,OA_CLUSTER,0.6199558842610614,0.8442973919813157,3.1771722460878582e-06,0.8297104463587229,69636.01828299998,61.17037950234008,10.220265147766115,464831.1317578,0.1850022353051244,9,0.7507920178795575,0.843711492613442,0.843711492613442,0.8424718740962429
2025-11-02,NC-SBY-BRT-15,0.0,1.0,0.0,0.999978578467075,3449.5844030000003,56.90880950534855,4.764291936177058,24213.5677777,0.2946901035209797,3,0.966732734169429,0.9988505667054456,0.9988505667054456,0.9985092198482748
2025-11-02,NC-SBY-BRT-16,0.0,1.0,0.0,1.0,4196.699895000001,83.19703839135148,15.852997385530792,25356.279723000003,0.2184016930574336,0,0.9830434331301808,0.9993535295490868,0.9993535295490868,0.999317614524036
2025-11-02,NC-SBY-BRT-17,0.0,1.0,0.0,1.0,4017.2336729999993,76.59221620823881,13.97178481402596,24332.1913874,0.1983216891856433,0,0.8172831456452309,0.9994631886593632,0.9994631886593632,0.9993041334473228
2025-11-02,NC-SBY-SEL-18,0.0,1.0,0.0,1.0,3381.65822,64.74652785850601,14.15895494890446,21872.2522884,0.1996012761683087,0,0.930195302377082,0.9995424191726366,0.9995424191726366,0.9991563353495488
2025-11-02,NC-SBY-SEL-19,0.0,1.0,0.0,1.0,3469.1364440000016,63.04484393626205,8.536386435875144,22706.023053900004,0.224099694609486,1,0.8978916460083275,0.9991322608076916,0.9991322608076916,0.998967390361153
2025-11-02,NC-SBY-SEL-20,0.9978703514348324,1.0,0.0,1.0,2797.4517890000006,55.21233652678264,12.60725113203214,17235.845387,0.2257153113843797,0,0.8992298869408487,0.9992813016086612,0.9992813016086612,0.9989754725059636
2025-11-02,NC-SBY-SEL-21,0.997779886640253,1.0,0.0,1.0,2808.527107,70.13729727297626,12.31238094104185,18415.087518300003,0.2337166562634869,0,0.7329761347324465,0.9997180960641874,0.9997180960641874,0.999457877046514
2025-11-02,NC-SBY-SEL-22,0.9997221951690698,1.0,0.0,1.0,2383.093574,48.62476523664304,7.875590977917042,17287.226462299994,0.2484760823856803,1,0.7703703703703704,0.999377793448165,0.999377793448165,0.999066699850672
2025-11-02,NC-SBY-SEL-23,1.0,1.0,0.0,1.0,3109.0664349999997,57.52757594504312,7.294845834778051,18981.1397252,0.264352749115077,0,0.95669246620909,0.9994400051691832,0.9994400051691832,0.9990738547028796
2025-11-02,NC-SBY-TMR-10,1.0,1.0,0.0,1.0,2697.553533000001,71.11995191209006,12.81542688597946,18165.706666800008,0.2363507355314509,0,0.9854774851735638,0.9991297516166072,0.9991297516166072,0.9987913216897324
2025-11-02,NC-SBY-TMR-11,1.0,1.0,0.0,1.0,3804.358891,82.98319838246631,14.491284631216333,24683.39055540001,0.2077894607866813,0,0.9817090170463596,0.9993553562730996,0.9993553562730996,0.9990115462854195
2025-11-02,NC-SBY-TMR-12,1.0,1.0,0.0,1.0,3054.308681000001,70.95481434604963,9.07622445385418,20848.09805519999,0.2341038611575511,2,0.9949270008795076,0.9996302174013528,0.9996302174013528,0.9992450271944286
2025-11-02,NC-SBY-TMR-13,0.0,1.0,0.0,1.0,3151.650845000001,84.22612376875999,15.043908629781994,21432.202220800016,0.1549069789225327,0,0.9823911092230848,0.999618077657543,0.999618077657543,0.9993889242520688
2025-11-02,NC-SBY-TMR-14,0.0,1.0,0.0,1.0,3556.663138999999,70.68227383696203,13.796172995297953,24401.313720999995,0.2443556800652905,0,0.7468769628027078,0.999548744607498,0.999548744607498,0.9992418909405968
2025-11-02,NC-SBY-TMR-8,1.0,1.0,0.0,1.0,3417.349645,80.17184227170945,15.421071425048227,19094.0822217,0.2369189492753222,0,0.9947932948849244,0.9996470406565044,0.9996470406565044,0.9993161412719772
2025-11-02,NC-SBY-TMR-9,1.0,1.0,0.0,1.0,3038.761495,83.13131309942662,16.883305446809583,18632.15,0.1630614713457222,0,0.9927207150284983,0.9992320468630008,0.9992320468630008,0.9991784687371636
2025-11-02,NC-SBY-UTR-1,1.0,1.0,0.0,1.0,2463.709955,88.9629330142413,18.2936967050655,12289.399998600004,0.1246323090414592,0,0.9818247799921372,0.9988570702901772,0.9988570702901772,0.9984760937202362
2025-11-02,NC-SBY-UTR-2,1.0,1.0,0.0,1.0,5399.414594000003,80.9719927932881,15.157823298529037,28218.84944439999,0.2017450391626506,0,0.9478560104039572,0.9995479444769452,0.9995479444769452,0.9993352124660958
2025-11-02,NC-SBY-UTR-3,0.9999650243309004,1.0,0.0,1.0,3262.238196999999,80.6227708930119,13.472470902321144,17881.3430747,0.1532680164553655,0,0.987675526701408,0.9996154890075092,0.9996154890075092,0.9993214511897224
2025-11-02,NC-SBY-UTR-4,1.0,1.0,0.0,1.0,2625.055338999999,95.455897530941,18.626033469346407,16609.829442400005,0.1658576316051902,0,0.9897840777229188,0.9995491240123668,0.9995491240123668,0.999506183442116
2025-11-02,NC-SBY-UTR-5,1.0,1.0,0.0,1.0,3878.132059999999,66.60832313341496,7.645182866960573,24295.2588875,0.2887961387230122,0,0.9667386844350842,0.99917629692457,0.99917629692457,0.9985727917009876
2025-11-02,NC-SBY-UTR-6,1.0,1.0,0.0,1.0,2917.7685699999997,68.98649841845261,9.398148879436697,19268.58666709999,0.2721558661549341,0,0.972382626161185,0.9990418853408456,0.9990418853408456,0.998641479214632
2025-11-02,NC-SBY-UTR-7,0.9998442959468904,1.0,0.0,1.0,4537.7586900000015,76.85671776360815,11.757781911717702,27362.349703500007,0.2504497176020155,0,0.9878595018117152,0.9995031107338432,0.9995031107338432,0.999202906802207
2025-11-02,NC-SDA-UTR-24,0.0,0.0,0.0,0.0,0.0,0.0,0.0,0.0,0.0,0,0.0,0.0,0.0,0.0
2025-11-02,NC-SDA-UTR-25,0.0,0.0,0.0,0.0,0.0,0.0,0.0,0.0,0.0,0,0.0,0.0,0.0,0.0
2025-11-02,NC-SDA-UTR-26,0.0,0.0,0.0,0.0,0.0,0.0,0.0,0.0,0.0,0,0.0,0.0,0.0,0.0
2025-11-02,OA_CLUSTER,0.6684611180215448,1.0,0.0,0.9999990589582182,77417.17517400002,72.70550964181483,12.566951364851546,483582.1739823,0.2186227318216115,7,0.9320858489434908,0.9993768388800872,0.9993768388800872,0.9990912486200052
2025-11-03,NC-SBY-BRT-15,0.0,1.0,0.0,1.0,3422.0228959999995,55.21923665391071,7.208001725271423,25609.999999900003,0.3067777230266787,2,0.9648462953340096,0.999043920433874,0.999043920433874,0.9988493201682024
2025-11-03,NC-SBY-BRT-16,0.0,1.0,0.0,1.0,3785.077790999999,83.37016902427152,16.45052057285557,26934.511754,0.2114487011113171,1,0.9816906343419886,0.9991285945474916,0.9991285945474916,0.9989045188597038
2025-11-03,NC-SBY-BRT-17,1.0,1.0,0.0,1.0,3581.418709,77.73841230280782,15.082659346406311,25261.74666780001,0.176745383877985,0,0.7917629955470022,0.9996204608340068,0.9996204608340068,0.9994980288449766
2025-11-03,NC-SBY-SEL-18,0.0,1.0,0.0,1.0,3031.231059,68.81531641462222,14.824336925281198,23514.2541118,0.1796936912870104,0,0.7727371069337899,0.9995826237937828,0.9995826237937828,0.9993321980700524
2025-11-03,NC-SBY-SEL-19,0.0,1.0,0.0,1.0,3424.745906000001,62.59675316034087,10.395564545907256,26896.8457174,0.2273960590843937,0,0.9210435114542158,0.9990929260489576,0.9990929260489576,0.998774224390483
2025-11-03,NC-SBY-SEL-20,0.0,1.0,5.906395444987833e-06,1.0,3000.527162,55.64367867663477,11.814335186058829,22872.350556200006,0.2387188578743449,0,0.9171439917615148,0.9993135551408284,0.9993135551408284,0.9989703437550276
2025-11-03,NC-SBY-SEL-21,1.0,1.0,0.0,0.9998871076992548,2735.0198450000003,68.51119413746112,15.129675852266145,20846.037009,0.2279647397218447,1,0.8614924633783879,0.9994889343169496,0.9994889343169496,0.9990889698693448
2025-11-03,NC-SBY-SEL-22,0.0,1.0,0.0,1.0,2259.73408,47.01967723939357,7.087116157674294,18635.0455164,0.2752686757161087,0,0.68732041624602,0.9990462226144888,0.9990462226144888,0.9986476290802454
2025-11-03,NC-SBY-SEL-23,1.0,1.0,0.0,1.0,3005.6565740000005,55.398857746377054,8.10229076422641,20119.34305549999,0.2758885611972534,0,0.9862021857923498,0.999208547685002,0.999208547685002,0.9988348063140308
2025-11-03,NC-SBY-TMR-10,1.0,1.0,0.0,1.0,2726.0902730000007,67.29437430675492,10.638325443661072,20831.1226019,0.2489173243439059,0,0.979262440597552,0.9993476269931876,0.9993476269931876,0.999134351202499
2025-11-03,NC-SBY-TMR-11,1.0,1.0,0.0,1.0,3968.281887000001,80.22785739289466,12.403855782132393,30430.240805399997,0.239985088500954,0,0.9833464463676896,0.9991998254164544,0.9991998254164544,0.998940028473745
2025-11-03,NC-SBY-TMR-12,1.0,1.0,7.854348953015285e-06,1.0,2956.3582289999995,67.84299819794012,10.322308084866298,22922.283054799987,0.2478886135324121,1,0.9939215884915408,0.9995384728991288,0.9995384728991288,0.999132329050362
2025-11-03,NC-SBY-TMR-13,0.0,1.0,0.0,1.0,3412.4099099999994,80.08775443426356,14.792781940019276,27064.666388000005,0.1878528584708078,0,0.9915962855582168,0.9994757481074508,0.9994757481074508,0.998532094700862
2025-11-03,NC-SBY-TMR-14,0.0,1.0,0.0,1.0,3486.8035089999994,65.4531211364977,9.61746416453553,27964.883641,0.2911399950153823,1,0.8250659185612683,0.9993411605709942,0.9993411605709942,0.9988512543289128
2025-11-03,NC-SBY-TMR-8,1.0,1.0,0.0,1.0,2994.844272,81.13172483587036,14.73324901937801,19217.085278200007,0.2266020683279821,0,0.9946524064171124,0.999625313060798,0.999625313060798,0.9995464315999132
2025-11-03,NC-SBY-TMR-9,1.0,1.0,0.0,1.0,2702.914842999999,85.1392430624343,15.77680955023794,18799.758612300004,0.1635800593312447,0,0.986689374333993,0.999518258021004,0.999518258021004,0.9994700838231044
2025-11-03,NC-SBY-UTR-1,1.0,1.0,0.0,1.0,2885.3571420000007,77.85589946527075,13.661732589900923,17799.2894441,0.1986862138977508,0,0.9847577932568796,0.9991101327775566,0.9991101327775566,0.99899304498513
2025-11-03,NC-SBY-UTR-2,1.0,1.0,0.0,1.0,4517.012763,83.39043273792657,14.791560761308077,27272.416390200007,0.1836025842992974,0,0.9717602010290776,0.9995037836496712,0.9995037836496712,0.9992804862920234
2025-11-03,NC-SBY-UTR-3,1.0,1.0,0.0,1.0,3143.766931999999,73.43236479143172,11.697939352078349,21555.723333599995,0.1999297166649374,0,0.9915613959281192,0.999492074241815,0.999492074241815,0.9993227656557532
2025-11-03,NC-SBY-UTR-4,1.0,1.0,0.0,1.0,2711.5712340000005,88.0696243023258,16.044946317361873,19296.10333409999,0.1916504879794466,0,0.9889930033786694,0.9996264242575182,0.9996264242575182,0.9994396363862772
2025-11-03,NC-SBY-UTR-5,1.0,1.0,0.0,1.0,3422.967251,71.49748050784996,11.105050818781429,23767.325556499996,0.2453999798906075,0,0.9869062872299772,0.9993525207256846,0.9993525207256846,0.9989589548922772
2025-11-03,NC-SBY-UTR-6,1.0,1.0,0.0,1.0,2874.985868999999,66.92980886481307,8.418171289040194,21331.6586126,0.2933074898249461,0,0.9782366716780386,0.9994113607377612,0.9994113607377612,0.9989944079270088
2025-11-03,NC-SBY-UTR-7,1.0,1.0,0.0,1.0,4842.31142,73.8643020957169,9.486762902716595,34214.12444539999,0.2966982939512568,1,0.975533349849974,0.9993079663285912,0.9993079663285912,0.9987861048714632
2025-11-03,NC-SDA-UTR-24,0.0,0.0,0.0,0.0,0.0,0.0,0.0,0.0,0.0,0,0.0,0.0,0.0,0.0
2025-11-03,NC-SDA-UTR-25,0.0,0.0,0.0,0.0,0.0,0.0,0.0,0.0,0.0,0,0.0,0.0,0.0,0.0
2025-11-03,NC-SDA-UTR-26,0.0,0.0,0.0,0.0,0.0,0.0,0.0,0.0,0.0,0,0.0,0.0,0.0,0.0
2025-11-03,OA_CLUSTER,0.6212101151860188,1.0,5.98919520668687e-07,0.999995874715344,74891.10955599998,71.15409417640596,12.221836652540564,543156.8158860999,0.2299414123519461,7,0.9299560764615638,0.9993626099242484,0.9993626099242484,0.999049759151734
2025-11-04,NC-SBY-BRT-15,1.0,1.0,0.0,1.0,3478.861511999998,56.81426670496408,6.505807349415855,25931.091795299984,0.3081771392757176,2,0.973409638382485,0.998857539851017,0.998857539851017,0.998432976957814
2025-11-04,NC-SBY-BRT-16,0.0,1.0,0.0,1.0,3534.4089000000004,85.02393307328806,16.66710622320322,26662.189210600005,0.1896050955393029,0,0.9837211093990756,0.9993699699211446,0.9993699699211446,0.9992480286155596
2025-11-04,NC-SBY-BRT-17,0.0,1.0,0.0,1.0,3481.8758020000014,78.91313653492709,15.759792497658642,25714.049380100005,0.1793070825115358,0,0.8538040293580766,0.9993077354594608,0.9993077354594608,0.9992599930773546
2025-11-04,NC-SBY-SEL-18,1.0,1.0,0.0,1.0,3300.4108340000016,65.77674634766578,14.186353045363582,26717.096695400007,0.1897940295296769,0,0.9637154931883885,0.9996802448410932,0.9996802448410932,0.9993947491634976
2025-11-04,NC-SBY-SEL-19,1.0,1.0,0.0,1.0,3532.637208,67.0468540463465,11.955281764656148,28872.303056300003,0.2154960102910663,0,0.8643992956360289,0.999275547600784,0.999275547600784,0.9991263956362396
2025-11-04,NC-SBY-SEL-20,0.0,1.0,1.9614381264343016e-05,1.0,2854.6348880000005,64.1549588567613,12.86443358470918,22051.0544439,0.227483799910953,0,0.8930677971781896,0.9993522603668896,0.9993522603668896,0.9989000647739632
2025-11-04,NC-SBY-SEL-21,0.0,1.0,9.238131310798452e-06,0.999983695297724,2677.6163780000006,70.46652199020077,14.5245203726663,20967.8320737,0.215334277750091,0,0.7551172715122156,0.9995005425141656,0.9995005425141656,0.99919053441951
2025-11-04,NC-SBY-SEL-22,1.0,1.0,0.0,1.0,2506.206644,50.3666873412547,9.065894196063075,20517.911627200003,0.2400936065478465,0,0.882099000156575,0.999308878949496,0.999308878949496,0.9988003181764836
2025-11-04,NC-SBY-SEL-23,1.0,1.0,0.0,1.0,3089.121989,53.858363898976776,8.409038109436706,20368.6941642,0.2802098600618439,0,0.9901414998748316,0.9987899946442386,0.9987899946442386,0.998413107730149
2025-11-04,NC-SBY-TMR-10,1.0,1.0,0.0,1.0,2826.5237800000004,65.89742847666024,10.25325049697295,21321.673333999992,0.2690664556810559,0,0.9643380773958504,0.99927303465765,0.99927303465765,0.9988841927303466
2025-11-04,NC-SBY-TMR-11,1.0,1.0,0.0,1.0,4163.992598,81.00056758295295,12.50978038060805,31160.407975100003,0.2513227134574534,0,0.9806609590877406,0.999272161175864,0.999272161175864,0.9990396571070428
2025-11-04,NC-SBY-TMR-12,1.0,1.0,7.278762028154252e-06,1.0,3108.952662,68.59664963879393,9.15467630739547,23405.5706893,0.2654607625479484,0,0.9928048590562216,0.9995952138080666,0.9995952138080666,0.9989961302440052
2025-11-04,NC-SBY-TMR-13,0.0,1.0,0.0,1.0,3489.073937999998,84.78959768309662,14.865715849173297,26735.663331,0.2016275049580071,0,0.9684019455801496,0.999669058733366,0.999669058733366,0.9995645509649552
2025-11-04,NC-SBY-TMR-14,0.0,1.0,0.0,1.0,3338.035430000001,74.69070096575011,9.634358517950329,27597.086387600004,0.2749243976861782,1,0.926760539965421,0.9993746203051852,0.9993746203051852,0.999106600435979
2025-11-04,NC-SBY-TMR-8,1.0,1.0,0.0,1.0,2929.340512,78.79982918493863,15.31838607745364,18957.2218993,0.2327809514909257,0,0.9893351681431152,0.9993886035705551,0.9993886035705551,0.9992867041656476
2025-11-04,NC-SBY-TMR-9,1.0,1.0,0.0,1.0,2741.8024359999995,81.70227422666773,15.315519612967115,19113.691667,0.1616391870604035,0,0.9938357156154976,0.9981018926056338,0.9981018926056338,0.998294454225352
2025-11-04,NC-SBY-UTR-1,1.0,1.0,1.1582251358018972e-05,1.0,2807.034692,80.7564872033988,14.410155361310071,17646.451111799997,0.1814517094819219,0,0.99119876816411,0.9995281796987752,0.9995281796987752,0.9995929393479628
2025-11-04,NC-SBY-UTR-2,1.0,1.0,0.0,1.0,4467.401206999999,83.0111951513038,15.611965230190348,27028.567500899997,0.1788775570200078,0,0.9702250003792994,0.9991524226585676,0.9991524226585676,0.999128878843528
2025-11-04,NC-SBY-UTR-3,1.0,1.0,0.0,1.0,3164.552871,73.67100401553228,12.308808230819086,21903.7500003,0.1917521642282116,0,0.986643115151034,0.999599832657293,0.999599832657293,0.99927242301326
2025-11-04,NC-SBY-UTR-4,1.0,1.0,0.0,1.0,2657.4508520000004,89.47998470912721,16.939120930076182,19476.5419443,0.1828147000687243,0,0.99190214570769,0.9994346156564348,0.9994346156564348,0.9993168272515254
2025-11-04,NC-SBY-UTR-5,1.0,1.0,0.0,1.0,3549.7768360000005,66.09829267438953,10.846249317870583,24726.926944,0.2671308290755232,0,0.9566723112020508,0.9989356118045024,0.9989356118045024,0.9982503207745248
2025-11-04,NC-SBY-UTR-6,1.0,1.0,0.0,1.0,2900.178006,62.440494218961874,7.102538865804494,22197.0866672,0.3233694501785307,1,0.965138507286792,0.9993611301968442,0.9993611301968442,0.9989030726021288
2025-11-04,NC-SBY-UTR-7,0.9998995457721872,1.0,0.0,1.0,4816.13347,71.31379608517426,10.126534941353324,33987.35752530001,0.2796223780672551,0,0.9852469800263126,0.9992225041844393,0.9992225041844393,0.9986717779817504
2025-11-04,NC-SDA-UTR-24,0.9984406557472876,1.0,6.474503405588791e-06,1.0,3461.6240930000004,64.186558147055,13.231810237153285,26341.116508700004,0.2114218132463619,0,0.8330285501026311,0.9988595196565142,0.9988595196565142,0.998624714879914
2025-11-04,NC-SDA-UTR-25,0.9989599339049994,1.0,0.0,1.0,2603.5776299999998,84.74950767272992,16.440130926859375,19223.473124099997,0.1396666009133522,0,0.9655314514467372,0.9995828653938712,0.9995828653938712,0.9993903417295044
2025-11-04,NC-SDA-UTR-26,0.9992547776769124,1.0,8.533369742377567e-06,1.0,3088.8633820000005,61.44915881926223,14.162710787177865,24054.10247479999,0.2099811379175766,0,0.9279359584595414,0.999629269789323,0.999629269789323,0.9991946205768052
2025-11-04,OA_CLUSTER,0.7353516878449493,1.0,2.0253205720737664e-06,0.999999390680355,75416.02344500001,71.97755973565984,12.460933746755147,553060.2194238,0.2285469331424697,4,0.9475217056338396,0.9992831039988074,0.9992831039988074,0.9990100555259416
2025-11-05,NC-SBY-BRT-15,0.0,1.0,6.043391551338612e-06,1.0,3539.8862280000003,56.727680351067015,7.052103804969572,26203.8466674,0.3162064714927688,2,0.9682655224376164,0.9988014125634488,0.9988014125634488,0.998592263077876
2025-11-05,NC-SBY-BRT-16,0.0,1.0,0.0,1.0,3635.948947,79.17256618958828,15.005377194483604,26926.92750080001,0.2185590767201561,0,0.9827411402782044,0.9993713813068652,0.9993713813068652,0.9992224979321752
2025-11-05,NC-SBY-BRT-17,0.0,1.0,0.0,1.0,3600.532044999999,78.3901098504655,16.256213547593386,25916.4974968,0.1793021182593274,0,0.8561281862793794,0.9993596257987276,0.9993596257987276,0.9990672810546684
2025-11-05,NC-SBY-SEL-18,0.0,1.0,2.904992229145787e-05,1.0,3446.970118000001,68.05126962827143,14.116890190490752,26953.91709639999,0.1975165749640572,0,0.9012563339907788,0.9995596491871858,0.9995596491871858,0.9994373295169596
2025-11-05,NC-SBY-SEL-19,0.0,1.0,0.0,1.0,3743.9147680000015,65.02833730936148,9.866046637667583,29332.4853531,0.2365318478688034,0,0.842492799518187,0.9992982193485604,0.9992982193485604,0.999008150012632
2025-11-05,NC-SBY-SEL-20,1.0,1.0,1.121780489993718e-05,1.0,3217.3838449999994,62.44118804960337,11.484801097886155,24676.803157,0.2556784562598335,0,0.920167412886899,0.9993778718852664,0.9993778718852664,0.9989849488654348
2025-11-05,NC-SBY-SEL-21,1.0,1.0,8.609037767848687e-06,1.0,2919.8986899999995,70.87785079463495,13.381176188671928,22257.17998510001,0.2389933370534912,0,0.9091478043183476,0.9994936807462368,0.9994936807462368,0.9991820996669976
2025-11-05,NC-SBY-SEL-22,1.0,1.0,0.0,1.0,2489.048015,50.35788778729896,8.20491031625404,21074.5500009,0.2577476604311292,0,0.8049183336391998,0.9989498127166012,0.9989498127166012,0.9981913441230352
2025-11-05,NC-SBY-SEL-23,1.0,1.0,0.0,1.0,3016.661889999998,50.967208489570055,7.697617603039506,19578.024352699995,0.3037596489238042,0,0.4915082966955041,0.9992834260664306,0.9992834260664306,0.9989883662114316
2025-11-05,NC-SBY-TMR-10,0.9986929371231696,1.0,0.0,1.0,2842.8637620000004,65.11482142904731,9.87808276718716,21073.756566400003,0.2671270693609732,0,0.9366915949390904,0.9992334976554046,0.9992334976554046,0.998812672838764
2025-11-05,NC-SBY-TMR-11,0.9978350008776548,1.0,0.0,1.0,4388.205254,75.57131005523885,11.14927751495876,32217.546791299992,0.2945905286566592,0,0.9778096360117908,0.9991716652385032,0.9991716652385032,0.9989431590974008
2025-11-05,NC-SBY-TMR-12,1.0,1.0,6.81630733366506e-06,1.0,3097.857507,64.63179157612753,8.290810918813097,23099.0349777,0.2888460764710397,1,0.5610583647343392,0.999403281949279,0.999403281949279,0.9990386209182828
2025-11-05,NC-SBY-TMR-13,0.0,1.0,0.0,1.0,3575.8064759999984,84.23286642946667,14.039689642796382,27493.065807899995,0.2038729394004406,0,0.96342325143183,0.9995163870391728,0.9995163870391728,0.9990885755738254
2025-11-05,NC-SBY-TMR-14,0.0,1.0,1.639424889748676e-05,1.0,3358.786517000001,69.11084908601133,6.498219221427748,27273.8961966,0.3197874248427202,2,0.59964945706316,0.9994924994402568,0.9994924994402568,0.9992536756474364
2025-11-05,NC-SBY-TMR-8,1.0,1.0,0.0,1.0,2991.9618050000004,78.26703692042078,15.262535694603416,18996.70361,0.2177895892555977,0,0.9934877216418456,0.999591836734694,0.999591836734694,0.999265306122449
2025-11-05,NC-SBY-TMR-9,1.0,1.0,0.0,1.0,2827.997731,79.97820643342239,14.681940087743122,18925.6661108,0.175074474285877,0,0.9898678771176136,0.999252759452593,0.999252759452593,0.9991460108029634
2025-11-05,NC-SBY-UTR-1,1.0,1.0,2.2537242793716617e-05,1.0,2927.084745,79.78675289744741,15.202112634525385,18221.13250090001,0.1887154394085459,0,0.990321312764076,0.9995390713824786,0.9995390713824786,0.99949809994981
2025-11-05,NC-SBY-UTR-2,1.0,1.0,0.0,1.0,4537.687766999999,82.885378177542,15.367851337323842,26541.166798,0.1738624848845813,0,0.9896877014120818,0.9996060362104108,0.9996060362104108,0.9995546496291602
2025-11-05,NC-SBY-UTR-3,1.0,1.0,0.0,1.0,3109.521988999999,73.95172840270405,11.739712717275436,21325.235480199997,0.1733250606879725,0,0.9859972331882444,0.9996492985971944,0.9996492985971944,0.9995323981295924
2025-11-05,NC-SBY-UTR-4,1.0,1.0,0.0,1.0,2664.3410549999994,89.74068133529451,15.96615685013244,19009.436944099994,0.1779106805188693,0,0.9859282162081618,0.9995094331909328,0.9995094331909328,0.9993867914886658
2025-11-05,NC-SBY-UTR-5,1.0,1.0,0.0,1.0,3551.645563,70.32000636030376,11.221755469211445,23700.6767011,0.2617472545216757,0,0.952814652999496,0.9994097569738496,0.9994097569738496,0.9992172864218442
2025-11-05,NC-SBY-UTR-6,1.0,1.0,0.0,1.0,3129.623943,66.80598658693836,6.856611817312056,23194.8272221,0.3456132399256073,0,0.9493076018215488,0.999128249833342,0.999128249833342,0.9989231321470694
2025-11-05,NC-SBY-UTR-7,0.997903608736942,1.0,5.153018896120292e-06,1.0,4693.954468999998,70.92232345092584,9.680778390972552,33263.552609700004,0.3031299839052964,0,0.8681380115570332,0.9993205348197114,0.9993205348197114,0.998998076768049
2025-11-05,NC-SDA-UTR-24,0.0,1.0,5.956635692161068e-06,1.0,3377.694045999999,64.34433084070405,12.085064871004535,25688.575782199998,0.2284130265500022,0,0.7322674106663805,0.9989225712198684,0.9989225712198684,0.9988130021913806
2025-11-05,NC-SDA-UTR-25,0.0,1.0,0.0,1.0,2613.414162000001,85.95246839691494,14.63269973893411,19176.23564600001,0.1574704063879881,0,0.9784309100344388,0.9996381297019332,0.9996381297019332,0.9995809922864488
2025-11-05,NC-SDA-UTR-26,0.0,1.0,0.0,1.0,3069.514159999999,62.64786365699262,13.944719713746268,24366.62500000001,0.2188543034894603,0,0.8511416441971201,0.9993873146278632,0.9993873146278632,0.9989834992689548
2025-11-05,OA_CLUSTER,0.6703155720288325,1.0,4.814704982541165e-06,1.0,77307.583129,71.14319565833037,11.82160415686957,557255.929927,0.2406709318809285,5,0.8933773204306598,0.9993633524544956,0.9993633524544956,0.9991019185368808
2025-11-06,NC-SBY-BRT-15,1.0,1.0,0.0,1.0,3639.143252,52.56566657345291,7.887168819419974,28256.739817000005,0.2964768736506719,1,0.9795822270633354,0.9990024569116804,0.9990024569116804,0.9987992536899858
2025-11-06,NC-SBY-BRT-16,0.0,1.0,0.0,1.0,3525.330596,83.01766467794491,16.524597215220005,26618.321389400004,0.1964427397426076,0,0.9915230777748388,0.9992008169426808,0.9992008169426808,0.9987790258846512
2025-11-06,NC-SBY-BRT-17,0.0,1.0,0.0,1.0,3445.945653999999,81.45493634235116,15.55828830096212,26144.6111119,0.1773523949893885,0,0.9553892051538742,0.9994352228114884,0.9994352228114884,0.9990770714236518
2025-11-06,NC-SBY-SEL-18,1.0,1.0,0.0,1.0,3409.969563000001,71.11428472165427,14.167942751705285,28091.7182266,0.1844284800379323,0,0.9085037433095012,0.999602788697284,0.999602788697284,0.9993151529263516
2025-11-06,NC-SBY-SEL-19,0.0,1.0,0.0,1.0,3471.412487,67.61618651399476,12.85589089916776,28602.553804000006,0.2132653670192051,0,0.843531587023592,0.9993372606774668,0.9993372606774668,0.999079528718704
2025-11-06,NC-SBY-SEL-20,0.0,1.0,1.509699821352188e-05,1.0,2946.2376399999985,65.18186549687499,12.018285742853852,24072.12831300001,0.2554069578933671,0,0.4061305631130045,0.9990989475707628,0.9990989475707628,0.9986304003075592
2025-11-06,NC-SBY-SEL-21,1.0,1.0,1.596194671902185e-05,1.0,2842.05739,73.52960981972235,13.573215807759247,22995.971274200005,0.2370975979837518,0,0.4786969078233357,0.9996112652645408,0.9996112652645408,0.9993565769895846
2025-11-06,NC-SBY-SEL-22,1.0,1.0,0.0,1.0,2645.992432000001,62.86534810207013,9.36619747582439,23118.7580567,0.2346062810514564,1,0.4883944071302988,0.999093103756594,0.999093103756594,0.998773774093423
2025-11-06,NC-SBY-SEL-23,1.0,1.0,4.500855162480871e-05,1.0,2985.633611,54.35887473653085,8.852363444692406,20347.7075018,0.269766515969436,0,0.9895629695451976,0.9995602796015224,0.9995602796015224,0.99918121029249
2025-11-06,NC-SBY-TMR-10,1.0,1.0,0.0,1.0,2858.097608000001,70.17032075656678,10.4489827454264,21602.408333399988,0.2515126701984629,0,0.9598614700864714,0.998948028938432,0.998948028938432,0.9984866381219548
2025-11-06,NC-SBY-TMR-11,1.0,1.0,0.0,1.0,4016.419406,79.26018654476786,12.616770609121088,31374.690554299985,0.2602350745991528,0,0.9860714843653644,0.9991633867624968,0.9991633867624968,0.9988971916414732
2025-11-06,NC-SBY-TMR-12,0.999959888670596,1.0,0.0,1.0,3080.794265,67.87204336406465,9.466736524325093,23604.99431439999,0.2613155009622141,0,0.9937171493626712,0.9996571339515312,0.9996571339515312,0.9992519286215228
2025-11-06,NC-SBY-TMR-13,0.0,1.0,1.482568698527068e-05,1.0,3321.986844,89.31482495212559,16.525065038637774,26896.05964019999,0.166320619782391,0,0.9565930394995242,0.9993849127894204,0.9993849127894204,0.9991213039848864
2025-11-06,NC-SBY-TMR-14,0.0,1.0,0.0,1.0,3141.4458879999997,78.99187320702852,10.212435620378004,27663.446603400007,0.2395863890902042,1,0.9649535853625724,0.9993021743612516,0.9993021743612516,0.99885810350023
2025-11-06,NC-SBY-TMR-8,1.0,1.0,0.0,1.0,2932.540562,76.39325572351846,15.334646465498668,18928.961019100007,0.2436624130033919,0,0.9882308690957182,0.9996483890667506,0.9996483890667506,0.9994263190036456
2025-11-06,NC-SBY-TMR-9,1.0,1.0,0.0,1.0,2689.373669,85.39018645907643,15.891602600131842,18803.2547211,0.1571668030323812,0,0.9952932939162906,0.9996466368663758,0.9996466368663758,0.9994876234562448
2025-11-06,NC-SBY-UTR-1,1.0,1.0,9.819517272530882e-06,1.0,2802.112117999999,81.11910649361812,15.550114341706765,18180.8669462,0.1787448172624871,0,0.9902868704148436,0.9994346228281906,0.9994346228281906,0.9993476417248351
2025-11-06,NC-SBY-UTR-2,0.9996055744841946,1.0,0.0,1.0,4472.797276000001,82.84531126641347,15.246301136555418,26910.063357100007,0.1784393444716641,0,0.9857745573173984,0.9994822086906092,0.9994822086906092,0.9993165154716044
2025-11-06,NC-SBY-UTR-3,1.0,1.0,0.0,1.0,3023.494308,76.32466983897326,13.19763600269822,21138.7474853,0.1755516768993346,0,0.9841955286626444,0.9993748046264458,0.9993748046264458,0.9993748046264458
2025-11-06,NC-SBY-UTR-4,1.0,1.0,0.0,1.0,2559.0043829999995,89.12395802383466,15.08982243078274,19171.227551799995,0.201438247865643,0,0.9861782833571824,0.9995704226667412,0.9995704226667412,0.999439681739228
2025-11-06,NC-SBY-UTR-5,1.0,1.0,0.0,1.0,3807.1425170000016,65.93621690877242,11.4881917176681,26822.359473399996,0.2604216429227729,0,0.9145178519047382,0.9989017708944328,0.9989017708944328,0.9984400154750463
2025-11-06,NC-SBY-UTR-6,1.0,1.0,2.87092328892972e-05,0.9996049527636376,3052.478954,69.57343458985306,7.31208760136027,23906.499134599988,0.3377819985375559,0,0.9388824272066644,0.9988290952099348,0.9988290952099348,0.9986871673565936
2025-11-06,NC-SBY-UTR-7,0.999527460669052,1.0,0.0,1.0,4544.436386999999,74.67611002686264,9.84738106868536,32938.3315046,0.2995621171395543,0,0.9497923111870714,0.999195157341072,0.999195157341072,0.9989117620386324
2025-11-06,NC-SDA-UTR-24,1.0,1.0,0.0,1.0,3675.102454000001,68.3288216332409,13.930955816468762,27605.886512,0.1927059109269725,0,0.6981189098102425,0.9989720773243326,0.9989720773243326,0.998741945382019
2025-11-06,NC-SDA-UTR-25,0.0,1.0,0.0,1.0,2419.9640600000007,88.17671837005432,19.64725609566788,19227.6319116,0.1453951883456952,0,0.9641040981154652,0.9995293287050656,0.9995293287050656,0.999313604361554
2025-11-06,NC-SDA-UTR-26,1.0,1.0,0.0,1.0,2995.217516,68.70749973010645,16.985074890675968,24050.444997400005,0.1689892558071165,0,0.8178109125559485,0.9997129049236806,0.9997129049236806,0.9992822623092014
2025-11-06,OA_CLUSTER,0.7240023916442366,1.0,4.822484037028985e-06,0.9999862082224866,75213.84681,74.03404420015183,12.695306920504372,566190.4201335,0.2267154193599473,3,0.8941514964205979,0.9993217011190512,0.9993217011190512,0.999039160157762
2025-11-07,NC-SBY-BRT-15,1.0,1.0,0.0,1.0,3557.157239000001,54.115051080998775,7.962959947793313,29341.50860970001,0.2876459905580394,2,0.973373072137504,0.998988353730754,0.998988353730754,0.9986346887748389
2025-11-07,NC-SBY-BRT-16,0.0,1.0,0.0,1.0,3434.2077990000003,84.59598336383904,18.325267950318764,26490.4705569,0.1816132823102066,0,0.9899154689134864,0.9993159366637828,0.9993159366637828,0.9993159366637828
2025-11-07,NC-SBY-BRT-17,0.0,1.0,6.217900090781342e-06,1.0,3505.3862039999985,80.18354240119653,17.209924419820897,26499.141791800004,0.1843228166807979,0,0.9840076578811524,0.999548377128867,0.999548377128867,0.9993344505056988
2025-11-07,NC-SBY-SEL-18,0.0,1.0,0.0,1.0,3589.6716329999995,74.2711564666399,18.093506005692685,28279.779271199983,0.1659269366922915,0,0.9713442951401556,0.9995391705069124,0.9995391705069124,0.9993753200204814
2025-11-07,NC-SBY-SEL-19,0.0,1.0,1.8242737870099544e-05,1.0,3300.8018140000004,70.17996064778393,15.441945174912606,27549.1836107,0.2069546090837161,0,0.962214163458827,0.9991684760012934,0.9991684760012934,0.9990414376126022
2025-11-07,NC-SBY-SEL-20,1.0,1.0,1.4579668166752525e-05,1.0,3087.4475130000005,65.56325993762434,13.374381279606656,24769.6323057,0.24328485823452,0,0.9510250569476082,0.9991655850176154,0.9991655850176154,0.9988642684961988
2025-11-07,NC-SBY-SEL-21,0.0,1.0,0.0,1.0,2845.425471,77.9380525303539,13.927252222197806,23033.8215992,0.2332932757366531,0,0.9599386209513752,0.9995654063450674,0.9995654063450674,0.9993130616422032
2025-11-07,NC-SBY-SEL-22,1.0,1.0,0.0,1.0,2773.6765220000016,62.68559741939837,9.40690110378597,23938.773741300007,0.2361822590274757,1,0.8691479400749064,0.9991831683168316,0.9991831683168316,0.99884900990099
2025-11-07,NC-SBY-SEL-23,1.0,1.0,0.0,1.0,2781.2847,60.41180154296813,10.270492774148227,20196.291905299997,0.2322498621700878,0,0.9893622765808088,0.9991869379086052,0.9991869379086052,0.9985895861679884
2025-11-07,NC-SBY-TMR-10,1.0,1.0,0.0,1.0,2636.267952,71.15004976126792,13.029138459944493,21503.0962171,0.2198345505651643,0,0.9790354728753828,0.9989821657742178,0.9989821657742178,0.9987313950229382
2025-11-07,NC-SBY-TMR-11,0.9997884501813888,1.0,0.0,1.0,3664.029649,82.03879901189788,15.22954221596718,30655.781640200006,0.223479166614389,0,0.976477442207308,0.9992351097178684,0.9992351097178684,0.9987084639498433
2025-11-07,NC-SBY-TMR-12,0.9999283392434988,1.0,2.8601255595120623e-05,1.0,3031.365462999999,71.03534214654583,11.987144000295718,23437.27786240001,0.2412345048626417,0,0.970452295333412,0.9995794853547688,0.9995794853547688,0.9991751443497388
2025-11-07,NC-SBY-TMR-13,0.0,1.0,0.0,1.0,3343.2462149999983,87.08637776414099,17.713433238212282,26854.8474776,0.1795211342794905,0,0.9695204748695466,0.9997063774811102,0.9997063774811102,0.9994714794659983
2025-11-07,NC-SBY-TMR-14,0.0,1.0,0.0,1.0,3134.925885000001,84.92040588477968,17.418057527348942,26495.4572243,0.2013003682890308,0,0.9809156829760416,0.9993331555081356,0.9993331555081356,0.9990812364778756
2025-11-07,NC-SBY-TMR-8,1.0,1.0,0.0,1.0,2737.386783,84.23203441866575,18.08229243329094,19066.121387,0.1976955662942619,0,0.993399620407354,0.9997393640482778,0.9997393640482778,0.9994787280965556
2025-11-07,NC-SBY-TMR-9,1.0,1.0,0.0,1.0,2547.656742,85.29937271092575,18.585443826923896,18755.016111100005,0.1406056183672094,0,0.9898968857410686,0.999505756483312,0.999505756483312,0.999011512966624
2025-11-07,NC-SBY-UTR-1,1.0,1.0,0.0,1.0,2654.797023,80.39818118175438,15.672749869502876,17762.299167099995,0.1818864361330465,1,0.9099406193899132,0.9993713733075436,0.9993713733075436,0.9994197292069632
2025-11-07,NC-SBY-UTR-2,0.998885921177588,1.0,0.0,1.0,4022.521968000001,86.0566296303321,18.091833086828316,26282.638282700016,0.14813396699529,0,0.9249505159935332,0.9991032156125892,0.9991032156125892,0.9989537515480208
2025-11-07,NC-SBY-UTR-3,1.0,1.0,0.0,1.0,2838.965951,78.48786140391098,13.369119359464465,21250.6136093,0.1583291234022277,0,0.9715605250364608,0.9995521137342156,0.9995521137342156,0.9994654260698702
2025-11-07,NC-SBY-UTR-4,1.0,1.0,0.0,1.0,2553.7699130000005,89.64349764214145,16.355309949805843,19540.147778300005,0.1780037792197897,0,0.965362934221604,0.999408261433916,0.999408261433916,0.999408261433916
2025-11-07,NC-SBY-UTR-5,1.0,1.0,0.0,1.0,3728.720261000001,64.52056596323557,11.596975213441786,27591.86751270001,0.255961249495984,0,0.8997389120782266,0.9989859094790776,0.9989859094790776,0.99858561058924
2025-11-07,NC-SBY-UTR-6,1.0,1.0,0.0,0.9996907144496212,3220.660933999998,69.24252790226936,5.934168435292138,25188.34658780001,0.3618098433047697,1,0.9596311305526702,0.9991905438922386,0.9991905438922386,0.998640528844657
2025-11-07,NC-SBY-UTR-7,0.9983707745498042,1.0,0.0,1.0,4231.899598999999,71.8492844325412,12.223562184690604,32750.27622249999,0.2715258173195755,0,0.9517483616237284,0.999249635537261,0.999249635537261,0.9989280507675156
2025-11-07,NC-SDA-UTR-24,0.0,1.0,1.51339353276497e-05,1.0,3688.614591,69.88999541556757,14.452954111223889,28866.174816299997,0.2005492958990553,0,0.92211733153826,0.999156689800094,0.999156689800094,0.998935493682086
2025-11-07,NC-SDA-UTR-25,0.0,1.0,0.0,1.0,2414.681341000001,86.2610226201817,16.625676055244323,19034.273056300004,0.158688307392103,0,0.9491440873766016,0.9994472943330396,0.9994472943330396,0.9993954781767622
2025-11-07,NC-SDA-UTR-26,1.0,1.0,0.0,1.0,3132.882173,68.31969844949751,18.313867389315185,24586.772172899982,0.1684905457663321,0,0.9371459669939676,0.9997219719970196,0.9997219719970196,0.999488428474516
2025-11-07,OA_CLUSTER,0.6779497438333115,1.0,3.038587755993898e-06,0.9999891355549956,73221.273233,75.50230019500647,14.474170348729285,567232.3904719001,0.2123487757621848,5,0.95843621282544,0.9993256914379642,0.9993256914379642,0.9990612483887692
2025-11-08,NC-SBY-BRT-15,1.0,1.0,0.0,1.0,3616.595112999999,55.12470396459031,7.633206971232802,29284.395000099987,0.2774346563549663,1,0.9803283784872944,0.9990020116929652,0.9990020116929652,0.9986091029106684
2025-11-08,NC-SBY-BRT-16,1.0,1.0,0.0,1.0,3662.460904999998,87.32258772240715,18.40121458995282,25865.6666656,0.166404471518263,0,0.9915660324369866,0.9993258248730964,0.9993258248730964,0.9992068527918782
2025-11-08,NC-SBY-BRT-17,0.0,1.0,0.0,1.0,3660.248647000001,83.57104547087876,15.964782661461294,25331.900792099997,0.1846931750312399,0,0.9867405453797576,0.9994700495172484,0.9994700495172484,0.9992547571336304
2025-11-08,NC-SBY-SEL-18,0.0,1.0,7.116222139990322e-06,1.0,3805.265991999999,74.00255981018825,15.143236938970183,27999.804305400008,0.1615480041824259,0,0.9338422391857506,0.9995892696701322,0.9995892696701322,0.999306892568348
2025-11-08,NC-SBY-SEL-19,0.0,1.0,7.321716210279689e-06,1.0,3298.590605,72.75348678154835,14.571825061515728,24325.862594100006,0.1736185607743809,0,0.9540657729033492,0.9990768559391732,0.9990768559391732,0.9988250893771295
2025-11-08,NC-SBY-SEL-20,0.0,1.0,2.499500099980004e-05,1.0,2843.295241999999,71.24638996457412,14.643361076072418,20232.2443828,0.1823998968230596,0,0.9305930576791698,0.9991650597379876,0.9991650597379876,0.9986084328966464
2025-11-08,NC-SBY-SEL-21,0.0,1.0,0.0,1.0,2956.213978,81.97915376545652,13.901891845718913,21044.6327784,0.204382630471321,0,0.9734518427929796,0.9985803192630868,0.9985803192630868,0.998332700529904
2025-11-08,NC-SBY-SEL-22,0.0,1.0,0.0,1.0,2957.543303000001,65.06871777781926,9.064473763130277,22927.71578749999,0.2164118948736897,1,0.8521847424437325,0.9989652375758592,0.9989652375758592,0.998727521883827
2025-11-08,NC-SBY-SEL-23,1.0,1.0,0.0,1.0,2453.5097670000005,63.45708940520236,10.072490845482674,19237.938888500004,0.1868503073545711,0,0.9906656079942676,0.9994820665544476,0.9994820665544476,0.9992230998316716
2025-11-08,NC-SBY-TMR-10,1.0,1.0,0.0,1.0,2609.2714790000005,70.8455334689642,12.133308750330862,19687.9536113,0.22739416197818,0,0.5486697355075291,0.9990568262202312,0.9990568262202312,0.9987473473237444
2025-11-08,NC-SBY-TMR-11,0.9994901255964226,1.0,0.0,1.0,3307.371944,82.51667075723526,15.667916469089034,25621.2856802,0.1924150054242273,0,0.9707998656705736,0.9993836376337164,0.9993836376337164,0.999096001862784
2025-11-08,NC-SBY-TMR-12,1.0,1.0,0.0,1.0,2814.514872,72.74793713243919,12.035305239475369,21961.0893572,0.2119012209542588,0,0.8250066498064167,0.999318142175285,0.999318142175285,0.9987948559377132
2025-11-08,NC-SBY-TMR-13,1.0,1.0,9.079353550027236e-06,1.0,3312.856654,93.00741807336144,18.402437519279047,23942.796111699998,0.1404439466937202,0,0.9613287952518916,0.9994938476306832,0.9994938476306832,0.9993716729208484
2025-11-08,NC-SBY-TMR-14,0.0,1.0,0.0,1.0,3157.457161,89.24141867643483,16.7624226642386,23921.5832694,0.1844038511609984,0,0.9879504406829418,0.9992818920984966,0.9992818920984966,0.998818596678172
2025-11-08,NC-SBY-TMR-8,1.0,1.0,0.0,1.0,2678.618487,83.72157081111253,16.694067998703975,19040.4787255,0.1918904947198265,0,0.9736958737756504,0.9995934583756814,0.9995934583756814,0.9995380208814562
2025-11-08,NC-SBY-TMR-9,1.0,1.0,0.0,1.0,2677.330198000001,87.34337793107962,18.0573319022704,19122.17888939999,0.1327623125933971,0,0.9938903243258368,0.999276330438655,0.999276330438655,0.9990258294366512
2025-11-08,NC-SBY-UTR-1,1.0,1.0,1.5612558742252267e-05,1.0,1916.8350510000005,88.83039861387074,19.711387836993328,13475.6652785,0.1056811430404584,0,0.85706340378198,0.9993409333808336,0.9993409333808336,0.9994299964374778
2025-11-08,NC-SBY-UTR-2,1.0,1.0,0.0,1.0,4023.066346,87.70345830170628,18.719288090015336,26962.446605200003,0.1312339727153275,0,0.938711620349619,0.9995086180828544,0.9995086180828544,0.9993574236468098
2025-11-08,NC-SBY-UTR-3,1.0,1.0,5.014542172299669e-05,1.0,2578.388425000001,81.77609550125051,15.019593279615746,18784.6583332,0.1369285701217597,0,0.9822457184830092,0.9994226327944572,0.9994226327944572,0.9993504618937644
2025-11-08,NC-SBY-UTR-4,1.0,1.0,1.2396642989078556e-05,1.0,2367.126992,93.5456112152662,15.94726556583379,17840.43083400001,0.1562049961977124,0,0.9852782699227384,0.9995278969957082,0.9995278969957082,0.9993776824034336
2025-11-08,NC-SBY-UTR-5,0.9997077944002112,1.0,4.13631644475329e-06,0.9999927773845464,3846.291184,65.36635964955879,7.034773288642978,28697.2455159,0.305110056250021,0,0.9517978606404068,0.9991734480010234,0.9991734480010234,0.99858305371604
2025-11-08,NC-SBY-UTR-6,0.9978508478357876,1.0,0.0,0.9975113851610043,2665.9363889999995,74.1089117464372,7.017960470336131,21060.0259078,0.282021870789616,1,0.9673471713703644,0.9991335626329194,0.9991335626329194,0.9987922388216453
2025-11-08,NC-SBY-UTR-7,0.9992577187411482,1.0,0.0,1.0,3950.109382,83.83668532347647,15.278099623067565,28889.816590299997,0.2004352955001665,0,0.9645946535859112,0.9991846617581658,0.9991846617581658,0.9987399318080744
2025-11-08,NC-SDA-UTR-24,0.0,1.0,0.0,1.0,3822.695079999999,72.89999584514005,15.365749845268343,27436.038460999996,0.1716309537410293,0,0.926971775257188,0.9985610635969356,0.9985610635969356,0.998196262818694
2025-11-08,NC-SDA-UTR-25,1.0,1.0,0.0,1.0,2752.56039,94.43080328662676,17.84050147710603,19131.439052600013,0.1250697327047387,0,0.9925196529118951,0.9995134540531392,0.9995134540531392,0.999344220680318
2025-11-08,NC-SDA-UTR-26,0.0,1.0,0.0,1.0,3136.018936999999,68.15180968195249,16.292521554903498,22988.7563885,0.1654535492537663,0,0.965335439390382,0.9997296566639632,0.9997296566639632,0.9993312559582248
2025-11-08,OA_CLUSTER,0.6775545726723985,1.0,5.552298683612642e-06,0.9999109340935556,71158.898116,78.67030954438899,14.371300025670042,525257.8159041,0.188240779692493,3,0.9346942968020898,0.9992813763966812,0.9992813763966812,0.9990083313880752
2025-11-09,NC-SBY-BRT-15,0.9998245614035088,1.0,4.934640684138585e-06,1.0,3661.669124,55.86342368866084,6.601343021935653,29246.1459379,0.2766357671918659,2,0.9819563279264414,0.9987447150003436,0.9987447150003436,0.9984012290551638
2025-11-09,NC-SBY-BRT-16,1.0,1.0,0.0,1.0,3831.915787,86.91680439687099,18.39646150087372,25600.903055199997,0.1852308218656554,0,0.990739483475002,0.999394496179062,0.999394496179062,0.998851630684428
2025-11-09,NC-SBY-BRT-17,0.0,1.0,7.165222874257504e-06,1.0,3781.509978,82.04414145890921,15.426582999856688,25014.361389899997,0.1868529892447584,0,0.9897180606098795,0.9995659070039236,0.9995659070039236,0.9992820769680274
2025-11-09,NC-SBY-SEL-18,0.0,1.0,0.0,1.0,3725.7956559999993,74.5193734472314,16.941756473288784,26508.179704700004,0.1544219986672597,0,0.974092299317389,0.9993995136060208,0.9993995136060208,0.9992193676878272
2025-11-09,NC-SBY-SEL-19,0.0,1.0,0.0,1.0,3276.215774,73.39455752639414,15.581012381700102,23224.779722099996,0.1779572579514078,0,0.963397661116486,0.9991663508904888,0.9991663508904888,0.998825312618416
2025-11-09,NC-SBY-SEL-20,0.0,1.0,0.0,1.0,2650.671416,70.8163162052152,14.78116653034269,18180.9448242,0.1762598009727847,0,0.8617033918446338,0.998836353273647,0.998836353273647,0.9983376475337814
2025-11-09,NC-SBY-SEL-21,1.0,1.0,1.790077599863954e-05,1.0,3017.544018999999,85.80194434366648,13.68709265589274,20766.689417999994,0.1913471483184673,0,0.938304807847912,0.9992648665832192,0.9992648665832192,0.9989271025809144
2025-11-09,NC-SBY-SEL-22,0.0,1.0,0.0,1.0,2998.0771389999995,65.90300315196569,8.11005577104837,22536.234203299995,0.2182016507764011,1,0.8835501642826326,0.998836183192439,0.998836183192439,0.9986315560614392
2025-11-09,NC-SBY-SEL-23,1.0,1.0,0.0,1.0,2671.9984360000003,59.42946994255805,10.9936587278716,19091.955557200003,0.2192423523366101,0,0.9916394697610702,0.9994630081934556,0.9994630081934556,0.999272462713714
2025-11-09,NC-SBY-TMR-10,1.0,1.0,0.0,1.0,2638.287541,71.00312683792615,12.96056986727512,19525.80055410001,0.2177288120856323,0,0.9813026519929822,0.9993693568978512,0.9993693568978512,0.9992770676633904
2025-11-09,NC-SBY-TMR-11,1.0,1.0,4.854368932038835e-05,1.0,3364.427928,85.17373685874232,15.577811623212597,24109.380278299992,0.1742285444210318,0,0.9788006196061076,0.9994464042021785,0.9994464042021785,0.9994077812395395
2025-11-09,NC-SBY-TMR-12,0.9999510015852427,1.0,0.0,1.0,2799.1137499999995,68.90075995021625,12.406138980091464,21607.1053198,0.2145865249541581,1,0.9752680877399698,0.9995858968291528,0.9995858968291528,0.9990140400694116
2025-11-09,NC-SBY-TMR-13,1.0,1.0,0.0004515406567207,1.0,3165.706458000001,88.5930573789204,16.905915634824023,21854.558190900003,0.1529770986951512,0,0.9438320707070708,0.9995169304379832,0.9995169304379832,0.99930990062569
2025-11-09,NC-SBY-TMR-14,0.0,1.0,0.0,1.0,3236.488625999999,86.58860820058631,16.816194674170617,23632.87773269999,0.1891414437602075,0,0.986369897277406,0.999248628747464,0.999248628747464,0.9989668645277632
2025-11-09,NC-SBY-TMR-8,1.0,1.0,0.0,1.0,2785.055045999999,85.52307239032969,15.970689796178396,19218.993056399995,0.1966199908176447,0,0.9809775076736712,0.9995984150781752,0.9995984150781752,0.9991165131719856
2025-11-09,NC-SBY-TMR-9,1.0,1.0,1.2369654762935566e-05,1.0,2899.8580329999995,81.60717629670374,17.116978633860096,19264.855832099995,0.149259505187172,0,0.9902536922872224,0.9996647951060086,0.9996647951060086,0.9996228944942596
2025-11-09,NC-SBY-UTR-1,1.0,1.0,0.0002339181286549,1.0,1928.1650139999997,88.17962541911052,15.16005203969779,12745.841666600005,0.1247559384289032,0,0.9883006089496708,0.9995489908670652,0.9995489908670652,0.999154357875747
2025-11-09,NC-SBY-UTR-2,0.9993397104212056,1.0,1.8237525532535744e-05,1.0,4417.828499,83.76081342167218,17.111034799319846,28176.194583300006,0.1586765037633982,0,0.9844209625537702,0.9992998477929984,0.9992998477929984,0.9991476407914764
2025-11-09,NC-SBY-UTR-3,1.0,1.0,0.0,1.0,2602.4201970000013,83.13268436761052,15.707628639500326,17433.031109900003,0.136213495646451,0,0.9763140459363958,0.9993866666666666,0.9993866666666666,0.9992266666666668
2025-11-09,NC-SBY-UTR-4,1.0,1.0,0.0,1.0,2304.4858980000004,97.16576974303752,19.17642507674572,17053.403889400004,0.1404570356279869,0,0.9815443471680664,0.9996989198750518,0.9996989198750518,0.9994166572579128
2025-11-09,NC-SBY-UTR-5,0.9999920553853138,1.0,0.0,1.0,3777.282525000001,73.26262465030368,10.728589049971127,26778.0811953,0.2284333423637392,0,0.9160148864608832,0.9991949959205876,0.9991949959205876,0.99877073701387
2025-11-09,NC-SBY-UTR-6,1.0,1.0,0.0,0.99976967812518,2660.6499180000005,82.8667384970039,13.805346355367195,19114.43057330001,0.2018763186821088,0,0.9753033427101936,0.9992696206453896,0.9992696206453896,0.998727369306361
2025-11-09,NC-SBY-UTR-7,1.0,1.0,0.0,1.0,3944.082060000001,85.12764938907566,16.18801768252238,27582.299166600005,0.199002142771017,0,0.9884252846379944,0.9992929239362924,0.9992929239362924,0.9987979706916972
2025-11-09,NC-SDA-UTR-24,0.0,1.0,0.0,1.0,4029.080144,71.53140013344907,13.563909402522944,26866.02999099999,0.1958085314864425,0,0.9495461808677876,0.9990452144024105,0.9990452144024105,0.9986845176210988
2025-11-09,NC-SDA-UTR-25,0.0,1.0,0.0,1.0,2668.0011939999995,91.14927505965572,17.35453302273955,17328.580832200005,0.1251743648807151,0,0.8702584483691179,0.999445875931621,0.999445875931621,0.9991411076940128
2025-11-09,NC-SDA-UTR-26,0.9907608695652174,1.0,0.0,1.0,3156.0868760000008,66.4055605478951,12.249657597903338,22274.059799099992,0.1808288846977079,1,0.963065009904556,0.9995714205154232,0.9995714205154232,0.9991202842158688
2025-11-09,OA_CLUSTER,0.7158300779081663,1.0,3.703492315338814e-05,0.9999912462383788,72139.248822,78.86203538682243,14.645471479250752,508267.0469611999,0.1851853945382043,4,0.964932601015808,0.999327798424036,0.999327798424036,0.9990218817309192
2025-11-10,NC-SBY-BRT-15,0.998566642300195,1.0,0.0,1.0,3354.3800520000004,54.64299898074462,10.053195472858055,27361.6607508,0.2619156235666953,1,0.9596642064693308,0.9990007733740324,0.9990007733740324,0.9988365169423664
2025-11-10,NC-SBY-BRT-16,1.0,1.0,0.0,1.0,3492.2837970000023,79.73310105383916,15.408514512791546,26308.4863897,0.2031664116058745,0,0.9920394703575016,0.999252336448598,0.999252336448598,0.9991277258566978
2025-11-10,NC-SBY-BRT-17,0.0,1.0,0.0,1.0,3407.896078,80.39470526039992,16.085055663315355,24257.60982529999,0.1744232082299474,0,0.9795632222977566,0.9995330994624334,0.9995330994624334,0.9994321479948516
2025-11-10,NC-SBY-SEL-18,0.0,1.0,1.6170065973869172e-05,1.0,3663.017799000001,68.31059831419161,9.263798690608454,28810.79497010002,0.2104989976368368,0,0.9300829665453636,0.9997611133483036,0.9997611133483036,0.999508576030796
2025-11-10,NC-SBY-SEL-19,0.0,1.0,0.0,1.0,3813.430817,67.6642518464229,6.7555110118024455,29997.911448100007,0.2412833804350324,3,0.958910052351724,0.9985838629455652,0.9985838629455652,0.9981003039513676
2025-11-10,NC-SBY-SEL-20,0.0,1.0,4.507042253521127e-06,1.0,3225.7886490000005,65.57490993449319,12.358449212787466,25159.0621783,0.2371185898762093,0,0.8258426640534852,0.9993785925120398,0.9993785925120398,0.9988903437714995
2025-11-10,NC-SBY-SEL-21,0.0,1.0,1.2182419550346895e-05,0.9156990632075276,3092.50327,78.37502770378673,7.043197261698957,24084.77000260001,0.2419423519532008,1,0.9718724833533028,0.9990267562263668,0.9990267562263668,0.9934732897160644
2025-11-10,NC-SBY-SEL-22,0.0,1.0,4.495493267998831e-06,1.0,3043.794871,60.88156166323363,7.186468094926057,24941.7888719,0.2644262162420339,1,0.9337482939381558,0.998783166611356,0.998783166611356,0.9983406817427584
2025-11-10,NC-SBY-SEL-23,0.9998235073225684,1.0,0.0,1.0,2630.0759120000007,53.56020629807378,8.872941279823264,20012.9818142,0.2578239656239487,0,0.9627293984269822,0.9993465314184724,0.9993465314184724,0.9990495002450508
2025-11-10,NC-SBY-TMR-10,1.0,1.0,0.0,1.0,2726.235046,67.43682558047261,10.571085263652362,22359.7709782,0.2462783965902084,0,0.8739069213708581,0.9993507709594855,0.9993507709594855,0.9990636119607964
2025-11-10,NC-SBY-TMR-11,0.9998333333333334,1.0,1.0348271062612214e-05,1.0,3698.188973999997,84.16716358640063,13.20029733193783,29624.859623599998,0.2243445579483021,0,0.8825503355704698,0.9990942849379584,0.9990942849379584,0.9988930149241716
2025-11-10,NC-SBY-TMR-12,0.9997728547555887,1.0,7.252157516861267e-05,1.0,2899.924472999999,66.2191269259305,10.548581828525824,23164.3569469,0.2502319352439815,0,0.9643207002277266,0.9995687224231165,0.9995687224231165,0.9991706200444548
2025-11-10,NC-SBY-TMR-13,1.0,1.0,0.0,1.0,3415.6266469999987,82.87806808639985,13.6566077580805,26464.837427299983,0.2092736772044531,0,0.9695081754617272,0.9994476516285368,0.9994476516285368,0.9992872924239184
2025-11-10,NC-SBY-TMR-14,0.0,1.0,0.0,1.0,3395.949934,77.56780697113729,9.768950600312468,26928.77457790001,0.2829310590906641,0,0.9791527353101822,0.9994786955121816,0.9994786955121816,0.9992180432682723
2025-11-10,NC-SBY-TMR-8,1.0,1.0,0.0,1.0,2535.5879010000003,84.28869085388257,15.503268244891238,18590.0174981,0.193307820985946,0,0.9793006737188672,0.9996163601099768,0.9996163601099768,0.9995311068010828
2025-11-10,NC-SBY-TMR-9,1.0,1.0,1.2508599662267809e-05,1.0,2584.9499180000003,82.78658565279002,15.789751091248,19144.1899988,0.1539851614380804,0,0.9920446767777964,0.999494805280383,0.999494805280383,0.9992092604388604
2025-11-10,NC-SBY-UTR-1,0.9993071860938896,1.0,1.993660160689009e-05,1.0,2219.8683240000005,76.94369424372734,14.799392779894056,16789.787337800004,0.1748433464793642,0,0.7787431625414307,0.9995880959736382,0.9995880959736382,0.9994336319637523
2025-11-10,NC-SBY-UTR-2,0.9994345360120268,1.0,0.0,1.0,3987.109196999999,80.05301014548346,14.514199622432944,27094.7736224,0.1886111860151252,0,0.9722258158964476,0.9997071742313324,0.9997071742313324,0.9995424597364568
2025-11-10,NC-SBY-UTR-3,1.0,1.0,1.1062191641407996e-05,1.0,2707.48768,75.8254270625341,12.85622409437629,21092.69083230001,0.1669268718839128,0,0.97493207188922,0.9995736213757817,0.9995736213757817,0.9993781978396816
2025-11-10,NC-SBY-UTR-4,1.0,1.0,1.014661863933844e-05,1.0,2565.11968,88.12326658774396,17.331554070225103,19745.8869457,0.1776583364466043,0,0.9880382168833473,0.9996628013712744,0.9996628013712744,0.9995878683426688
2025-11-10,NC-SBY-UTR-5,1.0,1.0,0.0,1.0,3429.9282170000006,69.94894726905649,13.1474127863719,25311.3522224,0.2254336275676853,0,0.9390831783631538,0.9991687326819308,0.9991687326819308,0.9986874726556804
2025-11-10,NC-SBY-UTR-6,0.99984142394822,1.0,0.0,0.9983643406185402,3029.635003000001,75.0857882289866,8.516168887794482,24368.02107710001,0.2546032629945653,0,0.9652154032073684,0.9994759352864604,0.9994759352864604,0.998934965259581
2025-11-10,NC-SBY-UTR-7,0.9999587673611112,1.0,0.0,1.0,4231.413455,78.30077059234193,12.729073752555918,32995.723188500015,0.2497265160177104,0,0.9758762099251216,0.9993064338460284,0.9993064338460284,0.9988474562441352
2025-11-10,NC-SDA-UTR-24,0.0,1.0,1.449457419772532e-05,1.0,3929.6418010000007,69.12486058571689,13.76881772585875,29264.61416159999,0.2095797151990606,0,0.91383736602272,0.9985734202250104,0.9985734202250104,0.99823298641507
2025-11-10,NC-SDA-UTR-25,0.9984876543209876,1.0,0.0,1.0,2689.4467990000016,81.70230157262004,15.700571146958948,20345.0624008,0.1637082110306037,0,0.9703413847227068,0.999606630071343,0.999606630071343,0.9991596187887782
2025-11-10,NC-SDA-UTR-26,0.9972453703703704,1.0,0.0,1.0,3225.497695000001,60.90835714971663,7.313277702144005,24925.358819900004,0.2229746951659107,2,0.9490570441977833,0.9994761919152236,0.9994761919152236,0.9988012853444542
2025-11-10,OA_CLUSTER,0.6796586102094875,1.0,7.362209792462713e-06,0.996881112131978,73150.195694,73.8736080119408,12.02563380063613,564610.1085280001,0.220756583217932,6,0.9451620131623664,0.9993549195144952,0.9993549195144952,0.9988839229021104
2025-11-11,NC-SBY-BRT-15,1.0,1.0,0.0,1.0,3342.522232999999,52.67480622896711,8.425619581501294,27035.4708728,0.2770704160157551,1,0.8842813268666879,0.9989395010604988,0.9989395010604988,0.9985944180722486
2025-11-11,NC-SBY-BRT-16,1.0,1.0,0.0,1.0,3518.1543930000003,80.9737601693452,16.446718896685944,26927.148333200003,0.1893315159198858,0,0.9926232104874112,0.9996581815257168,0.9996581815257168,0.9993565769895846
2025-11-11,NC-SBY-BRT-17,0.0,1.0,0.0,1.0,3347.2368620000016,79.06555173264606,15.247836957120942,25161.813334099985,0.1778278888761774,0,0.942325720598397,0.999635772041862,0.999635772041862,0.9994415171308548
2025-11-11,NC-SBY-SEL-18,0.0,1.0,0.0,0.9999882085205232,3576.067100999999,72.62440318570484,12.086503243891276,28215.460211900005,0.1769360623162967,0,0.8477760984562237,0.9995273188234536,0.9995273188234536,0.999280235481168
2025-11-11,NC-SBY-SEL-19,0.0,1.0,0.0,1.0,3666.772493,68.85553919510457,9.76628020782316,29054.6333337,0.2230873303649891,0,0.919568650711412,0.999088557373973,0.999088557373973,0.998941118125645
2025-11-11,NC-SBY-SEL-20,0.0,1.0,2.151671310690579e-05,1.0,3209.983176,66.00881946349998,11.686552510778426,25006.374437399994,0.2375879739031596,0,0.9598667394595132,0.999215191980689,0.999215191980689,0.998739550756864
2025-11-11,NC-SBY-SEL-21,0.0,1.0,0.0,1.0,3024.617909,78.74921803530839,11.727823515666202,23290.5091673,0.2354078768426751,0,0.8453484173787459,0.9992759369720374,0.9992759369720374,0.9991552598007104
2025-11-11,NC-SBY-SEL-22,0.0,1.0,0.0,1.0,3090.403007000001,61.84930535610142,8.746995243205788,25221.75405219999,0.251283908768094,0,0.9081741482088104,0.9991848485899616,0.9991848485899616,0.9984737590620556
2025-11-11,NC-SBY-SEL-23,0.9995365873905284,1.0,0.0,1.0,2754.5195770000005,53.80422475535264,9.39187553892073,21761.89195329999,0.2613027441855811,0,0.9874043001879612,0.998696195425819,0.998696195425819,0.9983702442822736
2025-11-11,NC-SBY-TMR-10,1.0,1.0,5.268259788426687e-06,1.0,2661.5448020000003,66.91662434764183,11.264399316106603,22411.903157900004,0.2549326675819495,0,0.9042539566370872,0.9993613721375788,0.9993613721375788,0.9987409907855124
2025-11-11,NC-SBY-TMR-11,1.0,1.0,0.0,1.0,3788.852157,80.11220461513999,11.887181366141917,30506.4102775,0.2559067140688065,0,0.643083002688851,0.9994316635448184,0.9994316635448184,0.9991434929478252
2025-11-11,NC-SBY-TMR-12,1.0,1.0,7.500131252296915e-06,1.0,2924.591044000001,65.10048168296608,9.87270994714929,23728.2794956,0.2497932826147098,0,0.9841087699493242,0.9997210004595286,0.9997210004595286,0.9991137661655616
2025-11-11,NC-SBY-TMR-13,1.0,1.0,0.0,1.0,3506.898630000001,84.54306563081785,14.02309067257798,27390.34888770001,0.1950351584493216,0,0.9585473458839304,0.9995936611133686,0.9995936611133686,0.9993980164642496
2025-11-11,NC-SBY-TMR-14,0.0,1.0,0.0,1.0,3372.5785530000003,79.7621262893865,9.658982251949466,27602.60222270001,0.2648530679066626,1,0.9854178910251028,0.9995471834812534,0.9995471834812534,0.999033991426674
2025-11-11,NC-SBY-TMR-8,1.0,1.0,0.0,1.0,2460.094413,81.30637032975451,15.64585250168973,19040.652779600005,0.2012732153054642,0,0.9823125440889664,0.9996760670731708,0.9996760670731708,0.9994664634146342
2025-11-11,NC-SBY-TMR-9,1.0,1.0,0.0,1.0,2577.071706000001,77.76792236567296,12.185847325234514,19479.862048600004,0.1866481199129153,0,0.9797542747402764,0.9995049627484468,0.9995049627484468,0.999405955298136
2025-11-11,NC-SBY-UTR-1,1.0,1.0,3.1520220221271946e-05,1.0,2339.219739,82.37400623331887,15.979397953387686,17509.793611600006,0.1677066779641636,0,0.6529276732791996,0.9995384917517676,0.9995384917517676,0.9993519245875884
2025-11-11,NC-SBY-UTR-2,0.9999830812789172,1.0,0.0,1.0,3730.8953320000014,83.38098613568786,17.04047251479455,26670.79270300001,0.1543058168866928,0,0.9821034430553232,0.999484043569654,0.999484043569654,0.9992165106057712
2025-11-11,NC-SBY-UTR-3,1.0,1.0,9.60208941465663e-06,1.0,2691.628963,74.42562520970024,12.244187678812285,21564.8758332,0.1706158583774899,0,0.9726320935348516,0.9996491552026592,0.9996491552026592,0.9995568276244114
2025-11-11,NC-SBY-UTR-4,1.0,1.0,0.0,1.0,2529.05484,88.4183369005647,16.304936279929816,19457.087599200007,0.1804743381204788,0,0.9594814790913784,0.9995053819158208,0.9995053819158208,0.9993169559789904
2025-11-11,NC-SBY-UTR-5,1.0,1.0,0.0,1.0,3577.5909629999987,68.61400908958977,12.189699316352296,26981.33361340001,0.239025174091685,0,0.9063206006695648,0.9991897314538531,0.9991897314538531,0.9987910278835272
2025-11-11,NC-SBY-UTR-6,1.0,1.0,0.0,0.9999474044075106,2916.889562000001,74.08818485140714,8.681625641399597,24130.0707195,0.2599286104439112,0,0.9690850004220478,0.999268134775796,0.999268134775796,0.9987614588513468
2025-11-11,NC-SBY-UTR-7,0.9980082987062636,1.0,0.0,1.0,4260.787190000001,76.78700768557914,12.056386369025864,34192.949519500005,0.2588008535625526,0,0.8946565950029053,0.9991686553734204,0.9991686553734204,0.9987969954227144
2025-11-11,NC-SDA-UTR-24,0.0,1.0,0.0,1.0,3717.196323999999,70.53052266731223,14.322628177729204,28699.642726800004,0.1834381919597404,0,0.9191337889292668,0.9987905032103928,0.9987905032103928,0.9985217261460356
2025-11-11,NC-SDA-UTR-25,0.0,1.0,0.0,1.0,2738.6444350000006,88.38099516065357,14.773002024367717,21162.234795,0.1602979541074047,0,0.9895549689247334,0.9997029532698593,0.9997029532698593,0.99959351500086
2025-11-11,NC-SDA-UTR-26,0.0,1.0,0.0,1.0,3170.037276,69.24380998836722,14.600038132686874,24912.34498329999,0.1668395215082447,0,0.979817993318742,0.9996020310141348,0.9996020310141348,0.9992315081652258
2025-11-11,OA_CLUSTER,0.6814155208039298,1.0,3.1656837955653414e-06,0.9999973204159802,72867.97464500001,73.96325093527543,12.37403665458837,572342.0181649,0.2186031257193534,2,0.9143699464908656,0.999390553985394,0.999390553985394,0.999066508524346
2025-11-12,NC-SBY-BRT-15,1.0,1.0,0.0,1.0,3412.208338000001,54.09776702048536,10.056332518811638,27920.939999600003,0.2668309671363504,1,0.9853559622153836,0.998957378703962,0.998957378703962,0.9988378425044162
2025-11-12,NC-SBY-BRT-16,1.0,1.0,6.745499065748379e-06,1.0,3489.884565,79.50977505999211,15.842385068393533,26584.478350900004,0.2058373618107174,0,0.9846053671922236,0.99952209818015,0.99952209818015,0.9993309374522098
2025-11-12,NC-SBY-BRT-17,1.0,1.0,6.986704301713839e-06,1.0,3300.335163999999,81.53283965635005,15.95982834423002,24804.313331300007,0.1737921944298771,0,0.9890927277757676,0.999607473700738,0.999607473700738,0.9993327052912544
2025-11-12,NC-SBY-SEL-18,0.0,1.0,0.0,1.0,3539.703106,73.96717639580551,14.394288201653543,28115.658178499994,0.1676737489724069,0,0.9767427222659324,0.9994684794315528,0.9994684794315528,0.9993006308309904
2025-11-12,NC-SBY-SEL-19,0.0,1.0,0.0,1.0,3587.8414920000005,67.25727876598557,11.582303230045063,28427.93694249999,0.2156337734783101,0,0.9720367250559876,0.999208454263932,0.999208454263932,0.9989723792198414
2025-11-12,NC-SBY-SEL-20,0.0,1.0,1.0997893903317515e-05,1.0,3227.4412579999994,67.3555175333361,12.298040494803208,25362.4074804,0.2221473217413946,0,0.9568655736015764,0.999005263290438,0.999005263290438,0.9983253166788384
2025-11-12,NC-SBY-SEL-21,0.0,1.0,8.281299170213822e-06,1.0,3078.261936000001,80.0399193318559,13.170647746517982,23715.025916900013,0.2347728619161173,0,0.7258762499387619,0.9994338145909312,0.9994338145909312,0.9991507218863964
2025-11-12,NC-SBY-SEL-22,0.0,1.0,0.0,1.0,3187.3705530000007,60.92158358881348,7.198780632348443,25429.76329970001,0.2664453376295971,1,0.5962274973262671,0.9993459007600634,0.9993459007600634,0.99886186732251
2025-11-12,NC-SBY-SEL-23,0.9997818791946308,1.0,0.0,1.0,2612.8639730000004,59.141667441279125,12.150025522672085,20811.705495600003,0.2121479731540376,0,0.9866802122135682,0.9996209009919758,0.9996209009919758,0.9993049851519556
2025-11-12,NC-SBY-TMR-10,0.9998882865122392,1.0,0.0,1.0,2640.433621,66.18307346673295,10.646473798045283,21916.31732439999,0.2516819892804187,0,0.8048679591243487,0.999198131297284,0.999198131297284,0.9988669246592058
2025-11-12,NC-SBY-TMR-11,1.0,1.0,2.129267851249348e-05,1.0,3789.3927010000007,84.06999774011683,13.230790759348622,30523.4799998,0.2280684117763619,0,0.9401230735442562,0.999194855439954,0.999194855439954,0.9990170962513724
2025-11-12,NC-SBY-TMR-12,1.0,1.0,0.0,1.0,2967.2309379999992,61.566960696530266,8.05198325828933,24358.144998999996,0.2712769478848507,1,0.96380987720173,0.999605048510346,0.999605048510346,0.99905555078561
2025-11-12,NC-SBY-TMR-13,1.0,1.0,0.0,1.0,3592.907458,85.5991955137131,14.668648012260302,27432.412755099984,0.202954117117096,0,0.9678685334342396,0.9996969261935524,0.9996969261935524,0.9995055111579014
2025-11-12,NC-SBY-TMR-14,0.0,1.0,6.43260559122078e-06,1.0,3321.718679,79.23929369611676,10.153295602979084,27095.126111300007,0.262326528084335,0,0.9833752608280192,0.9994159315891152,0.9994159315891152,0.999086457100924
2025-11-12,NC-SBY-TMR-8,1.0,1.0,0.0,1.0,2398.3410400000007,86.03102206492437,17.866018369338818,18706.0691664,0.1718996535125643,0,0.9690016868967442,0.9994018000380672,0.9994018000380672,0.9990755091497404
2025-11-12,NC-SBY-TMR-9,1.0,1.0,0.0,1.0,2491.5240970000004,81.96684869818118,16.295299562156472,19220.1894429,0.1641265905285683,0,0.9895078384586224,0.9994884105308725,0.9994884105308725,0.9994293809767424
2025-11-12,NC-SBY-UTR-1,1.0,1.0,1.0502877788514053e-05,1.0,2372.8742850000003,81.89167427335855,14.721976384671722,18079.038612900003,0.1623542222381408,0,0.9856457005131396,0.9993591587978342,0.9993591587978342,0.9991760613115012
2025-11-12,NC-SBY-UTR-2,1.0,1.0,0.0,1.0,3728.879796999999,84.6550703816836,16.637263232563107,26767.00500730001,0.1549615638150734,0,0.9865538111353136,0.9993499136313824,0.9993499136313824,0.9992570441501514
2025-11-12,NC-SBY-UTR-3,1.0,1.0,0.0,1.0,2683.972348,74.60263143672334,12.942646461104808,21042.121389700005,0.1663799868035658,0,0.9326503661611109,0.9992687021124536,0.9992687021124536,0.9988531919490752
2025-11-12,NC-SBY-UTR-4,1.0,1.0,0.0,1.0,2461.147437,90.5502056680996,17.014646209884443,19450.6647229,0.1664161782686074,0,0.9916033702334648,0.9994679128302412,0.9994679128302412,0.9993291074816084
2025-11-12,NC-SBY-UTR-5,0.999769996567113,1.0,0.0,1.0,3544.577084999999,69.12547586193973,12.376807817234535,27166.6989756,0.2315006885328751,0,0.9284037048310648,0.9991542727349612,0.9991542727349612,0.9987072454662976
2025-11-12,NC-SBY-UTR-6,1.0,1.0,0.0,1.0,3016.360138,77.48120912572783,9.093338391533791,25075.013370599994,0.2480353099052075,0,0.9648510763103664,0.9995052933610368,0.9995052933610368,0.999224959598958
2025-11-12,NC-SBY-UTR-7,0.9998862597165066,1.0,8.731679844226831e-06,1.0,4280.170814999998,78.66817055153824,12.1633101519373,34355.7629,0.2482378808029836,0,0.8629733780730235,0.9992272254421162,0.9992272254421162,0.9988606528954278
2025-11-12,NC-SDA-UTR-24,0.0,1.0,0.0,1.0,3597.07144,70.92595633087112,13.906216851708118,28427.574092000013,0.1876100673157138,0,0.9343729445647108,0.9988890459934958,0.9988890459934958,0.9982224735895934
2025-11-12,NC-SDA-UTR-25,0.0,1.0,9.78360445776596e-05,1.0,2629.156790000001,89.45454343343717,15.510459484835277,20508.7166689,0.151952704046427,0,0.9597357156812248,0.9992146211365088,0.9992146211365088,0.99908372465926
2025-11-12,NC-SDA-UTR-26,0.0,1.0,0.0,1.0,3193.264038,64.35461215229495,13.549103019346935,24936.92380040001,0.1991523044439575,0,0.9776901956413816,0.9997634255973504,0.9997634255973504,0.9992799909484577
2025-11-12,OA_CLUSTER,0.7293103488233851,1.0,3.4892449504997145e-06,1.0,72725.44082399999,75.06285731063238,13.008733112054475,572360.2737733,0.2121204718641879,3,0.9319144916879156,0.9993651976664072,0.9993651976664072,0.9990783724515824
2025-11-13,NC-SBY-BRT-15,0.997435275080906,1.0,0.0,1.0,3394.5399089999983,53.76125342545419,9.73673007870457,27906.91890690001,0.2710714258029013,0,0.6913010260280201,0.9986518444876256,0.9986518444876256,0.9984484914215132
2025-11-13,NC-SBY-BRT-16,1.0,1.0,2.00761555500532e-05,1.0,3577.050547,81.45135538201785,16.316999540597,27064.1608332,0.2108618370549138,0,0.985821367289804,0.9989094874591058,0.9989094874591058,0.998720744903951
2025-11-13,NC-SBY-BRT-17,1.0,1.0,0.0,1.0,3217.617865,83.03841849082343,16.584595984805443,24738.387775100004,0.1574662935153186,0,0.9890396404757834,0.9994259788716068,0.9994259788716068,0.9991610460431178
2025-11-13,NC-SBY-SEL-18,0.0,1.0,0.0,1.0,3365.3977099999984,73.20255184390145,13.992028951954806,28058.42958570001,0.1667527833366923,0,0.9839422945750534,0.9993066111955624,0.9993066111955624,0.9990399231938556
2025-11-13,NC-SBY-SEL-19,0.0,1.0,0.0,1.0,3486.7090580000004,68.938559857774,11.604364564613102,27997.37361190001,0.2104016803431746,0,0.9776473941754952,0.9992250834525512,0.9992250834525512,0.9989121363853124
2025-11-13,NC-SBY-SEL-20,0.0,1.0,0.0,1.0,3229.554617999999,67.53297340929497,12.41217967259683,25348.529705000008,0.2326891938202549,0,0.9663605832297412,0.9990153682389727,0.9990153682389727,0.9986960282083692
2025-11-13,NC-SBY-SEL-21,1.0,1.0,0.0,1.0,3140.805947000001,81.33752662134506,14.29277026826779,24175.846941100008,0.2263116355066951,0,0.7288514752296612,0.9994241962090324,0.9994241962090324,0.9991129509166172
2025-11-13,NC-SBY-SEL-22,0.0,1.0,0.0,0.999432463110102,2993.7093389999995,61.55370843883584,8.587648650689069,25068.574827599998,0.236747022492213,0,0.8690718461682283,0.9992676575892372,0.9992676575892372,0.998589562764457
2025-11-13,NC-SBY-SEL-23,0.9991395506633042,1.0,0.0,1.0,2539.0123050000007,57.03693964650054,9.834389971548193,20542.398235,0.230633151527037,0,0.987055183084064,0.9995504540414182,0.9995504540414182,0.9992957113315551
2025-11-13,NC-SBY-TMR-10,1.0,1.0,5.4958039536813645e-06,1.0,2558.5373469999995,69.2757625884616,10.478548420624588,21324.0792302,0.2391108007505731,0,0.8861422009832983,0.9990055266632974,0.9990055266632974,0.9988914067722005
2025-11-13,NC-SBY-TMR-11,1.0,1.0,5.392783377284518e-06,1.0,3693.974823000001,85.08234109131506,12.684696143584858,30066.9425017,0.2270082364493115,0,0.8292048106264585,0.9992224732668016,0.9992224732668016,0.9990303784268348
2025-11-13,NC-SBY-TMR-12,1.0,1.0,0.0,1.0,2816.203002,63.82394739310563,9.111715548705272,24206.293335600003,0.2506583775090507,1,0.9672906608046128,0.9996650824535104,0.9996650824535104,0.9992504226340468
2025-11-13,NC-SBY-TMR-13,1.0,1.0,0.0,1.0,3369.053397000001,85.14578031040841,14.956140911313751,26994.2694584,0.1923663643652175,0,0.9599134300670598,0.9994960312460628,0.9994960312460628,0.9990550585863676
2025-11-13,NC-SBY-TMR-14,0.0,1.0,0.0,1.0,3256.180694,79.82893039341161,11.107497013746093,26929.608054499997,0.2540265935486627,0,0.9835453360272998,0.9994616281901736,0.9994616281901736,0.9990386217681668
2025-11-13,NC-SBY-TMR-8,1.0,1.0,0.0,1.0,2413.1690320000007,83.3327710456507,17.10809143936791,19092.4713892,0.1932073450499263,0,0.9684291242826164,0.9995003597409864,0.9995003597409864,0.9992005755855784
2025-11-13,NC-SBY-TMR-9,1.0,1.0,0.0,1.0,2494.197366,82.08874296905852,16.43243746633249,19145.907776499997,0.1622757755207529,0,0.9803583168967784,0.9996436403508772,0.9996436403508772,0.9994791666666668
2025-11-13,NC-SBY-UTR-1,1.0,1.0,1.978043714766096e-05,1.0,2352.193087,81.72456738226292,15.70402247376473,17756.098609399993,0.1610365121836872,0,0.9871639100101904,0.9996074039005576,0.9996074039005576,0.9993995589067354
2025-11-13,NC-SBY-UTR-2,1.0,1.0,8.325562808045825e-06,1.0,3762.477735,85.64488148438726,17.117054779216083,27080.645276600004,0.1612323475760802,0,0.739733564533071,0.9993839763446916,0.9993839763446916,0.99926077161363
2025-11-13,NC-SBY-UTR-3,0.9999391654388472,1.0,0.0,1.0,2638.583997,74.71472667449771,12.642665683010264,21185.8484027,0.1622645289329612,0,0.9228991099543148,0.9994006951935754,0.9994006951935754,0.9991096042875978
2025-11-13,NC-SBY-UTR-4,1.0,1.0,0.0,1.0,2409.527338,90.45141206784469,16.38295892749043,19648.72610940001,0.1798230272745915,0,0.9759796491787875,0.99965357546585,0.99965357546585,0.9995077125041024
2025-11-13,NC-SBY-UTR-5,0.9967668845315903,1.0,0.0,1.0,3647.525175,67.93350377415904,12.741174453225304,28218.69210689999,0.2258868230789821,0,0.9305833328173472,0.9990885750962772,0.9990885750962772,0.9985879332477536
2025-11-13,NC-SBY-UTR-6,0.9997624948368444,1.0,0.0,1.0,3064.9672920000003,76.4372035280349,8.642135396607937,25299.0375948,0.2512063072748299,0,0.9427203078203562,0.9993692336659764,0.9993692336659764,0.9987949538693278
2025-11-13,NC-SBY-UTR-7,1.0,1.0,9.25301714451891e-05,1.0,4255.537008000001,77.56415959985026,11.894280040506874,34556.2899996,0.2523041774341809,0,0.9431408031976772,0.999324057905706,0.999324057905706,0.9986575038960552
2025-11-13,NC-SDA-UTR-24,0.0,1.0,0.0,1.0,3699.7134029999984,67.65988021702042,13.185405882604508,29230.3415927,0.2067678065152036,0,0.9521323559911588,0.9989583925155768,0.9989583925155768,0.9984849345681116
2025-11-13,NC-SDA-UTR-25,1.0,1.0,0.0,1.0,2653.502183,89.61103990043914,16.843138357080186,20916.827745799998,0.1513995076207453,0,0.9874010411853494,0.999436029648727,0.999436029648727,0.9990734772800516
2025-11-13,NC-SDA-UTR-26,0.0,1.0,0.0,1.0,2989.513592999999,65.11115579858014,13.711514139212843,24526.745417700004,0.1743670580164693,0,0.9658265428589476,0.9997141032849532,0.9997141032849532,0.9994282065699064
2025-11-13,OA_CLUSTER,0.7653032796686352,1.0,7.169342756652435e-06,0.9999719474192078,71676.52459100001,75.33677115779778,13.135732937933938,572405.530267,0.2098083280015143,1,0.918750809810152,0.9993192547424328,0.9993192547424328,0.9989953689510552
2025-11-14,NC-SBY-BRT-15,0.9983600194080544,1.0,0.0,1.0,3429.029504999999,53.88005195517466,10.005041068043507,28621.555663899995,0.2645758736950361,0,0.977813787733968,0.9991832779623476,0.9991832779623476,0.9986987818383168
2025-11-14,NC-SBY-BRT-16,1.0,1.0,0.0001103220023443,1.0,3542.7229080000006,83.00017074428752,16.936631258312875,26842.74512259999,0.1845648724753402,0,0.9855339584817264,0.9983969284357188,0.9983969284357188,0.9983969284357188
2025-11-14,NC-SBY-BRT-17,1.0,1.0,0.0,1.0,3377.4470260000007,83.05992822168417,16.62738989062182,25155.015833899997,0.1646672641820952,0,0.980223732739964,0.999595676433327,0.999595676433327,0.9993935146499906
2025-11-14,NC-SBY-SEL-18,1.0,1.0,0.0,1.0,3526.8300260000024,72.92247360112002,14.419065469514516,28436.90593540001,0.1694181296597097,0,0.9780212352839972,0.9992922219712372,0.9992922219712372,0.999021158045328
2025-11-14,NC-SBY-SEL-19,0.0,1.0,0.0,1.0,3445.323808,70.77998128902802,13.31124533122248,27715.29558099999,0.1989285507629691,0,0.9756817888070312,0.9988791941547848,0.9988791941547848,0.9985245087607292
2025-11-14,NC-SBY-SEL-20,0.0,1.0,1.0627613728751417e-05,1.0,3150.898695,68.56241233131422,13.001851013407157,24896.3369529,0.2194533756234096,0,0.9738626664247164,0.9991402620813976,0.9991402620813976,0.9987935935658324
2025-11-14,NC-SBY-SEL-21,1.0,1.0,0.0,1.0,3097.636555,82.7968956061125,13.713352915903265,24058.1627293,0.2162887502234211,0,0.9331306614492072,0.999413995174078,0.999413995174078,0.9990003447087212
2025-11-14,NC-SBY-SEL-22,1.0,1.0,0.0,1.0,2999.0106490000003,60.94936495743254,8.42546290656514,24632.2964488,0.2521214317878134,0,0.9609373718821234,0.9993564717491098,0.9993564717491098,0.9988559497761952
2025-11-14,NC-SBY-SEL-23,0.9986817956349208,1.0,6.739712310565943e-05,1.0,2613.3694970000006,58.57807133445154,11.316384991041971,20558.958751199996,0.224502732108059,0,0.9915496797056016,0.999467059579604,0.999467059579604,0.9991065410599244
2025-11-14,NC-SBY-TMR-10,0.9989146832375816,1.0,1.166548067613126e-05,1.0,2559.1922040000004,70.83087854210348,12.908451496964918,21126.8174595,0.2284301398145687,0,0.8453228500814174,0.9991660525192972,0.9991660525192972,0.9987393817152166
2025-11-14,NC-SBY-TMR-11,1.0,1.0,0.0,1.0,3645.457138000001,87.05103969182863,14.214462297160289,29414.62222360001,0.2116519843179412,0,0.8227759056922745,0.999251408065781,0.999251408065781,0.9988830533044988
2025-11-14,NC-SBY-TMR-12,1.0,1.0,5.346628616493013e-05,1.0,2932.2439130000007,70.14732572191852,11.761276687879208,23441.604167300015,0.2370770767917079,0,0.7222527061405697,0.9994734804490902,0.9994734804490902,0.9988075880758808
2025-11-14,NC-SBY-TMR-13,0.9984865196078432,1.0,1.45009498122127e-05,1.0,3423.032240000001,87.8909938122132,15.591574151480044,26967.254192,0.176227611334043,0,0.9640778263409132,0.9995353834538432,0.9995353834538432,0.9992595173795626
2025-11-14,NC-SBY-TMR-14,0.0,1.0,0.0,1.0,3184.7586800000004,80.00608713718027,13.200763516421084,26005.7972811,0.2440317397896852,0,0.971698461116994,0.9994471770592654,0.9994471770592654,0.999248727798489
2025-11-14,NC-SBY-TMR-8,1.0,1.0,0.0,1.0,2477.021097,81.37632643024305,16.243146695448093,18924.811389700004,0.1832667055077574,0,0.9741124504169916,0.9995931738860458,0.9995931738860458,0.999400466779436
2025-11-14,NC-SBY-TMR-9,1.0,1.0,1.2101263371896024e-05,1.0,2587.3974060000005,84.13704167472413,16.44601821677339,18996.496723100005,0.1492100906644806,0,0.9724100590966166,0.9995274102079396,0.9995274102079396,0.9994223902541484
2025-11-14,NC-SBY-UTR-1,1.0,1.0,2.199131343119468e-05,1.0,2310.3527700000004,85.10928760467769,15.661977421799774,17511.646667700003,0.1450823016776551,0,0.9870982065767075,0.999459077561654,0.999459077561654,0.9992493321263772
2025-11-14,NC-SBY-UTR-2,1.0,1.0,1.7839462675384218e-05,1.0,3839.740939000002,84.47758106165817,16.688726190273066,27049.4331593,0.1599935163631941,0,0.9798926344043578,0.9996411031356252,0.9996411031356252,0.9994710993577636
2025-11-14,NC-SBY-UTR-3,0.9999640783387462,1.0,9.679511378265623e-06,1.0,2736.883095,78.67459532414729,13.059756435024916,21369.730617200003,0.1553892972932901,0,0.987400080181308,0.9995655733596216,0.9995655733596216,0.9994486123410584
2025-11-14,NC-SBY-UTR-4,1.0,1.0,1.2029351617947792e-05,1.0,2478.99778,88.94037965716187,17.57490712443443,19576.018888500003,0.1732288750155161,0,0.9905911641146268,0.9993880947718816,0.9993880947718816,0.9989719992167612
2025-11-14,NC-SBY-UTR-5,1.0,1.0,5.908473205074015e-05,1.0,3746.574901,68.85447801587927,14.005120105564115,28547.7916644,0.215530892546888,0,0.9060645680378157,0.9993298858277174,0.9993298858277174,0.9988367829462264
2025-11-14,NC-SBY-UTR-6,1.0,1.0,5.634723419600949e-06,1.0,3159.1504910000003,75.5196736792606,8.309505081977754,25859.5947229,0.267246207259971,1,0.9592863113754402,0.999391615353416,0.999391615353416,0.9991242948268868
2025-11-14,NC-SBY-UTR-7,0.999883592340376,1.0,0.0,1.0,4174.227815999999,80.48875808188014,13.546550079822731,33771.1909541,0.2388617702205709,0,0.9809017767167654,0.9994018741277332,0.9994018741277332,0.9990252763563058
2025-11-14,NC-SDA-UTR-24,0.0,1.0,0.0,1.0,3813.514459,70.0131621982604,10.845235804314791,29582.4054636,0.2034071800945179,0,0.9553446615513652,0.998791531770779,0.998791531770779,0.9984185477494144
2025-11-14,NC-SDA-UTR-25,1.0,1.0,0.0,1.0,2701.33177,96.01466297571564,17.056722780045625,20805.878611599997,0.1347977608213338,0,0.9847460899787605,0.9996191010785452,0.9996191010785452,0.9992983440920572
2025-11-14,NC-SDA-UTR-26,0.0,1.0,0.0,1.0,3129.2839940000003,69.47464190053623,14.268425737476983,25238.73585560001,0.160346085853344,0,0.945390556085618,0.9995610651485728,0.9995610651485728,0.9992019366337688
2025-11-14,OA_CLUSTER,0.870025423676075,1.0,1.7224608166548436e-05,1.0,72437.299139,76.46373924078368,13.833405184451518,569480.0831294,0.2024802158246799,1,0.9491620884702444,0.9993406601750922,0.9993406601750922,0.9990277909011436
2025-11-15,NC-SBY-BRT-15,1.0,1.0,0.0,1.0,3540.13758,56.340673124417165,8.963053269699572,29185.838750799998,0.2467099388209661,1,0.9764700272966756,0.9986735887269304,0.9986735887269304,0.9982314516359072
2025-11-15,NC-SBY-BRT-16,1.0,1.0,9.720716342019664e-05,1.0,3495.5100039999998,89.87154429588173,18.068150326791983,26021.16472290001,0.1623498094713028,0,0.9759033076720676,0.9982575220342416,0.9982575220342416,0.9983993516361056
2025-11-15,NC-SBY-BRT-17,1.0,1.0,6.559613769941226e-05,1.0,3629.193528,83.47914547420622,14.633385426499698,25488.9094813,0.1775448443029574,0,0.9782627192872696,0.9994245183938308,0.9994245183938308,0.9992087127915174
2025-11-15,NC-SBY-SEL-18,1.0,1.0,1.2029713392078434e-05,1.0,3750.862849999998,73.10605220697016,14.029221506031346,28286.371431,0.1804301739302047,0,0.9784773547052524,0.9992154528730656,0.9992154528730656,0.9990801861270424
2025-11-15,NC-SBY-SEL-19,1.0,1.0,0.0,1.0,3344.4070569999994,75.26193416841409,14.640182515040117,24662.50083290001,0.1686260027416486,0,0.9920578420467184,0.999330353666703,0.999330353666703,0.9991279024496598
2025-11-15,NC-SBY-SEL-20,0.0,1.0,6.016801919359813e-05,1.0,2724.0492449999983,71.9174171155357,15.962345483113715,20374.1577767,0.1641729848310165,0,0.9539150038131794,0.999231107205624,0.999231107205624,0.9990297305213826
2025-11-15,NC-SBY-SEL-21,1.0,1.0,8.722882738287349e-06,1.0,2969.503540000002,85.94245074073392,16.002204070632015,21787.0952804,0.1911791292626727,0,0.9876010286554004,0.9994179933914088,0.9994179933914088,0.9991739261039352
2025-11-15,NC-SBY-SEL-22,1.0,1.0,0.0,1.0,2854.166520999999,66.76466103450296,9.519074224888596,22105.02379650001,0.2120816235251777,1,0.9712095119448922,0.9991643267816552,0.9991643267816552,0.9985292151357134
2025-11-15,NC-SBY-SEL-23,0.9991673344647024,1.0,0.0,1.0,2530.298232,56.66922786894885,9.986481999343106,20480.222759299995,0.2062435561057563,0,0.9239472325242948,0.9995450039812152,0.9995450039812152,0.9992687563983816
2025-11-15,NC-SBY-TMR-10,1.0,1.0,0.0,1.0,2558.5937589999994,76.72135716221025,13.310627785893614,20478.503057600003,0.185293146428617,0,0.9662087589526828,0.999145513207714,0.999145513207714,0.9989981878986992
2025-11-15,NC-SBY-TMR-11,0.9999602272727272,1.0,0.0,1.0,3579.8847190000006,90.81280929412507,15.032109954542497,27226.96748070001,0.1864865659782104,0,0.9840647180035108,0.9996043707611152,0.9996043707611152,0.9993500376789752
2025-11-15,NC-SBY-TMR-12,0.99962338501292,1.0,0.0,1.0,2929.0252130000013,74.265315676966,10.378781982082396,23309.214859600004,0.2280203004285028,0,0.9075979131457124,0.9995661665920288,0.9995661665920288,0.9990903493058666
2025-11-15,NC-SBY-TMR-13,0.9979373835441796,1.0,0.0,1.0,3197.752504,89.98896313788997,15.903560397808482,23609.7747502,0.1496048872650567,0,0.8984499858982796,0.9995760286604626,0.9995760286604626,0.9992368515888326
2025-11-15,NC-SBY-TMR-14,0.0,1.0,0.0,1.0,3331.7869,88.12657751152962,15.738721213966889,24512.8318211,0.1902673937668217,0,0.9864485981308412,0.999606111491179,0.999606111491179,0.9993988017496942
2025-11-15,NC-SBY-TMR-8,1.0,1.0,0.0,1.0,2682.451518,86.73237634507588,19.509254427787248,19161.163479600003,0.1582242983703977,0,0.988296446075738,0.9995433155292576,0.9995433155292576,0.9993844687568254
2025-11-15,NC-SBY-TMR-9,0.9989656014853904,1.0,0.0,1.0,2594.720941999999,86.08822923186926,18.180654315007292,18779.468273699997,0.1313383847711608,0,0.991374062342004,0.999447073915159,0.999447073915159,0.9993586057415844
2025-11-15,NC-SBY-UTR-1,0.9999758638211382,1.0,6.069158056048675e-05,1.0,1828.1099710000003,89.82153217785468,18.464253013686328,13396.8762257,0.0990533825105957,0,0.9869882705467896,0.9996165317426502,0.9996165317426502,0.9995526203664252
2025-11-15,NC-SBY-UTR-2,1.0,1.0,0.0,1.0,3989.962457,90.11588058771632,17.51160675027633,26969.184721299996,0.1294475945578351,0,0.9893407844354756,0.9995161134230136,0.9995161134230136,0.9993419142552986
2025-11-15,NC-SBY-UTR-3,0.9973950505961326,1.0,0.0,1.0,2621.986346,80.40984763180955,15.16359094152521,19082.789467999995,0.1426431560053341,0,0.9876210295942396,0.9993568989222512,0.9993568989222512,0.999379074821484
2025-11-15,NC-SBY-UTR-4,1.0,1.0,1.1416828405069072e-05,0.8885970390507328,2430.7645500000003,94.54007822900496,13.80408820783154,18483.6197222,0.1545806929493899,0,0.9777414308064288,0.9997185233300856,0.9997185233300856,0.9995236548662986
2025-11-15,NC-SBY-UTR-5,1.0,1.0,4.149239859257784e-05,0.9997315397284924,4054.415449000001,71.02774803186367,10.096827293542724,30740.936943699995,0.262073566460708,0,0.9006213560342704,0.9991498610207582,0.9991498610207582,0.99841810749477
2025-11-15,NC-SBY-UTR-6,0.9993545902649414,1.0,0.0,0.9695760026682232,2879.75599,82.22725077430272,9.993529170759688,23144.8812215,0.2144659559188229,0,0.9710615363415044,0.9993344800753572,0.9993344800753572,0.998730418757039
2025-11-15,NC-SBY-UTR-7,0.9998866473726024,1.0,0.0,1.0,3899.596633,86.28330254145641,15.965873954679102,29253.159216299988,0.1881070302286245,0,0.9882138031129571,0.9989065273882728,0.9989065273882728,0.9983404945069082
2025-11-15,NC-SDA-UTR-24,0.0,1.0,5.181830429781016e-06,1.0,3911.046923000001,72.38209221756539,13.967039307807427,28450.291861899987,0.1798910406154073,0,0.9922270007355524,0.9991206364138326,0.9991206364138326,0.9986502791468128
2025-11-15,NC-SDA-UTR-25,1.0,1.0,0.0,1.0,2561.5090709999995,99.44502703077517,18.1434844872614,19129.0215577,0.1128593246607816,0,0.8480716025932197,0.9991850236103454,0.9991850236103454,0.998897384884585
2025-11-15,NC-SDA-UTR-26,1.0,1.0,0.0,1.0,3265.896069,71.47589533167698,15.637885464581998,24624.276146699995,0.1646502712408509,0,0.796563154221912,0.9995862028197322,0.9995862028197322,0.9993497472881506
2025-11-15,OA_CLUSTER,0.9169679238957849,1.0,1.6148499664417204e-05,0.9950804837972338,71416.93550799998,80.29927604451586,14.412328364483184,536540.6560729999,0.179346166909825,2,0.96784358973751,0.9993056443293992,0.9993056443293992,0.9990306356538062
2025-11-16,NC-SBY-BRT-15,1.0,1.0,0.0,0.9993883692292636,3728.846053,55.6578883561637,6.799814582729853,29889.6127782,0.2640819202501928,2,0.9756247269670812,0.9988878535573658,0.9988878535573658,0.9984790645946676
2025-11-16,NC-SBY-BRT-16,0.9995175438596492,1.0,8.596570749777271e-05,1.0,3655.936155000001,86.89140026592766,17.66649696545274,25449.10454399999,0.1782983396642798,0,0.9281173179621938,0.9982768393606168,0.9982768393606168,0.9982314930280014
2025-11-16,NC-SBY-BRT-17,1.0,1.0,0.0,1.0,3594.593090000001,84.25993695105345,16.105862113812428,24334.24166690001,0.1557492274179828,0,0.9901658861332312,0.9994590918925602,0.9994590918925602,0.999304546719006
2025-11-16,NC-SBY-SEL-18,1.0,1.0,0.0,1.0,3523.736213,73.83826629506794,16.309124851462904,25416.20509360001,0.1608675910463233,0,0.6689130402725141,0.9995530245339866,0.9995530245339866,0.9990729397741946
2025-11-16,NC-SBY-SEL-19,0.9995087962962964,1.0,0.0,1.0,3250.285406,75.34599709126508,16.740704100941358,22682.79192079999,0.1566240316007756,0,0.989620494143939,0.9993353181471992,0.9993353181471992,0.9993076230699992
2025-11-16,NC-SBY-SEL-20,0.0,1.0,8.229504419243872e-06,1.0,2709.827561,75.05495198710308,16.587276586978458,18226.9677771,0.156186112342067,0,0.9823161756863414,0.9986564349016872,0.9986564349016872,0.9983463814174612
2025-11-16,NC-SBY-SEL-21,1.0,1.0,0.0,1.0,2961.184757,86.86986293255204,16.95131366014258,20333.976113800003,0.1778340814942592,0,0.9935828560726292,0.9993695511203976,0.9993695511203976,0.9992074356942144
2025-11-16,NC-SBY-SEL-22,1.0,1.0,0.0,1.0,2796.045705999999,67.52485342631645,9.195438836552633,21553.7120504,0.2181925119254174,1,0.9659771182096883,0.999158361610602,0.999158361610602,0.9988243781227456
2025-11-16,NC-SBY-SEL-23,1.0,1.0,0.0,1.0,2597.1161580000003,58.67844936945232,10.871095258587806,19320.8227772,0.2033032011370833,0,0.9286145791381394,0.9993556414700262,0.9993556414700262,0.9988890370172866
2025-11-16,NC-SBY-TMR-10,0.9977067643666464,1.0,0.0,1.0,2564.8226680000007,76.26418825105212,13.559653561865288,19623.143739999992,0.1845593483710603,0,0.9717384785295816,0.9991895221422552,0.9991895221422552,0.9989139596706218
2025-11-16,NC-SBY-TMR-11,1.0,1.0,0.0,1.0,3348.7110099999995,92.05442639932798,16.784304001022782,24326.754999699995,0.1752716503397634,0,0.9871663883974184,0.9994923714712768,0.9994923714712768,0.999365464339096
2025-11-16,NC-SBY-TMR-12,1.0,1.0,0.0,1.0,2928.24995,78.76391726752956,11.622262466386015,22755.893887799997,0.2034577187765374,0,0.9416005146644916,0.9996132633844498,0.9996132633844498,0.9992097121334408
2025-11-16,NC-SBY-TMR-13,0.9983523179328048,1.0,6.433143555598443e-05,1.0,3061.277808,92.54180316393294,17.074405583780973,21281.7790428,0.1383077111684416,0,0.9533077710757824,0.9997030144038014,0.9997030144038014,0.9995050240063356
2025-11-16,NC-SBY-TMR-14,0.0,1.0,0.0,1.0,3265.157945,89.5007345889328,16.107177149692937,23198.820555500013,0.1937195281569755,0,0.985798801331282,0.9994419642857144,0.9994419642857144,0.9989379320276498
2025-11-16,NC-SBY-TMR-8,1.0,1.0,0.0,1.0,2825.031239000001,83.56420277512952,16.18072193286825,19026.9736119,0.1850903583709991,0,0.9897659462634882,0.9996777163904236,0.9996777163904236,0.9995165745856354
2025-11-16,NC-SBY-TMR-9,1.0,1.0,1.246976082998728e-05,1.0,2714.913450999999,84.77836591756788,18.022038398544453,18446.7838873,0.1390784836503717,0,0.9928434935741316,0.9993290841999328,0.9993290841999328,0.9993290841999328
2025-11-16,NC-SBY-UTR-1,1.0,1.0,0.0,1.0,1843.09322,91.0264655552394,19.53670356692491,12263.4566654,0.0914263616648049,0,0.9873271402190614,0.9995309392472512,0.9995309392472512,0.9993996022364816
2025-11-16,NC-SBY-UTR-2,1.0,1.0,9.0556742855073e-06,1.0,4559.205716000001,84.6457332723057,16.5989311841632,28286.277738199995,0.1593532602197617,0,0.9842682379429012,0.99940847403201,0.99940847403201,0.9993408710642396
2025-11-16,NC-SBY-UTR-3,1.0,1.0,1.5466229487913143e-05,1.0,2729.910926000001,81.3594901548076,14.40332093767141,17977.7233336,0.1344941389348015,0,0.9862097960899728,0.9993915232899706,0.9993915232899706,0.9991397398237516
2025-11-16,NC-SBY-UTR-4,1.0,1.0,0.0,0.9982944079321402,2297.053482,95.50225889847954,15.58424467547367,16869.863332300003,0.1456023745675884,0,0.9897573274503624,0.9995934089450031,0.9995934089450031,0.9994436122405308
2025-11-16,NC-SBY-UTR-5,1.0,1.0,5.306841580165149e-06,0.998579362004391,3979.774556,73.9798290200851,10.65344048464636,28629.4211119,0.2196329796147561,0,0.8588260964433777,0.999314768117531,0.999314768117531,0.9979544313045068
2025-11-16,NC-SBY-UTR-6,1.0,1.0,3.0204180258547784e-05,0.9953003786173846,2665.644710000001,83.30426206754014,13.717523735441366,20423.316388999992,0.1812246724484039,0,0.9754771960842092,0.999202364753906,0.999202364753906,0.9988739267113969
2025-11-16,NC-SBY-UTR-7,1.0,1.0,7.003683937751257e-06,1.0,3853.951422000001,86.37823588389033,15.196257572758055,27234.864724000003,0.1862249940751698,0,0.9893520664693506,0.999475984941462,0.999475984941462,0.9991174483224624
2025-11-16,NC-SDA-UTR-24,0.0,1.0,0.0,1.0,3905.00686,73.55618180751547,13.154283869825552,26928.02194240001,0.1853316528850412,0,0.991194925658164,0.9989339225833964,0.9989339225833964,0.9983911922622164
2025-11-16,NC-SDA-UTR-25,1.0,1.0,0.0,1.0,2524.304462000001,98.39571515374548,17.698889836697983,17366.997587699996,0.1102952661184116,0,0.9894797742461096,0.9992470257517192,0.9992470257517192,0.9989960343356256
2025-11-16,NC-SDA-UTR-26,1.0,1.0,8.545839885143913e-06,1.0,3334.6921500000017,70.13027317784918,13.454659354295398,24802.246672800004,0.1700024657958573,0,0.9764489564383936,0.9994392773992224,0.9994392773992224,0.9991223472335652
2025-11-16,OA_CLUSTER,0.9170729783618756,1.0,1.0824336361407131e-05,0.9996647315157884,71454.36920200003,80.70477947553614,14.90310902540741,507552.5077414,0.1742532268417836,3,0.953301479159728,0.999319555379344,0.999319555379344,0.999024770967642
2025-11-17,NC-SBY-BRT-15,0.9973369565217391,1.0,0.0,1.0,3321.183858,53.72626833079067,11.902372578447164,27224.110116099982,0.251715838173308,0,0.9893689645344944,0.9989565547334472,0.9989565547334472,0.99867197875166
2025-11-17,NC-SBY-BRT-16,1.0,1.0,6.120117506256121e-05,1.0,3490.975766000001,82.48706161156927,15.633944692933044,26411.202223099983,0.1951669301835297,0,0.9813641592990088,0.998885862837336,0.998885862837336,0.9987620698192622
2025-11-17,NC-SBY-BRT-17,1.0,1.0,1.9286155112116847e-05,1.0,3296.5201580000003,83.7713966780434,16.735884447235033,24736.85833189999,0.1626035498024228,0,0.9843837494701256,0.9995880629805932,0.9995880629805932,0.999496521420725
2025-11-17,NC-SBY-SEL-18,1.0,1.0,0.0,1.0,3345.7984520000014,76.57435150247815,15.583575461043496,27208.655526599985,0.1631019369396519,0,0.9826093531435484,0.9997193988900668,0.9997193988900668,0.9994699756812372
2025-11-17,NC-SBY-SEL-19,0.994805182699478,1.0,5.897095680377414e-06,1.0,3433.277712000001,70.42832990448143,12.433957580786386,27566.3096635,0.2013005515402226,0,0.9857435054124396,0.9984569301987836,0.9984569301987836,0.9983661613869474
2025-11-17,NC-SBY-SEL-20,0.0,1.0,0.0,1.0,2960.797897000001,72.28699928605862,13.094816664332177,24053.272780199997,0.1954181591459672,0,0.9825068861468474,0.998870795197908,0.998870795197908,0.998246760965173
2025-11-17,NC-SBY-SEL-21,1.0,1.0,8.08989491226509e-06,1.0,2980.181484000001,83.01198017471198,13.12323586422264,23211.58666780001,0.2179821899464921,0,0.9879125309907608,0.9991536580778636,0.9991536580778636,0.998683468121121
2025-11-17,NC-SBY-SEL-22,1.0,1.0,0.0,1.0,2782.5798670000004,63.48083598768082,8.798473499825045,23367.6850923,0.2276756998305028,0,0.9598372991661582,0.9992389360325736,0.9992389360325736,0.9989725636439742
2025-11-17,NC-SBY-SEL-23,0.9998763126219232,1.0,8.360365180751095e-06,1.0,2537.1931319999994,56.628414270347015,10.316383499004882,20065.200329600004,0.2234443184410409,0,0.9798438451741514,0.9996121024049652,0.9996121024049652,0.9991466252909232
2025-11-17,NC-SBY-TMR-10,1.0,1.0,9.528528414071731e-06,1.0,2788.189053000001,70.73840039701257,8.170814825583248,23035.0308334,0.2529990127093678,2,0.9592418357857884,0.9995870612525808,0.9995870612525808,0.999105299380592
2025-11-17,NC-SBY-TMR-11,1.0,1.0,0.0,1.0,3650.962442,87.64612195576787,14.548919576823694,29301.0859712,0.2044779725033948,0,0.9854962978670766,0.9989273598084216,0.9989273598084216,0.9983536220315308
2025-11-17,NC-SBY-TMR-12,1.0,1.0,6.74113372386968e-06,1.0,2973.2914240000005,72.36575340077032,11.838055935243531,24565.568611399995,0.2341507674905372,0,0.9639052747652744,0.999493756328046,0.999493756328046,0.9991562605467432
2025-11-17,NC-SBY-TMR-13,1.0,1.0,0.0,1.0,3358.042182,87.25913992601637,14.462670384358862,26501.362158899992,0.1864417530745119,0,0.9600636666184345,0.9993720027403517,0.9993720027403517,0.9991436401004796
2025-11-17,NC-SBY-TMR-14,0.0,1.0,0.0,1.0,3284.172345999999,80.17752613976774,10.158605005256344,26738.0716655,0.2566423678527386,1,0.9873974849644614,0.999877383360922,0.999877383360922,0.9993869168046104
2025-11-17,NC-SBY-TMR-8,0.994800201738051,1.0,0.0,1.0,2417.1239970000006,82.3927518899513,16.647032883963735,18851.488367200003,0.1850084679968955,0,0.9881539213073984,0.999265043638034,0.999265043638034,0.9988056959118052
2025-11-17,NC-SBY-TMR-9,0.9990334513435004,1.0,0.0,1.0,2504.569622000002,82.77760631866497,15.612166378116704,18455.674370300003,0.1586362384319214,0,0.98297650636715,0.998240675580577,0.998240675580577,0.998240675580577
2025-11-17,NC-SBY-UTR-1,1.0,1.0,3.998280739282109e-05,1.0,2284.788874,84.70968074439274,16.82434849813811,17477.986945400004,0.1475654556703444,0,0.9916238400856798,0.9994531185912336,0.9994531185912336,0.9992890541686036
2025-11-17,NC-SBY-UTR-2,1.0,1.0,8.02272034401425e-06,1.0,3828.852531000001,85.64666084509024,16.392761507623334,26952.0843907,0.1637839687250903,0,0.9902720493271674,0.9998134676366348,0.9998134676366348,0.9993471367282224
2025-11-17,NC-SBY-UTR-3,1.0,1.0,0.0,1.0,2667.7289449999994,74.70623851246452,11.443066471637405,21703.038888200004,0.1742762960051733,0,0.9864190148740564,0.9989343121873242,0.9989343121873242,0.9988455048696012
2025-11-17,NC-SBY-UTR-4,1.0,1.0,0.0,1.0,2407.7982880000004,90.67238836281864,17.46603814846405,19065.7763106,0.1746988113938943,0,0.9885087645016511,0.9998205070675342,0.9998205070675342,0.9996858873681848
2025-11-17,NC-SBY-UTR-5,1.0,1.0,2.4579083200196637e-05,1.0,3527.102927,70.09825895968224,13.04782853150552,26868.2854031,0.2107220649470154,0,0.9162312701027692,0.9994488622943076,0.9994488622943076,0.9987402566727028
2025-11-17,NC-SBY-UTR-6,1.0,1.0,0.0,1.0,2884.809442,76.49014096276916,9.198594451331576,23766.049893499992,0.2567114306488584,0,0.9684277069068388,0.9993495291156425,0.9993495291156425,0.99892530897367
2025-11-17,NC-SBY-UTR-7,0.9990335297418632,1.0,0.0,1.0,4107.140754999998,77.56196148302405,12.573946905225885,33953.2970683,0.2472328726951862,0,0.9705505244772896,0.9997170345217884,0.9997170345217884,0.9992723744845986
2025-11-17,NC-SDA-UTR-24,0.0,1.0,0.0,1.0,3568.561744,72.44902482079539,13.726143833952008,29006.004674400003,0.1740604394452987,0,0.9911762435499292,0.997992451618084,0.997992451618084,0.997470489038786
2025-11-17,NC-SDA-UTR-25,1.0,1.0,0.0,1.0,2594.8919530000007,92.4323049673374,17.093127723464633,20053.0275986,0.1327464064856852,0,0.96631533319645,0.9996149826742204,0.9996149826742204,0.9993949727737748
2025-11-17,NC-SDA-UTR-26,1.0,1.0,0.0,1.0,3175.107893999999,70.34593852205133,12.321050395783695,24792.490476500003,0.188694339556188,1,0.9796462566664416,0.9995934089450031,0.9995934089450031,0.9990584207147444
2025-11-17,OA_CLUSTER,0.9166482993245888,1.0,8.477536786243368e-06,1.0,70833.08115400001,76.88155567301227,13.409606824100225,561079.6816087998,0.2025804138538233,3,0.9766194980595136,0.999300407589084,0.999300407589084,0.9989667688775272
2025-11-18,NC-SBY-BRT-15,1.0,1.0,2.2812300392371565e-05,1.0,3423.155972999999,56.57795323616688,11.54465552267838,27753.2232349,0.2438463408837848,0,0.9823804161975062,0.9990557236797196,0.9990557236797196,0.9989874627409042
2025-11-18,NC-SBY-BRT-16,1.0,1.0,2.1530842932500807e-05,1.0,3596.8182369999986,80.11657976507502,16.99439184846809,26586.797162499995,0.2086515595465244,1,0.9874823665380628,0.9989793537851394,0.9989793537851394,0.9989501924647148
2025-11-18,NC-SBY-BRT-17,1.0,1.0,6.8995970635314895e-06,1.0,3397.2710080000006,79.7244178492354,16.290377447209124,24967.77861140001,0.1747761892984412,0,0.99000608275964,0.9995145395407544,0.9995145395407544,0.9993203553570562
2025-11-18,NC-SBY-SEL-18,1.0,1.0,0.0,1.0,3505.6821350000014,70.64450847091739,13.28951737848243,27887.89538550001,0.1918018443490557,0,0.98504871460224,0.9993964372553416,0.9993964372553416,0.9990515442583938
2025-11-18,NC-SBY-SEL-19,1.0,1.0,0.0,1.0,3579.325407,69.67504659931943,12.117327936956071,28284.839836399995,0.2202775831853973,0,0.9828822653150006,0.9994866529774128,0.9994866529774128,0.9994010951403148
2025-11-18,NC-SBY-SEL-20,0.0,1.0,1.1164078461143426e-05,1.0,3039.7917630000006,67.55561342319686,12.699187840155538,24612.02115450001,0.2160427529790902,0,0.9783167928079178,0.999347206521566,0.999347206521566,0.9987899437960736
2025-11-18,NC-SBY-SEL-21,1.0,1.0,0.0,1.0,3068.5279760000008,81.9289143652162,13.43388415871452,23170.75148809999,0.2311569253196251,0,0.9941526928388242,0.9993878745941344,0.9993878745941344,0.999334646297972
2025-11-18,NC-SBY-SEL-22,0.9966258884357976,1.0,0.0,1.0,2964.945603,63.79649711525436,6.461129279885763,24342.7072666,0.2454845303143266,1,0.9658009893455098,0.9986047986470776,0.9986047986470776,0.9984356833315716
2025-11-18,NC-SBY-SEL-23,0.991427179837924,1.0,0.0,1.0,2605.486675,54.84482226002033,10.691470221176244,20719.546931100005,0.2427589939467927,0,0.9932426091037072,0.9994894268816746,0.9994894268816746,0.9990214015232098
2025-11-18,NC-SBY-TMR-10,1.0,1.0,0.0,1.0,2804.5124880000008,71.49553005996421,9.716217786456312,23199.964165599995,0.2446312905041562,0,0.982893393270032,0.9994200376975496,0.9994200376975496,0.9988581992170508
2025-11-18,NC-SBY-TMR-11,1.0,1.0,0.0,1.0,3581.334539000001,85.06053648529435,12.537775467802383,29732.9540775,0.2253082576714568,0,0.9740022103383924,0.9992153868990816,0.9992153868990816,0.9989609177852704
2025-11-18,NC-SBY-TMR-12,0.9998204419889504,1.0,1.2739908400058604e-05,1.0,3178.49125,69.02216182455496,11.732984710909989,25755.8370073,0.2554687444317731,0,0.9828879330424386,0.9994875813841332,0.9994875813841332,0.9991409452616348
2025-11-18,NC-SBY-TMR-13,0.9998285268901014,1.0,0.0,1.0,3490.126663000001,82.98029263825056,14.531018691270065,27352.9683957,0.2091245199858649,0,0.9698993299813822,0.9996307692307692,0.9996307692307692,0.9994197802197802
2025-11-18,NC-SBY-TMR-14,1.0,1.0,6.247461968575267e-06,1.0,3308.6491419999984,81.08194073812284,11.452701078521333,27002.43469329999,0.2460264107530008,0,0.9717954925609648,0.9993543363907404,0.9993543363907404,0.9991644353291936
2025-11-18,NC-SBY-TMR-8,0.9998528253585458,1.0,0.0,1.0,2329.1468669999995,80.45238865082587,16.07219080905516,18540.282226500003,0.1861682629602796,0,0.9838575729263987,0.9995938907036284,0.9995938907036284,0.9994349783702656
2025-11-18,NC-SBY-TMR-9,1.0,1.0,0.0,1.0,2503.6357730000022,79.26908195293478,16.048107244259104,18604.1586065,0.1675979824527787,0,0.9861361940500264,0.9992444847385916,0.9992444847385916,0.999050209385658
2025-11-18,NC-SBY-UTR-1,1.0,1.0,9.744784104308169e-06,1.0,2393.9517050000004,81.97023752485669,15.392238914917446,17708.594443800004,0.163494737428512,0,0.98791504636554,0.999055975122168,0.999055975122168,0.9984451354953354
2025-11-18,NC-SBY-UTR-2,1.0,1.0,9.11319499503331e-06,1.0,3892.7587330000015,85.49049185420911,16.16053045244115,27188.173612199997,0.1629026462589791,0,0.9780526896529506,0.9997296712802768,0.9997296712802768,0.9997296712802768
2025-11-18,NC-SBY-UTR-3,1.0,1.0,9.993803841618197e-06,1.0,2687.393989000001,71.67493327351103,11.805029357467273,21172.4283313,0.1774151378638488,0,0.9891613114485694,0.99974075034258,0.99974075034258,0.9993703936891226
2025-11-18,NC-SBY-UTR-4,1.0,1.0,0.0,1.0,2513.2141389999992,89.37551116827753,17.15011607570056,19242.6022215,0.1779796521250056,0,0.9779002899101754,0.999554813578186,0.999554813578186,0.9996290113151548
2025-11-18,NC-SBY-UTR-5,1.0,1.0,2.1526903247333357e-05,1.0,3664.669339,68.85143513419261,13.128051796903488,27356.382222199994,0.2149238750581918,0,0.905141147878108,0.9992702801313496,0.9992702801313496,0.9988783935352225
2025-11-18,NC-SBY-UTR-6,0.9998672385620916,1.0,1.197389690474765e-05,1.0,2873.762113999999,76.04559894642411,8.614906652105017,23859.153022699997,0.2462023645218467,0,0.9761749252518216,0.9993488861797628,0.9993488861797628,0.9991133769256344
2025-11-18,NC-SBY-UTR-7,1.0,1.0,0.0,1.0,4262.954590999999,78.3903964468533,11.916057383781553,35061.812777900006,0.2576238907645183,0,0.989718042905785,0.9993302647280876,0.9993302647280876,0.9990258396044908
2025-11-18,NC-SDA-UTR-24,0.0,1.0,0.0,1.0,3549.798669,72.97129541146472,14.343212587681652,28023.479167599995,0.1815240234244433,0,0.9914917009726448,0.9990823655982028,0.9990823655982028,0.9984178717210392
2025-11-18,NC-SDA-UTR-25,1.0,1.0,0.0,1.0,2687.810879,91.7577140220791,16.508025417821305,20510.94366340001,0.1469270841769752,0,0.9920768475669612,0.9990824129141886,0.9990824129141886,0.9990484282073068
2025-11-18,NC-SDA-UTR-26,1.0,1.0,0.0,1.0,3204.061169,69.1983813131474,14.823504508031576,25245.141186599994,0.1842649952585266,0,0.9878192707415888,0.9993702290076336,0.9993702290076336,0.999026717557252
2025-11-18,OA_CLUSTER,0.9543427436889048,1.0,6.461581010299795e-06,1.0,72665.60610900001,75.1144029960867,13.07352157395371,570103.306875,0.2125391850818447,2,0.9781960988833368,0.9993550589635036,0.9993550589635036,0.9991100766509246
2025-11-19,NC-SBY-BRT-15,1.0,1.0,0.0,1.0,3480.9500830000006,56.80483381500025,11.315336267051302,28013.824165100003,0.2413574946717278,0,0.9740077866232784,0.9990264812201436,0.9990264812201436,0.9989510146480616
2025-11-19,NC-SBY-BRT-16,1.0,1.0,1.8569642348688364e-05,1.0,3472.9647909999985,82.04869195282699,16.609858493706714,26733.125075999986,0.193961350733683,0,0.9858247718423206,0.9991690621631332,0.9991690621631332,0.9989444843693857
2025-11-19,NC-SBY-BRT-17,0.9970305116781424,1.0,0.0,1.0,3303.817717,84.84428637692258,17.103073272893916,25047.96354599999,0.1541627954544021,0,0.979974349166348,0.9993147428187844,0.9993147428187844,0.999063015690991
2025-11-19,NC-SBY-SEL-18,1.0,1.0,0.0,1.0,3648.380039000001,72.64681651885427,15.237081277981543,28628.217626599995,0.1859279176637459,0,0.9873471477271404,0.99933293138173,0.99933293138173,0.998960912344618
2025-11-19,NC-SBY-SEL-19,1.0,1.0,0.0001084134546803,1.0,3685.844154,70.33098084613047,10.925039383625816,29159.57135290001,0.2155059347403138,0,0.9769445794846864,0.999360197796478,0.999360197796478,0.9991216274833
2025-11-19,NC-SBY-SEL-20,1.0,1.0,1.7838667094794678e-05,1.0,3157.548406000001,68.33819696356653,13.146857197383811,24146.8567773,0.213785939755873,0,0.9586660018986868,0.9991777035183792,0.9991777035183792,0.9984253897160452
2025-11-19,NC-SBY-SEL-21,1.0,1.0,0.0001522788530356,1.0,3104.226865,82.26684823389768,14.11241491487668,23954.03080759999,0.2186930931889538,0,0.9893836258040344,0.999667293264352,0.999667293264352,0.9994510338861812
2025-11-19,NC-SBY-SEL-22,0.9957525612055932,1.0,4.555746390709922e-06,1.0,2996.60857,60.68168334033893,8.349842200700122,24026.888241800007,0.2622874030733607,0,0.6810787126683722,0.9991123259877136,0.9991123259877136,0.9986755340134136
2025-11-19,NC-SBY-SEL-23,1.0,1.0,0.0,1.0,2660.248467,56.7263701635759,10.10942706749629,21351.1063889,0.2333122140054118,0,0.9920821193482248,0.9991111846048906,0.9991111846048906,0.9988838132247464
2025-11-19,NC-SBY-TMR-10,1.0,1.0,0.0,1.0,2885.999213999999,70.56472499576155,11.2658206458301,23813.0979393,0.2588065034241331,0,0.8513543885707585,0.9993423686166868,0.9993423686166868,0.99901355292503
2025-11-19,NC-SBY-TMR-11,1.0,1.0,2.2855575617671933e-05,1.0,3684.372154000001,86.95116675184849,13.101440003709564,29928.977773200008,0.2325456531467591,0,0.9823106863706844,0.9992364109428912,0.9992364109428912,0.998981881257188
2025-11-19,NC-SBY-TMR-12,1.0,1.0,0.0,1.0,3079.1718419999997,72.86123223911132,11.393255272444325,25440.07999980001,0.2398075358243047,0,0.9671495990561322,0.9996481400684016,0.9996481400684016,0.9992962801368032
2025-11-19,NC-SBY-TMR-13,1.0,1.0,0.0,1.0,3593.7188479999995,86.68088265253202,15.208055832137015,27305.726386900005,0.1927573098788291,0,0.9567952919786608,0.9997214729682186,0.9997214729682186,0.9994576052538994
2025-11-19,NC-SBY-TMR-14,1.0,1.0,0.0,1.0,3303.302570000002,82.09903724447251,11.321899489064394,27657.345336200004,0.2544673726144499,0,0.9827820740772476,0.9995984951001532,0.9995984951001532,0.9992713429595372
2025-11-19,NC-SBY-TMR-8,0.9979361735330836,1.0,0.0,1.0,2444.8530130000004,80.37872157178568,16.000318220938485,18834.9381656,0.1978751395525619,0,0.9735299884534108,0.9994920911333623,0.9994920911333623,0.9992502297682968
2025-11-19,NC-SBY-TMR-9,1.0,1.0,3.3203470869488224e-05,1.0,2585.592348,82.41481280362612,15.121562420992989,19053.297797200004,0.1653233577247786,0,0.9753191333826768,0.9996592241214798,0.9996592241214798,0.9995501758403532
2025-11-19,NC-SBY-UTR-1,1.0,1.0,3.7029836790994346e-05,1.0,2422.036957,83.89535932594204,16.13283618613055,18121.7397223,0.1536289523267039,0,0.9821067104609862,0.9996496194867628,0.9996496194867628,0.9994534063993497
2025-11-19,NC-SBY-UTR-2,0.99887441710886,1.0,0.0,1.0,3879.950559999999,82.58145533888093,16.600420174323467,27329.937650700005,0.1718456930990478,0,0.9776085717879844,0.999545840491282,0.999545840491282,0.999308887704125
2025-11-19,NC-SBY-UTR-3,0.9984212470449172,1.0,0.0,1.0,2661.369468,73.71075504816501,12.483589488337415,21361.39024060001,0.1751988207993881,0,0.9890404849606051,0.9994760657299356,0.9994760657299356,0.9991585298086846
2025-11-19,NC-SBY-UTR-4,0.9999986111111112,1.0,0.0,1.0,2513.5649150000004,90.16351153897796,16.943047632097386,19533.9948331,0.1761646616257218,0,0.9860619250173112,0.9997237060232088,0.9997237060232088,0.9994704365444832
2025-11-19,NC-SBY-UTR-5,0.9985251486053957,1.0,3.8455067656884656e-05,1.0,3594.189634000001,68.59698362579432,12.271202293968337,27212.114119800008,0.2279698566512922,0,0.9099602797685864,0.9989804060643674,0.9989804060643674,0.9987883086562048
2025-11-19,NC-SBY-UTR-6,1.0,1.0,0.0,1.0,2971.227887,77.82057456744451,8.968853281330194,24319.460000499992,0.2520883844163364,0,0.9575111859617071,0.9991811273949012,0.9991811273949012,0.9987596488481594
2025-11-19,NC-SBY-UTR-7,0.9999487565715636,1.0,4.119558749485055e-05,1.0,4304.659339999997,79.88223836552235,12.242003173631309,35075.3559517,0.2476659609898605,0,0.985476796895832,0.9993202041416815,0.9993202041416815,0.9989955255227831
2025-11-19,NC-SDA-UTR-24,1.0,1.0,0.0,1.0,3672.2809590000015,73.59612513164274,14.174547453231686,28824.495990599997,0.1763530477840391,0,0.9802386517980496,0.9991243773349938,0.9991243773349938,0.9986573785803238
2025-11-19,NC-SDA-UTR-25,1.0,1.0,0.0,1.0,2648.907822999999,96.27635715953532,17.56991748425943,20482.10141559999,0.1321143264243958,0,0.9922091313563368,0.9997081265896676,0.9997081265896676,0.9993537088771212
2025-11-19,NC-SDA-UTR-26,1.0,1.0,0.0,1.0,3290.812081000002,72.27498735841309,14.637270700960231,25368.7181103,0.1684252719551983,0,0.9799307275796304,0.9996669092882962,0.9996669092882962,0.9992104516463316
2025-11-19,OA_CLUSTER,0.999366103436834,1.0,2.01754583063009e-05,1.0,73434.59784199999,76.24137577953833,13.38218264377416,576049.0398991,0.210621548054729,0,0.9548771635954072,0.9993774576936424,0.9993774576936424,0.9990879304184506
2025-11-20,NC-SBY-BRT-15,1.0,1.0,1.5691689681144866e-05,1.0,3554.9184330000007,54.63294782206087,11.420599351340917,29110.02472090001,0.2665126227502789,0,0.9837716843872412,0.9990689178164792,0.9990689178164792,0.998563473202568
2025-11-20,NC-SBY-BRT-16,0.9997930481801448,1.0,8.213344789896322e-05,1.0,3490.2055560000017,82.70793235312004,17.096826267093615,26596.01815799999,0.1892816385875963,0,0.9861467199945304,0.9995760180385052,0.9995760180385052,0.9994411146871206
2025-11-20,NC-SBY-BRT-17,1.0,1.0,0.0,1.0,3482.021067,84.71672716646276,16.51690503375838,25368.976386400016,0.171510722465046,0,0.9896159367723674,0.9995254524233992,0.9995254524233992,0.9992945914401876
2025-11-20,NC-SBY-SEL-18,1.0,1.0,1.8743439796071373e-05,1.0,3616.237611,71.68268655737523,13.846021607391949,28767.68408790001,0.1735927672206631,0,0.9838726091451035,0.9992495916895958,0.9992495916895958,0.9989406000323704
2025-11-20,NC-SBY-SEL-19,1.0,1.0,0.0,1.0,3555.664153,72.15610172546029,13.26659561614252,28187.554254,0.1975040548350443,0,0.9719386413440468,0.9993758402150952,0.9993758402150952,0.9991357787593624
2025-11-20,NC-SBY-SEL-20,1.0,1.0,6.088687826886428e-06,1.0,3184.1324649999992,69.70297107268064,13.059262207365157,24583.0681223,0.2141449639401575,0,0.971583981401343,0.9987904922170804,0.9987904922170804,0.9983522647595008
2025-11-20,NC-SBY-SEL-21,1.0,1.0,8.049585446349513e-06,1.0,3110.4439969999994,80.0564679108254,14.007821773345997,23516.059167099986,0.2349844169682103,0,0.9935656278198098,0.999342058213545,0.999342058213545,0.9992705428019738
2025-11-20,NC-SBY-SEL-22,1.0,1.0,0.0,1.0,3112.776569999999,62.64040643629139,9.220482718613232,24185.98756669999,0.2437583561244441,0,0.9522465344576494,0.9992185811428668,0.9992185811428668,0.9989193143465176
2025-11-20,NC-SBY-SEL-23,1.0,1.0,7.119211191399993e-06,1.0,2644.2732100000007,56.87345670527519,8.822712693009313,21210.8436109,0.2477698360061544,0,0.988740114088262,0.998830470604664,0.998830470604664,0.9983940790392404
2025-11-20,NC-SBY-TMR-10,1.0,1.0,0.0,1.0,2822.0877310000005,73.02020762623778,10.649833304498676,23232.9161121,0.2387953799003395,0,0.9865782972253896,0.9991652650594904,0.9991652650594904,0.9988413380676509
2025-11-20,NC-SBY-TMR-11,0.996834722436105,1.0,0.0,1.0,3728.119604,86.8273212037008,13.216155375383256,29809.276416000008,0.2287477231341399,0,0.9239851246976828,0.9989883205217376,0.9989883205217376,0.9987534663571408
2025-11-20,NC-SBY-TMR-12,0.9996593993520708,1.0,6.831581032798421e-06,1.0,3166.7010780000005,73.00092024242636,11.431219135157964,25540.391791800004,0.2408225225127554,0,0.9700525922590923,0.9992268539398236,0.9992268539398236,0.9988563881193222
2025-11-20,NC-SBY-TMR-13,0.9999307517263024,1.0,0.0,1.0,3533.385403,88.12071769658175,14.941625896146585,27158.420274099983,0.1851421992595544,0,0.9622917377007496,0.9996115813494312,0.9996115813494312,0.9994011879137064
2025-11-20,NC-SBY-TMR-14,1.0,1.0,0.0,1.0,3385.992846000001,82.59712019860581,11.202860398998492,27285.978609999995,0.260776174963431,0,0.9869585730843,0.999364097524316,0.999364097524316,0.9988871706675532
2025-11-20,NC-SBY-TMR-8,0.9998684413580248,1.0,0.0,1.0,2568.3026770000006,83.82182199770041,17.07901723736508,19289.575352,0.1786136994676287,0,0.9852791718617396,0.99966757269403,0.99966757269403,0.99962846359921
2025-11-20,NC-SBY-TMR-9,1.0,1.0,0.0,1.0,2682.592503,82.41756330313387,16.55465829199665,19087.759998200003,0.1760938973374863,0,0.987131408120919,0.9993265993265992,0.9993265993265992,0.9992488992488991
2025-11-20,NC-SBY-UTR-1,1.0,1.0,2.097733399062313e-05,1.0,2393.291648000001,84.32209004642579,17.28121136772948,17953.909167400005,0.1587583478801391,0,0.9889080306226796,0.9990917105228008,0.9990917105228008,0.9988067569613264
2025-11-20,NC-SBY-UTR-2,1.0,1.0,0.0,1.0,3845.5205509999982,86.35957630883267,16.541845161323433,27441.888351999987,0.1558957631738144,0,0.987513544567992,0.9995785538901308,0.9995785538901308,0.9991571077802616
2025-11-20,NC-SBY-UTR-3,0.9985519638628102,1.0,0.0,1.0,2699.1622290000014,75.39699645915546,12.79765498559322,21106.968633500004,0.1677791906403697,0,0.9826319367485868,0.9993500482539932,0.9993500482539932,0.9989955291198078
2025-11-20,NC-SBY-UTR-4,1.0,1.0,0.0,1.0,2588.589346,92.22440148055112,17.444258701965005,20307.9656036,0.1737655364743957,0,0.9880156438339532,0.9995462059576676,0.9995462059576676,0.9992868950763346
2025-11-20,NC-SBY-UTR-5,0.997707133058985,1.0,4.535901661651976e-05,1.0,3819.259559999999,70.93557128778832,12.439088197236948,28346.51411229999,0.2267310260378128,0,0.913543404993292,0.9991773183625589,0.9991773183625589,0.9987507426987003
2025-11-20,NC-SBY-UTR-6,1.0,1.0,3.627657258942175e-05,1.0,3128.623379999999,77.21426648458151,8.23508147988069,24955.5926633,0.2588972599360613,1,0.9721443208123816,0.9992490378297192,0.9992490378297192,0.9989908945836854
2025-11-20,NC-SBY-UTR-7,0.9985975427923898,1.0,0.0,1.0,4308.871172,78.6378948775562,11.69878845326278,35298.885428899994,0.2410997992385959,0,0.9898707214517556,0.9993287244893512,0.9993287244893512,0.9991369314863086
2025-11-20,NC-SDA-UTR-24,0.0,1.0,0.0,1.0,3759.298981,75.9214942551984,14.509752060458316,28823.40273739998,0.1709126948071165,0,0.98608912553365,0.999024326785482,0.999024326785482,0.9985690126187068
2025-11-20,NC-SDA-UTR-25,1.0,1.0,0.0,1.0,2743.866758,93.76311683707438,17.314726443066778,20415.9641393,0.1449590149220853,0,0.9950225853784848,0.9996843696529728,0.9996843696529728,0.9995182484176952
2025-11-20,NC-SDA-UTR-26,1.0,1.0,0.0,1.0,3468.285530000002,72.51625799406906,13.626760664756016,26742.76165410001,0.1716553853525061,0,0.98702088825796,0.9994731542838412,0.9994731542838412,0.9992155852670522
2025-11-20,OA_CLUSTER,0.9995908642130572,1.0,1.0952692930255289e-05,1.0,74421.17279000001,77.00140511605962,13.495329199882937,578342.2585894,0.2084733157391924,1,0.9750896882202396,0.9992957638761768,0.9992957638761768,0.9990055492692538
2025-11-21,NC-SBY-BRT-15,0.9998120624579098,1.0,0.0,1.0,3554.0930789999998,53.5662154243954,10.568600110168363,29107.95790420001,0.2712503677904228,0,0.9856604705737048,0.9989183775663496,0.9989183775663496,0.9986279419128692
2025-11-21,NC-SBY-BRT-16,0.9988624735846958,1.0,0.0,1.0,3656.817504000001,78.80342375198596,16.0323426923687,26802.08251489999,0.2190496857132594,0,0.977757581167382,0.9994055944055944,0.9994055944055944,0.9993181818181818
2025-11-21,NC-SBY-BRT-17,1.0,1.0,7.162605469365536e-06,1.0,3463.879455,80.26399532836403,15.28413545937334,25483.02126030001,0.1821768469263835,0,0.9830723773230609,0.999389662974872,0.999389662974872,0.999181255210194
2025-11-21,NC-SBY-SEL-18,1.0,1.0,1.3242226812860853e-05,1.0,3577.864951,74.07363578970462,15.621063514692068,28274.143611299995,0.1623932230892207,0,0.9897550158283688,0.999426539740796,0.999426539740796,0.9991971556371144
2025-11-21,NC-SBY-SEL-19,0.998268481407259,1.0,1.779528306363593e-05,1.0,3629.941320999999,71.16952523596234,12.69100782671335,28197.288700300003,0.2068832529696959,0,0.9841222231440296,0.9993853945152606,0.9993853945152606,0.9989551706759432
2025-11-21,NC-SBY-SEL-20,1.0,1.0,8.386166180269029e-05,1.0,3212.564952,66.23928726420966,11.064287610504032,24582.159103499995,0.2260244955942894,1,0.940771489318619,0.9991092890174116,0.9991092890174116,0.9984626084410118
2025-11-21,NC-SBY-SEL-21,1.0,1.0,7.487103464282773e-06,1.0,3148.3707550000004,79.43533723760244,13.984460337510743,23560.826387699995,0.2317999221096499,0,0.9860764571110008,0.9993352708384864,0.9993352708384864,0.998979718031165
2025-11-21,NC-SBY-SEL-22,1.0,1.0,1.7987876171460436e-05,1.0,3133.489277999999,60.63790588231459,6.976952565071048,24865.08245169999,0.266882069057848,0,0.9610129079996712,0.999205522985042,0.999205522985042,0.9986576078023122
2025-11-21,NC-SBY-SEL-23,1.0,1.0,7.197739909668364e-05,1.0,2581.34996,56.45291289578108,10.983941089598128,20507.8038892,0.2328376877702774,0,0.9924048397067916,0.9993030665073676,0.9993030665073676,0.9991205363069162
2025-11-21,NC-SBY-TMR-10,1.0,1.0,7.3541578569984e-05,1.0,2819.936575,75.75029605870478,13.685784589895553,23033.216674000003,0.2145840822896448,0,0.9567660612422908,0.9993202062822316,0.9993202062822316,0.9989685888420066
2025-11-21,NC-SBY-TMR-11,0.9905900119108388,1.0,5.451581776452438e-06,1.0,3865.862055,83.60681124067848,13.225113778203005,30485.2115553,0.2365981614337041,0,0.9193655388697908,0.9991276559760016,0.9991276559760016,0.9987626957210636
2025-11-21,NC-SBY-TMR-12,1.0,1.0,0.0,1.0,3175.744929999999,73.26281912991105,10.605093032236155,25182.872559900003,0.2353679054510288,0,0.9896141900043638,0.9995420857147704,0.9995420857147704,0.9989654529111476
2025-11-21,NC-SBY-TMR-13,1.0,1.0,1.4879845249609404e-05,1.0,3613.016388,87.72658981795183,15.257373100777118,26997.726389600004,0.1912415343388553,0,0.962521804365936,0.9994233894218169,0.9994233894218169,0.9991612937044608
2025-11-21,NC-SBY-TMR-14,1.0,1.0,0.0,1.0,3356.3986649999997,83.17843791933093,13.707096708232395,25749.5938907,0.2492616234453112,0,0.9885253118121792,0.9995033629423618,0.9995033629423618,0.9991770014473422
2025-11-21,NC-SBY-TMR-8,1.0,1.0,0.0,1.0,2665.7563870000004,81.11731838360596,15.510880274929589,19396.123334,0.1941475265654288,0,0.9753651484599216,0.9996422047718584,0.9996422047718584,0.9994538914938892
2025-11-21,NC-SBY-TMR-9,1.0,1.0,0.0,1.0,2643.736179,80.68908986711516,16.326412843741505,18962.709431100004,0.1550838291445342,0,0.9844798106010784,0.999102387648854,0.999102387648854,0.9989527855903296
2025-11-21,NC-SBY-UTR-1,1.0,1.0,4.402522645475858e-05,1.0,2407.4151369999995,83.26721192961905,17.429624131565227,17885.758890300003,0.1532694256454098,0,0.9842341393546212,0.999574769666903,0.999574769666903,0.9993267186392628
2025-11-21,NC-SBY-UTR-2,1.0,1.0,0.0,1.0,3956.967492999999,80.60315267032776,15.96823882163036,27354.37028040001,0.1726564668804624,0,0.9818006908916,0.9994500458295142,0.9994500458295142,0.9989204603320092
2025-11-21,NC-SBY-UTR-3,1.0,1.0,0.0,1.0,2811.066012,77.07210715858504,12.154272104291625,21613.524999,0.1752712375988555,0,0.9861399006350148,0.999473480992664,0.999473480992664,0.99917512022184
2025-11-21,NC-SBY-UTR-4,1.0,1.0,0.0,1.0,2525.26956,87.76596521397849,16.94015362099693,19625.550000599997,0.1803815617431328,0,0.9769760813216616,0.9995995531856596,0.9995995531856596,0.999241258667566
2025-11-21,NC-SBY-UTR-5,0.9997468409586056,1.0,6.964654379026441e-05,1.0,3976.243207,67.42170912563074,12.069959042451192,29393.40208460001,0.2353606519724314,0,0.933276423272051,0.9991571060641536,0.9991571060641536,0.9986068836338096
2025-11-21,NC-SBY-UTR-6,1.0,1.0,0.0001570114327584,1.0,3150.957726,76.08803294849658,8.463331709537103,24793.558800200004,0.2672753106341625,0,0.9387315630391636,0.998853384025829,0.998853384025829,0.9984912947708277
2025-11-21,NC-SBY-UTR-7,0.9992006863093124,1.0,9.961151509114452e-06,1.0,4395.022527,79.60492380326333,13.400495695047516,34212.140471900006,0.2312569659013796,0,0.98096033110729,0.9991871104904432,0.9991871104904432,0.998780665735665
2025-11-21,NC-SDA-UTR-24,1.0,1.0,0.0,1.0,3743.888854,72.47311865942034,11.731460413385866,29068.020831,0.1947270512165786,0,0.86150684185692,0.9985818041170657,0.9985818041170657,0.99774377927715
2025-11-21,NC-SDA-UTR-25,1.0,1.0,0.0,1.0,2706.970791,92.13974737790076,15.418956062389537,20406.814794700003,0.1391988512688902,0,0.995366440294284,0.9996015038896684,0.9996015038896684,0.999376266957742
2025-11-21,NC-SDA-UTR-26,1.0,1.0,0.0,1.0,3556.246528000001,73.41977962779363,13.801951656440238,26519.765742499992,0.1747206828338645,0,0.9763215353846718,0.9996558843771508,0.9996558843771508,0.9991028414118572
2025-11-21,OA_CLUSTER,0.9993882749938274,1.0,2.4606457542780466e-05,1.0,75321.76409599998,75.51736855618397,13.41329140408488,576066.1251847,0.2118402977829316,1,0.9717925810738244,0.999319661000143,0.999319661000143,0.9989665230730488
2025-11-22,NC-SBY-BRT-15,0.999781746031746,1.0,4.715779942844747e-06,1.0,3787.083085,53.319773744363886,8.925479867626544,29496.9833366,0.2849274129157432,1,0.9856588875525184,0.9988215971777252,0.9988215971777252,0.9985122773939814
2025-11-22,NC-SBY-BRT-16,1.0,1.0,0.0002001989856584,1.0,3760.500317,81.81603783987782,17.219178115003608,26553.903613999995,0.1943593200247996,0,0.9843232153190594,0.999220576773188,0.999220576773188,0.9990099218470224
2025-11-22,NC-SBY-BRT-17,0.983471402818748,1.0,0.0,1.0,3853.3789890000007,80.55662771315598,14.927620852712373,26334.2595077,0.1866392248769776,0,0.9906842481548576,0.999487523160011,0.999487523160011,0.9992509953877085
2025-11-22,NC-SBY-SEL-18,1.0,1.0,0.0,1.0,3755.687569000001,70.36344690709564,14.974733179278198,27953.51704259999,0.1762393123710001,0,0.9731247594227408,0.9995623294372072,0.9995623294372072,0.999279130837753
2025-11-22,NC-SBY-SEL-19,1.0,1.0,0.0,1.0,3432.347329000001,78.05615139025755,15.999648499730943,24247.513340700007,0.1587430241252334,0,0.985800905050636,0.9993381179188352,0.9993381179188352,0.9990655782383554
2025-11-22,NC-SBY-SEL-20,1.0,1.0,3.657751506993621e-05,1.0,2959.4920540000003,73.3554983918804,15.937784828197612,20736.414737699997,0.1791112917094101,0,0.977074823901644,0.9989556234927748,0.9989556234927748,0.9986138275449556
2025-11-22,NC-SBY-SEL-21,1.0,1.0,9.277126317351936e-06,1.0,3084.581283999999,79.80360490678443,16.188807389298,21496.890557,0.1957996416845501,0,0.9903344960412565,0.9991788565099492,0.9991788565099492,0.9989497001871444
2025-11-22,NC-SBY-SEL-22,0.9994542967044676,1.0,0.0,1.0,3007.248682999998,65.30527183207933,9.062431977831771,23269.2157728,0.2230477603199553,1,0.9470529470529472,0.9993950127047332,0.9993950127047332,0.9990210205585682
2025-11-22,NC-SBY-SEL-23,1.0,1.0,0.0,1.0,2636.134271999999,57.87763319843618,9.891401081879184,20219.18000049999,0.2307688973746438,0,0.974839746244182,0.9993978321959052,0.9993978321959052,0.9991168205539944
2025-11-22,NC-SBY-TMR-10,1.0,1.0,0.0,1.0,2726.318078,74.07016723658124,11.728395587938593,21316.646931200008,0.211877770340868,0,0.9857581215395904,0.9989396920394434,0.9989396920394434,0.998692286848647
2025-11-22,NC-SBY-TMR-11,1.0,1.0,0.0,1.0,3741.660402,89.36937037837903,15.977921877307775,26879.641435099995,0.1907573391647954,0,0.9821972838741267,0.9993798449612404,0.9993798449612404,0.9992087677091688
2025-11-22,NC-SBY-TMR-12,1.0,1.0,0.0,1.0,3174.861224,73.88075097382391,10.665887069817282,24289.7119442,0.2366035321433612,0,0.9883697010934064,0.9994471435751382,0.9994471435751382,0.9991288323002178
2025-11-22,NC-SBY-TMR-13,0.9996560329861112,1.0,0.0,1.0,3399.9490610000007,90.36263381274166,17.649890382558958,24319.13613870001,0.144315660637509,0,0.9757757261079902,0.999681393372982,0.999681393372982,0.9995397904276409
2025-11-22,NC-SBY-TMR-14,0.998903466148364,1.0,0.0,1.0,3462.148025999999,85.91323619315926,15.798072186636809,24640.330398300004,0.205745453376697,0,0.972881848952824,0.9994052757793764,0.9994052757793764,0.9990407673860912
2025-11-22,NC-SBY-TMR-8,1.0,1.0,0.0,1.0,2780.9148769999997,84.26094225734508,17.345103555550338,19319.323672600007,0.1784532496822791,0,0.9929731856765416,0.9995437262357414,0.9995437262357414,0.9990494296577946
2025-11-22,NC-SBY-TMR-9,1.0,1.0,0.0,1.0,2727.6071539999984,88.16901004895173,18.27830255416485,19086.2116667,0.1324392227420124,0,0.9911450074815196,0.9994925467808436,0.9994925467808436,0.9993339676498572
2025-11-22,NC-SBY-UTR-1,1.0,1.0,6.959135953679991e-05,1.0,1881.231483,87.62694576009719,19.21225058222043,13595.752223099997,0.1076445321722832,0,0.9819733364829552,0.999213217938631,0.999213217938631,0.9989594172736732
2025-11-22,NC-SBY-UTR-2,1.0,1.0,0.0,1.0,4204.269428,90.85656344139753,17.502966476211636,28383.937499999985,0.1548266970593828,0,0.9890740005497358,0.9995525406740527,0.9995525406740527,0.9991050813481056
2025-11-22,NC-SBY-UTR-3,1.0,1.0,0.0,1.0,2708.9211720000003,79.26508213471702,14.764967425632372,19513.645001599994,0.1464205378392211,0,0.9827302631578948,0.999365560148991,0.999365560148991,0.9990381073226638
2025-11-22,NC-SBY-UTR-4,1.0,1.0,0.0,1.0,2462.458208,92.63165570165276,18.67799693660912,17963.051943700004,0.1534697606491807,0,0.9784944122821676,0.9993750751111644,0.9993750751111644,0.998750150222329
2025-11-22,NC-SBY-UTR-5,1.0,1.0,5.840727844546782e-05,0.9974227006024144,4285.105191,66.29917059855545,7.595802353011994,30800.580832900006,0.284641565843346,0,0.9166553800312742,0.999430952819294,0.999430952819294,0.9975172828876424
2025-11-22,NC-SBY-UTR-6,1.0,1.0,1.4315879889767723e-05,1.0,2653.9166720000003,83.43813257003694,13.12321592989963,20536.45978919999,0.1938715287439829,0,0.941443073294434,0.9991945469627208,0.9991945469627208,0.998881983097508
2025-11-22,NC-SBY-UTR-7,1.0,1.0,9.868794378734722e-06,1.0,4071.148849999999,84.28531040334532,14.630358941228316,29062.661666199987,0.2051080211313923,0,0.8101705348812605,0.9992668899702964,0.9992668899702964,0.998950894267838
2025-11-22,NC-SDA-UTR-24,1.0,1.0,0.0,1.0,3907.230845000001,76.8134829850611,13.208521797101216,28318.61333429999,0.1651269472172212,1,0.9262574133554682,0.9990167597765364,0.9990167597765364,0.9987932960893856
2025-11-22,NC-SDA-UTR-25,1.0,1.0,0.0,1.0,2731.9430310000007,98.74024550900816,19.16094914183445,19346.493609900008,0.1116870412639532,0,0.9931165836869716,0.9995660541111656,0.9995660541111656,0.9992453114976794
2025-11-22,NC-SDA-UTR-26,1.0,1.0,0.0,1.0,3488.871129,74.61336704980074,15.615706691608215,25124.6097389,0.1595613226988841,0,0.9860225652210384,0.9996351834146832,0.9996351834146832,0.9994087455341418
2025-11-22,OA_CLUSTER,0.999096217401076,1.0,1.7880584981204453e-05,0.9998745956421808,74556.96340800001,78.75193656779676,14.60202136173356,540014.9690531,0.1902224727961135,2,0.968274298217726,0.9993405137899783,0.9993405137899783,0.9989592422504548
2025-11-23,NC-SBY-BRT-15,1.0,1.0,0.0,1.0,3667.182928000002,56.87427935962367,7.559835826588682,28110.28111099999,0.2571792322354924,1,0.9811454637607704,0.9986587982832618,0.9986587982832618,0.9982480552575108
2025-11-23,NC-SBY-BRT-16,1.0,1.0,0.0002015737147875,1.0,3753.904811,82.9812917868641,17.09119981212422,25887.2991141,0.1951858344624151,0,0.98796663589718,0.999341899606785,0.999341899606785,0.9991115644691596
2025-11-23,NC-SBY-BRT-17,0.9933261898930524,1.0,0.0,1.0,3799.86851,82.25659846715612,15.83061917852089,25062.982248500008,0.1683277203516453,0,0.9899585062240664,0.9993894017591044,0.9993894017591044,0.9991858690121392
2025-11-23,NC-SBY-SEL-18,1.0,1.0,0.0,1.0,3780.963816,74.95243129071294,15.34625576245345,26668.203028900007,0.1628665476145111,0,0.9902535069587138,0.9993895539276992,0.9993895539276992,0.9990768864272528
2025-11-23,NC-SBY-SEL-19,0.9973091070522576,1.0,0.0,1.0,3383.6291559999995,75.84883750453768,16.243197496431716,23519.0607032,0.1613375839623814,0,0.986480718280836,0.9995345326456158,0.9995345326456158,0.99947163165178
2025-11-23,NC-SBY-SEL-20,1.0,1.0,1.626373268928952e-05,1.0,2844.271414999999,71.05854518071682,15.314949985035268,18871.211044000003,0.1817594649418418,0,0.9786690723374536,0.9990272899216428,0.9990272899216428,0.9979825272448888
2025-11-23,NC-SBY-SEL-21,1.0,1.0,1.988783262400064e-05,1.0,2889.816892,78.74728889643407,16.96697297034201,20050.18555800001,0.1859415295928174,0,0.7644493314047879,0.9994676603673144,0.9994676603673144,0.9993567562771716
2025-11-23,NC-SBY-SEL-22,0.99652065921865,1.0,0.0,1.0,2941.7267099999995,67.80221408934804,9.54608617411852,22606.702465400005,0.2172462356769858,1,0.9761586452762924,0.9991726762544296,0.9991726762544296,0.998717648194366
2025-11-23,NC-SBY-SEL-23,1.0,1.0,0.0,1.0,2828.590557000001,58.801765600683645,9.061225825912835,20169.4105552,0.2262850857327424,0,0.9782138061439808,0.9992494051136273,0.9992494051136273,0.999073733970008
2025-11-23,NC-SBY-TMR-10,1.0,1.0,0.0,1.0,2700.256781000001,75.01485714704135,12.887986213691658,20125.5005563,0.1956905941696798,0,0.9891603998274666,0.9985372288322646,0.9985372288322646,0.9982498987814594
2025-11-23,NC-SBY-TMR-11,1.0,1.0,0.0,1.0,3431.9639219999995,90.78018448992069,15.99295237057219,24474.265555599988,0.1767242261035601,0,0.9839324394724576,0.9994434375579752,0.9994434375579752,0.9990866667618056
2025-11-23,NC-SBY-TMR-12,0.9999694229112832,1.0,0.0,1.0,3022.8851039999995,73.50926559726086,10.706340586583355,23354.470525299992,0.2167290356847304,0,0.9833150580941736,0.999724413517517,0.999724413517517,0.9991387922422406
2025-11-23,NC-SBY-TMR-13,1.0,1.0,0.0,1.0,3157.5336470000007,89.24398290992218,16.599041749246112,21838.8197239,0.1458037240867149,0,0.9441521834159872,0.9994580761704048,0.9994580761704048,0.9991570073761856
2025-11-23,NC-SBY-TMR-14,1.0,1.0,0.0,1.0,3410.804374000002,86.19701515703925,15.0042205784253,24371.158338100005,0.2034194354896737,0,0.984052179834071,0.9993012275731824,0.9993012275731824,0.9991690273843248
2025-11-23,NC-SBY-TMR-8,1.0,1.0,0.0,1.0,2676.779557,83.36808497142542,16.548084072966184,18396.7258346,0.1924053115873826,0,0.9914140730012192,0.9995322632082492,0.9995322632082492,0.9992346125225896
2025-11-23,NC-SBY-TMR-9,1.0,1.0,0.0,1.0,2751.6753240000007,84.98768252258354,18.260784042054613,18816.8327795,0.1351805149015914,0,0.9917402354200108,0.9985442996096076,0.9985442996096076,0.9985773837093892
2025-11-23,NC-SBY-UTR-1,1.0,1.0,0.0,1.0,1782.1663070000002,93.12873149593412,19.704968718583395,12120.071112300002,0.08848920064449,0,0.9884863052316092,0.9992100481870606,0.9992100481870606,0.9990783895515708
2025-11-23,NC-SBY-UTR-2,1.0,1.0,8.925702452783034e-06,0.999835585316274,4963.147061000002,87.98586251522148,9.99271679858726,31501.38566410002,0.1684199610696008,1,0.9849541459686664,0.99964555242132,0.99964555242132,0.9990696575453728
2025-11-23,NC-SBY-UTR-3,1.0,1.0,0.0,1.0,2655.2246800000007,79.88457323037207,15.610147460369838,17684.6786103,0.1322735519297139,0,0.9787670181746432,0.9995913952649922,0.9995913952649922,0.9992789328205745
2025-11-23,NC-SBY-UTR-4,1.0,1.0,0.0,1.0,2412.731095000001,96.27240921079972,19.98606321053515,16895.3655561,0.1327967915431043,0,0.9890850479219404,0.9997729208061312,0.9997729208061312,0.9996593812091968
2025-11-23,NC-SBY-UTR-5,1.0,1.0,4.442840085524672e-05,0.921043112513144,3957.319911,72.56208354259518,10.182833121352871,28389.734704,0.2274941861987641,0,0.920222304451782,0.9991870527453016,0.9991870527453016,0.9863770872965546
2025-11-23,NC-SBY-UTR-6,1.0,1.0,0.0002407504535566,1.0,2593.611889,89.26710614348191,15.485150392469537,19320.4527062,0.1641802311774234,0,0.9312995768895266,0.9992157432285236,0.9992157432285236,0.998881707936969
2025-11-23,NC-SBY-UTR-7,1.0,1.0,4.022040783493544e-05,1.0,4100.787958999998,85.79005690765469,16.208160117166397,27961.956110100004,0.1914054692222022,1,0.8013470994858354,0.9995106435037924,0.9995106435037924,0.9993203381997118
2025-11-23,NC-SDA-UTR-24,1.0,1.0,0.0,1.0,3907.536797000001,76.0189462573455,13.631649955768928,27024.431664,0.1711778375468023,0,0.9774978408722876,0.9990537583535396,0.9990537583535396,0.9986397776332132
2025-11-23,NC-SDA-UTR-25,1.0,1.0,1.2202562538133008e-05,1.0,2653.297014,97.62923582901408,18.9097864148992,17195.7132951,0.1101896816374824,0,0.9902101740994406,0.9993659480744844,0.9993659480744844,0.9991657211506374
2025-11-23,NC-SDA-UTR-26,1.0,1.0,8.721893697559614e-06,1.0,3604.330892,72.7095981965839,14.999360714426226,24835.6752627,0.1626926196055718,0,0.9871334296536374,0.9995987309867456,0.9995987309867456,0.999310318883469
2025-11-23,OA_CLUSTER,0.9993728409056984,1.0,2.436439410804607e-05,0.9963268937553388,73506.842406,79.90361880910527,14.488481518068465,516196.7536047001,0.1794417190834835,4,0.9610571302716556,0.9993062386255996,0.9993062386255996,0.9984138708764364
2025-11-24,NC-SBY-BRT-15,1.0,1.0,5.365440127053622e-06,1.0,3322.070526000001,55.01070063221031,11.82786003051262,27434.105834599995,0.2458909926393317,0,0.9835264961002989,0.9990755845568244,0.9990755845568244,0.9987648566767652
2025-11-24,NC-SBY-BRT-16,1.0,1.0,0.0001516875237011,1.0,3487.6124929999983,79.94408132634564,16.307955154179876,26649.02050570001,0.2028649469200797,0,0.9879673907419864,0.999031966613604,0.999031966613604,0.998924407348449
2025-11-24,NC-SBY-BRT-17,0.9985140217480172,1.0,7.322788517867604e-06,1.0,3437.570869000001,82.0792143320043,17.11276160450918,25369.10637,0.1624020717072963,0,0.9885775779658148,0.999581005586592,0.999581005586592,0.9995391061452514
2025-11-24,NC-SBY-SEL-18,1.0,1.0,0.0,1.0,3397.429685999999,74.39282154595739,14.64375032853234,28130.977357500004,0.1594390445442997,0,0.9675281237108804,0.9993927869481152,0.9993927869481152,0.9992010354580464
2025-11-24,NC-SBY-SEL-19,1.0,1.0,5.857681763865133e-06,1.0,3571.629414,71.68649573629867,13.906827622827953,28403.96777500001,0.1982854612308268,0,0.9820386867913228,0.999430083845292,0.999430083845292,0.9992851899076542
2025-11-24,NC-SBY-SEL-20,1.0,1.0,6.298101752131907e-06,0.9999865399628504,3006.308572000001,68.04733006313681,12.317600333432967,24072.441776500003,0.2075184525648476,0,0.9544821326138891,0.9989546539904708,0.9989546539904708,0.9984704937334258
2025-11-24,NC-SBY-SEL-21,1.0,1.0,4.527994324913779e-05,1.0,2899.664618,75.82913855080676,14.818286662172351,23068.015457,0.2112861392545155,0,0.6373579166707815,0.999496938262182,0.999496938262182,0.9991846930456052
2025-11-24,NC-SBY-SEL-22,0.9993815789128891,1.0,0.0,1.0,2910.646873,62.74100446935045,10.0606601590005,24206.91961140001,0.2269653274626484,0,0.9677373435418763,0.999286133540619,0.999286133540619,0.9987467677713088
2025-11-24,NC-SBY-SEL-23,1.0,1.0,0.0,1.0,2457.226378,61.57797697363732,11.597793496159596,20291.0130561,0.2042244266494229,0,0.9908779149519892,0.9994274126207802,0.9994274126207802,0.9990695455087676
2025-11-24,NC-SBY-TMR-10,1.0,1.0,0.0,0.9999788895925692,2758.5474510000004,69.74277185523093,7.631557688547653,24305.8027537,0.2548532602087673,0,0.983428977104656,0.9991987003578406,0.9991987003578406,0.998770608768194
2025-11-24,NC-SBY-TMR-11,0.9999151936026937,1.0,5.37822357275392e-06,1.0,3773.850049000001,85.80452564376218,13.316868044370148,30361.1373554,0.2227735468077495,0,0.7916008379674417,0.9991968250968536,0.9991968250968536,0.998941698951148
2025-11-24,NC-SBY-TMR-12,1.0,1.0,0.0,1.0,3019.342835,72.66763254508207,11.284486784715837,24682.24308599999,0.2387828739734898,0,0.9927527459223878,0.9993664638368718,0.9993664638368718,0.9989391952617388
2025-11-24,NC-SBY-TMR-13,1.0,1.0,3.4643072424807213e-05,1.0,3530.203188,85.65339469565554,15.111497519265477,27304.6227767,0.1925730557695307,0,0.96949610733026,0.9995581087052584,0.9995581087052584,0.9993255343396052
2025-11-24,NC-SBY-TMR-14,1.0,1.0,5.891363261458702e-06,1.0,3318.0150180000005,77.55619791788138,9.901948858323257,26980.64833300001,0.2631279685616395,1,0.9838337833741072,0.9993940006059994,0.9993940006059994,0.9987678012321988
2025-11-24,NC-SBY-TMR-8,1.0,1.0,0.0,1.0,2392.317879,83.85648574998051,17.269334260191023,18560.4584911,0.177877680058187,0,0.9897154537141628,0.999616738927348,0.999616738927348,0.9992334778546962
2025-11-24,NC-SBY-TMR-9,1.0,1.0,0.0,1.0,2497.95872,84.23363564809057,16.008714202866578,19063.4377771,0.1483432770516785,0,0.992749645054425,0.9995655007603736,0.9995655007603736,0.9993792868005338
2025-11-24,NC-SBY-UTR-1,1.0,1.0,3.099301624034051e-05,1.0,2280.2699710000006,83.04259038328068,16.879989867155164,17406.539443100002,0.1528221117562167,0,0.9742069095359126,0.9996529603533496,0.9996529603533496,0.999358502471343
2025-11-24,NC-SBY-UTR-2,0.9997403776325344,1.0,0.0,1.0,4078.6362880000006,88.3819710538087,16.33920878477815,29555.36638229999,0.1568403530244582,0,0.967037742545286,0.9993946236031348,0.9993946236031348,0.9993291775061764
2025-11-24,NC-SBY-UTR-3,1.0,1.0,0.0,1.0,2620.516989,74.99664396529192,12.761344042819742,21232.4497211,0.1660357560524987,0,0.9846361748247308,0.9995189609556644,0.9995189609556644,0.9992784414334964
2025-11-24,NC-SBY-UTR-4,0.9998166666666668,1.0,0.0,1.0,2417.0161129999988,89.75532490141514,16.813589151132543,19153.060934700006,0.1795332110852552,0,0.9879154078549848,0.9996935059315616,0.9996935059315616,0.9994591281145206
2025-11-24,NC-SBY-UTR-5,1.0,1.0,7.993742041944306e-05,1.0,3577.1090549999994,69.16988823033947,14.147352723010554,26722.96645279999,0.2040671809108768,0,0.9384870576100138,0.9990565666889422,0.9990565666889422,0.998466920869531
2025-11-24,NC-SBY-UTR-6,0.999522309711286,1.0,1.2705027379334002e-05,1.0,3018.8426910000007,78.29458939170671,9.234815949991114,24469.811428500005,0.2526921063268565,1,0.9417622373798816,0.9993818521110334,0.9993818521110334,0.9985770935386052
2025-11-24,NC-SBY-UTR-7,1.0,1.0,1.51995896110805e-05,1.0,4308.049697999999,80.87429495945753,13.61641535653126,33583.01194309999,0.2386381922653355,0,0.8231631165553404,0.9992166995585032,0.9992166995585032,0.9989318630343228
2025-11-24,NC-SDA-UTR-24,1.0,1.0,0.0,1.0,3723.7618779999993,74.68666940295817,13.720966053180591,29634.34456700001,0.1767549757790367,0,0.9770280746170528,0.9987993534980374,0.9987993534980374,0.9979219579773724
2025-11-24,NC-SDA-UTR-25,1.0,1.0,0.0,1.0,2564.310268,94.58147395228508,17.189581755390886,19993.1276716,0.128906342993179,0,0.9750149069901564,0.9995089931775896,0.9995089931775896,0.999095513748191
2025-11-24,NC-SDA-UTR-26,1.0,1.0,0.0,1.0,3282.5456099999988,74.4867891141725,15.162852951069636,25801.1909644,0.1512958897064966,0,0.9863013698630136,0.9995914986326552,0.9995914986326552,0.9992510808265344
2025-11-24,OA_CLUSTER,0.9998526166688436,1.0,1.816369549783516e-05,0.9999985825738268,72080.83537400002,76.42293666278114,13.695176379110652,571007.1246224,0.2017114923386386,2,0.9474862169114348,0.9993591889666532,0.9993591889666532,0.999041387690936
2025-11-25,NC-SBY-BRT-15,0.9996425815696648,1.0,0.0,1.0,3487.0441090000004,55.04549572335188,11.758268506835032,28355.4159431,0.2554642237904915,0,0.9872564446257552,0.9989322568645552,0.9989322568645552,0.9986498215835664
2025-11-25,NC-SBY-BRT-16,1.0,1.0,0.0002001159292279,1.0,3402.6992079999995,79.75338905562238,16.711244857717954,26776.0833353,0.1906452495155953,0,0.9894103619473616,0.9991584439628872,0.9991584439628872,0.9990322105573204
2025-11-25,NC-SBY-BRT-17,0.985650406504065,1.0,0.0,1.0,3508.787200999999,81.28682841006534,16.49548593172236,25373.1476912,0.1651562461484594,0,0.9888672016193162,0.9994766328460468,0.9994766328460468,0.9991435810208038
2025-11-25,NC-SBY-SEL-18,1.0,1.0,3.361853053403036e-05,1.0,3620.960332,70.15862945193429,13.882246434816876,28412.23792909999,0.18743170401855,0,0.9173667817949648,0.9990794593916064,0.9990794593916064,0.99884235044702
2025-11-25,NC-SBY-SEL-19,1.0,1.0,0.0,1.0,3766.391548,70.62561933444236,12.874736514219624,28742.684167900006,0.2073586995521145,0,0.8319891846533961,0.9992508358212292,0.9992508358212292,0.9989824785034608
2025-11-25,NC-SBY-SEL-20,1.0,1.0,0.0,1.0,3109.068846999998,67.16633938868165,12.462715008134934,24563.66541440001,0.2231100178402555,0,0.9669478091324352,0.9993156627683883,0.9993156627683883,0.9984846818442888
2025-11-25,NC-SBY-SEL-21,1.0,1.0,0.0,1.0,3127.4850800000013,77.85953343729764,14.861392688688078,24132.180350699997,0.2115217270627356,0,0.9898866772041686,0.9994348064997252,0.9994348064997252,0.9991522097495878
2025-11-25,NC-SBY-SEL-22,1.0,1.0,0.0,1.0,2967.040648,63.66847504484851,9.347844379729944,24795.194376400013,0.243386811120143,0,0.9626085961499528,0.9992693921964868,0.9992693921964868,0.998740867402456
2025-11-25,NC-SBY-SEL-23,0.9995549189027828,1.0,7.207934494291316e-06,1.0,2493.034749,58.626787219643255,10.639332120604678,20457.7912286,0.2163917391442974,0,0.9858545566124578,0.9993480720188676,0.9993480720188676,0.99907963108546
2025-11-25,NC-SBY-TMR-10,1.0,1.0,0.0,1.0,2856.808512,72.4055219644809,11.844947459061071,24168.775554600004,0.2367394316805172,0,0.9867575311701386,0.9994042944951396,0.9994042944951396,0.999052286696813
2025-11-25,NC-SBY-TMR-11,0.9999007710782456,1.0,0.0,1.0,3732.976824,86.30307606046173,13.845576283902991,30401.7189093,0.2186538429206719,0,0.9840079072267316,0.999372708397756,0.999372708397756,0.9992136767239476
2025-11-25,NC-SBY-TMR-12,0.9998648470464137,1.0,0.0,1.0,3157.626484,70.9416432832808,10.234978935373924,25463.1772523,0.2565146557167778,0,0.990310686353941,0.99943661971831,0.99943661971831,0.9991146881287728
2025-11-25,NC-SBY-TMR-13,1.0,1.0,7.26274430056141e-06,1.0,3580.9132180000006,85.93524561692486,14.98387623416898,27355.40639129999,0.1910067544542311,0,0.9747310384567534,0.9998323397913562,0.9998323397913562,0.9995715350223549
2025-11-25,NC-SBY-TMR-14,1.0,1.0,0.0,1.0,3262.187943,81.58223212663178,11.575021857275951,26479.925279699997,0.247455681542048,0,0.7599967881805042,0.999403440161734,0.999403440161734,0.999105160242601
2025-11-25,NC-SBY-TMR-8,1.0,1.0,0.0,1.0,2460.8982090000004,83.55119887373245,17.548855517256833,18934.5088876,0.1839198834550036,0,0.9937105513042508,0.9995718309859156,0.9995718309859156,0.9992338028169014
2025-11-25,NC-SBY-TMR-9,1.0,1.0,0.0,1.0,2526.520817,83.06295973006596,16.55991143140814,19243.8624993,0.1588799599824926,0,0.9905502802882964,0.999185369231396,0.999185369231396,0.9989002484623845
2025-11-25,NC-SBY-UTR-1,1.0,1.0,3.084357168560119e-05,1.0,2340.3586380000006,82.56671207638085,15.53975652378866,18227.5425016,0.161850680107266,0,0.9859539451470688,0.9994243676678832,0.9994243676678832,0.9991710894417518
2025-11-25,NC-SBY-UTR-2,1.0,1.0,0.0,1.0,4106.283946,89.12448098120964,16.696446740979876,28790.4927783,0.1617986050733462,0,0.975255653395856,0.9995305072477944,0.9995305072477944,0.9992566364756744
2025-11-25,NC-SBY-UTR-3,1.0,1.0,0.0,1.0,2764.8153709999992,75.34240599333825,12.94602231278472,21675.316385,0.1682365499144805,0,0.990534494562708,0.9995771193369232,0.9995771193369232,0.9994784471822052
2025-11-25,NC-SBY-UTR-4,1.0,1.0,0.0,1.0,2459.7827,90.63084023307547,16.873430087060413,19260.943332000003,0.1640337022962823,0,0.9881376141199816,0.9995436491168764,0.9995436491168764,0.9994253359249556
2025-11-25,NC-SBY-UTR-5,0.9997468434343434,1.0,9.714868606402098e-05,0.9999915178041292,3703.274439999999,69.14841033950829,12.599216519635323,28303.70987149999,0.2189993757209585,0,0.9363986462831136,0.9989622201492536,0.9989622201492536,0.9985890858208956
2025-11-25,NC-SBY-UTR-6,1.0,1.0,1.193937186964594e-05,1.0,3026.8870840000004,82.0408994138342,10.472896585707492,25155.610326300004,0.2437459476588301,0,0.946298220462706,0.9990809847387768,0.9990809847387768,0.9986725335115666
2025-11-25,NC-SBY-UTR-7,0.99994256915143,1.0,0.0,1.0,4298.486111999998,80.3641730230896,13.401084877858734,34396.727079699995,0.2387838802371195,0,0.9645805491578758,0.9993252665197248,0.9993252665197248,0.9989766542215824
2025-11-25,NC-SDA-UTR-24,0.9869492894056848,1.0,0.0,1.0,3681.822401000001,74.71940325000197,14.219362630287163,29174.039173500005,0.1739371316920182,0,0.9867425660999176,0.9988320331438142,0.9988320331438142,0.9983692538234388
2025-11-25,NC-SDA-UTR-25,1.0,1.0,0.0,1.0,2660.0708909999994,92.4462660392118,16.862867125956303,20578.6036129,0.1361070562313068,0,0.9822109275730624,0.9995161800554532,0.9995161800554532,0.9994417462178308
2025-11-25,NC-SDA-UTR-26,1.0,1.0,0.0,1.0,3224.2935589999997,75.00270890993698,16.396725108841782,25564.895952,0.1529250234601919,0,0.8603225178996508,0.9996192341166232,0.9996192341166232,0.9991659413983174
2025-11-25,OA_CLUSTER,0.9992424524748068,1.0,1.783398301661169e-05,0.9999995870598978,73760.33201999999,76.43053209802078,13.700328036837574,579466.1174851998,0.2060556564353471,0,0.9596464339883796,0.9993396056618348,0.9993396056618348,0.9990297561880892
2025-11-26,NC-SBY-BRT-15,0.998671365395246,1.0,0.0,1.0,3448.713934,54.27317756903145,10.794679836952067,28960.215494699987,0.247040115967266,0,0.982282141742866,0.9989411317765544,0.9989411317765544,0.998763306578724
2025-11-26,NC-SBY-BRT-16,1.0,1.0,0.0,1.0,3531.822722999999,79.99704710262286,15.565141407011998,26893.1812412,0.2033335650098512,0,0.9884762857381012,0.9992706753929717,0.9992706753929717,0.9991939043817056
2025-11-26,NC-SBY-BRT-17,0.991097323110035,1.0,0.0,1.0,3485.65623,78.92928321939385,16.015332691720698,25943.4850979,0.1735301824072267,0,0.9847625607923944,0.9994372628464852,0.9994372628464852,0.9992443243938516
2025-11-26,NC-SBY-SEL-18,1.0,1.0,0.0,1.0,3545.750486000001,73.76858685647917,13.843038609129929,28802.2747202,0.1730780740486782,0,0.987645484533516,0.9992418259358712,0.9992418259358712,0.99894171536882
2025-11-26,NC-SBY-SEL-19,1.0,1.0,0.0,1.0,3750.354977,70.56671631603993,10.9435241782841,29401.6491598,0.2162757399393692,0,0.9741469555423043,0.9991831367548614,0.9991831367548614,0.9989440548294548
2025-11-26,NC-SBY-SEL-20,1.0,1.0,6.3199539907349474e-06,1.0,3049.502242,71.46029871645946,13.54495627109092,24465.61805470001,0.1930136616923876,0,0.9639188472155152,0.99946978717071,0.99946978717071,0.999190727786873
2025-11-26,NC-SBY-SEL-21,1.0,1.0,0.0,1.0,3052.9987070000016,79.68931510023396,14.84979969543178,23714.3936083,0.1899907102869015,0,0.745358187134503,0.9994407764188044,0.9994407764188044,0.9993145001262764
2025-11-26,NC-SBY-SEL-22,1.0,1.0,0.0,1.0,3073.100011999998,67.51379661895182,9.843326479709129,25384.179403899994,0.2324793144866946,0,0.9650434034979222,0.999356069639876,0.999356069639876,0.998831385642738
2025-11-26,NC-SBY-SEL-23,1.0,1.0,0.0,1.0,2489.660597,59.70979301287616,10.072037041013203,20375.443058,0.2043430888108115,0,0.9833262916465476,0.9994862720474912,0.9994862720474912,0.9993911372414712
2025-11-26,NC-SBY-TMR-10,0.999393701371308,1.0,0.0,1.0,2872.858632,72.14831931073773,12.418361648145588,23842.531249900003,0.2328836991073853,0,0.9433174189391056,0.99898753894081,0.99898753894081,0.99865005192108
2025-11-26,NC-SBY-TMR-11,0.9996641414141414,1.0,0.0,1.0,3705.724067000002,86.18482823726661,13.815251119903351,29779.269345099998,0.2280735351387379,0,0.7331428610721457,0.9993422691713588,0.9993422691713588,0.9990333349942696
2025-11-26,NC-SBY-TMR-12,1.0,1.0,6.882644036533074e-06,1.0,3130.000327999999,71.96605318492115,11.931905751541343,25177.000839,0.2498620737032161,0,0.9905222501725252,0.9995060966198488,0.9995060966198488,0.9992282759685136
2025-11-26,NC-SBY-TMR-13,1.0,1.0,0.0,1.0,3475.233953,89.56917929695283,15.70955477591063,27561.58000230001,0.1785872853005313,0,0.961747792458529,0.9995285509542128,0.9995285509542128,0.9991136757939202
2025-11-26,NC-SBY-TMR-14,0.9991531038080332,1.0,0.0,0.9999225852115636,3309.515134,81.8635220037039,9.089627299678508,27708.29927860001,0.2444158108350444,1,0.986503122844786,0.9993865353268014,0.9993865353268014,0.9988607084640596
2025-11-26,NC-SBY-TMR-8,0.9991320613542836,1.0,0.0,1.0,2535.659433,83.58261247717324,19.07618012652418,19030.5394078,0.1816695018159386,0,0.9951681635666112,0.9996196754563894,0.9996196754563894,0.9993914807302232
2025-11-26,NC-SBY-TMR-9,1.0,1.0,1.0826611811833486e-05,1.0,2589.139544,82.71974545864359,16.518417387961502,19376.7872991,0.161588871087475,0,0.9849848454937118,0.9995249538925836,0.9995249538925836,0.9994690661152406
2025-11-26,NC-SBY-UTR-1,1.0,1.0,9.733117906990323e-06,1.0,2368.421318,82.46723573837782,15.484052365718306,17979.4580564,0.1637379134421783,0,0.9809611471756612,0.9994323557237464,0.9994323557237464,0.9991674550614948
2025-11-26,NC-SBY-UTR-2,0.9982256915724658,1.0,0.0,1.0,4196.093613000001,87.72534039679424,15.66161627751123,29016.58139180001,0.1677395470281199,0,0.9774117153306552,0.9997363303780364,0.9997363303780364,0.9991925117827364
2025-11-26,NC-SBY-UTR-3,1.0,1.0,0.0,1.0,2794.1051499999985,74.51188021395052,12.725052506799535,21565.2663885,0.1723173996317471,0,0.9867574853588662,0.9995390997080964,0.9995390997080964,0.999163551322101
2025-11-26,NC-SBY-UTR-4,1.0,1.0,0.0,1.0,2613.741466,88.74064085734683,16.74071784855139,19760.6933328,0.1820660213518344,0,0.9849606895984953,0.9997140178897698,0.9997140178897698,0.9994915873595908
2025-11-26,NC-SBY-UTR-5,1.0,1.0,5.320309216371655e-06,1.0,3711.2949940000008,70.13815214643799,12.807111305037544,28164.332499299988,0.2013652043949161,0,0.9250965756563873,0.9992310892062573,0.9992310892062573,0.9985882293623084
2025-11-26,NC-SBY-UTR-6,0.9990076923076924,1.0,0.0,1.0,3005.3440600000004,79.93367370640752,12.165673340602652,24539.589244999985,0.2331672560388928,0,0.945506948018528,0.9991997948191844,0.9991997948191844,0.9988612464734548
2025-11-26,NC-SBY-UTR-7,0.9990141547488082,1.0,4.754365696300628e-06,1.0,4794.1685,76.51467361698285,11.231963668324608,34652.13549500001,0.2858690025042719,0,0.9636478038483396,0.9993267769903292,0.9993267769903292,0.998990165485494
2025-11-26,NC-SDA-UTR-24,1.0,1.0,0.0,1.0,3645.536716999998,75.94830395624733,14.248621325232255,29361.689299000005,0.1748046487152835,0,0.964092558362429,0.9990223047095084,0.9990223047095084,0.9985914559374276
2025-11-26,NC-SDA-UTR-25,1.0,1.0,0.0,1.0,2661.900599000001,95.30368969956882,17.37015066074653,20411.346801099997,0.1313018974582389,0,0.984824002096253,0.9993757658428316,0.9993757658428316,0.9993064064920352
2025-11-26,NC-SDA-UTR-26,1.0,1.0,0.0,1.0,3763.134324,71.82883092436889,14.227798037297775,25999.4479452,0.2006892778541964,0,0.9942059079643648,0.999559613634362,0.999559613634362,0.9992513431784152
2025-11-26,OA_CLUSTER,0.99920867007937,1.0,1.889669786600268e-06,0.9999970961731393,74528.8601,76.77238331013046,13.523522769908928,582094.5036693001,0.2047413413283546,1,0.954571760635832,0.9993843182590288,0.9993843182590288,0.999073856321117
2025-11-27,NC-SBY-BRT-15,0.9989561287477954,1.0,0.0,1.0,3578.477194,55.2103231085522,11.124753488198316,29014.08042460001,0.2628323572106954,0,0.9154803317415304,0.9988988221475416,0.9988988221475416,0.9988090965447486
2025-11-27,NC-SBY-BRT-16,1.0,1.0,0.0,1.0,3490.557424,83.86441783982035,15.940734712745382,26977.43082670001,0.1924281299128428,0,0.9850721153846154,0.999359621684195,0.999359621684195,0.9990640624615156
2025-11-27,NC-SBY-BRT-17,1.0,1.0,6.616163286909921e-06,1.0,3597.5926570000006,80.39416474011207,15.963338681468445,26215.690831500004,0.1832883782953287,1,0.9884519487336512,0.999586368545626,0.999586368545626,0.9993795528184388
2025-11-27,NC-SBY-SEL-18,1.0,1.0,0.0,1.0,3631.311885,73.74979450710633,14.147411531967467,28961.387758000008,0.1630441368909782,0,0.9884669826495378,0.9992565940111212,0.9992565940111212,0.99895923161557
2025-11-27,NC-SBY-SEL-19,1.0,1.0,0.0,1.0,3736.4230350000007,71.40397211557877,12.602770530387062,28993.138203500017,0.2142837885809014,0,0.9826089104630624,0.999247696069212,0.999247696069212,0.9989216976992038
2025-11-27,NC-SBY-SEL-20,1.0,1.0,3.667930064800098e-05,1.0,3119.2080850000007,68.66337057842438,12.428543909466011,24608.529949500004,0.2223402922164511,0,0.9775338176124676,0.9992770213278708,0.9992770213278708,0.9983933807286018
2025-11-27,NC-SBY-SEL-21,1.0,1.0,0.0,1.0,3009.669539000001,76.22982699757205,12.885518261841424,23877.9274446,0.2271528046263424,0,0.9897250616848784,0.9994021585223876,0.9994021585223876,0.998993109090337
2025-11-27,NC-SBY-SEL-22,0.998089808178829,1.0,4.857693858417655e-06,0.999623455939753,3104.439131,65.42108830696456,8.454477436234852,25454.8995049,0.2326319485784269,1,0.9644197781938096,0.9991710282500568,0.9991710282500568,0.9986671867888954
2025-11-27,NC-SBY-SEL-23,1.0,1.0,0.0,1.0,2476.589231,59.38857879363196,10.517119063640363,20499.116387899998,0.2108477120358745,0,0.9940392826643896,0.9991946010497958,0.9991946010497958,0.9986113811203378
2025-11-27,NC-SBY-TMR-10,1.0,1.0,0.0,1.0,2775.8356120000003,70.42683257803104,10.63183954136563,23324.101389099997,0.242517227504677,0,0.9813561749792306,0.998951224969236,0.998951224969236,0.9985177312898534
2025-11-27,NC-SBY-TMR-11,1.0,1.0,5.508579612746853e-06,1.0,3736.7421530000006,86.78370497040517,13.744955430043268,30175.2602763,0.2227663881185808,0,0.9876987147145092,0.9994595978270144,0.9994595978270144,0.9992036178503372
2025-11-27,NC-SBY-TMR-12,0.99818296557427,1.0,6.445541618862233e-06,1.0,3124.685856000001,69.58525515107421,9.924026446433317,25406.21485260001,0.2573753850046011,0,0.9632258318025088,0.9994040615497456,0.9994040615497456,0.9989609278303256
2025-11-27,NC-SBY-TMR-13,0.9981545724591556,1.0,7.412623698157963e-06,1.0,3413.046937999999,88.10990620687461,15.208878849759357,27041.21033240001,0.1759880017179436,0,0.968758393438542,0.9993622918250716,0.9993622918250716,0.999092492212602
2025-11-27,NC-SBY-TMR-14,1.0,1.0,6.0253667942035975e-06,0.9964756586908984,3221.626043,84.40381166702731,9.846263411603823,26704.3200019,0.2349698386954181,0,0.6349843153155076,0.999290780141844,0.999290780141844,0.9983451536643028
2025-11-27,NC-SBY-TMR-8,1.0,1.0,0.0,1.0,2438.364439999999,81.51991552348986,16.57376955942762,19056.8993455,0.1828374081034612,0,0.952041720210098,0.9995782073813708,0.9995782073813708,0.9990509666080843
2025-11-27,NC-SBY-TMR-9,1.0,1.0,0.0,1.0,2551.258056,85.50906177901088,15.872445660947506,19376.13472319999,0.1540020280896836,0,0.9641843755708458,0.9995105807774772,0.9995105807774772,0.9993474410366364
2025-11-27,NC-SBY-UTR-1,0.9992104223125564,1.0,2.0498314013672377e-05,1.0,2476.139568000001,82.4779141519156,16.03529241295237,18376.9983509,0.1645603495820367,0,0.9844684336208088,0.9996980456263472,0.9996980456263472,0.999468976791162
2025-11-27,NC-SBY-UTR-2,1.0,1.0,0.0,1.0,4288.766772,89.539520543126,16.002337981262563,29454.8532324,0.1619554812746538,0,0.9762811205156356,0.999543329346526,0.999543329346526,0.998999673806676
2025-11-27,NC-SBY-UTR-3,1.0,1.0,0.0,1.0,2757.910569999999,73.35301957001298,11.15169744708368,21674.304870599997,0.1850100031085309,0,0.9874862595784678,0.9992831541218636,0.9992831541218636,0.9988420181968568
2025-11-27,NC-SBY-UTR-4,1.0,1.0,1.956334611471946e-05,1.0,2641.249152000001,88.48051953419566,13.854480519952157,20788.7977776,0.1992315815095744,0,0.9920897821696826,0.9997588493669796,0.9997588493669796,0.9995693738696064
2025-11-27,NC-SBY-UTR-5,1.0,1.0,9.58047116757202e-06,1.0,3829.801767999999,71.30510289838327,12.33700835022884,29049.46861069999,0.2220744902116112,0,0.8960221975908567,0.9993738526561456,0.9993738526561456,0.9984061703974612
2025-11-27,NC-SBY-UTR-6,1.0,1.0,0.0,1.0,3113.192533000001,78.94979455764116,11.285490561135724,25292.317586300003,0.2412568905974669,0,0.9519108886830993,0.9992607878769212,0.9992607878769212,0.9989938501658094
2025-11-27,NC-SBY-UTR-7,1.0,1.0,0.0,1.0,4912.329973999999,77.12428116184994,10.744198435030889,34672.96711980002,0.2735576457383779,0,0.966806000796195,0.9991037878460676,0.9991037878460676,0.998769058005442
2025-11-27,NC-SDA-UTR-24,1.0,1.0,0.0,1.0,3740.0052490000016,74.52409088829349,13.745691866302934,29518.116664900004,0.1781895423270237,0,0.9878672534792436,0.9986994472650876,0.9986994472650876,0.9980991921566664
2025-11-27,NC-SDA-UTR-25,1.0,1.0,9.414511528069368e-06,1.0,2614.014607,93.57547117601068,17.479241711767532,20186.463721500004,0.1417289003763181,0,0.990014464027428,0.9993651171557248,0.9993651171557248,0.9990873559113544
2025-11-27,NC-SDA-UTR-26,1.0,1.0,8.979401253524415e-06,1.0,3823.059037000002,73.94212603027027,13.459586365949464,26095.080047300005,0.1887542115020253,0,0.9950628940095791,0.9996461653166188,0.9996461653166188,0.999481884927906
2025-11-27,OA_CLUSTER,0.9996582814702786,1.0,5.296354294060219e-06,0.9998482729624738,75025.217616,76.76032157266322,13.007313747100913,584996.0498005002,0.208871762593929,2,0.957516017286627,0.9993441157284648,0.9993441157284648,0.998926976381786
2025-11-28,NC-SBY-BRT-15,1.0,1.0,0.0,1.0,3718.273016999997,53.19728456291055,9.449303357282062,30726.9933347,0.2797433644840325,0,0.9775404602003744,0.9987664334718984,0.9987664334718984,0.998191895636892
2025-11-28,NC-SBY-BRT-16,1.0,1.0,0.0,0.979926315219158,3556.2175399999983,85.89731866840953,16.729166881265947,26710.15055669999,0.1837593666197649,0,0.9921115162243024,0.9994181536074476,0.9994181536074476,0.999191880010344
2025-11-28,NC-SBY-BRT-17,1.0,1.0,0.0,1.0,3574.4993729999974,79.51346620020111,14.437212539878391,26696.805002399997,0.1818031173802415,0,0.9861700329246595,0.9995051604693906,0.9995051604693906,0.9991281398746408
2025-11-28,NC-SBY-SEL-18,1.0,1.0,1.5552825170692256e-05,1.0,3594.728628,76.01978450031437,15.381867309093032,28556.51613960001,0.1593262788983628,0,0.989349403780694,0.9993870879869244,0.9993870879869244,0.9990692817579224
2025-11-28,NC-SBY-SEL-19,0.999108878807518,1.0,0.0,0.9957040891201387,3637.690766,68.69101724004979,8.402015555105072,29030.8697096,0.2098314512498926,0,0.9848807289752172,0.9993407897338988,0.9993407897338988,0.9990331795209844
2025-11-28,NC-SBY-SEL-20,1.0,1.0,3.523442638353848e-05,1.0,3050.292228000001,70.07793402391391,13.12100057296612,24470.646111700004,0.2120577999355337,0,0.9517391451030668,0.999174770273887,0.999174770273887,0.9985725756088856
2025-11-28,NC-SBY-SEL-21,0.9999446237844865,1.0,0.0,1.0,2982.473252,76.23517689096487,14.031059944217644,23391.618656999995,0.214794902688915,0,0.9917146531000168,0.999578213311588,0.999578213311588,0.999268903073419
2025-11-28,NC-SBY-SEL-22,1.0,1.0,5.032661976225705e-06,1.0,2969.5760010000004,65.11257543774069,9.025126477934975,24539.519999799988,0.2255982509218851,0,0.9603144637126136,0.9992017133956388,0.9992017133956388,0.9986760124610592
2025-11-28,NC-SBY-SEL-23,1.0,1.0,8.34327573691983e-06,1.0,2508.723944,60.22692039382648,10.140061262770264,19775.482497600005,0.2054249296927493,0,0.9926494009261756,0.9991337649311572,0.9991337649311572,0.998723443056442
2025-11-28,NC-SBY-TMR-10,1.0,1.0,6.170934896636841e-06,1.0,2659.883733000001,74.76874591974864,13.824010914062791,22299.266387400003,0.2022955850038085,0,0.9725459963870255,0.9986316191446027,0.9986316191446027,0.9982179226069248
2025-11-28,NC-SBY-TMR-11,1.0,1.0,6.156953047076063e-06,1.0,3676.4571540000006,89.43719469927564,14.699879114706691,29295.121109699998,0.2024096205323256,0,0.9827496199849528,0.9994180407371483,0.9994180407371483,0.9990688651794376
2025-11-28,NC-SBY-TMR-12,1.0,1.0,7.568647634040749e-06,1.0,3129.244378000001,72.00329844003873,11.279621344079866,24301.95884090001,0.2409087965374594,0,0.9897533828022698,0.9996718442353972,0.9996718442353972,0.999398381098228
2025-11-28,NC-SBY-TMR-13,0.9984995222495222,1.0,8.39186660288848e-06,1.0,3443.410381,91.42277963451129,16.141842590848103,27095.39255939999,0.1669112120601175,0,0.9131296783329962,0.9995704467353952,0.9995704467353952,0.999188621611302
2025-11-28,NC-SBY-TMR-14,1.0,1.0,0.0,1.0,3198.8585230000003,84.43898527887231,13.704588014529008,25626.72222100001,0.2122477044900361,0,0.9801125082726672,0.9991852032917788,0.9991852032917788,0.9989407642793124
2025-11-28,NC-SBY-TMR-8,1.0,1.0,0.0,1.0,2501.0326299999992,85.53015881745733,18.19620974547633,18813.907227100004,0.1567811783039761,0,0.977736789774774,0.9998684297085718,0.9998684297085718,0.9996710742714296
2025-11-28,NC-SBY-TMR-9,0.9986442022631424,1.0,0.0,1.0,2549.335989,86.00322968539119,16.721003841961608,18777.145784,0.1437676123321397,0,0.981610426709516,0.9995881538058332,0.9995881538058332,0.999475832116515
2025-11-28,NC-SBY-UTR-1,1.0,1.0,1.2745510393963729e-05,1.0,2344.0180869999995,82.68005789310233,16.17354901377968,17523.490829199993,0.1648808400785099,0,0.9815660263588596,0.9989010201400004,0.9989010201400004,0.9985665480086964
2025-11-28,NC-SBY-UTR-2,0.9956186143039591,1.0,0.0,1.0,4169.468973,88.84277448833215,15.814652566510372,28854.350102300006,0.1636028367850576,0,0.9763029255341148,0.999437751004016,0.999437751004016,0.99929718875502
2025-11-28,NC-SBY-UTR-3,1.0,1.0,0.0,0.9981671134327674,2808.758225,75.34393282939843,12.919215184703049,21465.5244461,0.1637713584793494,0,0.9810672045475384,0.999270970975532,0.999270970975532,0.998906456463298
2025-11-28,NC-SBY-UTR-4,1.0,1.0,0.0,1.0,2465.753595,92.0358561422311,17.54821139273726,19832.7847219,0.1726666970297583,0,0.985049786628734,0.9995902618909414,0.9995902618909414,0.9992829583091474
2025-11-28,NC-SBY-UTR-5,0.9995841190027236,1.0,0.0,0.960534061112003,4049.531892,69.87490080876205,10.939467921140778,30886.2735543,0.2430448974654657,0,0.9020636616107668,0.9992502395068242,0.9992502395068242,0.9759639527150826
2025-11-28,NC-SBY-UTR-6,1.0,1.0,7.148576003660071e-06,1.0,3206.241069,83.01858781257482,12.190831673701233,25608.7111646,0.2284256448053465,0,0.9071760931080616,0.9990570017619178,0.9990570017619178,0.9988088443308436
2025-11-28,NC-SBY-UTR-7,0.9998732712142522,1.0,0.0,1.0,5225.468974000001,78.55172925506662,10.96851795976928,34976.56973439999,0.2756651222852563,0,0.958916156437188,0.9987867249038712,0.9987867249038712,0.9983387464068392
2025-11-28,NC-SDA-UTR-24,1.0,1.0,0.0,1.0,3831.205071,75.33895131180144,10.85432445965599,29739.71361420001,0.1897170240724147,0,0.9881382993754768,0.9992554775579664,0.9992554775579664,0.9990782103098632
2025-11-28,NC-SDA-UTR-25,1.0,1.0,0.0,1.0,2666.8517960000004,98.87452336694284,17.505628073139313,19978.3540849,0.1330674143157505,0,0.9917954976946026,0.9994693227742172,0.9994693227742172,0.9993060374739764
2025-11-28,NC-SDA-UTR-26,1.0,1.0,0.0,1.0,4035.3327489999992,72.11246509805174,11.82153119254344,26235.0095263,0.1910263078528545,0,0.9964721671885984,0.9995061186412776,0.9995061186412776,0.9992591779619162
2025-11-28,OA_CLUSTER,0.9995361357832576,1.0,4.99577983558466e-06,0.9969103467815956,75019.93835200001,77.82298498238306,13.522549285848756,579255.8206914,0.2005855411006212,0,0.969371575078453,0.999291971642768,0.999291971642768,0.9978342959875662
2025-11-29,NC-SBY-BRT-15,0.9997962962962964,1.0,8.276398607909755e-06,1.0,3782.096142,54.21786567148951,7.511014386053953,30820.19783969999,0.2867396217862417,1,0.9305810078145028,0.9986258882650858,0.9986258882650858,0.9982882493816496
2025-11-29,NC-SBY-BRT-16,1.0,1.0,2.2258330180069893e-05,0.979426523297491,3668.036174,85.21220918953068,16.718827413070986,26790.84750080001,0.1804649650074191,0,0.9892341987936007,0.999325771396843,0.999325771396843,0.9991076386134689
2025-11-29,NC-SBY-BRT-17,1.0,1.0,1.2310798416831324e-05,1.0,3720.0085880000006,80.26098338881164,15.043977172777652,26569.9113888,0.1807233843865588,0,0.988975432160266,0.9995441353006428,0.9995441353006428,0.999209834521114
2025-11-29,NC-SBY-SEL-18,1.0,1.0,6.464918121811988e-06,1.0,3772.023746,76.2064950131692,15.711405303162902,28276.34611080001,0.1569968161645077,0,0.9911391490693698,0.9995697021109186,0.9995697021109186,0.9992377580250555
2025-11-29,NC-SBY-SEL-19,0.9999086491739552,1.0,0.0,1.0,3307.784711,75.21422038167843,16.87426688882367,24028.949760799995,0.1464905136038137,0,0.9881076766797272,0.9992790831114184,0.9992790831114184,0.9990583942679752
2025-11-29,NC-SBY-SEL-20,1.0,1.0,5.177438203576871e-05,1.0,2841.410172,76.16382049085993,14.786196778273297,21148.858032200005,0.1630791140261918,0,0.9772671577460322,0.9991429046577376,0.9991429046577376,0.998631205945939
2025-11-29,NC-SBY-SEL-21,1.0,1.0,0.0,1.0,3038.464446999999,78.59341841832095,14.881059563481356,22449.5650006,0.2085889022172103,0,0.9906324567246482,0.999362267493357,0.999362267493357,0.9990256864481842
2025-11-29,NC-SBY-SEL-22,0.9983650860407578,1.0,0.0,1.0,2937.180135000001,65.9470871034308,8.846521402247413,23170.3051285,0.2163483899372904,0,0.9653360160267808,0.9991540402133028,0.9991540402133028,0.998595102497092
2025-11-29,NC-SBY-SEL-23,1.0,1.0,2.6405428956193396e-05,1.0,2453.3729180000005,59.97058141310536,11.082058753348438,18995.599044100007,0.1986209344890361,0,0.991047448522829,0.9992218331387916,0.9992218331387916,0.9986937913401144
2025-11-29,NC-SBY-TMR-10,1.0,1.0,2.4090725672884083e-05,1.0,2582.4451450000006,73.35858587563945,10.03424853875496,20728.2275018,0.2130723624767016,0,0.9836200924999476,0.998726948034726,0.998726948034726,0.9982495535477482
2025-11-29,NC-SBY-TMR-11,1.0,1.0,0.0,1.0,3555.4466729999986,90.74117320631468,16.550390636353132,26290.9230552,0.185906169202579,0,0.9884745982554396,0.9993879695601464,0.9993879695601464,0.999099275956442
2025-11-29,NC-SBY-TMR-12,1.0,1.0,1.3668764822066856e-05,1.0,2843.4942829999995,77.08027262473486,9.913519742463029,22704.82611319999,0.2055415833613939,1,0.993123562857408,0.9993823347745522,0.9993823347745522,0.9987646695491044
2025-11-29,NC-SBY-TMR-13,1.0,1.0,9.547177377008488e-06,1.0,3178.590817,94.18241166639794,17.51567327423499,24174.0541362,0.1350836017491616,0,0.9473578460920232,0.9992772108843536,0.9992772108843536,0.9991071428571427
2025-11-29,NC-SBY-TMR-14,1.0,1.0,0.0,1.0,3233.519553000001,91.84958181502448,17.656826188840856,23966.983887400005,0.1742961944920206,0,0.9865065292786012,0.999350996411392,0.999350996411392,0.9987783461861496
2025-11-29,NC-SBY-TMR-8,1.0,1.0,4.240762206327217e-05,1.0,2635.956,86.28448152600929,19.15036200110633,18453.0944454,0.1594825284327585,0,0.9794577929694044,0.9996099748921335,0.9996099748921335,0.9992199497842672
2025-11-29,NC-SBY-TMR-9,0.999915054563492,1.0,0.0,1.0,2624.370596,83.76090253754833,16.488417092522322,18813.16289700001,0.1436014829340251,0,0.9814708669154374,0.999209356852695,0.999209356852695,0.9991548297390878
2025-11-29,NC-SBY-UTR-1,0.9988421691508582,1.0,4.821290820262279e-05,1.0,1955.308431,85.76915535853372,17.447878253997708,13975.6460465,0.108837692936238,0,0.9525929127052722,0.9991530208921512,0.9991530208921512,0.9988989271597968
2025-11-29,NC-SBY-UTR-2,0.9916724507928404,1.0,8.729278874272196e-06,1.0,4464.961577999999,93.11144950645854,18.021233309551956,29610.63145319999,0.1355586751720908,0,0.972164127449594,0.9996343971361108,0.9996343971361108,0.9994668291568284
2025-11-29,NC-SBY-UTR-3,1.0,1.0,0.0,0.9986209010113392,2688.8479950000005,77.56137840344074,12.966347015031037,19376.740279800004,0.1486143001745606,0,0.9782268004930446,0.9994491413790626,0.9994491413790626,0.9991856872560057
2025-11-29,NC-SBY-UTR-4,0.9968965997770346,1.0,0.0,1.0,2353.9822699999995,91.61965176703504,17.73826027727586,18126.222243000007,0.1579679203035476,0,0.9813531950192822,0.999719765848798,0.999719765848798,0.9995485116452858
2025-11-29,NC-SBY-UTR-5,0.9990287020232572,1.0,0.0,0.7219824672105287,4145.546834000001,65.6849478996313,6.8060043884563735,31019.555361899995,0.2896621050722323,1,0.8520975483061073,0.9988933543013572,0.9988933543013572,0.9742707681810427
2025-11-29,NC-SBY-UTR-6,1.0,1.0,6.572634180326792e-06,1.0,2750.0666620000006,83.81336829148452,11.897038720412882,21744.48031580001,0.2022346312524549,0,0.9213080290289136,0.9992626504963352,0.9992626504963352,0.998767415755068
2025-11-29,NC-SBY-UTR-7,1.0,1.0,6.031363088057901e-06,1.0,4958.626356999999,80.0447330248027,14.186876196046816,30769.7658335,0.2483625743314584,0,0.9638361865354372,0.9995011862035404,0.9995011862035404,0.9990510371677108
2025-11-29,NC-SDA-UTR-24,1.0,1.0,0.0,1.0,3959.031069,77.01004674568156,13.610880958158752,28965.593334599995,0.1814840256509005,0,0.9889308114763592,0.9988168200856622,0.9988168200856622,0.998651174897655
2025-11-29,NC-SDA-UTR-25,1.0,1.0,3.506024518798135e-05,1.0,2631.8273630000003,100.01300116884784,18.94351013330737,18999.6233341,0.1112462814884418,0,0.986921735562622,0.9993949661181026,0.9993949661181026,0.9992013552758956
2025-11-29,NC-SDA-UTR-26,1.0,1.0,8.829320407208257e-06,1.0,3962.251347,74.23693981644094,13.910616267750756,24938.14200079999,0.1758981992795285,0,0.994547152194211,0.9995849330704576,0.9995849330704576,0.9993384870810418
2025-11-29,OA_CLUSTER,0.9991983995499576,1.0,1.2026089554237366e-05,0.9854958535669324,73491.54022699999,79.51248421530809,14.265271580854137,542004.8933762001,0.1846427697797499,3,0.9682961185369195,0.9992981813330016,0.9992981813330016,0.9977698916540156
2025-11-30,NC-SBY-BRT-15,1.0,1.0,0.0,1.0,3707.14025,55.829380200352354,7.233908855270636,29889.805834200004,0.2636351965112392,2,0.9775050087494612,0.9985705674674932,0.9985705674674932,0.9982089038146904
2025-11-30,NC-SBY-BRT-16,1.0,1.0,0.0,0.9732094197286522,3813.703311,88.25010960791377,17.10710649576284,25658.893056799992,0.17320458789161,0,0.9903777758670554,0.9992748518625948,0.9992748518625948,0.9992955703808064
2025-11-30,NC-SBY-BRT-17,1.0,1.0,6.351424306900823e-06,1.0,3726.520121,81.3880711666064,13.688873665888831,25578.75083479999,0.189111535397878,0,0.9888754106646448,0.99963280012852,0.99963280012852,0.9993688752208936
2025-11-30,NC-SBY-SEL-18,1.0,1.0,7.273732370291167e-06,1.0,3559.4244040000003,78.31316344896679,15.960776850497536,26661.708889899997,0.1471873307490964,0,0.9732763561159146,0.999567943762626,0.999567943762626,0.9992760138725084
2025-11-30,NC-SBY-SEL-19,1.0,1.0,0.0,1.0,3201.5311899999992,75.00151838843139,14.325648721294408,23352.403889199995,0.1648496190692869,0,0.9922122914786456,0.9994545984957064,0.9994545984957064,0.999238974645172
2025-11-30,NC-SBY-SEL-20,1.0,1.0,1.7057132866536464e-05,1.0,2650.1610490000007,74.51624957679415,15.274225746244872,18212.18215820001,0.1627418664569587,0,0.9772886655173422,0.9990421455938696,0.9990421455938696,0.9987068965517242
2025-11-30,NC-SBY-SEL-21,1.0,1.0,0.0,1.0,3035.317075999999,77.06189364004922,15.958742895501349,21164.740001100006,0.212573644110784,0,0.9887739884298332,0.9994092223500513,0.9994092223500513,0.9992071142066478
2025-11-30,NC-SBY-SEL-22,1.0,1.0,0.0,0.9865020561542824,3001.701575,68.56523339016738,8.183152373493575,23703.4766666,0.2261254826818456,0,0.9520377069337278,0.9989987895814344,0.9989987895814344,0.9920412193564672
2025-11-30,NC-SBY-SEL-23,1.0,1.0,0.0,1.0,2497.476068,57.51674603612123,9.94506409310702,18258.576664,0.2191947291199407,0,0.9925826390755174,0.9994569201944226,0.9994569201944226,0.9988866863985664
2025-11-30,NC-SBY-TMR-10,1.0,1.0,1.8610421836228288e-05,1.0,2529.730482,73.32368727023508,12.294601857382512,19468.994444099997,0.2014442373177265,0,0.9884035814386196,0.9984039505633918,0.9984039505633918,0.9983084604261588
2025-11-30,NC-SBY-TMR-11,1.0,1.0,0.0,1.0,3355.28252,91.83512301070684,16.43013260340953,24152.2308318,0.1694073285763128,0,0.9799696592078886,0.999523534016268,0.999523534016268,0.99930798988077
2025-11-30,NC-SBY-TMR-12,1.0,1.0,2.2276180080639773e-05,1.0,2994.815406000001,74.53618488488502,11.000294365891056,21744.451110200003,0.205667315344468,0,0.9919282463584176,0.9994074740003678,0.9994074740003678,0.9988762437938008
2025-11-30,NC-SBY-TMR-13,1.0,1.0,0.0,1.0,3226.570805,92.26720404618302,16.814003455113813,21923.928612300017,0.1364806965816375,0,0.9510790356283692,0.9995397296958032,0.9995397296958032,0.997698648479016
2025-11-30,NC-SBY-TMR-14,0.9997619766505637,1.0,7.990219970755794e-06,1.0,3211.9181709999984,88.71805062383574,16.734858256754386,23607.090752200013,0.1813457522117107,0,0.9767194248046992,0.9994165467346066,0.9994165467346066,0.998949784122292
2025-11-30,NC-SBY-TMR-8,1.0,1.0,0.0,1.0,2671.9894589999994,84.88363211613772,18.49051687302645,18253.9325004,0.1654311543066529,0,0.9742387655338948,0.999625755874648,0.999625755874648,0.9992121176308376
2025-11-30,NC-SBY-TMR-9,1.0,1.0,1.273382485897289e-05,1.0,2753.127248999999,83.9097627605395,17.380896282586,18766.798054,0.132507418808722,0,0.9872491331895238,0.9991215741391428,0.9991215741391428,0.9992679784492856
2025-11-30,NC-SBY-UTR-1,1.0,1.0,4.276428327061238e-05,1.0,1835.1858959999995,91.77075228354396,19.26918730145305,12443.445279799991,0.1025652611762031,0,0.9778054904868636,0.99968731678718,0.99968731678718,0.99953097518077
2025-11-30,NC-SBY-UTR-2,0.9901960784313726,1.0,8.561204047737274e-06,1.0,4840.957967999999,87.58027356092948,16.538699244504627,30832.42568359999,0.1639096093112109,0,0.9810426912621968,0.9995734500472914,0.9995734500472914,0.9994807217967026
2025-11-30,NC-SBY-UTR-3,1.0,1.0,1.4442727364635538e-05,0.9932125458426844,2596.975039999999,80.71603841220278,14.74250678975932,17538.673888700003,0.133446564536198,0,0.98276322547509,0.999297555493116,0.999297555493116,0.9989884799100872
2025-11-30,NC-SBY-UTR-4,1.0,1.0,0.0,1.0,2330.352082000001,95.24620345847238,20.108674105023816,16913.290556300006,0.1407765248648484,0,0.9895231558275658,0.9995241248034428,0.9995241248034428,0.9993586029959448
2025-11-30,NC-SBY-UTR-5,1.0,1.0,0.0,0.6905728682549778,4077.659405,72.01415061909393,10.476536425514054,29349.2705537,0.2319986398705925,0,0.842960802007491,0.9991959691252144,0.9991959691252144,0.9735648283647614
2025-11-30,NC-SBY-UTR-6,1.0,1.0,7.730185601756299e-06,0.7712286588172714,2749.390049,88.65605575791845,14.131630792203469,21397.804897399998,0.1727163169531368,0,0.9141901813074566,0.99935547976475,0.99935547976475,0.999019792142224
2025-11-30,NC-SBY-UTR-7,1.0,1.0,1.4023278642546629e-05,1.0,4677.182847000003,84.85743789490648,15.068758503911935,28062.71805269999,0.1994619053618773,0,0.9737877289390908,0.9996178780372108,0.9996178780372108,0.999248932693828
2025-11-30,NC-SDA-UTR-24,0.9992345258912676,1.0,0.0,1.0,3832.8533320000015,75.97547323777275,13.646268035787251,26985.985639699997,0.1735428282013798,0,0.9868719475712756,0.998706713938502,0.998706713938502,0.9983053492987268
2025-11-30,NC-SDA-UTR-25,1.0,1.0,0.0,1.0,2544.7374670000004,101.43606260977216,17.881221872525188,17368.859167,0.1073041376531409,0,0.9935670310340496,0.9993252024392684,0.9993252024392684,0.9992002399280216
2025-11-30,NC-SDA-UTR-26,0.999910844250364,1.0,8.11925562664415e-06,1.0,4236.574048,70.85547338768119,12.577511667055646,25138.1826437,0.1891060691217755,0,0.9963348240326656,0.999399839957322,0.999399839957322,0.9990930914910644
2025-11-30,OA_CLUSTER,0.9993972390933016,1.0,7.743651336847457e-06,0.9739267999248776,73044.112423,80.37455573639438,14.601603034281728,516935.593212,0.1781293155470103,2,0.9703771284834914,0.9993394098612676,0.9993394098612676,0.9974312182846512
2025-12-01,NC-SBY-BRT-15,1.0,1.0,0.0,1.0,3398.347904,57.734319180633,11.972192355774707,28523.401945200003,0.2335536210222683,0,0.985891995792986,0.9990569651961216,0.9990569651961216,0.99876226681991
2025-12-01,NC-SBY-BRT-16,1.0,1.0,0.0,0.9354247246349656,3410.927436000001,84.79027883347925,16.021692936937583,26649.93305749999,0.187111186025126,0,0.9798259843680872,0.9991120370212258,0.9991120370212258,0.9989754273321836
2025-12-01,NC-SBY-BRT-17,1.0,1.0,1.3935242926122307e-05,0.999721171081458,3403.400492,83.8015906545803,15.989383318924771,25936.6083351,0.1643163466219435,0,0.9900143270608373,0.9994730538922156,0.9994730538922156,0.9992215568862276
2025-12-01,NC-SBY-SEL-18,1.0,1.0,0.0,1.0,3559.835604000001,75.01326329002579,13.703531428219112,29424.689168,0.1639208672218106,0,0.9848787566510336,0.9994275481446688,0.9994275481446688,0.9991633395960544
2025-12-01,NC-SBY-SEL-19,0.999954475308642,1.0,3.896248469330959e-05,1.0,3578.984128999999,72.20903925385139,12.775477410118132,28796.1345843,0.1994958515962556,0,0.983758040441137,0.999316639820374,0.999316639820374,0.9988773368477571
2025-12-01,NC-SBY-SEL-20,0.998197337962963,1.0,4.858555308578994e-05,1.0,2958.141041000001,69.58735057933585,12.925289303177976,24211.497664700008,0.2091672085476868,0,0.9671025838273224,0.9992867591059102,0.9992867591059102,0.9989240942445088
2025-12-01,NC-SBY-SEL-21,1.0,1.0,1.4677714092807186e-05,1.0,3010.565104,75.40659538615276,13.971743681880232,23775.9336124,0.2387077050936864,0,0.9908743165243312,0.9994496062063452,0.9994496062063452,0.9991875139236526
2025-12-01,NC-SBY-SEL-22,1.0,1.0,1.665806000233213e-05,1.0,3054.7930409999994,66.49416828312184,9.002391813216459,25404.46609740001,0.2278063106988796,0,0.9733577437775164,0.9988635683952388,0.9988635683952388,0.998400023924876
2025-12-01,NC-SBY-SEL-23,1.0,1.0,1.5251225817275064e-05,1.0,2524.737427000001,58.937607123042525,10.06901614025519,20676.7575008,0.2319872246139104,0,0.993372526392939,0.9993099303252232,0.9993099303252232,0.9988869843955211
2025-12-01,NC-SBY-TMR-10,1.0,1.0,0.0,1.0,2726.079384000001,74.38615056508118,13.166741808446858,22195.5988865,0.2079457527987994,0,0.6016792731436837,0.9989753780234112,0.9989753780234112,0.998633837364548
2025-12-01,NC-SBY-TMR-11,1.0,1.0,0.0,1.0,3638.127008000001,85.84338167462059,14.44933479924133,29194.960834099995,0.2187208779953197,0,0.9862825527043784,0.999376090622837,0.999376090622837,0.9991518731904192
2025-12-01,NC-SBY-TMR-12,1.0,1.0,3.391808105064648e-05,1.0,2913.3361949999994,76.54784678019006,12.200611611743224,23593.2688888,0.2097267963890003,0,0.975533594734134,0.999756731974775,0.999756731974775,0.9990456408241172
2025-12-01,NC-SBY-TMR-13,1.0,1.0,1.5192835058986182e-05,1.0,3409.284475000001,87.30136859574415,14.989283303425772,27415.3483326,0.1725567148833239,0,0.9662623458903044,0.9995211040727922,0.9995211040727922,0.9985633122183766
2025-12-01,NC-SBY-TMR-14,1.0,1.0,5.954436650748473e-06,0.9930422239428104,3241.832382,77.65023146335618,10.41684818950725,26806.4530545,0.2473825397088717,0,0.9864849504410294,0.999459336406579,0.999459336406579,0.9984918331341416
2025-12-01,NC-SBY-TMR-8,1.0,1.0,1.369206544807284e-05,1.0,2502.697438000001,81.42037348592406,17.504576794735268,18616.2763361,0.1897112295742647,1,0.97924781964218,0.9997444416049068,0.9997444416049068,0.9995071373808916
2025-12-01,NC-SBY-TMR-9,1.0,1.0,2.210188971157034e-05,1.0,2522.177434000001,85.06459278896756,15.390903269639892,18997.611537899997,0.146961625063013,0,0.9642908493375784,0.999289288151012,0.999289288151012,0.9991471457812144
2025-12-01,NC-SBY-UTR-1,0.9999373306233064,1.0,3.379938935769894e-05,1.0,2205.538866000001,84.07765497397193,17.01106881410547,17106.436755200004,0.1342944560849827,0,0.9360458760273904,0.99966684434968,0.99966684434968,0.9988539445628998
2025-12-01,NC-SBY-UTR-2,0.9934592501759884,1.0,8.059121716915291e-06,1.0,4178.105033000002,89.03334721575592,15.85004465286142,29730.306105199983,0.1582704122829893,0,0.9799864259974468,0.999738482325764,0.999738482325764,0.9993026195353704
2025-12-01,NC-SBY-UTR-3,1.0,1.0,0.0,0.9991560533988032,2675.411366999999,77.74705278482617,13.29613080705725,21704.13777559999,0.157444770956792,0,0.980893675119768,0.999507308260798,0.999507308260798,0.9989963686794036
2025-12-01,NC-SBY-UTR-4,0.9975030218503022,1.0,1.0352609892954011e-05,1.0,2417.99546,90.16331104700669,16.708922110104947,19884.0799974,0.1741127129744667,0,0.988170320961564,0.9997096680538082,0.9997096680538082,0.9992580405819542
2025-12-01,NC-SBY-UTR-5,0.999981548577563,1.0,1.5677585233805054e-05,0.9393746439223836,3760.333691,69.83047646195637,12.837441241002647,28747.51802260001,0.2121721361257321,0,0.939242721078377,0.9993240370253268,0.9993240370253268,0.9901741414534488
2025-12-01,NC-SBY-UTR-6,1.0,1.0,5.588215571003867e-06,0.9966454835162788,2985.398020000001,79.97686777636571,10.2844374987159,26201.511110799995,0.2278607848567073,0,0.9333337579455562,0.9991886011841072,0.9991886011841072,0.9990013553035166
2025-12-01,NC-SBY-UTR-7,0.9998796296296296,1.0,1.434308663224326e-05,1.0,4739.699999,77.1255546243646,11.793194183923273,33288.85694739999,0.2652146958524081,0,0.9516313695030488,0.9995299259315724,0.9995299259315724,0.9989963283403844
2025-12-01,NC-SDA-UTR-24,0.9990150202195264,1.0,4.727436993770289e-05,1.0,3737.268828000001,76.3056955455912,14.471214773243824,29174.24100460001,0.1665494637445245,0,0.9883581747783003,0.9992332921582826,0.9992332921582826,0.99870085615709
2025-12-01,NC-SDA-UTR-25,1.0,1.0,0.0,1.0,2545.601517999999,96.54012196301451,15.961606601469356,20171.192498899996,0.1318688802397287,0,0.991014799154334,0.9991702924213296,0.9991702924213296,0.9990691085702722
2025-12-01,NC-SDA-UTR-26,1.0,1.0,2.3850220614540684e-05,1.0,3858.307546,73.11721337440265,13.656964078308237,25634.68457639999,0.191729372846359,0,0.9874076528722636,0.9996824251172862,0.9996824251172862,0.9993504150126308
2025-12-01,OA_CLUSTER,0.9994274228130476,1.0,1.41820574224665e-05,0.9937092046785092,72815.74893000002,77.55721794410765,13.605876370336608,576881.7865501001,0.1979274125927092,1,0.958949943309852,0.9993942326063326,0.9993942326063326,0.9985384785916892
2025-12-02,NC-SBY-BRT-15,1.0,1.0,4.974010793603422e-06,1.0,3480.2470969999995,54.36722544557788,10.793818164574803,28271.9586127,0.2605399190759977,0,0.9846571684146388,0.9991210876734492,0.9991210876734492,0.9987788563250576
2025-12-02,NC-SBY-BRT-16,1.0,1.0,6.8425194156488416e-06,1.0,3378.262173,85.55485832198595,16.17214810048134,26328.6258333,0.1743163495619527,0,0.9907133321725,0.9993314912202512,0.9993314912202512,0.999064087708352
2025-12-02,NC-SBY-BRT-17,0.999685417423967,1.0,1.3798337300355307e-05,0.999605452912846,3525.074425000001,81.79990529715097,15.370897554378216,25744.238865099996,0.1726906890420516,0,0.9903553243668276,0.999362817128516,0.999362817128516,0.9990897387550228
2025-12-02,NC-SBY-SEL-18,1.0,1.0,0.0,1.0,3637.403707,75.17889865418995,14.946427896340431,29503.223611900004,0.167474027088793,0,0.9939022336017248,0.9992433009881598,0.9992433009881598,0.9989910679842132
2025-12-02,NC-SBY-SEL-19,1.0,1.0,5.2718703541642505e-05,1.0,3646.964103,69.33979156835119,11.33946419837238,29094.877501000003,0.2169796116833153,0,0.9866421368066411,0.999304172822061,0.999304172822061,0.9990151369173784
2025-12-02,NC-SBY-SEL-20,0.997076940957694,1.0,0.0001970288056113,1.0,3006.5654629999995,67.21219293262662,12.37359808638741,24184.632743400005,0.2090304186323242,0,0.9432671338915616,0.9991902178314034,0.9991902178314034,0.9984614138796664
2025-12-02,NC-SBY-SEL-21,0.999983266682232,1.0,0.0002832269989863,0.9999855903628346,3041.880715,75.30167330909767,13.650351621757723,23919.1765322,0.2186480707283037,0,0.9904135191409832,0.9995025210084032,0.9995025210084032,0.9992201680672268
2025-12-02,NC-SBY-SEL-22,1.0,1.0,4.805497489127562e-06,1.0,3067.428213999999,62.67783262860552,9.16532921974774,25414.1108319,0.2533690551388379,0,0.981712767051342,0.9992344768925432,0.9992344768925432,0.9987950099234476
2025-12-02,NC-SBY-SEL-23,0.999825355489418,1.0,0.0,1.0,2635.6482690000007,57.669323906496814,9.97173667728719,21018.8659443,0.2247494079215137,0,0.9941717837018096,0.9995978848744396,0.9995978848744396,0.9990349236986548
2025-12-02,NC-SBY-TMR-10,0.9927481785063752,1.0,1.8548516736944936e-05,1.0,2683.6506300000005,71.25445606037313,12.762684733216162,22030.312878900004,0.2262015340737485,0,0.981537604068694,0.9993217686187555,0.9993217686187555,0.9988913525498893
2025-12-02,NC-SBY-TMR-11,1.0,1.0,0.0,1.0,3603.6120489999994,85.97133236433152,13.88989014282616,29435.4480549,0.214400284161011,0,0.9863582109190704,0.9993041822310116,0.9993041822310116,0.9990936058009228
2025-12-02,NC-SBY-TMR-12,1.0,1.0,6.527798630467848e-06,1.0,3034.9996370000017,73.99922580906583,11.216194432387317,24110.524168000004,0.234590750304787,0,0.9923372940858765,0.999601391007931,0.999601391007931,0.999230272291177
2025-12-02,NC-SBY-TMR-13,1.0,1.0,1.3844279543692546e-05,1.0,3499.913481,87.91073379220687,15.097527295339711,26014.06542280001,0.1683129863764354,0,0.9616983514389176,0.999366921656555,0.999366921656555,0.9991558955420732
2025-12-02,NC-SBY-TMR-14,0.9997332930756844,1.0,2.473655568198684e-05,0.9930409134377196,3395.847708999999,79.3882621949245,9.629612591159905,26978.52264260001,0.2468710156987807,1,0.9576322677135912,0.9995027184723512,0.9995027184723512,0.996690385570081
2025-12-02,NC-SBY-TMR-8,0.998216189674523,1.0,1.3768415255404104e-05,1.0,2523.437522,82.43509415004934,15.032930308756711,18604.697855100007,0.1904905365989698,0,0.9772825795264538,0.9994334277620396,0.9994334277620396,0.9990616147308782
2025-12-02,NC-SBY-TMR-9,1.0,1.0,0.0,1.0,2609.457819000001,85.15868229194172,14.693141617338547,19104.0050015,0.157147849974003,0,0.974727734170031,0.9992068108508276,0.9992068108508276,0.9992596901274392
2025-12-02,NC-SBY-UTR-1,0.9999383186540198,1.0,2.113070396940274e-05,1.0,2344.8924759999995,82.81976411049561,15.844785042736094,17883.423551000003,0.1542517513923238,0,0.9881023354674824,0.9994457978778676,0.9994457978778676,0.9991340591841684
2025-12-02,NC-SBY-UTR-2,1.0,1.0,0.0,1.0,4201.694060999999,90.52766117057082,15.922612399305184,29189.0683311,0.1551415790795951,0,0.968734515502774,0.999634320667531,0.999634320667531,0.9993185066985804
2025-12-02,NC-SBY-UTR-3,0.9990574695720456,1.0,1.0041471276371414e-05,1.0,2798.563093,73.71240215477677,13.331656215356752,21950.5831683,0.1717661673377189,0,0.9804918020462936,0.9994550958627648,0.9994550958627648,0.999212916246216
2025-12-02,NC-SBY-UTR-4,0.9993918744877648,1.0,1.0645319253124402e-05,1.0,2550.435074,86.83359402122157,16.699915173369074,19834.8597223,0.1920232045200625,0,0.988480592771292,0.9996033105537424,0.9996033105537424,0.9993508718152148
2025-12-02,NC-SBY-UTR-5,1.0,1.0,0.0,0.9856693827010832,3783.485121,69.25281729329276,12.356932115773494,28451.77805580001,0.2219339101057654,0,0.9366523143164692,0.9991115509621116,0.9991115509621116,0.9966328454700548
2025-12-02,NC-SBY-UTR-6,1.0,1.0,1.257363434613958e-05,1.0,2994.102169999999,82.05689808208093,10.92385402230609,24747.298334100004,0.2367611819855765,0,0.9416728498308538,0.9993441421282588,0.9993441421282588,0.9991223078481112
2025-12-02,NC-SBY-UTR-7,1.0,1.0,1.0523491062925214e-05,1.0,4893.285625,77.34055457879248,11.295111120352514,33280.651945900005,0.2584268980397785,0,0.9599281188632406,0.9995773457311918,0.9995773457311918,0.9988527955560924
2025-12-02,NC-SDA-UTR-24,1.0,1.0,5.098321122854244e-06,1.0,3734.3685800000007,72.3905538135978,12.903654681307517,28928.857939300004,0.1812198054127626,0,0.9929105417891644,0.9988618832039252,0.9988618832039252,0.9982801790637092
2025-12-02,NC-SDA-UTR-25,1.0,1.0,8.88786184707545e-06,1.0,2656.4700050000006,96.6084953503486,17.347361668866956,20348.698994300004,0.1258539071843022,0,0.9926000350860406,0.999410425639934,0.999410425639934,0.9992139008532452
2025-12-02,NC-SDA-UTR-26,0.9994787756721292,1.0,7.867758711575833e-06,1.0,3797.277066999999,72.85142965757296,13.59235457608176,25290.430152599994,0.1927436547872386,0,0.8058069104195787,0.9996783686859751,0.9996783686859751,0.9992602479777432
2025-12-02,OA_CLUSTER,0.9994369355599008,1.0,2.872744723341812e-05,0.9990175582393314,74336.85063300001,76.62556418179969,13.206165244581634,575094.9496081001,0.2044211547295782,1,0.9756734938907982,0.9993759520780542,0.9993759520780542,0.9988417179931632
2025-12-03,NC-SBY-BRT-15,1.0,1.0,4.9523583130286645e-06,1.0,3558.9407110000016,54.266727548453765,8.387161519993464,28978.59277810001,0.2717170124633075,2,0.99132059291927,0.9984786787279204,0.9984786787279204,0.9983147039800316
2025-12-03,NC-SBY-BRT-16,1.0,1.0,1.4688170147762993e-05,1.0,3382.820641999999,83.53965011309877,16.670552107167683,25698.34898410001,0.1730781750608187,0,0.9931193816080208,0.9990425553586344,0.9990425553586344,0.998859214895394
2025-12-03,NC-SBY-BRT-17,1.0,1.0,0.0,0.9999062579513344,3557.5191680000003,82.15082246681317,15.08570129923414,26195.96027590001,0.1861625346698208,0,0.9907660897406152,0.9994213746660592,0.9994213746660592,0.9992243958289732
2025-12-03,NC-SBY-SEL-18,1.0,1.0,0.0,1.0,3586.9058939999995,76.5567798954993,14.854941993692234,29349.643612200005,0.164767208033553,0,0.9922128748665802,0.9994703389830508,0.9994703389830508,0.9990690806368772
2025-12-03,NC-SBY-SEL-19,1.0,1.0,1.2332813299705865e-05,1.0,3754.8483260000016,71.66087777399213,12.009093648147177,29378.7861122,0.2053154806587147,0,0.9895624044378736,0.9994789100693524,0.9994789100693524,0.9992325766475916
2025-12-03,NC-SBY-SEL-20,0.999091724537037,1.0,0.0001100964212868,1.0,3119.919935999999,69.18143460561872,13.40048151095844,24380.94033110001,0.1995808968071569,0,0.9671904767272768,0.998993913799528,0.998993913799528,0.9986461309154142
2025-12-03,NC-SBY-SEL-21,1.0,1.0,0.0001236714413542,1.0,3113.8031189999992,75.38056311339187,13.55685190866263,24052.7336741,0.2365226931288502,0,0.9931372210918372,0.9993464784524608,0.9993464784524608,0.9990103816565836
2025-12-03,NC-SBY-SEL-22,1.0,1.0,0.0,1.0,2945.810275,63.79281402591054,9.673947418910176,24452.3291248,0.2349971692834611,0,0.9830802829394096,0.9994318732938878,0.9994318732938878,0.9990854545706488
2025-12-03,NC-SBY-SEL-23,1.0,1.0,0.0,1.0,2722.696773000001,56.77525778367259,9.065773753289632,21122.414417900003,0.2570714390600976,0,0.9950421275864044,0.9995109712536144,0.9995109712536144,0.9988943697907808
2025-12-03,NC-SBY-TMR-10,0.9917345679012346,1.0,6.534196718526408e-06,1.0,2632.657302000001,73.61323574986649,13.651698588419316,21816.5383226,0.199734050549593,0,0.9782076681039504,0.9993982613594172,0.9993982613594172,0.9990781876144263
2025-12-03,NC-SBY-TMR-11,1.0,1.0,0.0,1.0,3766.334654999999,86.99076621849638,13.66319016613948,29564.52277980001,0.2215931374829614,0,0.9874875105037186,0.999264070963184,0.999264070963184,0.9989795117356152
2025-12-03,NC-SBY-TMR-12,1.0,1.0,1.3542886937208404e-05,1.0,3061.042631000001,74.56435417565861,11.645961221681254,24119.3372229,0.2198835982223803,0,0.992727751164696,0.9996947393413154,0.9996947393413154,0.9993386019061832
2025-12-03,NC-SBY-TMR-13,1.0,1.0,1.5858248403602995e-05,1.0,3617.077636,85.35057894776818,13.124212076287993,20082.213334000004,0.1968619217764064,0,0.9671931558586924,0.9993721720681518,0.9993721720681518,0.9989175380485376
2025-12-03,NC-SBY-TMR-14,1.0,1.0,0.0,0.9922019373311944,3394.4120290000005,79.46481846730948,9.32343901511491,27499.264443199994,0.2414181066165928,1,0.9868010607923428,0.9988589178737836,0.9988589178737836,0.9984151637135884
2025-12-03,NC-SBY-TMR-8,1.0,1.0,0.0,1.0,2563.7981739999987,82.67264655319465,16.322521106850434,18425.032319999995,0.1861808284939972,0,0.9756357619952204,0.9995921242908524,0.9995921242908524,0.9994438058511624
2025-12-03,NC-SBY-TMR-9,0.9999340691137566,1.0,0.0,1.0,2597.878728,85.00757933588172,15.987326663216692,19194.5947388,0.155693409378421,0,0.9829450605535412,0.998669169083774,0.998669169083774,0.9987374168230676
2025-12-03,NC-SBY-UTR-1,1.0,1.0,1.1881564564421842e-05,1.0,2440.434744,83.98923701518198,15.819785930249775,18061.38833430001,0.1484594695168006,0,0.989061337206696,0.999309150352236,0.999309150352236,0.9991631962013
2025-12-03,NC-SBY-UTR-2,1.0,1.0,0.0,1.0,4256.568373000001,88.9984402829858,15.521903717524845,29543.948377499997,0.1676605747983166,0,0.9851522629129044,0.9995856282049068,0.9995856282049068,0.9994820352561335
2025-12-03,NC-SBY-UTR-3,1.0,1.0,0.0,1.0,2805.4147559999983,76.36058861904094,12.970590168439134,21907.8050003,0.1659155106009733,0,0.986675670334014,0.9994036238620616,0.9994036238620616,0.9990177334198664
2025-12-03,NC-SBY-UTR-4,1.0,1.0,0.0,1.0,2607.27114,92.022007708221,17.071766373495628,19847.636945400005,0.1662278815799061,0,0.988847493514575,0.9995678416571832,0.9995678416571832,0.9994093835981503
2025-12-03,NC-SBY-UTR-5,0.999640513320338,1.0,0.0,0.9838473531343732,3988.9647139999993,64.59928679957805,10.835636539691386,30425.2045059,0.2525127650945422,0,0.9489001220149904,0.9990156589427952,0.9990156589427952,0.9965781271174956
2025-12-03,NC-SBY-UTR-6,0.999903059785674,1.0,6.148170919151553e-06,1.0,2914.9403070000008,84.04020784033251,11.637853530412462,24392.4800817,0.2064593942566021,0,0.9285184814184112,0.9994511860479296,0.9994511860479296,0.9991564526292254
2025-12-03,NC-SBY-UTR-7,0.9952980852915578,1.0,0.0,1.0,4863.281694000003,76.7796561148098,10.756408840295862,33075.30110920001,0.2707656486660376,0,0.9244557834399124,0.999135973141108,0.999135973141108,0.9986792732299792
2025-12-03,NC-SDA-UTR-24,1.0,1.0,0.0,1.0,3743.185946000001,73.57201409100257,14.255267947504484,28605.960276899987,0.182005355243718,0,0.9890040548919335,0.9988767725932512,0.9988767725932512,0.9983151588898768
2025-12-03,NC-SDA-UTR-25,1.0,1.0,0.0,1.0,2726.123819000001,94.09369539014268,16.369572061596106,20431.9268119,0.1416189749369338,0,0.9947846303685318,0.9997113684742216,0.9997113684742216,0.999278421185554
2025-12-03,NC-SDA-UTR-26,1.0,1.0,8.570595999245788e-06,1.0,3850.970511000001,72.31479530100405,13.798095788871036,25403.96720559999,0.1917857258543226,0,0.9965627470525557,0.9997094268061418,0.9997094268061418,0.999174160396403
2025-12-03,OA_CLUSTER,0.9993878472622182,1.0,1.3221708852776254e-05,0.9989120761244016,75253.341727,76.94203422481665,13.102094202967228,571565.016826,0.2051899742734769,3,0.978623060137082,0.9992810917582372,0.9992810917582372,0.998891197258546
2025-12-04,NC-SBY-BRT-15,0.999912781084656,1.0,5.245764045533232e-06,1.0,3821.786008999999,54.73565289377872,9.800341471838845,29324.0310727,0.2838400991145307,1,0.8568682289042913,0.9989925134741084,0.9989925134741084,0.9986157298953195
2025-12-04,NC-SBY-BRT-16,1.0,1.0,7.261267672110197e-06,1.0,3524.539851000001,83.27303582052359,16.26370372258281,26289.9944022,0.2012102821805758,0,0.9914960899106876,0.9990801471764518,0.9990801471764518,0.9988001919692848
2025-12-04,NC-SBY-BRT-17,1.0,1.0,0.0,0.9999729773550236,3701.0392669999983,82.09092271811717,14.863493740409762,26153.297730700004,0.1919992261777421,0,0.9902866420333668,0.9996725348422928,0.9996725348422928,0.999410562716127
2025-12-04,NC-SBY-SEL-18,1.0,1.0,5.606449659688506e-06,1.0,3711.851518,74.6114020033828,14.8199074191921,29465.565553400007,0.1677253871382482,0,0.9907362459546926,0.9995223807482702,0.9995223807482702,0.9992774477986652
2025-12-04,NC-SBY-SEL-19,0.9996223765432098,1.0,1.5202959509451172e-05,1.0,3775.230425999999,68.45162482654199,8.31993699511381,28379.963885500005,0.2389680539864244,0,0.6173097236496518,0.9991515737129256,0.9991515737129256,0.9988923323474306
2025-12-04,NC-SBY-SEL-20,0.9973418240374762,1.0,4.061549887437046e-05,1.0,3263.0741180000014,63.74704350508427,10.362119273469334,24824.38495660001,0.24925415550639,0,0.9308283470560909,0.999231767061698,0.999231767061698,0.9986776318275128
2025-12-04,NC-SBY-SEL-21,0.9998444365976146,1.0,1.4398122484827978e-05,1.0,3313.1137759999992,73.22787945836455,12.34192001228071,24751.17241969999,0.2555985920906695,0,0.9923355795998794,0.9995531724754244,0.9995531724754244,0.9992552874590408
2025-12-04,NC-SBY-SEL-22,1.0,1.0,0.0,1.0,3119.761957,62.00171858594033,9.44187866581935,24453.753574200007,0.2749159965863392,2,0.9675646765525392,0.9991543285368584,0.9991543285368584,0.9986859566495798
2025-12-04,NC-SBY-SEL-23,1.0,1.0,1.4682994156168323e-05,1.0,2846.9924210000004,54.69652520297405,9.285320770774526,21526.91805790001,0.2685883550582973,0,0.993368638474321,0.9994464433988376,0.9994464433988376,0.9990419212672188
2025-12-04,NC-SBY-TMR-10,1.0,1.0,1.3085322847627956e-05,0.9999854255024558,2740.16292,73.50781181280838,12.822741544502565,22011.8499984,0.2070201219601031,0,0.9856926142954876,0.999277660877485,0.999277660877485,0.9987437580478
2025-12-04,NC-SBY-TMR-11,1.0,1.0,0.0,1.0,3994.56474,83.77629214288875,13.474034874444136,30245.72083420001,0.2556503218397021,0,0.983152315579112,0.9993642329778508,0.9993642329778508,0.9989848236259228
2025-12-04,NC-SBY-TMR-12,0.999971271494709,1.0,0.0,1.0,3192.0743189999994,71.33909050131922,10.624971032743112,24490.9404689,0.2478487749223615,0,0.9945291460802816,0.9994642665809492,0.9994642665809492,0.9988749598199936
2025-12-04,NC-SBY-TMR-13,1.0,1.0,4.930075101477379e-05,1.0,3824.8277910000006,83.43525801429412,14.21389241030292,20204.1613896,0.2200522927624457,1,0.956043120724207,0.9995791481959486,0.9995791481959486,0.9993827506873912
2025-12-04,NC-SBY-TMR-14,0.9997575465639048,1.0,0.0,0.9989431337788082,3529.6469530000004,76.57612295626993,8.812582133959115,27223.314153599997,0.2813654904275849,1,0.9860025323219532,0.999604461672336,0.999604461672336,0.9982599066677212
2025-12-04,NC-SBY-TMR-8,1.0,1.0,1.3141640602412806e-05,1.0,2577.3040379999998,81.70457603923606,16.556423254302988,18657.6762038,0.1897213561051951,0,0.9324797680879332,0.9996321162512646,0.9996321162512646,0.999402188908305
2025-12-04,NC-SBY-TMR-9,0.990364907476558,1.0,0.0,1.0,2740.351038,80.00992410698977,14.791429177718122,19468.670370700005,0.1772220835808076,0,0.9799184347736308,0.9994465643296148,0.9994465643296148,0.9994174361364364
2025-12-04,NC-SBY-UTR-1,1.0,1.0,3.001230504506848e-05,1.0,2617.475848,79.99904032056574,14.624519953343556,18470.2699998,0.1827666539312057,0,0.9906365386993622,0.9994938462358144,0.9994938462358144,0.9993517679862184
2025-12-04,NC-SBY-UTR-2,1.0,1.0,9.151391469072872e-06,1.0,4419.001271,87.55663825188861,15.681385675149524,29957.070681800004,0.1794285781995534,0,0.9807798389257514,0.9994853661370918,0.9994853661370918,0.9992197486594618
2025-12-04,NC-SBY-UTR-3,1.0,1.0,0.0,1.0,2929.029048000001,74.57589580582031,11.993953331475591,21928.2102755,0.1828447779084915,0,0.989072586994174,0.999332561198249,0.999332561198249,0.9992736695392708
2025-12-04,NC-SBY-UTR-4,1.0,1.0,0.0,1.0,2685.461205000001,89.84635757607272,16.013118417348185,20405.95166590001,0.1984507993541218,0,0.991996387474502,0.9995170934708196,0.9995170934708196,0.9993608590054966
2025-12-04,NC-SBY-UTR-5,0.9996991021333974,1.0,4.454184260694496e-06,0.970300157977883,4291.284516,64.83865506088324,10.683226158009957,31705.7197261,0.2630700805592704,0,0.9220321226923616,0.9990427388929556,0.9990427388929556,0.994158930893762
2025-12-04,NC-SBY-UTR-6,1.0,1.0,0.0,1.0,3091.0572920000013,83.07151706025577,11.586411217342471,24765.9994348,0.2285822058013175,0,0.9336646394439616,0.9994331510696004,0.9994331510696004,0.9989273474086284
2025-12-04,NC-SBY-UTR-7,0.9974875139549916,1.0,0.0,1.0,5103.123324999997,74.57768045749872,9.541948428681785,33651.090307000006,0.292166942712398,0,0.9621151055940674,0.9995346142522012,0.9995346142522012,0.9992496842025282
2025-12-04,NC-SDA-UTR-24,1.0,1.0,5.799084904402085e-06,1.0,3831.124937000001,74.36665715308952,14.436577903657447,28994.545925700004,0.1760067863884878,0,0.9885263096556144,0.999234730811392,0.999234730811392,0.9986556081821756
2025-12-04,NC-SDA-UTR-25,0.9987596040189124,1.0,0.0,1.0,2760.175368,92.90863830814024,16.237474318587655,20732.7274259,0.1431383562029149,0,0.981725513521274,0.9995322790650638,0.9995322790650638,0.999393226895218
2025-12-04,NC-SDA-UTR-26,1.0,1.0,0.0,1.0,4103.63909,69.57443934247698,12.85577541333912,26037.1396249,0.2153803071568412,0,0.99105926882329,0.9995364327278494,0.9995364327278494,0.9993290473692558
2025-12-04,OA_CLUSTER,0.9993172714536084,1.0,9.78980231134476e-06,0.9985060252449478,78812.753647,74.96818799200456,12.508159550900649,578355.7271630001,0.2271558244913413,5,0.9511971915285846,0.9993869124650648,0.9993869124650648,0.9988140246982542
2025-12-05,NC-SBY-BRT-15,0.9989032981107908,1.0,5.303837567563658e-05,1.0,3912.660021999998,49.214140270953926,9.567156056131028,31583.79318330001,0.2926637218176925,0,0.967765764555772,0.9988952842004531,0.9988952842004531,0.998620864352158
2025-12-05,NC-SBY-BRT-16,0.9990906257791076,1.0,1.8656136314169336e-05,1.0,3493.6361310000007,78.56481344167766,14.369841799197069,26088.82527689999,0.2141471521381891,0,0.7825158707236823,0.9993996440747014,0.9993996440747014,0.9992495550933768
2025-12-05,NC-SBY-BRT-17,0.9996913580246912,1.0,0.0,0.9999753043735954,3697.8517039999983,79.98737732053232,14.904374330455004,27079.91366049999,0.1927018529196521,0,0.9919190588616764,0.9992591148372002,0.9992591148372002,0.99897315916033
2025-12-05,NC-SBY-SEL-18,1.0,1.0,1.206687461913927e-05,1.0,3665.549731999999,72.3903136199585,14.427541585971603,29176.081942,0.1757692098429769,0,0.9884388554310856,0.9994641153328366,0.9994641153328366,0.9991373563894445
2025-12-05,NC-SBY-SEL-19,1.0,1.0,5.571434142862714e-06,0.8480782766621191,3817.269762,70.96169928502205,11.112272806170896,29624.385276900004,0.2102987238577272,0,0.9890242051306004,0.9991254218915524,0.9991254218915524,0.998829789854894
2025-12-05,NC-SBY-SEL-20,0.999922906394161,1.0,2.4541684050359536e-05,1.0,3146.485874999999,67.22136140250907,12.554755949390344,24372.2369142,0.2271591022833232,0,0.9756526294345332,0.999041378126252,0.999041378126252,0.9985119899273164
2025-12-05,NC-SBY-SEL-21,1.0,1.0,7.486991352524988e-06,1.0,3201.306106999999,74.25571868791074,13.468424334779106,24043.11793630001,0.2355015067587063,0,0.98756839781127,0.99957010149343,0.99957010149343,0.9989906730715312
2025-12-05,NC-SBY-SEL-22,1.0,1.0,0.0,1.0,3155.392941000001,64.58755267584122,7.939547571852168,25177.402160700003,0.2495698637623676,0,0.9821642983802352,0.9991153681898602,0.9991153681898602,0.9983222500152524
2025-12-05,NC-SBY-SEL-23,0.9920585317460318,1.0,2.2708520994027657e-05,1.0,2818.341222,53.51610520903347,9.93824497445555,20766.9622039,0.2451836251777639,0,0.9870360344101546,0.9995905506204048,0.9995905506204048,0.9991632990938708
2025-12-05,NC-SBY-TMR-10,0.9983253761574076,1.0,5.172536417889217e-05,1.0,2702.091581,72.72882581683605,12.658543458459723,21928.89374270001,0.2071603386502866,0,0.9822549946266492,0.9990500316656112,0.9990500316656112,0.998805342852208
2025-12-05,NC-SBY-TMR-11,1.0,1.0,0.0,1.0,3884.017414,87.54363367949234,15.580437163067057,29346.1013656,0.2153733091315517,0,0.9851029187774843,0.9995193060120284,0.9995193060120284,0.9991727591834908
2025-12-05,NC-SBY-TMR-12,0.9992999397101102,1.0,6.397052238328578e-06,1.0,3068.504432,72.04973594134262,10.45883689696528,23992.2109051,0.2409211337339618,0,0.9899349351572216,0.9995560133551182,0.9995560133551182,0.9990409888470556
2025-12-05,NC-SBY-TMR-13,1.0,1.0,1.0670138018235266e-05,1.0,3624.997714999999,86.4276129500009,15.103323337684992,19847.3408363,0.1924174188293752,0,0.8557855098659437,0.999620597348397,0.999620597348397,0.999199038846616
2025-12-05,NC-SBY-TMR-14,0.9998277316226636,1.0,0.0,0.9993127473517076,3317.202163000001,82.66797499304806,13.504342461609737,25529.5228738,0.2233784085876386,0,0.9774150984486492,0.999538372763993,0.999538372763993,0.9990382765916522
2025-12-05,NC-SBY-TMR-8,0.9894913878300156,1.0,0.0,1.0,2523.269599,81.95049869601418,17.062977476935178,18285.5671614,0.1832645284426466,0,0.9913665395730626,0.9994025545941492,0.9994025545941492,0.9989905232797692
2025-12-05,NC-SBY-TMR-9,0.9817151457978333,1.0,0.0,1.0,2663.628644,83.12496734185841,14.925823435953289,19349.134514500005,0.166643515318074,0,0.9791882244881348,0.9993682500526458,0.9993682500526458,0.9991877500676876
2025-12-05,NC-SBY-UTR-1,0.9999971303948576,1.0,6.01547179345276e-05,1.0,2326.3283220000008,82.59337652266339,15.926514119048806,17330.471307900003,0.1613024057500243,0,0.9897969997976742,0.999562311847471,0.999562311847471,0.9991566496573222
2025-12-05,NC-SBY-UTR-2,1.0,1.0,8.084662586606949e-06,1.0,4308.611233000002,87.27660759793173,16.116694801034146,29318.310903300004,0.1777191754757335,0,0.9798711755233496,0.999552944181888,0.999552944181888,0.9991271767360668
2025-12-05,NC-SBY-UTR-3,1.0,1.0,0.0,1.0,2847.7191570000005,73.83093106625942,12.204170920161486,21685.1041648,0.1718826065937767,0,0.9476012709095416,0.9997333191103526,0.9997333191103526,0.9993066296869166
2025-12-05,NC-SBY-UTR-4,1.0,1.0,0.0,1.0,2600.212771999999,91.3875415733426,16.864350026073083,20061.0097229,0.1848976635107093,0,0.9791358093880852,0.9998750669284312,0.9998750669284312,0.9995538104586827
2025-12-05,NC-SBY-UTR-5,0.99586487142164,1.0,4.296880035406291e-06,0.8870290241915091,4156.400438,60.74726916053636,11.145909160585653,31950.454040599994,0.2377586902166047,0,0.8948577089337176,0.9992539000678272,0.9992539000678272,0.97954250612616
2025-12-05,NC-SBY-UTR-6,0.9999444444444444,1.0,1.1327722334870127e-05,1.0,3019.341442,82.57331919157279,10.875363764136177,24884.64731369999,0.230556766522179,0,0.887714019454376,0.9992291541995882,0.9992291541995882,0.9988538740072824
2025-12-05,NC-SBY-UTR-7,0.9993413033286452,1.0,0.0,1.0,4963.675832999998,77.10539228920729,11.002693868227585,33863.76422230001,0.266411294999648,0,0.9651261170747184,0.9993511830096458,0.9993511830096458,0.9987888749513388
2025-12-05,NC-SDA-UTR-24,1.0,1.0,3.13878121125567e-05,1.0,3912.865542,68.87811196572794,11.416284989257344,29396.566558500013,0.2125319225246568,0,0.9875608081893336,0.9989279545770384,0.9989279545770384,0.9983125210934864
2025-12-05,NC-SDA-UTR-25,1.0,1.0,0.0,1.0,2798.4641019999995,94.98769385609089,16.711670414479045,20533.31889140001,0.13576656147547,0,0.990666797049013,0.9997169200905855,0.9997169200905855,0.9993799201984256
2025-12-05,NC-SDA-UTR-26,0.99245599559956,1.0,0.0,1.0,3984.3699029999993,70.91340851819199,13.760927002684488,25632.718475499994,0.1851614591582801,0,0.995446665015527,0.9995046836531036,0.9995046836531036,0.9984849147036114
2025-12-05,OA_CLUSTER,0.9982001338854388,1.0,1.2571515575771336e-05,0.9873703299233902,76914.49424100001,75.40597836024637,13.120348424231992,575285.2516296001,0.2129312312787825,0,0.9579992344785888,0.9993852323809352,0.9993852323809352,0.9980383811017668
2025-12-06,NC-SBY-BRT-15,0.999791767750283,1.0,1.7504321379340526e-05,1.0,4103.372196000001,52.10114611091462,7.598592362438001,32518.3146305,0.2897159238850038,2,0.9890364415722024,0.9988782315165486,0.9988782315165486,0.9986157994401448
2025-12-06,NC-SBY-BRT-16,0.9996285962301588,1.0,7.464079119238664e-06,1.0,3703.425613,88.06916701135198,17.238476347404834,26018.2111284,0.1715955419106121,0,0.9826899320568252,0.9992752717730852,0.9992752717730852,0.9992002998875422
2025-12-06,NC-SBY-BRT-17,1.0,1.0,5.534861324049526e-06,0.999877811718967,3980.97086,78.65631124976241,12.071986497224133,27533.423611299997,0.2109367844732458,0,0.9780676958133552,0.9994018964259664,0.9994018964259664,0.9989642596644784
2025-12-06,NC-SBY-SEL-18,1.0,1.0,1.8341976989989865e-05,0.7303620640501758,4119.329154000002,72.41452057873401,6.165111082171439,31724.5030555,0.2049475030416943,2,0.918247050228676,0.9991444422164294,0.9991444422164294,0.8249536301006889
2025-12-06,NC-SBY-SEL-19,0.999413425925926,1.0,1.6806157776209203e-05,1.0,3281.142189,77.82592480397317,15.080504131152264,23567.874303699995,0.1457356225738902,0,0.9901027185109418,0.999398007018982,0.999398007018982,0.9992827317672976
2025-12-06,NC-SBY-SEL-20,0.9996772545779754,1.0,2.206661174532188e-05,1.0,2903.051607,73.23658456931227,14.78304712232703,20428.9340523,0.1815549399182105,0,0.9656164490657494,0.999225515736112,0.999225515736112,0.9981553192987396
2025-12-06,NC-SBY-SEL-21,0.9999445994111266,1.0,0.0,1.0,3171.162605,77.84789705150219,14.155360302793689,22862.3717396,0.2206749413877761,0,0.9938033766667173,0.999361526958684,0.999361526958684,0.9989414789051868
2025-12-06,NC-SBY-SEL-22,0.9930756101723844,1.0,0.0,1.0,2895.376071000001,62.03176329929218,9.126092716944028,22183.387966299997,0.2451751129213969,0,0.9642772208729992,0.9991522363690598,0.9991522363690598,0.9988225505125832
2025-12-06,NC-SBY-SEL-23,1.0,1.0,0.0,1.0,2833.803618,53.88807165335327,8.614350599295229,21009.364165199997,0.2505007819500669,0,0.9878820356797124,0.9994386372435152,0.9994386372435152,0.9991482771970576
2025-12-06,NC-SBY-TMR-10,0.9995824928222832,1.0,1.1532163203173653e-05,1.0,2750.873282,71.25724676474574,10.546440080730418,21198.17456320001,0.2165464454350649,0,0.98507288175228,0.9988743419229704,0.9988743419229704,0.998562621224716
2025-12-06,NC-SBY-TMR-11,1.0,1.0,0.0,1.0,3659.2205410000015,90.30643595644943,15.94732671500612,26466.331389600004,0.1852241776343844,0,0.9855663834349448,0.99948064688316,0.99948064688316,0.9991776908983366
2025-12-06,NC-SBY-TMR-12,0.9990926800029968,1.0,1.5764665079690384e-05,1.0,3023.671475999999,81.71114586483563,9.940790977604475,22432.4711971,0.1940489137768342,1,0.9936559586583874,0.9994004663039858,0.9994004663039858,0.998934162318197
2025-12-06,NC-SBY-TMR-13,1.0,1.0,6.352997979746642e-06,1.0,3357.190282,92.4022651411926,16.816306125406495,17396.4975023,0.1567346522763532,0,0.9697891339156366,0.999580484121324,0.999580484121324,0.9990770650669129
2025-12-06,NC-SBY-TMR-14,1.0,1.0,6.854291471890551e-06,1.0,3466.0410780000016,88.07497572538657,14.155854447240095,24335.2172213,0.1859810914075167,0,0.989933296615874,0.999473389724517,0.999473389724517,0.998749300595728
2025-12-06,NC-SBY-TMR-8,1.0,1.0,1.4653302854463396e-05,1.0,2572.817118000001,84.98045431346816,16.22246630812274,18495.9952787,0.166399734225329,0,0.9938014792402085,0.9995063861294502,0.9995063861294502,0.9993007136833878
2025-12-06,NC-SBY-TMR-9,0.9821428571428572,1.0,0.0,1.0,2791.045872,87.31045242756215,16.390969303834915,19485.0969437,0.1385680923503098,0,0.973273114747688,0.9995000294100348,0.9995000294100348,0.9994706193753308
2025-12-06,NC-SBY-UTR-1,1.0,1.0,0.0001128959421972,1.0,1936.92161,88.47013827898274,18.562709676698443,13506.960927499998,0.1069247919069134,0,0.9907307836169816,0.999077759440831,0.999077759440831,0.9991020289292302
2025-12-06,NC-SBY-UTR-2,1.0,1.0,2.838516780365033e-05,1.0,4562.716796,92.88364187631184,16.97176566608239,29357.9758901,0.1446247812210408,0,0.9839859781121753,0.9995765158806544,0.9995765158806544,0.999422521655438
2025-12-06,NC-SBY-UTR-3,1.0,1.0,1.3701633234681574e-05,1.0,2613.8691660000013,81.37657944134703,15.14344265986546,18926.7388864,0.1331052112464656,0,0.9859519667246586,0.9991049280106384,0.9991049280106384,0.9986957522440734
2025-12-06,NC-SBY-UTR-4,1.0,1.0,1.2292260792604976e-05,1.0,2421.1534080000006,93.9941563719137,19.118648637665984,17880.258057700008,0.1489696335494159,0,0.9894503392779028,0.9994610881120936,0.9994610881120936,0.9991916321681406
2025-12-06,NC-SBY-UTR-5,0.9999869490419412,1.0,4.068480666579872e-06,0.7008124761437374,4451.511418000002,58.71343040704004,6.948007099043736,33192.855372400016,0.2924895392951154,1,0.8562625860043631,0.9986351931330472,0.9986351931330472,0.978106304744756
2025-12-06,NC-SBY-UTR-6,1.0,1.0,0.0,1.0,2998.063126,85.70388616955249,9.698579409206918,23016.181526999997,0.2242804364458583,0,0.7833790431413521,0.9993649673663786,0.9993649673663786,0.9988357735050274
2025-12-06,NC-SBY-UTR-7,1.0,1.0,1.2433248994460988e-05,1.0,4918.005446000001,81.52980152443247,13.553544144041508,30498.766666100004,0.2317700208273192,0,0.9718418822835952,0.999515676777976,0.999515676777976,0.998891154728524
2025-12-06,NC-SDA-UTR-24,1.0,1.0,0.0001357988366566,1.0,3875.951513,76.33635086559907,13.222993779693873,27997.42333530002,0.1671511305312772,0,0.9727447524435188,0.9983665406750366,0.9983665406750366,0.9979486789872553
2025-12-06,NC-SDA-UTR-25,1.0,1.0,1.0670536514575952e-05,1.0,2715.7743200000004,97.609293201443,18.45548864966584,19100.8041666,0.1138788553240367,0,0.9926534348203102,0.9995217768646274,0.9995217768646274,0.999326945216883
2025-12-06,NC-SDA-UTR-26,0.9919278986890672,1.0,0.0,1.0,3980.632224,72.25573868257554,14.081638199723868,24478.215337000005,0.1841261093630634,0,0.9924115809033436,0.9996959099893568,0.9996959099893568,0.9994526379808424
2025-12-06,OA_CLUSTER,0.9988261069525026,1.0,1.4472647204496186e-05,0.9703757586056974,76514.734532,78.96960475025901,13.169678853701951,544035.9060759,0.193679022556089,6,0.9650501385813676,0.9992948033984492,0.9992948033984492,0.988411840818162
2025-12-07,NC-SBY-BRT-15,1.0,1.0,4.730727018128146e-06,1.0,4112.138775,51.57998821047267,7.101519653031705,31448.022221800005,0.2920599552899708,2,0.99111043319097,0.9984780830550974,0.9984780830550974,0.9981562680182898
2025-12-07,NC-SBY-BRT-16,1.0,1.0,7.212405337179949e-06,1.0,4011.585469000001,85.98953700017944,17.527334210015887,25780.065555200003,0.185176058101687,0,0.9896184272915576,0.999369032095234,0.999369032095234,0.9992428385142808
2025-12-07,NC-SBY-BRT-17,1.0,1.0,0.0,0.9999286911256106,3996.76976,81.94849580503688,14.589295092429582,26716.31638889999,0.1943242492503959,0,0.989946599270326,0.9992999117280004,0.9992999117280004,0.9989955255227831
2025-12-07,NC-SBY-SEL-18,1.0,1.0,1.3856172925038103e-05,1.0,3902.693694,74.52213441268609,13.941539083056204,27255.0011115,0.1779841599279912,0,0.9911924927432504,0.999375240931024,0.999375240931024,0.9990429222773132
2025-12-07,NC-SBY-SEL-19,0.998383487654321,1.0,0.0,1.0,3353.7962800000005,75.32509974033476,14.404720509198103,24050.0190462,0.1609022144912604,0,0.9937510542084,0.9992553275766458,0.9992553275766458,0.9991285748237344
2025-12-07,NC-SBY-SEL-20,1.0,1.0,1.818727436412742e-05,1.0,2838.656151,73.22837965553745,15.24381435545214,18260.1947205,0.1613895592983973,0,0.9777803962496002,0.9990958578989998,0.9990958578989998,0.9987756409048956
2025-12-07,NC-SBY-SEL-21,1.0,1.0,9.319577636741502e-06,1.0,3148.8873470000003,79.35386037644761,14.463949915460097,21293.149723,0.2114347132536154,0,0.9947435304990758,0.9996329685958756,0.9996329685958756,0.9991971188034776
2025-12-07,NC-SBY-SEL-22,0.9946371385083714,1.0,0.0,0.9941084424654224,2931.659301,62.98683722881268,8.026191376443261,21728.44257590001,0.2462578570383628,0,0.9329607327011142,0.9990013695503308,0.9990013695503308,0.9960589591099224
2025-12-07,NC-SBY-SEL-23,0.999835552237568,1.0,2.534677557331238e-05,1.0,3023.966563999999,54.49462922313556,7.980031451633318,21069.236645500005,0.2744912162984966,0,0.991759412109271,0.9994843057035788,0.9994843057035788,0.9988310929281122
2025-12-07,NC-SBY-TMR-10,1.0,1.0,0.0,1.0,2694.3115800000005,74.09210445947004,13.147450367197704,19287.03971970001,0.183545145679161,0,0.9842495411791696,0.9990596554577598,0.9990596554577598,0.9987963589859324
2025-12-07,NC-SBY-TMR-11,1.0,1.0,3.1792206140664614e-05,1.0,3479.0697810000006,92.25877265883696,15.885413930997366,23801.58000020001,0.1803662651559098,0,0.9792894711235616,0.9994712063318776,0.9994712063318776,0.9991812227074236
2025-12-07,NC-SBY-TMR-12,0.9958621968011864,1.0,0.0,0.999957473952796,2907.537716,81.85347483326726,11.859044001860385,20934.830519000003,0.1900496327043976,0,0.9885182721203918,0.9995757138614282,0.9995757138614282,0.9989392846535704
2025-12-07,NC-SBY-TMR-13,1.0,1.0,0.0,1.0,3396.326233,90.1092389165668,15.67960234488528,16145.688889200002,0.1608628410011605,0,0.9636807449747216,0.9994271310724108,0.9994271310724108,0.999083409715857
2025-12-07,NC-SBY-TMR-14,0.9995555555555556,1.0,7.505760671315235e-06,1.0,3472.3910679999994,85.12711988973649,14.901797804874064,23792.85321320001,0.1869205906203425,0,0.9827089337175792,0.999492127983748,0.999492127983748,0.999018114101913
2025-12-07,NC-SBY-TMR-8,1.0,1.0,1.407380302305289e-05,1.0,2784.326258,82.33861235927482,17.638981147327137,18236.53861039999,0.1811666585717307,0,0.9896713173187774,0.999564616093838,0.999564616093838,0.9993597295497618
2025-12-07,NC-SBY-TMR-9,0.9900541501322752,1.0,0.0,1.0,2888.767614000001,83.01763646539332,16.09083886316843,19004.627018799994,0.1483901086692,0,0.987693036582477,0.9991757022382854,0.9991757022382854,0.9993025172785492
2025-12-07,NC-SBY-UTR-1,1.0,1.0,4.796316428982541e-05,1.0,1934.457711,90.75709506327006,16.963803526269675,12993.7016654,0.1098886999522737,0,0.9809378936610178,0.998970672330692,0.998970672330692,0.9981701140411072
2025-12-07,NC-SBY-UTR-2,1.0,1.0,0.0,1.0,5129.951617000001,86.3126749712799,15.516733264117352,30892.53022390001,0.1740949593802573,0,0.9745621837588766,0.999578465614838,0.999578465614838,0.9992773696254366
2025-12-07,NC-SBY-UTR-3,1.0,1.0,1.3673717747118265e-05,1.0,2673.443169,80.05304623555276,14.058315912090825,17709.938888600005,0.1455210472938169,0,0.9859326004238812,0.9994733944514924,0.9994733944514924,0.9992579649089212
2025-12-07,NC-SBY-UTR-4,1.0,1.0,0.0,1.0,2338.817618,96.45473039505144,18.94028958512097,16634.351111400003,0.1369792967752708,0,0.98743056062201,0.999738409529942,0.999738409529942,0.9995774307791372
2025-12-07,NC-SBY-UTR-5,1.0,1.0,5.079390879445737e-06,0.7123480699879792,4376.0335700000005,62.17192182986816,10.206224516044758,29851.2352794,0.2452298156957495,0,0.8683308156665882,0.9992587376301842,0.9992587376301842,0.985454379228378
2025-12-07,NC-SBY-UTR-6,1.0,1.0,7.26427429899753e-06,1.0,2820.1834010000016,91.6121808118544,11.445222396677543,21118.86304480001,0.1795259788039016,0,0.8847966560747265,0.9990170663210196,0.9990170663210196,0.9984661914020306
2025-12-07,NC-SBY-UTR-7,1.0,1.0,1.983064628076229e-05,1.0,4944.581954999999,80.99639034332176,13.29153312367474,27822.642219999994,0.2369632258800524,0,0.9689826134202664,0.9995176022735616,0.9995176022735616,0.9992029950606668
2025-12-07,NC-SDA-UTR-24,0.999820723061103,1.0,0.0,1.0,3961.314578,74.43421993115295,12.847928904084045,26766.744738000005,0.1743095617220663,0,0.9876410901121851,0.9985901860112784,0.9985901860112784,0.9982114300143086
2025-12-07,NC-SDA-UTR-25,1.0,1.0,0.0,1.0,2673.935202,96.49839101166658,18.857995819584595,17499.954443699997,0.1170549012280989,0,0.9935225921096,0.9993734692715156,0.9993734692715156,0.9989178105598906
2025-12-07,NC-SDA-UTR-26,1.0,1.0,7.815125393686942e-06,1.0,4184.170821000001,72.48128120943784,13.100275621988011,24573.118231199995,0.1853570739298916,0,0.995101457510094,0.9993235874711834,0.9993235874711834,0.9991027180740188
2025-12-07,OA_CLUSTER,0.9990690746602978,1.0,9.417739109783996e-06,0.9854606666274645,77160.35263200001,78.93193185417688,13.84202899653796,515826.8683925,0.1900125806377866,2,0.9720762272188108,0.9993130889973578,0.9993130889973578,0.9981894009557994
2025-12-08,NC-SBY-BRT-15,0.9963554101622284,1.0,3.116640261797782e-05,1.0,3569.711728,50.57920482375879,9.921500796825038,28645.3766637,0.2686068061962469,0,0.9870232322058672,0.9989117867101952,0.9989117867101952,0.9986057267224376
2025-12-08,NC-SBY-BRT-16,1.0,1.0,0.0,1.0,3591.307467000001,80.29279929738297,14.840619346666116,26830.366668699982,0.2038059567601585,0,0.9914246537576992,0.9991626584620178,0.9991626584620178,0.9989095086947208
2025-12-08,NC-SBY-BRT-17,0.999579475308642,1.0,0.0,0.9991576086956522,3566.8243939999998,81.28253608390456,15.509798754575224,25698.408163400003,0.1770614088860867,0,0.9890292447322327,0.9994369531949296,0.9994369531949296,0.9990038402679524
2025-12-08,NC-SBY-SEL-18,0.9997759507588942,1.0,1.906395958440568e-05,1.0,3489.033104999998,73.52543616123188,14.105152005694988,27973.810452700007,0.1723902367550382,0,0.989450240300082,0.9992983530432342,0.9992983530432342,0.9990559659127152
2025-12-08,NC-SBY-SEL-19,0.9993270061728396,1.0,5.837336773470472e-06,1.0,3472.0167350000006,70.96721113824245,12.49691013451742,27571.5676253,0.1998549051684483,0,0.9874868808112462,0.999537634408602,0.999537634408602,0.9991827956989248
2025-12-08,NC-SBY-SEL-20,1.0,1.0,5.259006047856955e-05,1.0,3130.033613000001,68.97106262839843,12.59537454412056,23588.9591663,0.2146829378943514,0,0.9662786424840548,0.999288801356748,0.999288801356748,0.9989332020351224
2025-12-08,NC-SBY-SEL-21,1.0,1.0,0.0,1.0,3167.519517999999,76.06462577821102,11.573279002075454,24169.375278000007,0.2320979004029269,0,0.994580776331821,0.999392424400236,0.999392424400236,0.9988716453147242
2025-12-08,NC-SBY-SEL-22,1.0,1.0,0.0,0.9995999368321314,2913.2164940000007,64.09244497734272,9.737154943221942,23335.5427773,0.228749984092775,0,0.9823759160076568,0.999023708221341,0.999023708221341,0.9986259597189244
2025-12-08,NC-SBY-SEL-23,1.0,1.0,1.6785000923175052e-05,1.0,2712.6983410000007,55.01634093042732,10.052160040730293,20574.8672229,0.2420923821011952,0,0.9908170914542728,0.9994039479681638,0.9994039479681638,0.9984923389782968
2025-12-08,NC-SBY-TMR-10,0.9993806314582964,1.0,4.608992803386951e-05,1.0,2694.9472260000007,71.80053713847767,13.012195686550395,22084.122533599995,0.2023024059563552,0,0.966344086621956,0.9992511337003702,0.9992511337003702,0.9990708510726816
2025-12-08,NC-SBY-TMR-11,1.0,1.0,5.278075402585201e-06,1.0,3825.784293999999,85.5215147445797,13.061226770711116,29906.836109900003,0.2407354062658646,0,0.9855312038962656,0.9992172447013488,0.9992172447013488,0.9990165382145152
2025-12-08,NC-SBY-TMR-12,0.9852271327243608,1.0,2.228015061381815e-05,1.0,2917.8731380000004,80.68332696052893,12.567194234902336,22827.9805523,0.2058889981863344,0,0.9933914320496222,0.9995872950364292,0.9995872950364292,0.9989841108589024
2025-12-08,NC-SBY-TMR-13,1.0,1.0,2.1644670270504265e-05,1.0,3613.613872,86.09660360773448,13.772041180471886,19843.3877783,0.2025244082849117,0,0.8158934468239706,0.9995372610058264,0.9995372610058264,0.999032454830364
2025-12-08,NC-SBY-TMR-14,0.9940996385947218,1.0,2.119014446380988e-05,0.9999627761544044,3492.6185700000005,79.64814811982127,8.33946067667079,27409.707407799982,0.2529982242746894,1,0.9569104413093882,0.9994435006736572,0.9994435006736572,0.9987991330326284
2025-12-08,NC-SBY-TMR-8,1.0,1.0,1.4023671958265553e-05,1.0,2561.7377620000007,82.41371180494043,16.57512828419825,18759.856665200004,0.2039589329220644,0,0.991192223323349,0.999426049438914,0.999426049438914,0.9991885526550162
2025-12-08,NC-SBY-TMR-9,0.9999658978174604,1.0,1.1173309198985464e-05,1.0,2653.453648999999,84.75055936078996,14.904575066217566,18972.061156700005,0.1575389921414774,0,0.9880510125492684,0.9989768076398364,0.9989768076398364,0.9987721691678036
2025-12-08,NC-SBY-UTR-1,1.0,1.0,5.9964980451416375e-05,1.0,2355.7311330000007,83.14325100518148,15.10319825492207,17194.3086099,0.157259613716007,0,0.9897177880437268,0.9995943204868154,0.9995943204868154,0.9993849375122684
2025-12-08,NC-SBY-UTR-2,1.0,1.0,8.075783149070882e-06,1.0,4457.200181,88.00743930650856,15.816595980766468,29950.97397969998,0.1597448017362703,0,0.9875140511390316,0.9997009516773092,0.9997009516773092,0.9994546765880346
2025-12-08,NC-SBY-UTR-3,1.0,1.0,0.0,1.0,2744.038488,75.65781086660485,12.904034458607004,21243.116666200003,0.1667707160501566,0,0.9843675357015804,0.9995482360671896,0.9995482360671896,0.9990348679617232
2025-12-08,NC-SBY-UTR-4,1.0,1.0,0.0,1.0,2620.4105690000006,91.2839777714494,16.141557742550653,19821.0869457,0.1832633281250682,0,0.9895873270363528,0.9997358241343522,0.9997358241343522,0.9994905179733936
2025-12-08,NC-SBY-UTR-5,1.0,1.0,4.751361265002423e-06,0.999921617808434,3862.826338,63.40526336572564,12.0285071281153,28899.753332500004,0.2197394488061134,0,0.9460301816273504,0.9993481255534784,0.9993481255534784,0.9988438879801248
2025-12-08,NC-SBY-UTR-6,1.0,1.0,2.413972070343146e-05,1.0,3184.540731,80.95017280247359,9.623135475052528,24757.3665494,0.2445706229769858,0,0.9302911983906906,0.999459989199784,0.999459989199784,0.999019980399608
2025-12-08,NC-SBY-UTR-7,0.9989550618605758,1.0,6.087274118649669e-05,1.0,5025.489331999997,73.81059675727876,9.685994444245322,33857.1530594,0.2848053819965679,0,0.9557086457698524,0.9734917322922976,0.9734917322922976,0.9731439725381976
2025-12-08,NC-SDA-UTR-24,1.0,1.0,5.312423633910263e-06,1.0,3870.0218990000008,73.51326536225952,13.564383507098244,29124.1822241,0.1892737928769046,0,0.9854248501137068,0.9991504603586436,0.9991504603586436,0.9984846049640668
2025-12-08,NC-SDA-UTR-25,1.0,1.0,0.0,1.0,2671.401717,92.58748737227047,16.13224325404632,20212.100277199992,0.1417676153841149,0,0.9803796940774392,0.999497411670101,0.999497411670101,0.998944564507212
2025-12-08,NC-SDA-UTR-26,1.0,1.0,0.0,1.0,3915.2673059999993,72.71697244578567,13.241613317688786,25605.665342,0.2021741386753912,0,0.995529579571744,0.9996676446318876,0.9996676446318876,0.9995874209223434
2025-12-08,OA_CLUSTER,0.998794908901994,1.0,1.863734732176535e-05,0.9999336924817308,75622.626678,76.01980772950658,12.830772338419155,563915.9853649001,0.2089912442158886,1,0.9710052553316872,0.9980475940339176,0.9980475940339176,0.9976699148565802
2025-12-09,NC-SBY-BRT-15,0.9995464451589854,1.0,5.34633562156498e-06,1.0,3812.5665310000018,50.93678047409576,9.54610232813914,29963.691798999997,0.2633694537249543,0,0.9667883115860222,0.9991656537031308,0.9991656537031308,0.9988923333645016
2025-12-09,NC-SBY-BRT-16,1.0,1.0,7.545746085644218e-06,1.0,3603.132858,81.16537981098563,15.553963603762137,26825.7570844,0.2177039857497095,0,0.98736711403778,0.9992536742192284,0.9992536742192284,0.9991579914268218
2025-12-09,NC-SBY-BRT-17,0.996778252611586,1.0,0.0,0.9997743873205674,3521.2313579999995,80.48169149927408,15.748214125793826,25631.802706399994,0.1738059897134993,0,0.958150754005933,0.9995425865385908,0.9995425865385908,0.9993811464933876
2025-12-09,NC-SBY-SEL-18,0.9970655306007088,1.0,1.3217984389560436e-05,0.9999866625765236,3482.157901,71.91603087317131,15.336404686892928,27762.72530970001,0.1636098918907185,0,0.9568227433944626,0.9993652381318766,0.9993652381318766,0.999192121258752
2025-12-09,NC-SBY-SEL-19,0.9975316358024692,1.0,0.0,1.0,3532.7859240000003,69.71168207836514,11.89213314252874,27773.9025741,0.2035397602075488,0,0.9665257854015804,0.9994182541277514,0.9994182541277514,0.999100938197434
2025-12-09,NC-SBY-SEL-20,0.9997548611111112,1.0,1.877123495954799e-05,1.0,3186.6476299999986,66.4726147177163,12.804750320402103,24134.356707399995,0.2257577531299825,0,0.9398547246488111,0.9992875746002826,0.9992875746002826,0.9988437686135736
2025-12-09,NC-SBY-SEL-21,0.9998433766427718,1.0,7.312721209816597e-06,1.0,3187.121416000001,76.20940581544055,13.481853871484462,24193.67217219999,0.2303833410304663,0,0.9928803566178516,0.9995462652939888,0.9995462652939888,0.9992959289044654
2025-12-09,NC-SBY-SEL-22,0.9976008597883598,1.0,0.0,0.999932211268424,2908.4128659999988,64.36586739491791,9.974233824909152,23426.15695159999,0.2163262518892325,0,0.9579678788383124,0.9992177427532558,0.9992177427532558,0.998884559111124
2025-12-09,NC-SBY-SEL-23,0.9999406828703704,1.0,1.581865493977047e-05,1.0,2656.7931839999983,56.070296731144985,9.385292287222626,20485.280231999997,0.2332462873602239,0,0.9720224167316636,0.9994371934714442,0.9994371934714442,0.9987939860102376
2025-12-09,NC-SBY-TMR-10,0.9998975869809203,1.0,7.807823439085965e-05,1.0,2729.907173,72.62558332209443,13.43197101352604,22066.968039399988,0.1889598384556775,0,0.9598383565057946,0.999449575770594,0.999449575770594,0.9991139512404684
2025-12-09,NC-SBY-TMR-11,0.9998548647854204,1.0,0.0,1.0,3949.279312,84.85628889409143,12.999923182543863,30658.929738000003,0.2345577866658122,0,0.983484967519028,0.9990540177371674,0.9990540177371674,0.9988605213652244
2025-12-09,NC-SBY-TMR-12,0.9898023023023024,1.0,2.9457467099691434e-05,0.9999598603138924,2995.010400999999,81.0293535480016,13.144053075488904,23431.0271565,0.2032874634112088,0,0.9827570588956204,0.9994980082261876,0.9994980082261876,0.999028403018428
2025-12-09,NC-SBY-TMR-13,1.0,1.0,0.0,1.0,3622.312515,84.73247944598566,13.142086318295688,19961.0216305,0.2175005238054516,0,0.825638926194601,0.9992798898655088,0.9992798898655088,0.998263263793286
2025-12-09,NC-SBY-TMR-14,0.9996943642776976,1.0,0.0,1.0,3391.057404,80.35156729842336,9.361543715563965,27151.080695400007,0.2419167557389711,1,0.972559426930533,0.999383817090968,0.999383817090968,0.9988000648613587
2025-12-09,NC-SBY-TMR-8,1.0,1.0,0.0,1.0,2464.31205,82.29999241270822,16.501448730066947,18462.711390100005,0.1863416990673932,0,0.9797040119151752,0.999298839458414,0.999298839458414,0.9990087040618956
2025-12-09,NC-SBY-TMR-9,1.0,1.0,1.0946308357506433e-05,1.0,2658.7670510000003,82.49054040184728,15.016565504647906,19219.94240719999,0.1638004889315835,0,0.973426123705184,0.999456771551544,0.999456771551544,0.9992269441310434
2025-12-09,NC-SBY-UTR-1,1.0,1.0,6.673518145295838e-05,1.0,2420.0758690000007,83.58433203237841,15.556599357658556,17521.2316677,0.156389663433586,0,0.9698897643586748,0.9995357234975496,0.9995357234975496,0.9991101367036368
2025-12-09,NC-SBY-UTR-2,1.0,1.0,4.927281536654869e-05,1.0,4393.696997999999,86.83636825042794,15.316148149730797,29386.851462999995,0.1734863078195579,0,0.9686871502067688,0.9995042505921452,0.9995042505921452,0.9992839175219874
2025-12-09,NC-SBY-UTR-3,0.999994212962963,1.0,1.0082068033795092e-05,1.0,2751.669839,75.7010920491922,13.00771491394175,21442.24027689999,0.1773688296236064,0,0.9656660370738116,0.9995098751089166,0.9995098751089166,0.9991286668602962
2025-12-09,NC-SBY-UTR-4,0.9999955908289242,1.0,0.0,1.0,2612.107706,87.24333179989645,15.179408896830092,20060.2049991,0.2034852611626514,0,0.948471232189208,0.9995433539737336,0.9995433539737336,0.9993424297221766
2025-12-09,NC-SBY-UTR-5,1.0,1.0,0.0,0.9972544720246628,3913.073451,62.71734453693859,12.26543911466097,29310.0752787,0.230588361144214,0,0.9735058311663052,0.9992062604807156,0.9992062604807156,0.998357138067458
2025-12-09,NC-SBY-UTR-6,1.0,1.0,6.156498183833036e-06,1.0,3256.061181,80.07155471781886,10.580593311600072,25314.44083620001,0.2619717775930075,0,0.887742056557079,0.9993999545911584,0.9993999545911584,0.9991161493302196
2025-12-09,NC-SBY-UTR-7,0.9993824741669568,1.0,0.0,1.0,5201.826400999999,75.10912219877704,10.10305975902089,34693.43874649999,0.2897050820821735,0,0.9449325359083068,0.9993152778626888,0.9993152778626888,0.998703918811518
2025-12-09,NC-SDA-UTR-24,0.9997146627082304,1.0,5.180085678617124e-06,1.0,3778.351503,72.67180083496095,12.992503985475016,28078.30428490001,0.1871309965976096,0,0.9800509002386936,0.998984025420981,0.998984025420981,0.9984652298912692
2025-12-09,NC-SDA-UTR-25,1.0,1.0,0.0,1.0,2819.732547,95.1422145079129,16.708899122970227,20264.11583419999,0.139566426514706,0,0.9585271848202884,0.999335615059392,0.999335615059392,0.9991141534125226
2025-12-09,NC-SDA-UTR-26,1.0,1.0,0.0,1.0,3941.309236,72.0216745432467,14.494420728601616,25471.9859931,0.1930411845267377,0,0.9878546070058584,0.999547079471377,0.999547079471377,0.9991912133417448
2025-12-09,OA_CLUSTER,0.998914772248326,1.0,1.4132363308441057e-05,0.999847847417254,76250.007019,75.51083905629531,13.05089829071151,568877.5098619999,0.2106302030044719,1,0.957346218292909,0.999371471996716,0.999371471996716,0.9989895179591636
2025-12-10,NC-SBY-BRT-15,0.9998492652108228,1.0,5.111063407852638e-06,1.0,3771.918989999999,51.16461808179637,11.027295778054675,30615.37442810001,0.2548928456466082,0,0.9410384125417464,0.9993621273760755,0.9993621273760755,0.9987880420145436
2025-12-10,NC-SBY-BRT-16,1.0,1.0,6.978610558637775e-06,1.0,3681.177239000001,80.51744244777241,14.355128573301002,26582.062498199983,0.2159739709762886,0,0.9807432483718672,0.999124552327895,0.999124552327895,0.9988261042578592
2025-12-10,NC-SBY-BRT-17,0.9989492301290054,1.0,4.128932808500096e-05,0.999818286017808,3427.324656000001,79.44396755196513,14.89021123286336,25256.5906388,0.1715632874893667,0,0.9431396038951048,0.9993478714524208,0.9993478714524208,0.9992826585976629
2025-12-10,NC-SBY-SEL-18,1.0,1.0,7.117995003167508e-06,1.0,3482.4297320000014,71.37568073190141,14.721442392594753,27651.9408315,0.1629023643050561,0,0.968867832204063,0.9994742132529189,0.9994742132529189,0.9990412124023816
2025-12-10,NC-SBY-SEL-19,0.9970587688734032,1.0,5.541189508681197e-05,1.0,3466.423459,67.4947215964232,9.606544751329237,26616.21446959999,0.2127448179091399,0,0.606791828606302,0.9993589882879556,0.9993589882879556,0.9989352686816888
2025-12-10,NC-SBY-SEL-20,1.0,1.0,1.2355517665301382e-05,1.0,3144.4510980000005,70.18633147093796,13.35245547674407,23769.008056899995,0.2072958345291116,0,0.848821803728589,0.999,0.999,0.998472972972973
2025-12-10,NC-SBY-SEL-21,0.996411790154807,1.0,3.24361494398277e-05,1.0,3251.5964880000006,70.7533038626553,10.045822473778513,24425.121318900005,0.2781717221513932,0,0.9600351227706266,0.9995599089640256,0.9995599089640256,0.999195262105647
2025-12-10,NC-SBY-SEL-22,0.9995842102422968,1.0,4.534982857764798e-06,0.9992843511450382,3062.869322999999,60.9327820867694,7.451216406004918,24570.167654400004,0.2879912921609163,0,0.8193007182749342,0.9989802134929674,0.9989802134929674,0.9984903061765016
2025-12-10,NC-SBY-SEL-23,1.0,1.0,0.0,1.0,2730.166845999999,54.30204516852038,8.902066516531494,20907.13166520001,0.2441674754161922,0,0.953737351148879,0.9994925046845722,0.9994925046845722,0.999024047470331
2025-12-10,NC-SBY-TMR-10,0.9999702504754304,1.0,4.659863266297872e-05,1.0,2897.6175280000007,69.1731797272422,11.390424777567986,23347.767767300003,0.2012942276928655,1,0.934533765256698,0.9995334563626184,0.9995334563626184,0.9990980156343956
2025-12-10,NC-SBY-TMR-11,0.9992183333333332,1.0,1.0746101851553348e-05,1.0,4018.041710000001,81.87347139300392,12.823980045624502,30175.591505800003,0.2480882548689848,0,0.9501499403414376,0.999229152067274,0.999229152067274,0.999109019921914
2025-12-10,NC-SBY-TMR-12,0.9998710955256837,1.0,0.0,0.9999718297956252,2896.5200060000006,82.71199429702092,14.216107810251522,22431.394013199995,0.1860825285350411,0,0.959497749874993,0.9996094454124858,0.9996094454124858,0.9992639548158384
2025-12-10,NC-SBY-TMR-13,1.0,1.0,1.6614883612740293e-05,1.0,3677.902788,83.31978322593442,12.992602373634638,19791.429167800008,0.2207974341811471,0,0.7788229473047638,0.9993432095161644,0.9993432095161644,0.9985404655914764
2025-12-10,NC-SBY-TMR-14,0.999674692608938,1.0,0.0,0.9999074378805332,3560.6449539999994,76.09257424462342,9.117530122918572,27678.9116138,0.2498987159414767,1,0.951973017923012,0.9996668460572512,0.9996668460572512,0.99912867430358
2025-12-10,NC-SBY-TMR-8,0.9997312694829624,1.0,1.392602495543672e-05,1.0,2548.077355,79.98772310524093,16.01918940090255,18394.8493386,0.198975932516505,0,0.9326533295352456,0.99968545422376,0.99968545422376,0.999508522224625
2025-12-10,NC-SBY-TMR-9,1.0,1.0,0.0,1.0,2730.288771,82.75379904064076,13.960862946144877,19330.301666500003,0.1767601510604328,0,0.934085123393154,0.9991077862804982,0.9991077862804982,0.9991421021927868
2025-12-10,NC-SBY-UTR-1,1.0,1.0,7.95725815618961e-05,1.0,2464.4829820000004,82.84368747461737,15.7725458231039,17787.4263909,0.1569763034406021,0,0.9302341922725584,0.999434127864006,0.999434127864006,0.9991685144124168
2025-12-10,NC-SBY-UTR-2,0.9999507290095524,1.0,1.844627062523634e-05,1.0,4436.524506,87.34901083052185,15.5328245622727,29321.2682835,0.1657469760472024,0,0.9106282940886512,0.9995955467569236,0.9995955467569236,0.9994678246801626
2025-12-10,NC-SBY-UTR-3,1.0,1.0,0.0,1.0,2848.1061640000007,73.4344545177554,11.810360768421722,21504.7924993,0.1803179871525659,0,0.9542154121766512,0.9997316076700564,0.9997316076700564,0.9992693764351536
2025-12-10,NC-SBY-UTR-4,1.0,1.0,0.0,1.0,2602.30512,87.56313377903174,15.24157921287234,19842.5099977,0.2022206404446488,0,0.9387341445771052,0.9996274801976316,0.9996274801976316,0.9991373225629362
2025-12-10,NC-SBY-UTR-5,1.0,1.0,9.955152040059532e-06,0.9949601690781986,3936.869308,61.11541121146564,11.95466396240388,29288.7930574,0.2353820099257351,0,0.9541367415031388,0.9994187650234464,0.9994187650234464,0.997864446478305
2025-12-10,NC-SBY-UTR-6,1.0,1.0,1.8232537786934564e-05,1.0,3252.4056280000013,79.49286342033736,10.091260119685856,25228.8247897,0.2694511708053264,0,0.6605632972135393,0.9994524871576032,0.9994524871576032,0.9990015942285704
2025-12-10,NC-SBY-UTR-7,0.9977853373651132,1.0,0.0,1.0,5345.768035,74.67564083886327,10.605717948111216,35069.49755290001,0.2988948820605168,0,0.8296274654529052,0.9992431409649952,0.9992431409649952,0.9986636707663198
2025-12-10,NC-SDA-UTR-24,0.9993838481338482,1.0,5.756290186100861e-06,1.0,3551.0400709999994,72.95569762569383,13.829226475395444,27201.267010699998,0.1823666474247204,0,0.8143887798385133,0.9989352871115602,0.9989352871115602,0.9985382755260404
2025-12-10,NC-SDA-UTR-25,1.0,1.0,0.0,1.0,2754.394802,96.00235915091606,16.501549438141577,20379.5424909,0.1298234861157453,0,0.9589613474411576,0.9996528112643456,0.9996528112643456,0.9995370816857942
2025-12-10,NC-SDA-UTR-26,1.0,1.0,8.393275307823372e-06,1.0,3992.299042999999,71.79701842377656,13.254306281796032,25277.4691535,0.1962534109947294,0,0.9602228421213412,0.999639056734934,0.999639056734934,0.999358323084327
2025-12-10,OA_CLUSTER,0.9994803615738276,1.0,1.6630838580140408e-05,0.999701295002997,77233.91268600001,74.35379430011004,12.495620317028228,569586.9692059999,0.2175931848660095,2,0.8954839880686476,0.9993976497867952,0.9993976497867952,0.9989588567780862
2025-12-11,NC-SBY-BRT-15,0.999691755174292,1.0,0.0,1.0,3795.931357000001,52.9628812316884,10.031325697630471,30828.1267496,0.24471541845478,1,0.9505096618224472,0.999399364032505,0.999399364032505,0.9991049346366742
2025-12-11,NC-SBY-BRT-16,1.0,1.0,0.0,1.0,3702.256245,80.42569814380481,16.327290957336754,26461.492223499987,0.2073006443274135,0,0.9820842210362746,0.999092687057685,0.999092687057685,0.9990321995281972
2025-12-11,NC-SBY-BRT-17,0.9998449370845204,1.0,7.457065942834132e-06,1.0,3430.7563700000005,79.26225396033284,16.611014001568957,25011.56398329999,0.1679888585302552,0,0.9614332886183056,0.9993483496245928,0.9993483496245928,0.9991075223119422
2025-12-11,NC-SBY-SEL-18,1.0,1.0,0.0,1.0,3523.6607710000008,72.81803460517801,15.835480762277829,27722.5024993,0.1611963596337593,0,0.9818938769097836,0.9994769542889748,0.9994769542889748,0.9992709059785708
2025-12-11,NC-SBY-SEL-19,0.9984960622449948,1.0,0.0,1.0,3505.049143999999,69.15010322065702,13.07571175120866,26608.419223,0.2012758841743266,0,0.9417296470572024,0.9995779566772528,0.9995779566772528,0.9991664644375744
2025-12-11,NC-SBY-SEL-20,1.0,1.0,2.633207378247074e-05,1.0,3117.595215,67.10749650012401,12.458225508132848,24094.810555,0.2204733053789855,0,0.927760438136741,0.9991362640195952,0.9991362640195952,0.9984401186025526
2025-12-11,NC-SBY-SEL-21,0.9951795348498104,1.0,1.539302234297193e-05,1.0,3191.4693729999985,74.04642508962351,12.81070730412358,24339.1603416,0.2378191763452099,0,0.9758623315312572,0.9994562609947224,0.9994562609947224,0.9992483607868224
2025-12-11,NC-SBY-SEL-22,0.9996380023640662,1.0,0.0,0.9999764982373678,3039.137440000001,66.3205455657527,10.151409637838428,23972.438721399987,0.2201148310754328,0,0.9213948451375352,0.9994140799144048,0.9994140799144048,0.9990701702989466
2025-12-11,NC-SBY-SEL-23,1.0,1.0,0.0,1.0,2761.582693,56.513825533742185,9.661424699432988,20644.428054900007,0.2612247027763243,0,0.9559663095573724,0.9996100120541728,0.9996100120541728,0.9990959370346736
2025-12-11,NC-SBY-TMR-10,1.0,1.0,6.421081695422411e-06,1.0,2934.72901,68.18616178171843,13.63374214130844,23041.96222150001,0.2135169830595076,0,0.6068531820071345,0.9993669157625562,0.9993669157625562,0.9989696864371012
2025-12-11,NC-SBY-TMR-11,0.999352220013254,1.0,2.2289834720875543e-05,1.0,3945.839071,82.85913285579147,13.93848814290181,29735.3574201,0.2478355698301161,0,0.958265436340434,0.9989691115268604,0.9989691115268604,0.998905476435926
2025-12-11,NC-SBY-TMR-12,0.9995791433891992,1.0,1.4584594293048253e-05,0.9999873999874,3040.2618649999986,81.62542416589733,13.324989424485365,23491.30109450001,0.1876628903795655,0,0.9163327987501404,0.9995718628248492,0.9995718628248492,0.9992293530847284
2025-12-11,NC-SBY-TMR-13,0.9991252266252266,1.0,0.0,0.999985260303048,3793.89099,81.73323672214202,13.49564548303758,20375.417152,0.2155556922051653,0,0.7576868072935288,0.9994902613081504,0.9994902613081504,0.999248806138327
2025-12-11,NC-SBY-TMR-14,0.9989538661468486,1.0,6.081393368848671e-06,1.0,3534.9349990000005,76.96235967946328,10.696002472684487,27673.1224159,0.2332695382026318,1,0.935133388533231,0.9992727272727272,0.9992727272727272,0.9989236363636363
2025-12-11,NC-SBY-TMR-8,0.9999443815987934,1.0,2.6716180654813587e-05,1.0,2548.3341750000004,80.44636789814136,16.485329174388937,18402.4225312,0.1778543816367576,0,0.9750342368975936,0.9996145497332278,0.9996145497332278,0.9993305337471852
2025-12-11,NC-SBY-TMR-9,1.0,1.0,0.0,1.0,2738.541194,81.25272068191413,14.590284759066453,19069.471941400003,0.1769972534679331,0,0.9157645561803536,0.9995025370609888,0.9995025370609888,0.9993284250323352
2025-12-11,NC-SBY-UTR-1,0.9999761461156278,1.0,6.380480833035578e-05,1.0,2525.801714,85.39698295851136,17.008689048193176,17875.391782300005,0.1522457462611996,0,0.9121178225205072,0.999577157354605,0.999577157354605,0.9993943064809206
2025-12-11,NC-SBY-UTR-2,1.0,1.0,9.802576117003549e-06,1.0,4439.897983,86.42503249024308,16.050034184603053,29283.96169500001,0.1633693012532745,0,0.916950106636856,0.999368804937348,0.999368804937348,0.9990415186085656
2025-12-11,NC-SBY-UTR-3,1.0,1.0,0.0,1.0,3093.386367,74.36137365379254,12.364491475741367,22710.299166800003,0.1889348265745634,0,0.9543594133260442,0.9992147918263568,0.9992147918263568,0.99893436033577
2025-12-11,NC-SBY-UTR-4,1.0,1.0,0.0,1.0,2555.364665,90.04047098396882,16.979891549112622,19431.8177781,0.1822395192521622,0,0.912702369180226,0.9993590884813958,0.9993590884813958,0.9988962079401816
2025-12-11,NC-SBY-UTR-5,0.9988791696404012,1.0,5.563808538220583e-06,0.9934953818241794,3934.853001000001,58.94769429674248,11.57713038938519,29310.661018099992,0.2537789786649657,0,0.93473286170762,0.9993305845258308,0.9993305845258308,0.997210680768225
2025-12-11,NC-SBY-UTR-6,1.0,1.0,5.569882531177417e-06,1.0,3451.1455220000003,79.92510320984044,8.72236061017039,27802.720001299997,0.2765823332193614,1,0.8898977157772477,0.9993151111387834,0.9993151111387834,0.9990894091277006
2025-12-11,NC-SBY-UTR-7,1.0,1.0,5.58909009613235e-06,1.0,5272.500579000001,76.91094458601235,10.580130290203549,33817.38527769999,0.2743481678595479,0,0.9256994545134613,0.9994071215168387,0.9994071215168387,0.9989653689215424
2025-12-11,NC-SDA-UTR-24,1.0,1.0,1.0904293020162038e-05,1.0,3837.012498000001,71.94929193977802,12.552746810553009,28406.07044840001,0.1950543418291425,0,0.954754696636669,0.9990018268452078,0.9990018268452078,0.9984933235399364
2025-12-11,NC-SDA-UTR-25,1.0,1.0,1.8381846088802697e-05,1.0,2803.880226,93.56557406356931,15.959964825789804,20662.8043924,0.1479296195870515,0,0.9310249601699416,0.9994741557278074,0.9994741557278074,0.9992404471623884
2025-12-11,NC-SDA-UTR-26,1.0,1.0,0.0,1.0,4107.116806,69.86344007711418,13.333884433213813,26504.7458658,0.2037440771649016,0,0.9351063099801006,0.999620809949947,0.999620809949947,0.9993932959199152
2025-12-11,OA_CLUSTER,0.9995300435211616,1.0,9.114717029084891e-06,0.9996748910800812,77876.91974300002,74.94681091210768,13.372701989200406,571704.2338474999,0.2105039970962386,3,0.9178700731580212,0.9993822200175626,0.9993822200175626,0.9989879219131396
2025-12-12,NC-SBY-BRT-15,1.0,1.0,0.0,1.0,4036.5834140000006,50.17818049888015,8.078114175033214,31421.708256199992,0.2842113554742211,1,0.965248059181523,0.9991139062685728,0.9991139062685728,0.9989302039096184
2025-12-12,NC-SBY-BRT-16,0.997782909930716,1.0,0.0,1.0,3744.689649999999,78.53622692709979,15.67636021233197,26173.771487499995,0.2051721853036884,0,0.9857305168109312,0.9989845931538146,0.9989845931538146,0.99882837671594
2025-12-12,NC-SBY-BRT-17,0.9997268221747388,1.0,0.0,0.9999860090940887,3607.954433,79.0388461063015,14.945144997910946,26246.568251500008,0.1796664032636195,0,0.9798564922849184,0.9993306136883184,0.9993306136883184,0.9991411647321824
2025-12-12,NC-SBY-SEL-18,1.0,1.0,0.0,1.0,3746.8462690000006,72.01301529815628,14.345472129695644,28560.0302796,0.177091719480935,0,0.9779439764816988,0.9995614639586022,0.9995614639586022,0.9993108719349464
2025-12-12,NC-SBY-SEL-19,0.9989115420895724,1.0,6.414985405908201e-06,1.0,3644.406136999998,71.79269042866221,12.891666924300262,27236.764334299995,0.1930131692971346,0,0.9836756298962523,0.9991546210082632,0.9991546210082632,0.998833138856476
2025-12-12,NC-SBY-SEL-20,0.9996388888888889,1.0,6.295207458561797e-06,1.0,3330.465158,68.14064053866358,11.77537349031767,24287.789654000004,0.2273608691475165,0,0.9621175817801204,0.9989981230659972,0.9989981230659972,0.9985162075787553
2025-12-12,NC-SBY-SEL-21,0.9986869961444094,1.0,2.274916017683681e-05,1.0,3322.3054,74.94253859698894,13.808005218959764,23965.730630000005,0.2502197974694856,0,0.9865380147330154,0.9994685756263774,0.9994685756263774,0.9990934525391144
2025-12-12,NC-SBY-SEL-22,1.0,1.0,5.245819082191493e-06,1.0,3116.626807000001,64.54903962787516,9.038507560721587,23852.137498000004,0.2369281960189628,0,0.5007199809869098,0.9993292069396592,0.9993292069396592,0.9988566027380552
2025-12-12,NC-SBY-SEL-23,1.0,1.0,0.0,1.0,2889.0572259999994,56.148011340449685,8.637332272513726,20736.9219427,0.2644416362264739,0,0.9706653225806452,0.999315440360692,0.999315440360692,0.9987489082454029
2025-12-12,NC-SBY-TMR-10,0.9999468315972222,1.0,4.932152082909477e-05,1.0,2894.029757,69.9650167081093,11.819857925352451,23658.683148,0.1968030310163915,0,0.9539617635796728,0.9994210861992836,0.9994210861992836,0.9991561595447186
2025-12-12,NC-SBY-TMR-11,0.9997645717228568,1.0,0.0,1.0,4070.069941,85.67347792083035,13.690124161832212,29830.114723200004,0.2319044979079186,0,0.9883018674240156,0.9992498906090472,0.9992498906090472,0.9989998541453962
2025-12-12,NC-SBY-TMR-12,0.9985442834138486,1.0,0.0,1.0,3119.9100450000005,78.8055208277335,12.41318077255612,23506.31177850001,0.2122601707056614,0,0.9872737049650476,0.9995206727016256,0.9995206727016256,0.9990413454032512
2025-12-12,NC-SBY-TMR-13,0.9999100147106386,1.0,5.447246144711541e-06,1.0,3707.911736000001,84.81546714417367,14.029391285090425,19982.6883814,0.2181180425341047,0,0.8772622779519331,0.9994634015463792,0.9994634015463792,0.9992926656747726
2025-12-12,NC-SBY-TMR-14,0.9943518518518518,1.0,0.0,1.0,3802.1104609999993,77.43239859598863,11.765108127735289,27392.5908887,0.2285802431696844,0,0.9527313163671562,0.9995228153892036,0.9995228153892036,0.9990853961626404
2025-12-12,NC-SBY-TMR-8,1.0,1.0,0.0,1.0,2746.562325,78.79808142215478,13.884049993966949,18915.7552798,0.2126977348607989,0,0.992693484157673,0.9996088039696104,0.9996088039696104,0.9991558401449484
2025-12-12,NC-SBY-TMR-9,1.0,1.0,0.0,1.0,2675.588394,84.38015616090479,16.054653543216997,19373.084164400007,0.1491091089243975,0,0.9604071926238056,0.9993361833196144,0.9993361833196144,0.9990972093146756
2025-12-12,NC-SBY-UTR-1,1.0,1.0,2.438875678312298e-05,1.0,2526.318231,83.96408778735717,15.99677620551484,17491.8863896,0.1636670804106936,0,0.960628903297665,0.9995441803222646,0.9995441803222646,0.9993390614672836
2025-12-12,NC-SBY-UTR-2,1.0,1.0,9.636696540425944e-06,1.0,4531.190155999999,86.93934616836539,16.19968969216679,29008.310936499987,0.168326575462809,0,0.9697968919914408,0.9994634418143922,0.9994634418143922,0.9991745258682956
2025-12-12,NC-SBY-UTR-3,1.0,1.0,0.0,1.0,2935.767433,74.5729273065482,11.88564651887894,21382.19694340001,0.1801625865823015,0,0.462037978975924,0.9989944898041266,0.9989944898041266,0.9986526163375296
2025-12-12,NC-SBY-UTR-4,1.0,1.0,0.0,1.0,2798.189476,85.89428838725166,15.162289773015484,19750.065277800004,0.2178262257582562,0,0.9165042983944746,0.999460244192972,0.999460244192972,0.9991438356164384
2025-12-12,NC-SBY-UTR-5,1.0,1.0,4.8597712991626615e-06,0.9270468116292044,4321.433787999999,59.396672529848274,10.390435368261867,31313.9738872,0.2600969602611697,0,0.9634192356831256,0.9990755793567307,0.9990755793567307,0.980945320901678
2025-12-12,NC-SBY-UTR-6,1.0,1.0,0.0,1.0,3497.306705999999,78.09167332001267,9.800957836128976,27877.22280180001,0.2819302312478172,0,0.9505156727804543,0.9991252448153336,0.9991252448153336,0.9989084913182484
2025-12-12,NC-SBY-UTR-7,0.9997990859449192,1.0,4.981741915878306e-06,1.0,5344.017752999998,75.74768689430908,11.026804319783528,34961.152338500004,0.2861767494855846,0,0.9651880403989342,0.9992914666640056,0.9992914666640056,0.999012045066712
2025-12-12,NC-SDA-UTR-24,0.9995585671263276,1.0,0.0,1.0,3830.074007,70.45784728370178,11.461565572821817,28352.394915400004,0.2169666635729681,0,0.9697043329007844,0.998557597312784,0.998557597312784,0.998043864848844
2025-12-12,NC-SDA-UTR-25,0.9999738247863248,1.0,1.907559658928333e-05,1.0,2730.830597,95.16138959700612,15.740747374059683,20131.9325784,0.1368107508047684,0,0.9413822584290642,0.9995506122907538,0.9995506122907538,0.99912369396697
2025-12-12,NC-SDA-UTR-26,1.0,1.0,0.0,1.0,3992.715642,71.91093989944258,14.1860992456926,25553.716449500003,0.2020803992674679,0,0.9730305874990222,0.9996482753769316,0.9996482753769316,0.9992965507538633
2025-12-12,OA_CLUSTER,0.9994568493996588,1.0,6.001126977729824e-06,0.996395164373062,80409.34069599998,74.8444534272367,12.807696749684997,576925.4592726,0.2173456278548007,1,0.9226566735105248,0.9993179587217932,0.9993179587217932,0.9981283295404132
2025-12-13,NC-SBY-BRT-15,1.0,1.0,0.0,1.0,4260.053859,51.38516435382254,7.427340920500042,24392.579484699985,0.2910761704742084,2,0.9781276012082696,0.9990202128465794,0.9990202128465794,0.9987279006571612
2025-12-13,NC-SBY-BRT-16,1.0,1.0,0.0,1.0,3773.355318,84.25703451034877,17.271465383930696,18387.817222000005,0.1837897550097326,0,0.9824621987617472,0.9994939057821264,0.9994939057821264,0.999388469486736
2025-12-13,NC-SBY-BRT-17,1.0,1.0,5.5903086409400665e-06,0.9999912939005068,3746.479052000001,80.97916989646343,15.96697708427213,18729.107223800005,0.1834944794871604,0,0.9870807858298868,0.9989710108930916,0.9989710108930916,0.998864563744101
2025-12-13,NC-SBY-SEL-18,1.0,1.0,1.7872781540991223e-05,0.9969379827247384,3974.393411000001,72.01166442091336,9.003717532561776,21474.2191576,0.179228112447084,0,0.9757868182469128,0.9993102089081592,0.9993102089081592,0.9985507450296184
2025-12-13,NC-SBY-SEL-19,0.9968933166132552,1.0,5.324530110217774e-06,1.0,3397.515214000001,77.04302394009251,10.029354964144408,18795.7818928,0.1690265827539699,1,0.9861566615235566,0.99948958758677,0.99948958758677,0.9992416729860584
2025-12-13,NC-SBY-SEL-20,0.9992270228901412,1.0,0.0,1.0,3294.396232999999,69.47626085873048,13.29125912566182,16110.663092600003,0.2014067493769704,0,0.9598027073419813,0.999007808118718,0.999007808118718,0.9989502897487884
2025-12-13,NC-SBY-SEL-21,0.9986447863247864,1.0,0.0,1.0,3346.1994609999983,74.18532278210219,10.858757599151208,16726.6811287,0.2531017213345472,1,0.9908537037311552,0.999297849281822,0.999297849281822,0.9989009814845908
2025-12-13,NC-SBY-SEL-22,0.9997342883548984,1.0,0.0,0.9999933510638298,3268.405817000001,63.72296399460917,7.607584970960312,18184.9748817,0.2556656011234527,1,0.9725106531002696,0.9994064577397912,0.9994064577397912,0.99920465337132
2025-12-13,NC-SBY-SEL-23,1.0,1.0,0.0,1.0,3010.322672,53.07536595853088,5.224299550055457,16863.149167199994,0.2765600214711521,0,0.9695766491734172,0.9984161701485784,0.9984161701485784,0.9976016290821328
2025-12-13,NC-SBY-TMR-10,0.9998676229215728,1.0,9.886258594866066e-06,1.0,2821.9975229999995,69.3268032950347,8.784714215053988,16182.240551300005,0.1925196649527632,1,0.9531699984546872,0.9993681339999336,0.9993681339999336,0.9990799144209558
2025-12-13,NC-SBY-TMR-11,0.99967151675485,1.0,0.0,1.0,3911.9915890000007,86.08096178033085,14.619181504260938,19550.237363799995,0.2109540268183248,0,0.9870673053450436,0.9989683542671448,0.9989683542671448,0.9987491295489128
2025-12-13,NC-SBY-TMR-12,0.999844532032032,1.0,0.0,1.0,2918.709620999999,80.6418047559116,12.975269909465094,15744.755460400003,0.1709785443067754,0,0.9768511178056128,0.9994892399891038,0.9994892399891038,0.9992338599836555
2025-12-13,NC-SBY-TMR-13,1.0,1.0,1.9108888818115225e-05,1.0,3733.751489999999,87.4065678343567,15.48728039038676,18473.2041683,0.1845278995682071,0,0.974343211528378,0.9994353871127108,0.9994353871127108,0.9985531794763216
2025-12-13,NC-SBY-TMR-14,0.9999356319038336,1.0,0.0,1.0,3706.091691,80.85786843642859,13.006729710927118,18000.9007722,0.2221838377201441,0,0.9791332366269144,0.9994163917787364,0.9994163917787364,0.9990104034509008
2025-12-13,NC-SBY-TMR-8,1.0,1.0,0.0,1.0,2857.3265140000003,83.64205585781518,15.721937548000652,13702.9983321,0.1849554768347382,0,0.9798223024870965,0.9992415943372376,0.9992415943372376,0.9991573270413752
2025-12-13,NC-SBY-TMR-9,1.0,1.0,0.0,1.0,2807.459194,88.5786656698108,18.185807973713978,14019.512222800007,0.133908785754866,0,0.97919425236624,0.9993126797851488,0.9993126797851488,0.9992617671766412
2025-12-13,NC-SBY-UTR-1,1.0,1.0,0.0,1.0,2158.716118,88.1371773930159,19.545172236048213,10411.9244433,0.1151785501195336,0,0.9842986595398172,0.9996199976249852,0.9996199976249852,0.9994774967343546
2025-12-13,NC-SBY-UTR-2,1.0,1.0,0.0,1.0,4632.15722,91.51044232779016,17.591735368204436,21582.6196552,0.1535081423883348,0,0.9790934673047266,0.9996719429180676,0.9996719429180676,0.9994423029607152
2025-12-13,NC-SBY-UTR-3,0.998904087672986,1.0,0.0,1.0,2794.9938110000003,80.14955133405003,14.294523215022082,14033.555314100002,0.1499778265595444,0,0.9735220801329468,0.9993320742549172,0.9993320742549172,0.9988253719655442
2025-12-13,NC-SBY-UTR-4,1.0,1.0,0.0,1.0,2729.097637,92.77966670012948,17.29823329938932,13926.634882999995,0.1783714068344795,0,0.9620591058146044,0.9991994628654064,0.9991994628654064,0.99907034397273
2025-12-13,NC-SBY-UTR-5,0.999702852614897,1.0,0.0,0.912666890854063,4545.885913000001,56.17350401818801,7.01113454661839,24313.01224020001,0.3121359047224033,1,0.9676075397115056,0.9989578956214809,0.9989578956214809,0.9847650939955572
2025-12-13,NC-SBY-UTR-6,0.9986055421901452,1.0,0.0,1.0,3260.4549850000008,81.65044667022877,5.832641077839661,19219.29678880001,0.2526921139882923,2,0.9875749467320748,0.9989712858110922,0.9989712858110922,0.9984977507082616
2025-12-13,NC-SBY-UTR-7,0.999594074074074,1.0,0.0,1.0,5019.831522,78.80865959321356,13.43251906413827,22800.253474100005,0.2536627206323864,0,0.9887923147301008,0.999523919812656,0.999523919812656,0.9991379088499448
2025-12-13,NC-SDA-UTR-24,1.0,1.0,0.0,1.0,3785.280973000001,79.78879265460687,14.412668783822635,19743.7594422,0.1589017439503155,0,0.9906094842924036,0.9983086897470722,0.9983086897470722,0.9978730492273788
2025-12-13,NC-SDA-UTR-25,0.9997612819976284,1.0,1.5212364609954971e-05,1.0,2693.5032299999984,97.59105454024092,18.54395885210284,13537.528981999998,0.1160221981222091,0,0.9449832599457028,0.9994534433071648,0.9994534433071648,0.9994037563350888
2025-12-13,NC-SDA-UTR-26,0.9993305038335158,1.0,0.0,1.0,3948.867711000001,73.0511635592481,15.257069358600148,18045.513512700007,0.1825244844991363,0,0.9793779642466252,0.999589245066662,0.999589245066662,0.999349638022215
2025-12-13,OA_CLUSTER,0.999601407173036,1.0,2.798724206010126e-06,0.9955185513630134,79969.585865,77.0756160207794,12.6659382839021,411626.1189207,0.2042853764115011,9,0.9773414752529942,0.9992758156138862,0.9992758156138862,0.9982708215743776
2025-12-14,NC-SBY-BRT-15,0.9997495134128798,1.0,0.0,1.0,4456.252194000001,50.54100234119397,5.64692328200426,23654.174503800008,0.2984757622935964,2,0.9509491824863748,0.9983254310554652,0.9983254310554652,0.99791165675231
2025-12-14,NC-SBY-BRT-16,1.0,1.0,0.0,1.0,4175.541525999999,83.60411619124784,17.584175758672274,18439.388056000003,0.1975771019727165,0,0.9779652579453456,0.9994234768464184,0.9994234768464184,0.99950583729693
2025-12-14,NC-SBY-BRT-17,1.0,1.0,0.0,1.0,3888.163133999999,82.14443740795745,16.142130509473255,18681.2033298,0.1704053355622884,0,0.9876171866423694,0.9992624389668244,0.9992624389668244,0.999336195070142
2025-12-14,NC-SBY-SEL-18,1.0,1.0,0.0,1.0,4092.555878999999,70.40727455589382,14.554804653747322,19573.3925017,0.1857910601901603,0,0.9486097347712036,0.9994537398587816,0.9994537398587816,0.9993930442875352
2025-12-14,NC-SBY-SEL-19,0.9992237654320988,1.0,1.9353714945583803e-05,1.0,3472.6216160000017,75.9759392285217,16.023247354906594,17208.592120999998,0.1659584875687523,0,0.9860470166675716,0.9993627708224004,0.9993627708224004,0.9992878026838592
2025-12-14,NC-SBY-SEL-20,0.9995106481481482,1.0,6.332560760920501e-06,1.0,3319.2405979999985,69.25908573426854,13.500164769244236,14445.525838,0.2021377446782305,0,0.9333617478642774,0.9990550995098328,0.9990550995098328,0.9987795035335342
2025-12-14,NC-SBY-SEL-21,0.999950199889716,1.0,0.0,1.0,3388.1936660000006,77.55874205744966,13.626649238960516,15604.811332000005,0.2445912278437195,0,0.7039759238387568,0.999222188495978,0.999222188495978,0.9989565943238732
2025-12-14,NC-SBY-SEL-22,1.0,1.0,0.0,1.0,3539.017619,62.714119710862775,7.579804848552165,17999.994167099994,0.2735513536582044,0,0.9751170599470148,0.999254088439778,0.999254088439778,0.9986489149097868
2025-12-14,NC-SBY-SEL-23,1.0,1.0,0.0,1.0,2887.911462,54.25468318805524,8.60419726608589,13887.859351800003,0.2539559607209105,0,0.981757822771496,0.9991851147630042,0.9991851147630042,0.998664493639368
2025-12-14,NC-SBY-TMR-10,1.0,1.0,0.0,1.0,3065.932834,67.60120379158334,7.119814519699964,16448.4227612,0.2226145560782133,1,0.9624963480148108,0.999212478406666,0.999212478406666,0.9989838431053756
2025-12-14,NC-SBY-TMR-11,1.0,1.0,0.0,1.0,3743.176506,85.13715784744423,14.799132705838582,17825.8091681,0.2142735619497245,0,0.9431811931399404,0.9995740522662924,0.9995740522662924,0.9992357996542308
2025-12-14,NC-SBY-TMR-12,0.9995953937130408,1.0,0.0,1.0,2991.081238,76.43904947829768,11.52796029445326,15242.634606,0.1765849505409879,0,0.9775127580678716,0.9995434330453016,0.9995434330453016,0.9990868660906032
2025-12-14,NC-SBY-TMR-13,0.999984085648148,1.0,6.921852287672181e-06,1.0,3749.511712000001,86.01065141027776,15.473429688790176,16942.7489592,0.1868168208629964,0,0.988624811712066,0.9996272615190528,0.9996272615190528,0.9992831952289476
2025-12-14,NC-SBY-TMR-14,0.9989339668615984,1.0,0.0,1.0,3795.102696,79.44467121829612,14.48240329395213,17031.5234048,0.20906991162479,0,0.9824429551001432,0.9994705429341548,0.9994705429341548,0.9991336157104352
2025-12-14,NC-SBY-TMR-8,1.0,1.0,1.806146315913052e-05,1.0,3110.4793769999983,82.51014014924422,14.930298935076758,14109.702221400004,0.203085142415988,0,0.9812344829809873,0.9995939333644652,0.9995939333644652,0.9993502933831442
2025-12-14,NC-SBY-TMR-9,1.0,1.0,0.0,1.0,3124.78256,82.0517628219627,17.09522783803746,14155.159999699998,0.1654238875724858,0,0.9830598728658436,0.9992377486537658,0.9992377486537658,0.9989918611227224
2025-12-14,NC-SBY-UTR-1,1.0,1.0,0.0,1.0,2171.3996809999994,87.49510519277868,19.12974121093197,9604.0780566,0.1133380248611846,0,0.9826047904191616,0.9996538519784522,0.9996538519784522,0.9995024122190252
2025-12-14,NC-SBY-UTR-2,1.0,1.0,0.0,1.0,5203.670467,86.94862455696304,16.69868300563684,22881.45109880001,0.1677566769568048,0,0.9866050420168068,0.9996035267241868,0.9996035267241868,0.9992636924877754
2025-12-14,NC-SBY-UTR-3,0.999316697473814,1.0,0.0,1.0,2812.063801999999,80.69626654459533,13.951708039585704,12911.819379200002,0.1507033226507774,0,0.9530749885688158,0.999447947235378,0.999447947235378,0.9993026701920562
2025-12-14,NC-SBY-UTR-4,1.0,1.0,0.0,1.0,2753.367756000001,92.70744004780056,17.323240553341858,12642.9827781,0.1748496104879567,0,0.9205712634519232,0.9995793328714244,0.9995793328714244,0.9993566267445312
2025-12-14,NC-SBY-UTR-5,1.0,1.0,0.0,0.8331712086032017,4583.32647,61.4082802741432,8.675220277316367,22647.188612000005,0.2647250546706005,0,0.953244866266321,0.9988699510657708,0.9988699510657708,0.9826215623246084
2025-12-14,NC-SBY-UTR-6,0.9998748538011696,1.0,0.0,0.860877291432847,3037.033115000001,88.40094182450568,6.422271467585727,17329.401433299998,0.1962505432754128,0,0.8104100988871824,0.9982265730297226,0.9982265730297226,0.9964447592067988
2025-12-14,NC-SBY-UTR-7,0.9999754818594104,1.0,0.0,1.0,5083.613626,79.18680539764829,13.431618276468337,21554.331741499995,0.2528547300747417,0,0.9898554990451026,0.999298491757278,0.999298491757278,0.9988746638606336
2025-12-14,NC-SDA-UTR-24,0.998911829479314,1.0,0.0,0.9999147710323784,4031.057785,74.14031255000157,13.588064663047255,19779.2801272,0.1901548286920149,0,0.9879950612593787,0.9986698726147236,0.9986698726147236,0.9980815470404666
2025-12-14,NC-SDA-UTR-25,1.0,1.0,1.7943012990741404e-05,1.0,2862.993514999999,95.75146950728032,17.12146613105405,12831.896665299992,0.122979217985994,0,0.9733037248354784,0.9994940175010416,0.9994940175010416,0.999226144413358
2025-12-14,NC-SDA-UTR-26,0.9945923339540658,1.0,0.0,1.0,4313.017819,70.88619480951002,14.060415183679602,18578.720625900005,0.2050030014308675,0,0.9540752225400304,0.9996986452137,0.9996986452137,0.9995414166295432
2025-12-14,OA_CLUSTER,0.9998352088469858,1.0,2.149738289912404e-06,0.9864429233629652,82444.03953400001,76.56037679411754,13.276491934764556,390822.19542110007,0.2039601383464973,3,0.9538292454798544,0.9992864367924708,0.9992864367924708,0.9981776993185218
2025-12-15,NC-SBY-BRT-15,1.0,1.0,0.0,1.0,3829.631666,51.36035676961756,9.420449058120226,21547.90611270001,0.2598000696732586,1,0.9737617135207496,0.999026954706093,0.999026954706093,0.9988107224185582
2025-12-15,NC-SBY-BRT-16,1.0,1.0,0.0,1.0,3810.186126,76.84058605544242,14.5581961228416,18899.5569448,0.235249335008401,0,0.9829113835179802,0.9993731360294816,0.9993731360294816,0.9991451854947476
2025-12-15,NC-SBY-BRT-17,0.9988861203396088,1.0,2.32581127204433e-05,0.999991198190348,3512.960093,79.04053795527884,17.215881680201065,18338.084880299983,0.1734071104935487,0,0.985353696351465,0.9993644038522652,0.9993644038522652,0.9993091346220276
2025-12-15,NC-SBY-SEL-18,1.0,1.0,0.0,1.0,3681.540551999999,71.16567479399157,15.417800584572577,20393.797221,0.1785400843126046,0,0.9773386916722484,0.9993510496771472,0.9993510496771472,0.9990752457899348
2025-12-15,NC-SBY-SEL-19,0.9985529320987654,1.0,0.0,1.0,3669.387818000002,70.88920328818176,12.539473147234132,20869.8693721,0.221091824346112,0,0.989310391545861,0.9994446758295156,0.9994446758295156,0.9992364292655838
2025-12-15,NC-SBY-SEL-20,0.9986736111111112,1.0,1.5616866215512754e-05,1.0,3316.840751,68.09683978495917,12.25516968657816,17452.988301399997,0.2301986171974949,0,0.9791372169729436,0.9990270007297496,0.9990270007297496,0.9984636853627624
2025-12-15,NC-SBY-SEL-21,0.9934670222758992,1.0,2.313034527822914e-05,1.0,3365.5486759999994,76.64781072643822,12.812484180112484,17485.454394200002,0.2731164174210433,0,0.982642066793327,0.9995580040726768,0.9995580040726768,0.99941593395318
2025-12-15,NC-SBY-SEL-22,0.9986595319674506,1.0,0.0,0.9999791938302772,3289.3268379999995,62.91944423680311,9.724225489471609,18638.2271031,0.2448929885364472,0,0.9471679567514436,0.99936175644626,0.99936175644626,0.998902221087567
2025-12-15,NC-SBY-SEL-23,0.9999413029100528,1.0,0.0,1.0,2847.2801939999995,53.91177563117324,8.315945491880722,14914.6604628,0.2807224400049148,0,0.9783705839942322,0.9995717178009657,0.9995717178009657,0.9992602398380316
2025-12-15,NC-SBY-TMR-10,0.9998585375572824,1.0,1.333167428053398e-05,1.0,2898.238208999999,68.6553021666591,10.878774451643098,17294.025928500007,0.2198602764305348,0,0.8905766608506958,0.999084261416432,0.999084261416432,0.99885532677054
2025-12-15,NC-SBY-TMR-11,0.9996526367260964,1.0,8.90551251224508e-06,1.0,3910.356702,82.40979832191807,12.392855206329024,21342.8180814,0.2649476739815133,0,0.9135853759867054,0.9993669339612165,0.9993669339612165,0.9990670605744242
2025-12-15,NC-SBY-TMR-12,0.9999778450067228,1.0,0.0,0.999991486318514,2916.131945,82.54984292329047,14.915427377408824,15819.230656,0.1773025218665611,0,0.9807760212950892,0.9995335820895522,0.9995335820895522,0.9989505597014924
2025-12-15,NC-SBY-TMR-13,0.9992005851337448,1.0,5.619524475838854e-06,1.0,3817.274056,81.46305794857733,13.343146371774292,19765.67105580001,0.2292674724722527,0,0.9821928533400144,0.999576344624391,0.999576344624391,0.9991141751237266
2025-12-15,NC-SBY-TMR-14,0.9993250756275038,1.0,0.0,1.0,3578.684149999999,76.10526647405827,9.26012891803292,19104.7609651,0.2424581680822662,1,0.9810500448939086,0.9996281352843835,0.9996281352843835,0.999367829983452
2025-12-15,NC-SBY-TMR-8,1.0,1.0,1.8452227183821088e-05,1.0,2746.531007999999,80.14172311663961,13.915045001268709,13407.617775899997,0.2087772356261597,0,0.9789165830023135,0.99945361976903,0.99945361976903,0.9992052651185892
2025-12-15,NC-SBY-TMR-9,0.9975357788786664,1.0,2.5978974350092655e-05,1.0,2616.740187,79.05324456773,16.60726039801278,13638.952130999996,0.1812323934058114,0,0.7840738181374741,0.9993230894198876,0.9993230894198876,0.999018479658837
2025-12-15,NC-SBY-UTR-1,0.9998774841915086,1.0,1.7001164579773714e-05,1.0,2632.2881379999985,80.48618843616055,15.43736488513746,13263.660651199996,0.1873861979034689,0,0.9736120523380076,0.9998104664630936,0.9998104664630936,0.9994735179530378
2025-12-15,NC-SBY-UTR-2,1.0,1.0,0.0,1.0,4502.200578999999,84.33733121426818,15.573600058372929,21193.6028674,0.1782533903412656,0,0.970911580332094,0.9996147852427728,0.9996147852427728,0.9995797657193886
2025-12-15,NC-SBY-UTR-3,1.0,1.0,0.0,1.0,2923.502103000001,74.96481008565115,12.558404014157915,15658.718054600004,0.178368723634534,0,0.9725219731696034,0.9996073683866112,0.9996073683866112,0.999509210483264
2025-12-15,NC-SBY-UTR-4,0.9973534722222224,1.0,0.0,1.0,2871.920017,84.325337570888,15.050673361826984,14626.285628999996,0.2163692303277483,0,0.9575439867011208,0.999211386082842,0.999211386082842,0.9990987269518194
2025-12-15,NC-SBY-UTR-5,0.9998132083187288,1.0,0.0,1.0,4186.522588999999,60.488038231591865,11.1118435693898,22003.967158300005,0.2452563862787116,0,0.9895883615408037,0.9990557757267868,0.9990557757267868,0.9985105194563396
2025-12-15,NC-SBY-UTR-6,1.0,1.0,0.0,1.0,3256.6796080000004,78.02846978629469,9.082537529508851,19298.15116870001,0.2677722796289539,0,0.9372909407057212,0.9993497117790344,0.9993497117790344,0.9991292750939612
2025-12-15,NC-SBY-UTR-7,0.999704844140328,1.0,7.14977710569873e-06,1.0,5209.203065999999,72.39647970519633,8.037403455520348,25785.21601230001,0.3155492085484154,1,0.9536893371261098,0.9990498864232046,0.9990498864232046,0.998689498514765
2025-12-15,NC-SDA-UTR-24,1.0,1.0,0.0,1.0,3787.122518,71.28055613361931,12.86164059909743,20424.654443599997,0.1944870997374723,0,0.989034931298106,0.9987050180550368,0.9987050180550368,0.9984808865645624
2025-12-15,NC-SDA-UTR-25,1.0,1.0,0.0,1.0,2760.267497000001,93.81654084337812,14.81372522214221,14289.2522234,0.1462769866100279,0,0.9813255126084124,0.9991151421302952,0.9991151421302952,0.9985344541533016
2025-12-15,NC-SDA-UTR-26,0.996167008898015,1.0,0.0,1.0,3855.920039,70.64998756653864,13.411536349381349,18720.56554080001,0.2003385035309781,0,0.9628272740000934,0.9996964057075728,0.9996964057075728,0.9996304069483494
2025-12-15,OA_CLUSTER,0.9992202673566484,1.0,6.579908648190239e-06,0.9999981784274332,79388.97507100001,73.80582923177245,12.708134913997144,420743.2229275999,0.225113057974749,3,0.9602593286367976,0.9993751494812472,0.9993751494812472,0.9990874591879252
2025-12-16,NC-SBY-BRT-15,1.0,1.0,0.0,1.0,3993.44604,48.4980677746389,9.9995293762619,21624.3699994,0.2778264633470205,1,0.9638329720564212,0.9991260703633624,0.9991260703633624,0.998661043584234
2025-12-16,NC-SBY-BRT-16,1.0,1.0,0.0,1.0,3765.367398,79.1436540530323,15.156858809683465,18896.8736109,0.2176006855885409,0,0.9864854868775336,0.9983287051321608,0.9983287051321608,0.9983029929034248
2025-12-16,NC-SBY-BRT-17,1.0,1.0,0.0,1.0,3658.273294,78.1050879422952,15.826674155283497,18698.3347227,0.1827971215602065,0,0.9903247295682608,0.9994453688297282,0.9994453688297282,0.9993661358054036
2025-12-16,NC-SBY-SEL-18,1.0,1.0,0.0,1.0,3724.0256489999992,69.44383635636716,13.848581760432648,20473.0349997,0.1949865894940037,0,0.9743430286294602,0.999458133269112,0.999458133269112,0.99932266658639
2025-12-16,NC-SBY-SEL-19,0.9959230583391672,1.0,0.0,1.0,3752.730844999999,66.20986632459943,11.898340319213697,20369.058763100005,0.2370587544229145,0,0.746350105905134,0.999421210612036,0.999421210612036,0.9990443244989434
2025-12-16,NC-SBY-SEL-20,0.9980796605162088,1.0,9.575333939771147e-06,1.0,3405.9058519999985,65.11610697621273,10.902268140843416,17782.069925200005,0.2579350567667869,0,0.9706347012125282,0.9993231319650928,0.9993231319650928,0.9989484371600552
2025-12-16,NC-SBY-SEL-21,0.9995301596886742,1.0,0.0,1.0,3515.6962550000003,76.60726351542924,11.196593924947107,18282.198082400017,0.2760796451547433,0,0.9835033371111952,0.9992313192706472,0.9992313192706472,0.9989810511262066
2025-12-16,NC-SBY-SEL-22,0.99984687170676,1.0,0.0,1.0,3359.8977710000004,64.7642113729108,9.879460725577443,18824.518710900003,0.2600961757441544,0,0.8945661181484551,0.9990106778562412,0.9990106778562412,0.9986013031760652
2025-12-16,NC-SBY-SEL-23,1.0,1.0,0.0,1.0,2964.9608430000008,53.85205748692878,9.249660068788003,15362.056111800004,0.2801143202637048,0,0.9783251897813922,0.9988502726496288,0.9988502726496288,0.9985217791209512
2025-12-16,NC-SBY-TMR-10,0.9996462473536843,1.0,1.569095102854184e-05,1.0,2896.4909850000017,70.27898883466113,13.20005877293223,16895.9594622,0.2013025497460036,0,0.9497080111612658,0.999235560234094,0.999235560234094,0.9989974560447136
2025-12-16,NC-SBY-TMR-11,1.0,1.0,0.0,1.0,3964.563284,83.29167276731944,12.066022828339277,21751.0788059,0.2549616941726472,0,0.9905344323318266,0.999134260953384,0.999134260953384,0.9990717849397106
2025-12-16,NC-SBY-TMR-12,0.9999113312171052,1.0,0.0,1.0,3077.958830999999,84.92916399510008,15.29619777881845,16127.424714300005,0.1828518273109983,0,0.9380999743809998,0.9995821274356552,0.9995821274356552,0.9993499760110196
2025-12-16,NC-SBY-TMR-13,1.0,1.0,5.488052509686413e-06,1.0,3837.154621,83.20246986030689,13.711110573774771,19617.8077785,0.2279168473722315,0,0.9851926762427352,0.9996508786221344,0.9996508786221344,0.9992435703479576
2025-12-16,NC-SBY-TMR-14,1.0,1.0,0.0,1.0,3763.908318000001,79.53239563018143,8.683711713025174,19561.9122231,0.2442719154567194,1,0.977900376907578,0.9996179560649476,0.9996179560649476,0.9993208107821288
2025-12-16,NC-SBY-TMR-8,1.0,1.0,4.545537191585302e-05,1.0,2773.81005,79.82489116965175,13.014074763788097,13657.116141899998,0.2243681263346235,0,0.9820067192143688,0.9994372688782892,0.9994372688782892,0.9992764885578004
2025-12-16,NC-SBY-TMR-9,1.0,1.0,0.0,1.0,2789.949202,78.94971431876363,14.721850425190311,14074.573057100004,0.1910476649633514,0,0.9797156708998288,0.999632683046282,0.999632683046282,0.9996122765488532
2025-12-16,NC-SBY-UTR-1,1.0,1.0,8.426161546369167e-06,1.0,2717.472682999999,81.93801919541073,14.973151077691467,13619.191665399996,0.1869760270878709,0,0.9611466910643488,0.999582229564854,0.999582229564854,0.9994967765213016
2025-12-16,NC-SBY-UTR-2,1.0,1.0,0.0,1.0,4427.910628000001,86.87386805255424,16.435295033472386,21069.3785125,0.1763871151851596,0,0.978508344806743,0.9996413306632392,0.9996413306632392,0.9996562752189376
2025-12-16,NC-SBY-UTR-3,1.0,1.0,0.0,1.0,2999.4560519999995,74.76645026531537,13.402019840914209,15643.6779007,0.1886351876143001,0,0.9792916508879278,0.9994266979594032,0.9994266979594032,0.9992296253829478
2025-12-16,NC-SBY-UTR-4,1.0,1.0,0.0,1.0,2883.058615,86.28788306475606,14.998557550291473,14913.4022216,0.2211093832491655,0,0.9599678546732204,0.9996224540486836,0.9996224540486836,0.999304520615996
2025-12-16,NC-SBY-UTR-5,1.0,1.0,0.0,1.0,4257.103884,60.350774764241386,11.677079920202743,22629.945277100007,0.2557395771437057,0,0.9868943303432272,0.9993559951484968,0.9993559951484968,0.998926658580828
2025-12-16,NC-SBY-UTR-6,1.0,1.0,0.0,1.0,3251.5259660000006,83.83455369335233,12.575054841395836,18996.44729540001,0.2363124246771128,0,0.9797860782543496,0.99937369519833,0.99937369519833,0.9991152202008152
2025-12-16,NC-SBY-UTR-7,1.0,1.0,0.0,1.0,5159.293848000002,77.66384925667809,11.328112552187632,25703.56944469999,0.2855470772410776,0,0.9821004218528366,0.9992996136201804,0.9992996136201804,0.9989494204302708
2025-12-16,NC-SDA-UTR-24,0.995971641097164,1.0,0.0,1.0,3741.651388999998,74.5834125326189,14.286506329888509,20144.912963599985,0.1915904112898823,0,0.9918364841640068,0.999073452085891,0.999073452085891,0.9988649788052164
2025-12-16,NC-SDA-UTR-25,0.9991506180427508,1.0,0.0,1.0,2681.2344049999983,94.65089245936686,16.088710883508103,14140.545903000004,0.1464759574348487,0,0.981434894755278,0.9995094260284532,0.9995094260284532,0.9987618847384774
2025-12-16,NC-SDA-UTR-26,1.0,1.0,0.0,1.0,3870.399493,69.36763706844737,13.746751770475973,18634.927976399995,0.2149533230312071,0,0.973441906293532,0.9997818922062816,0.9997818922062816,0.9996122528111672
2025-12-16,OA_CLUSTER,0.9996847493490952,1.0,3.3121067706396727e-06,1.0,80939.960914,74.54465668896667,12.872832955701051,424573.99942650006,0.2275352270922111,2,0.9609561255488036,0.9993451085021582,0.9993451085021582,0.9991090573363856
2025-12-17,NC-SBY-BRT-15,0.999728904161894,1.0,4.115480379447291e-06,1.0,4045.718831000001,51.6190988279571,9.727844021852144,21967.0778733,0.2658309191557391,1,0.9761148378575648,0.9988231366330024,0.9988231366330024,0.9986812453050664
2025-12-17,NC-SBY-BRT-16,1.0,1.0,0.0,1.0,3669.888523999999,78.52568492667245,15.919221974345673,18616.930553900005,0.2125684979538969,0,0.9888455181629568,0.999392295170917,0.999392295170917,0.9994139989148128
2025-12-17,NC-SBY-BRT-17,0.9978980046848984,1.0,5.072511552645061e-06,1.0,3557.765858000002,77.03614248608535,16.130725739963722,18968.53913670001,0.175649619285526,0,0.9862677122951096,0.9994011032308904,0.9994011032308904,0.9991962174940898
2025-12-17,NC-SBY-SEL-18,1.0,1.0,0.0,1.0,3745.750661,70.8192682995694,14.709162357888449,20901.6472227,0.1823473942873307,0,0.975277138177416,0.9994149796012624,0.9994149796012624,0.9993533985066584
2025-12-17,NC-SBY-SEL-19,0.9980138888888888,1.0,4.737921852716961e-06,0.9999929753082084,4196.094224,68.40379158810957,10.216554686585154,20750.521642,0.2383759458902992,0,0.97978994377553,0.9994210467966642,0.9994210467966642,0.9992485926509898
2025-12-17,NC-SBY-SEL-20,0.9959518697441404,1.0,4.461517183533432e-06,1.0,3287.273498,68.88018750737784,12.573242848506071,17405.7074756,0.2325787914321166,0,0.9725883656007306,0.9991039277832168,0.9991039277832168,0.9984235766556594
2025-12-17,NC-SBY-SEL-21,0.9982730053102103,1.0,1.6937191249117855e-05,1.0,3497.177451999998,76.10461384846438,14.082295480304806,17792.448934499993,0.2482471630822395,0,0.9908111259256694,0.9994375982135472,0.9994375982135472,0.9992887271524274
2025-12-17,NC-SBY-SEL-22,1.0,1.0,0.0,1.0,3492.443941,63.20409349419772,9.582320644068034,18997.631575999992,0.2701793195762541,0,0.9563245656875742,0.9991552416562804,0.9991552416562804,0.9988782717075196
2025-12-17,NC-SBY-SEL-23,1.0,1.0,6.830507779948361e-06,1.0,3146.1682389999987,54.78396413063143,8.470925794366734,15437.034167999996,0.2707837021583231,0,0.97524496243017,0.999298703811182,0.999298703811182,0.9989117817759722
2025-12-17,NC-SBY-TMR-10,0.9989844266924875,1.0,0.0,1.0,2922.5633189999994,67.05362442922659,11.44630073055584,17349.125842299996,0.2220083472153174,0,0.9547491014304218,0.9994657131701704,0.9994657131701704,0.999229393995438
2025-12-17,NC-SBY-TMR-11,0.9981559097468188,1.0,0.0,1.0,3971.927219,83.72094835105736,12.81270283452738,21683.39659609999,0.2467040140639841,0,0.973760401587186,0.9993222177036736,0.9993222177036736,0.999125044672015
2025-12-17,NC-SBY-TMR-12,0.9999044011544012,1.0,5.817166458218202e-06,0.9999919485998616,3117.691484,83.22561336403925,13.222922591194932,16201.301416299992,0.189837440236975,0,0.97505643809814,0.999715308280462,0.999715308280462,0.9995526272978688
2025-12-17,NC-SBY-TMR-13,1.0,1.0,0.0,1.0,3813.551712,84.85401876019218,12.41952570322027,19849.6241659,0.2240209061354642,0,0.9819562754395535,0.9994082478013344,0.9994082478013344,0.9990613585814272
2025-12-17,NC-SBY-TMR-14,0.9989588258471236,1.0,3.914545472338843e-05,1.0,3696.518870000001,76.8241517732571,9.045100127018657,19416.05068330001,0.2501074018140672,1,0.977813344122232,0.9995629188694168,0.9995629188694168,0.9992299046746868
2025-12-17,NC-SBY-TMR-8,1.0,1.0,9.295408068414203e-06,1.0,2959.6261080000004,79.82496314467664,14.479743997659968,13696.073889300002,0.2312930302938358,1,0.9822561799812136,0.9993434586597802,0.9993434586597802,0.9993215739484396
2025-12-17,NC-SBY-TMR-9,0.999750274639046,1.0,0.0,1.0,2874.965131,81.21219767610567,14.085210916589048,14160.392932100003,0.1816980759105582,0,0.9742671470713096,0.999615229227188,0.999615229227188,0.999557513611266
2025-12-17,NC-SBY-UTR-1,1.0,1.0,2.578360678280749e-05,1.0,2671.897316000001,80.27711366008475,14.64593237886424,13632.9594457,0.1892215595718377,0,0.96648126894441,0.9995893087066554,0.9995893087066554,0.9995116103538604
2025-12-17,NC-SBY-UTR-2,0.9956868231868232,1.0,0.0,1.0,4547.894318000001,83.36085210855411,15.457920671848647,21266.9915768,0.1861866654973516,0,0.9718030628953028,0.9995178158721714,0.9995178158721714,0.9994180536388274
2025-12-17,NC-SBY-UTR-3,1.0,1.0,1.569095102854184e-05,1.0,3030.4134160000003,76.86216771234034,12.732817677254369,15985.9055571,0.1829145470921925,0,0.972429774785888,0.9995718735698362,0.9995718735698362,0.9994242437663317
2025-12-17,NC-SBY-UTR-4,1.0,1.0,0.0,1.0,2867.9142810000003,85.21276946093818,14.940635084086264,14644.7597238,0.222573170210361,0,0.9758073548627964,0.9994459361547968,0.9994459361547968,0.9993820057111196
2025-12-17,NC-SBY-UTR-5,0.99999178842451,1.0,0.0,0.9999642188375892,4214.917482,59.5802124515459,10.662931021396895,22704.96441190001,0.2502176722973747,0,0.9871469044246312,0.999200694031524,0.999200694031524,0.9984988644006668
2025-12-17,NC-SBY-UTR-6,0.999955534630676,1.0,0.0,1.0,3600.1499900000003,78.58925129604971,11.05678153902238,19652.8401683,0.2741470055595873,0,0.981905219179751,0.9992202270955062,0.9992202270955062,0.9990279543245352
2025-12-17,NC-SBY-UTR-7,0.9999639625420876,1.0,0.0,1.0,4978.740107,78.67910399532214,12.20540943708733,25173.94596159999,0.2665722991379063,0,0.967289260863696,0.9992975690379452,0.9992975690379452,0.9992562495695888
2025-12-17,NC-SDA-UTR-24,0.998906859023032,1.0,4.509257505659118e-06,1.0,3765.469564000001,75.78445934625842,13.892056185611738,20278.72716939999,0.1858474612985363,1,0.9859624774794848,0.9987561360254104,0.9987561360254104,0.9982896870349393
2025-12-17,NC-SDA-UTR-25,0.9855693282888623,1.0,0.0,1.0,2706.0910189999995,96.23275716026647,16.181123770305348,14354.9900769,0.13944499767234,0,0.9917915283859944,0.9993605261955876,0.9993605261955876,0.9990636276435392
2025-12-17,NC-SDA-UTR-26,0.998549482924483,1.0,1.7425751775974534e-05,1.0,4027.3566810000007,70.47222294369158,14.106025867240634,18969.119732700005,0.204409892655436,0,0.9578138435081686,0.999760188252222,0.999760188252222,0.9994154588647912
2025-12-17,OA_CLUSTER,0.9991101538442244,1.0,5.466891457232973e-06,0.9999975526692476,81907.05198100001,74.34181836082858,12.698942106246168,426255.8709532,0.2253952249961101,3,0.9756657498053366,0.9993766844933912,0.9993766844933912,0.999169453036394
2025-12-18,NC-SBY-BRT-15,1.0,1.0,0.0,1.0,4308.845829,51.06829302807359,7.573135817551888,23209.2486086,0.2797971406946153,2,0.9727490771769268,0.9989898532049496,0.9989898532049496,0.998853871905616
2025-12-18,NC-SBY-BRT-16,0.9991414517195768,1.0,0.0,1.0,3885.769190000002,76.1448164524762,14.337698212950457,18957.290095,0.2212636583890629,0,0.98621969089951,0.9990054780226948,0.9990054780226948,0.9989728707447504
2025-12-18,NC-SBY-BRT-17,1.0,1.0,0.0,1.0,3639.765744,75.04864729541238,15.887681755055649,18837.541945800007,0.1916434835415443,0,0.9804274704028392,0.9994043947161304,0.9994043947161304,0.9993618514815682
2025-12-18,NC-SBY-SEL-18,1.0,1.0,0.0,1.0,3852.620217999999,71.46941526157623,14.74099441483242,20699.732500200003,0.1907921156232451,0,0.9784041422771468,0.9989918061334848,0.9989918061334848,0.9989918061334848
2025-12-18,NC-SBY-SEL-19,0.9980068280571074,1.0,4.740392409683674e-06,1.0,4391.665980000001,68.68987058536713,11.148671990372742,20746.910496500008,0.2470253726888684,0,0.9651916805197772,0.9993234345362506,0.9993234345362506,0.9992026192748668
2025-12-18,NC-SBY-SEL-20,1.0,1.0,0.0,1.0,3365.9696610000005,67.0007666293511,11.754567827415608,17372.1856894,0.2515006088503124,0,0.9629869353238732,0.9989135258381918,0.9989135258381918,0.9985462669665948
2025-12-18,NC-SBY-SEL-21,1.0,1.0,5.779244421584322e-06,1.0,3585.514597,76.45049098188676,12.8508058177584,17536.0297194,0.2577399269902127,0,0.9764756559363768,0.999573615315738,0.999573615315738,0.9993604229736068
2025-12-18,NC-SBY-SEL-22,1.0,1.0,0.0,1.0,3439.7140630000004,65.0857450501675,9.24417971518717,18477.135832000004,0.2619786639771585,0,0.9688126638901744,0.9988532306375696,0.9988532306375696,0.9985109114249036
2025-12-18,NC-SBY-SEL-23,0.9998365159333928,1.0,0.0,1.0,3101.662860000001,55.49315322344969,9.313238128702572,15091.844963599997,0.2722010335755582,0,0.9745747886091944,0.9994622003687768,0.9994622003687768,0.9991740934234788
2025-12-18,NC-SBY-TMR-10,1.0,1.0,0.0,1.0,2957.799224999999,70.42562979717769,12.852499931837285,16446.176109800002,0.2147416096030435,0,0.96860208731442,0.9991971569912278,0.9991971569912278,0.9991027048725488
2025-12-18,NC-SBY-TMR-11,1.0,1.0,1.297830460080898e-05,1.0,4117.006958,81.1539867425286,12.525857876506551,21392.0861117,0.2636397390928009,0,0.9907552498845,0.9991125914760156,0.9991125914760156,0.9990761226325644
2025-12-18,NC-SBY-TMR-12,0.9983608405483404,1.0,0.0,1.0,3126.267761,80.91641345329751,13.463522682325396,16019.830062100002,0.2010005310536919,0,0.970382629236939,0.9994787434651294,0.9994787434651294,0.9992181151976942
2025-12-18,NC-SBY-TMR-13,1.0,1.0,1.0809174827593662e-05,1.0,4034.766906,82.51829247453604,14.496978067568916,20015.8266669,0.2283444933232456,0,0.990990361782372,0.9992502836764467,0.9992502836764467,0.9990071324363754
2025-12-18,NC-SBY-TMR-14,1.0,1.0,0.0,1.0,3750.488818,77.2727148972638,9.33068197243848,19303.300278100007,0.2472479339124377,1,0.9695830961701536,0.9993478344266696,0.9993478344266696,0.9987723942149076
2025-12-18,NC-SBY-TMR-8,1.0,1.0,0.0,1.0,3073.867113,78.14976097912306,13.70078567363257,13783.944999799998,0.2482843480034223,0,0.9913351129189442,0.9994318627066844,0.9994318627066844,0.9990008620014106
2025-12-18,NC-SBY-TMR-9,1.0,1.0,0.0,1.0,2874.611249,79.03057036239223,13.821848570395463,13918.725279200004,0.1882797141352827,0,0.9764430192402566,0.9994700850387342,0.9994700850387342,0.9993186807640868
2025-12-18,NC-SBY-UTR-1,0.9997339553293751,1.0,8.142792000521138e-06,1.0,2809.133697,80.45137602726773,15.390330740841392,13756.3087314,0.1977658921168767,0,0.9663319328522711,0.9993178816597246,0.9993178816597246,0.9991582369417876
2025-12-18,NC-SBY-UTR-2,0.9824902414669572,1.0,0.0,1.0,4695.677462000001,83.90565312767703,14.701260067395578,21591.52593,0.189002041566751,0,0.9830712728107426,0.999596668128014,0.999596668128014,0.9993160894344586
2025-12-18,NC-SBY-UTR-3,1.0,1.0,0.0,1.0,3143.516378,75.79855378201748,11.99026544877656,15978.372099999997,0.1881681153770327,0,0.9795888573592344,0.9994080738723808,0.9994080738723808,0.9990923799376504
2025-12-18,NC-SBY-UTR-4,0.99995625,1.0,0.0,1.0,2996.463353000001,84.07554214898637,13.900179510846767,14979.224718,0.2349284989169204,0,0.9759636561498666,0.999535649457554,0.999535649457554,0.999155726286462
2025-12-18,NC-SBY-UTR-5,0.9955233575518316,1.0,0.0,0.9965434967057872,4418.988956999998,57.1529376140703,10.14026238693334,23449.35681110001,0.2649430760046962,0,0.987289981126348,0.9991070838018388,0.9991070838018388,0.997544512591255
2025-12-18,NC-SBY-UTR-6,0.9997935468219312,1.0,0.0,1.0,3631.773545,78.90764511188893,10.402033231002829,19253.2141144,0.2771943451109319,0,0.9778132355277028,0.9992820651551884,0.9992820651551884,0.9990011341289576
2025-12-18,NC-SBY-UTR-7,1.0,1.0,0.0,1.0,5187.713687,76.7687526631862,11.741614531890145,24898.047776600004,0.2739112143782771,0,0.9668724872562404,0.999312567132116,0.999312567132116,0.9988829215896884
2025-12-18,NC-SDA-UTR-24,0.9998327359617682,1.0,0.0,1.0,3999.657917000001,72.20953771552237,13.078357043371383,20816.6800002,0.2013381451662755,0,0.9902048902177304,0.9990991184230282,0.9990991184230282,0.998584328950473
2025-12-18,NC-SDA-UTR-25,0.9859013605442176,1.0,0.0,1.0,2855.307412000001,90.32537131389353,16.450499046784632,14407.339255299994,0.1545137775569171,0,0.985488952298113,0.9994449539070418,0.9994449539070418,0.9990588348858536
2025-12-18,NC-SDA-UTR-26,1.0,1.0,0.0,1.0,4231.711573,69.53759863332154,12.724812646304692,19701.2222739,0.2168352245907667,0,0.9753648359984828,0.9997766037061444,0.9997766037061444,0.9996425659298313
2025-12-18,OA_CLUSTER,0.9984886172055808,1.0,1.8484631147949832e-06,0.9998299044848038,84389.603251,73.64633461599085,12.471623832128728,425713.8595396,0.233098170614824,3,0.976678760500408,0.9992659315835452,0.9992659315835452,0.9989707602463122
